customer_id,name,city,phone,age
1,Khalid Mehmood,Multan,03694409687,33
2,Maryam Javed,Quetta,03305330571,40
3,Rabia Aslam,Quetta,03787055796,52
4,Nida Farooq,Quetta,03658567306,50
5,Usman Tariq,Islamabad,03985656367,40
6,Sara Malik,Karachi,03653925216,43
7,Usman Tariq,Multan,03967075192,40
8,Zara Sheikh,Faisalabad,03802555293,46
9,Bilal Hussain,Multan,03658057838---,41
10,Fatima Noor,Hyderabad,,44
11,Sara Malik,Faisalabad,03839633546,46
12,Fatima Noor,Islamabad,03515481970,24
13,Hamza Raza,Karachi,03733808798,38
14,Hina Rashid,Multan,03927706398,19
15,Shahid Anwar,Multan,03731806081 ,51
16,Hamza Raza,Peshawar,03123244471,48
17,Bilal Hussain,Multan,03159202006,25
18,Shahid Anwar,Hyderabad,03743981827,41
19,Khalid Mehmood,Lahore,03887438355,22
20,Nimra Rehman,Hyderabad,03859345966,57
21,Khalid Mehmood,Quetta,03425134594,29
22,Usman Tariq,Islamabad,03757561654??,19
23,Nida Farooq,Islamabad,03676310063,37
24,Ayesha Siddiqui,,03876654374,54
25,Hassan Ali,Multan,03517300585,24
26,Zara Sheikh,Islamabad,03346315055,50
27,Shahid Anwar,Multan,03736240331,46
28,Hina Rashid,Hyderabad,03934625381,28
29,Ahmed Khan,Hyderabad,03939959655,30
30,Adnan Iqbal,Peshawar,03228593617,59
31,Maryam Javed,Rawalpindi,03646278944,34
32,Maryam Javed,Faisalabad,03851086762,19
33,Hamza Raza,Lahore,03962265776 ,47
34,Ayesha Siddiqui,Faisalabad ,03819758851,23
35,Sara Malik,Lahore,03366221370,32
36,Hassan Ali,Peshawar,03865258377,37
37,Ahmed Khan,Lahore,03822865976,42
38,Ayesha Siddiqui,Rawalpindi,03695529642,58
39,Hamza Raza,Hyderabad,03495685949,30
40,Usman Tariq,Rawalpindi,03295518266,25
41,Maryam Javed,Multan,03127064705,33
42,Nida Farooq,Faisalabad,03188013690,22
43,Imran Qureshi,Faisalabad,03558886005,45
44,Shahid Anwar,Faisalabad,03782868697,42
45,Shahid Anwar,Hyderabad,03328917382,23
46,Ahmed Khan,Faisalabad,03842020751,37
47,Maryam Javed,Rawalpindi,03672457933,38
48,Nimra Rehman,Peshawar,03845556210,51
49,Imran Qureshi,Faisalabad,03769267963,31
50,Sara Malik,Hyderabad,,18
51,Bilal Hussain,Peshawar,03407776210,23
52,Adnan Iqbal,Lahore,03145507047,38
53,Hamza Raza,Peshawar,03529847227,30
54,Zara Sheikh,Peshawar,,44
55,Rabia Aslam,Rawalpindi,,53
56,Shahid Anwar,Rawalpindi,03633208092,43
57,Hassan Ali,Karachi,,55
58,Sara Malik,Multan,03472281376,32
59,Tariq Mahmood,Peshawar,03984161408,39
60,Sana Shamim,Rawalpindi ,03651395121,19
61,Imran Qureshi,Lahore,03138753132,28
62,Tariq Mahmood,Lahore,03381846044,18
63,Sana Shamim,Peshawar---,03713173716??,30
64,Zara Sheikh,Islamabad,03993178539,41
65,Bilal Hussain,Rawalpindi,03992136192,42
66,Shahid Anwar,Faisalabad,03853803012,29
67,Bilal Hussain,Multan,03474874511,55
68,Imran Qureshi,Quetta,03632632434,35
69,Ahmed Khan,Karachi,03589694615,55
70,Ahmed Khan,Multan,03726244525,27
71,Nimra Rehman,Faisalabad,03911248184,59
72,Ayesha Siddiqui,Multan,03841972525,48
73,Sara Malik,Lahore,03672390867,39
74,Ayesha Siddiqui,Peshawar,03356450517,42
75,Zara Sheikh,Lahore,03594896469,54
76,Nida Farooq,Islamabad,03662683849,21
77,Adnan Iqbal,Hyderabad,03137370353,56
78,Hina Rashid,Karachi,03954934480,42
79,Usman Tariq,Islamabad,03567928730,53
80,Hassan Ali,Karachi,03668296114,56
81,Rabia Aslam,Quetta,03987255632,26
82,Adnan Iqbal,Karachi,03272639255,59
83,Nida Farooq,Karachi,03522911020,42
84,Tariq Mahmood,,03143538430,29
85,Sara Malik,Hyderabad,03287350646,26
86,Ahmed Khan,Hyderabad,03646946955,56
87,Nida Farooq,Hyderabad,03944606057,36
88,Maryam Javed,Islamabad,03353466904,49
89,Usman Tariq,Quetta,03187988783,22
90,Fatima Noor,Quetta,03302709075,27
91,Hassan Ali,Faisalabad,03128046106,24
92,Sana Shamim,Multan,03167838308,28
93,Imran Qureshi,Faisalabad,03464459124,48
94,Bilal Hussain,Faisalabad,03343987962,21
95,Hina Rashid,Lahore,03602251454,46
96,Usman Tariq,Islamabad,03966247004,43
97,Zara Sheikh,Hyderabad,,44
98,Hassan Ali,,03471434470,18
99,Imran Qureshi,,03585495236,18
100,Imran Qureshi,Peshawar,03555102880,31
101,Nida Farooq,Peshawar,03986393043,34
102,Khalid Mehmood,Lahore,03636185197,48
103,Khalid Mehmood,Multan,03954544481,42
104,Bilal Hussain,Karachi,03997711901,56
105,Fatima Noor,Karachi,03774120266,52
106,Nida Farooq,Karachi,03243899762,42
107,Nimra Rehman,Islamabad,03961509872,25
108,Hassan Ali,Peshawar,03466881652,55
109,Nida Farooq,Hyderabad,03422624632,37
110,Sara Malik,Lahore,03125448323,35
111,Hassan Ali,Quetta,03382204470,45
112,Imran Qureshi,Lahore,03149535067,19
113,Zara Sheikh,Lahore,03169559459,52
114,Ayesha Siddiqui,Hyderabad,03519661340,47
115,Sara Malik,Multan,03296487998,55
116,Sara Malik,Hyderabad,03909789579,54
117,Khalid Mehmood,Quetta,03841902108,58
118,Hina Rashid,Hyderabad,03921309742,60
119,Rabia Aslam,Peshawar,03239639791,35
120,Nida Farooq,Multan,03245867072,60
121,Adnan Iqbal,Quetta,03604425335,35
122,Sana Shamim,Karachi,03882805667??,41
123,Tariq Mahmood,Faisalabad,03295228122,38
124,Zara Sheikh,Karachi,03114506216,46
125,Khalid Mehmood,Faisalabad,03667246643,20
126,Tariq Mahmood,Multan,03842847349,20
127,Ayesha Siddiqui,Quetta,03387325636,25
128,Rabia Aslam,Rawalpindi,03838260593,42
129,Khalid Mehmood,,,38
130,Shahid Anwar,Multan,03136940585,55
131,Hassan Ali,Multan,03982828420,28
132,Ayesha Siddiqui,Karachi,,46
133,Ahmed Khan,Peshawar,03165922714,20
134,Maryam Javed,Lahore,03819012280,58
135,Imran Qureshi,Peshawar,03452746007,36
136,Tariq Mahmood,Rawalpindi,03524301407,22
137,Zara Sheikh,Quetta,03468558410,54
138,Fatima Noor,,03732336055,54
139,Bilal Hussain,Hyderabad,03682589675,45
140,Hamza Raza,Peshawar---,03679335323,48
141,Khalid Mehmood,Peshawar,03894863316,21
142,Sana Shamim,Islamabad,03141127675,34
143,Hassan Ali,Peshawar,03772505300,22
144,Ayesha Siddiqui,Rawalpindi,03405361769,28
145,Zara Sheikh,Multan,03853756037,37
146,Adnan Iqbal,Lahore,03971235711,48
147,Tariq Mahmood,Multan,03366738199,48
148,Nimra Rehman,Islamabad,03745992704,23
149,Nimra Rehman,Rawalpindi,,31
150,Nimra Rehman,Hyderabad,03246622035,52
151,Nimra Rehman,Peshawar,03438098662,25
152,Bilal Hussain,Islamabad,03555591049,20
153,Sara Malik,Faisalabad,03644358604,45
154,Hamza Raza,Faisalabad,03466642043,23
155,Rabia Aslam,Islamabad,03423152825,53
156,Zara Sheikh,Hyderabad,03852388036,23
157,Tariq Mahmood,Faisalabad,03426415152---,56
158,Khalid Mehmood,Peshawar,03723554433,38
159,Ayesha Siddiqui,Hyderabad,03136028924,57
160,Adnan Iqbal,Hyderabad,03772669565,27
161,Zara Sheikh,Islamabad,03939452487 ,20
162,Usman Tariq,Lahore,03388232871,51
163,Imran Qureshi,Multan??,03474095253,26
164,Usman Tariq,Quetta,03452834891,23
165,Zara Sheikh,Hyderabad,,54
166,Hamza Raza,Faisalabad,03651106081,40
167,Shahid Anwar,,03467671288,27
168,Nida Farooq,Lahore,03356964380,29
169,Ayesha Siddiqui,,03245977114,40
170,Maryam Javed,Karachi,03912180548,44
171,Adnan Iqbal,Quetta,03903266997,55
172,Usman Tariq,Lahore,03186245304,21
173,Khalid Mehmood,Islamabad,03238621249,55
174,Imran Qureshi,Rawalpindi,,39
175,Hamza Raza,Quetta,03861674680,47
176,Zara Sheikh,Lahore,03773599494,54
177,Nimra Rehman,Peshawar,03292806825,33
178,Usman Tariq,Hyderabad,03591903484,29
179,Hassan Ali,Multan,03752720004,40
180,Hamza Raza,Faisalabad,03697874144,21
181,Nida Farooq,Multan,03189315428,56
182,Usman Tariq,Quetta,03655185968,22
183,Tariq Mahmood,Faisalabad,03313102796,39
184,Maryam Javed,Islamabad,03192738444,30
185,Shahid Anwar,Faisalabad,03419750601,30
186,Sana Shamim,Karachi,03647535846,52
187,Hina Rashid,Multan,03797860885,60
188,Shahid Anwar,Islamabad,03623525628,33
189,Tariq Mahmood,Peshawar,03355998948,23
190,Tariq Mahmood,Rawalpindi,03144091749,26
191,Sana Shamim,Islamabad,03289428989,35
192,Rabia Aslam,Lahore,03207252048,21
193,Bilal Hussain,Islamabad,03399915623,42
194,Maryam Javed,Karachi,03949890776,39
195,Ayesha Siddiqui,Multan,03782315617,34
196,Shahid Anwar,Karachi,03335591007,54
197,Imran Qureshi,Faisalabad,03339767398,35
198,Tariq Mahmood,,03824354931---,56
199,Usman Tariq,Peshawar,03621629534,30
200,Usman Tariq,Karachi,03431888663,19
201,Imran Qureshi,Quetta,03137731549,29
202,Shahid Anwar,Karachi,03872398073,53
203,Maryam Javed,Rawalpindi,03287768303,34
204,Usman Tariq,Lahore,03399511809,49
205,Fatima Noor,Karachi,03562571496 ,27
206,Rabia Aslam,Peshawar,,24
207,Sara Malik,,03279154203 ,25
208,Ahmed Khan,Rawalpindi,03409636136,31
209,Rabia Aslam,Faisalabad,03726371647,25
210,Maryam Javed,Hyderabad,03748330372,41
211,Sara Malik,Quetta,03193371514,20
212,Adnan Iqbal,Hyderabad,03638879164,50
213,Hassan Ali,Peshawar,03441134835,37
214,Imran Qureshi,Quetta,03784533456,19
215,Shahid Anwar,Karachi,03312562123,37
216,Nida Farooq,Rawalpindi ,03526372070,26
217,Adnan Iqbal,Rawalpindi??,03815749987,23
218,Nimra Rehman,Lahore,03562288351,40
219,Nimra Rehman,Peshawar,03342946407,52
220,Khalid Mehmood,Hyderabad,03266556436,18
221,Hassan Ali,Multan,03455610643,35
222,Bilal Hussain,Islamabad,03173814085,60
223,Zara Sheikh,Lahore,03427704841,29
224,Maryam Javed,Multan,,60
225,Usman Tariq,Islamabad,03908125329,35
226,Sana Shamim,Karachi,03852601379,42
227,Bilal Hussain,Rawalpindi,03234944781,39
228,Nimra Rehman,Multan,03172678280,23
229,Tariq Mahmood,Hyderabad,03414350054,45
230,Imran Qureshi,Karachi,03554250074,27
231,Imran Qureshi,Islamabad,03948337081,42
232,Usman Tariq,Peshawar,,34
233,Ahmed Khan,Islamabad,03608649079,49
234,Ahmed Khan,Islamabad,03611326607,27
235,Sara Malik,Karachi,03902478446,29
236,Imran Qureshi,,03794026007,23
237,Khalid Mehmood,Multan,03151297691,26
238,Adnan Iqbal,Hyderabad,03651137035,41
239,Sana Shamim,Lahore,03439278581,36
240,Nida Farooq,Hyderabad,03519052547,52
241,Ahmed Khan,Lahore,03338278796,33
242,Zara Sheikh,Islamabad,03696776061,18
243,Bilal Hussain,Peshawar,03968808802,29
244,Hamza Raza,Karachi,03558836786,42
245,Nimra Rehman,Hyderabad,03514830909,51
246,Zara Sheikh,Hyderabad,03434948156,57
247,Maryam Javed,Rawalpindi,03165921453,26
248,Sana Shamim,Hyderabad,03224217149,55
249,Usman Tariq,Hyderabad,03852962577,60
250,Zara Sheikh,Faisalabad,03931302503,25
251,Usman Tariq,Islamabad,03181400417,60
252,Hina Rashid,,03384010029 ,28
253,Maryam Javed,Peshawar,03485944933,41
254,Nida Farooq,Hyderabad,03659566869,41
255,Usman Tariq,Faisalabad,03532483370,32
256,Hina Rashid,Karachi,03338920622,45
257,Hamza Raza,Islamabad,03994407891,43
258,Ahmed Khan,Rawalpindi,03399097152,39
259,Bilal Hussain,Islamabad,03717449242,50
260,Adnan Iqbal,Lahore,03268963244,22
261,Nida Farooq,Rawalpindi,03475384016,41
262,Shahid Anwar,Faisalabad,03625536191,44
263,Hina Rashid,,03614632891,28
264,Tariq Mahmood,Rawalpindi,03171095650,46
265,Nida Farooq,Karachi,03762966774,47
266,Rabia Aslam,Islamabad,03364450303,56
267,Shahid Anwar,Hyderabad,03226056746,53
268,Ahmed Khan,Faisalabad,03905340806,20
269,Hassan Ali,Hyderabad,03215853700,36
270,Nida Farooq,Faisalabad,03455884299,48
271,Nida Farooq,Lahore,03619284986,55
272,Sara Malik,Hyderabad,,22
273,Rabia Aslam,Islamabad,03174800022,27
274,Ayesha Siddiqui,Peshawar,03184511155,45
275,Nimra Rehman,Karachi,03192042882,24
276,Hina Rashid,Quetta,03299367292,31
277,Sara Malik,Quetta,03153643941,52
278,Tariq Mahmood,Hyderabad,03653067307,47
279,Sana Shamim,Quetta,03669303319,41
280,Ahmed Khan,Multan,03586191309,33
281,Hamza Raza,Rawalpindi,03377282324,18
282,Ahmed Khan,Peshawar,03593362827,42
283,Imran Qureshi,Rawalpindi,03353808135,49
284,Usman Tariq,Quetta??,03477657280,24
285,Ayesha Siddiqui,Rawalpindi,03514995021,59
286,Adnan Iqbal,Lahore,03401018171,22
287,Ayesha Siddiqui,Multan,03562176182,44
288,Sana Shamim,,,31
289,Khalid Mehmood,Peshawar,03175820537,36
290,Tariq Mahmood,Hyderabad,03408916004,51
291,Hamza Raza,Peshawar,03121258171,39
292,Nimra Rehman,Lahore,03107456901,54
293,Shahid Anwar,Islamabad,03904711337,31
294,Maryam Javed,Quetta,03933131059,40
295,Ayesha Siddiqui,Lahore,03787300431,18
296,Ayesha Siddiqui,Rawalpindi,03851134646,30
297,Rabia Aslam,Quetta,03697537956,32
298,Sana Shamim,Rawalpindi,03925625699,56
299,Khalid Mehmood,Faisalabad,03987693014,24
300,Tariq Mahmood,Lahore,03914790873,36
301,Ayesha Siddiqui,Karachi,03978093140,59
302,Rabia Aslam,Hyderabad,03375521538,23
303,Ayesha Siddiqui,Peshawar,03407494449---,20
304,Sara Malik,Rawalpindi,03152904243,40
305,Zara Sheikh,Lahore,03535276890,21
306,Hina Rashid,Peshawar,,52
307,Ayesha Siddiqui,Karachi,03724348682,53
308,Fatima Noor,Rawalpindi,03646853524,25
309,Adnan Iqbal,Faisalabad,03395123663,45
310,Rabia Aslam,Rawalpindi,03554033156,18
311,Fatima Noor,Lahore,,45
312,Hassan Ali,Peshawar,03853808817,52
313,Hamza Raza,Multan,03894244757,19
314,Nida Farooq,Karachi,03708992324,35
315,Nimra Rehman,Hyderabad,03535947135,37
316,Usman Tariq,Rawalpindi,03986707697,47
317,Maryam Javed,Islamabad,03474404179---,29
318,Hassan Ali,Karachi,03823844243,59
319,Hina Rashid,Islamabad,03172924331,19
320,Rabia Aslam,Hyderabad,03809987908,44
321,Usman Tariq,Hyderabad,03889840339---,41
322,Usman Tariq,Quetta,03841336541,52
323,Maryam Javed,Multan,03395633990,36
324,Bilal Hussain,Faisalabad,03841806623,47
325,Tariq Mahmood,Multan,03255647436,30
326,Sana Shamim,Karachi ,,51
327,Rabia Aslam,Multan,03367652399,23
328,Fatima Noor,Peshawar,03275939358,37
329,Fatima Noor,Quetta,03976234111,56
330,Bilal Hussain,Rawalpindi,03414333350,30
331,Usman Tariq,Quetta,03761125284,35
332,Nimra Rehman,Peshawar,,42
333,Sana Shamim,,03995012304,18
334,Hassan Ali,Karachi,03194151802,26
335,Hamza Raza,Rawalpindi,03497213755,58
336,Hamza Raza,Peshawar,03308167007,22
337,Adnan Iqbal,Hyderabad,03848645558,19
338,Zara Sheikh,Peshawar,03399740816,58
339,Zara Sheikh,Rawalpindi,03562298515,43
340,Tariq Mahmood,Hyderabad---,03556386779,19
341,Nimra Rehman,Karachi,03293443601,33
342,Ayesha Siddiqui,Karachi,03952591131,50
343,Sana Shamim,Lahore---,03435714712,47
344,Shahid Anwar,Multan,03898513135,25
345,Tariq Mahmood,Lahore,03878724625,24
346,Ayesha Siddiqui,Quetta,03774783352,19
347,Khalid Mehmood,Karachi,03439123797,41
348,Shahid Anwar,Quetta,03172586447,30
349,Nimra Rehman,Islamabad---,03723553349,46
350,Ayesha Siddiqui,Hyderabad,03722968780,51
351,Rabia Aslam,Lahore,03768986938,44
352,Usman Tariq,Hyderabad,03486020780,30
353,Sara Malik,Quetta,03191857273,58
354,Maryam Javed,Karachi,03856918895,50
355,Bilal Hussain,Hyderabad,03248957145,34
356,Tariq Mahmood,Faisalabad,03855428584,44
357,Bilal Hussain,Hyderabad,03817878191,45
358,Khalid Mehmood,Faisalabad,03237335824,52
359,Ayesha Siddiqui,Faisalabad,03959498311,36
360,Tariq Mahmood,Hyderabad,03715809615,19
361,Nida Farooq,Quetta,03903913945,32
362,Rabia Aslam,Lahore,03266074518,19
363,Hina Rashid,Quetta,03929055138,44
364,Adnan Iqbal,Lahore,03909474280,22
365,Ayesha Siddiqui,Karachi,03967151231,36
366,Hassan Ali,Peshawar,03598832307,32
367,Ahmed Khan,Faisalabad,03581334815,34
368,Tariq Mahmood,Karachi,03868216782,60
369,Sara Malik,Peshawar,03985842235,53
370,Maryam Javed,Islamabad,03873784235,25
371,Ahmed Khan,Rawalpindi,03683347172,48
372,Zara Sheikh,Faisalabad,03332565241,33
373,Sara Malik,Islamabad,03669721850,34
374,Adnan Iqbal,Karachi,03345101919??,49
375,Fatima Noor,Karachi,03278156515,18
376,Ayesha Siddiqui,Quetta,03591343063,26
377,Adnan Iqbal,Hyderabad,03438010911,44
378,Sara Malik,Islamabad,03735900998 ,47
379,Ayesha Siddiqui,Rawalpindi,03183116946,23
380,Sara Malik,Peshawar,03505852801,59
381,Shahid Anwar,Peshawar,03996695128,57
382,Usman Tariq,Hyderabad,03118222157,59
383,Usman Tariq,Peshawar,03352070814,53
384,Maryam Javed,Islamabad,03779987803,55
385,Rabia Aslam,Lahore,03621414415,53
386,Usman Tariq,Peshawar,03484973630,25
387,Maryam Javed,Karachi,03666802210,39
388,Imran Qureshi,Karachi,03861367779,19
389,Ayesha Siddiqui,Karachi,03369324172,31
390,Hassan Ali,Peshawar,03565795299,40
391,Hassan Ali,Multan,,19
392,Rabia Aslam,Quetta,03201719896,48
393,Tariq Mahmood,Multan,03236416813,53
394,Imran Qureshi,Peshawar,03266396112,25
395,Imran Qureshi,Peshawar,03553249520,53
396,Maryam Javed,,03963854771,54
397,Shahid Anwar,Lahore,03254433313,59
398,Fatima Noor,Quetta,03396713730,41
399,Nimra Rehman,Rawalpindi,03754650113,50
400,Imran Qureshi,Quetta,03843558534,33
401,Ahmed Khan,Islamabad,03872154456,32
402,Hamza Raza,Quetta,03199442782,40
403,Maryam Javed,Rawalpindi,03392318780,36
404,Shahid Anwar,Rawalpindi,03666747596,21
405,Hamza Raza,Islamabad,03592434666,41
406,Sana Shamim,Lahore,,57
407,Nida Farooq,Faisalabad,03338318058,40
408,Fatima Noor,Karachi,03626239394??,30
409,Fatima Noor,Karachi,03624721048,27
410,Sana Shamim,Rawalpindi,03445463544,32
411,Adnan Iqbal,Karachi,03444144385,59
412,Zara Sheikh,Multan,03497510243,39
413,Adnan Iqbal,Islamabad,03412846629,34
414,Tariq Mahmood,Islamabad,03831829643,48
415,Ayesha Siddiqui,Peshawar,03475411615,34
416,Shahid Anwar,Faisalabad,03447522268,42
417,Sara Malik,Hyderabad,03954829769??,37
418,Fatima Noor,Islamabad,03355316309,39
419,Hamza Raza,,03134005419---,36
420,Usman Tariq,Faisalabad,03254190498,42
421,Imran Qureshi,Rawalpindi,03443141167,49
422,Hassan Ali,Lahore,03579956652,55
423,Adnan Iqbal,Faisalabad,03846662771,36
424,Sana Shamim,Peshawar,03922023540,59
425,Shahid Anwar,Faisalabad,03609334072,21
426,Ahmed Khan,Multan,03118435756,57
427,Khalid Mehmood,Multan,03867576000,55
428,Rabia Aslam,Peshawar,03119816471,39
429,Tariq Mahmood,Lahore,03436698634,24
430,Khalid Mehmood,Peshawar,03212065368,40
431,Rabia Aslam,Faisalabad,,38
432,Fatima Noor,Multan---,03974069145 ,57
433,Tariq Mahmood,Hyderabad,03824227810,51
434,Sara Malik,Islamabad,03988142177,57
435,Nida Farooq,Karachi,03114645493,25
436,Imran Qureshi,Multan,03888445678,19
437,Rabia Aslam,Quetta,03625001540,43
438,Usman Tariq,Peshawar,03583067902,28
439,Hamza Raza,,03417808614,59
440,Fatima Noor,Hyderabad,03342583946,59
441,Adnan Iqbal,Multan,03823849491,26
442,Ahmed Khan,Multan,03373570794,42
443,Bilal Hussain,Lahore,03858038545,27
444,Sara Malik,,03215866090,46
445,Ayesha Siddiqui,Peshawar,03538307970,31
446,Maryam Javed,,03609424329,52
447,Sana Shamim,,03885231393,31
448,Hamza Raza,Faisalabad,03422020456,50
449,Usman Tariq,Rawalpindi,,18
450,Shahid Anwar,Lahore,,22
451,Nimra Rehman,Islamabad,03239112554,60
452,Sana Shamim,Karachi---,03871713867,37
453,Hina Rashid,Karachi,03999499492,51
454,Hassan Ali,Peshawar,03158574367,32
455,Maryam Javed,Multan,03651494362,28
456,Sara Malik,Faisalabad,03572423804,30
457,Khalid Mehmood,Multan,03963109289,58
458,Shahid Anwar,Islamabad,03473774138,54
459,Nimra Rehman,Islamabad,03578510089,30
460,Nida Farooq,Karachi,03114658972,37
461,Shahid Anwar,Multan,03319780856,51
462,Khalid Mehmood,Islamabad,03675679888,38
463,Imran Qureshi,Rawalpindi,03786766782,24
464,Usman Tariq,Islamabad,03715344169,44
465,Khalid Mehmood,Multan,03878718445,34
466,Shahid Anwar,Hyderabad,03719283806,53
467,Maryam Javed,Multan,03496498848,58
468,Hamza Raza,Rawalpindi,03519887766,19
469,Fatima Noor,Faisalabad,03502284046,18
470,Hina Rashid,Islamabad,03796356441,51
471,Hamza Raza,Rawalpindi,03665383542,54
472,Usman Tariq,Multan,03185962871,23
473,Sana Shamim,Hyderabad,03837843662,25
474,Usman Tariq,Peshawar,03985505264,25
475,Maryam Javed,Quetta,03283554661,45
476,Nimra Rehman,Faisalabad ,03674530873,36
477,Zara Sheikh,Faisalabad,03624580694,26
478,Rabia Aslam,Lahore,03708229173 ,48
479,Khalid Mehmood,Hyderabad,03378141758,19
480,Hamza Raza,Peshawar,03267300109,21
481,Khalid Mehmood,Faisalabad,03618294998,33
482,Sana Shamim,Islamabad,03334184782,26
483,Fatima Noor,Karachi,03153557062,51
484,Nida Farooq,Hyderabad ,03518199768,44
485,Imran Qureshi,Peshawar,03754124563,57
486,Maryam Javed,Peshawar,03192175823,48
487,Adnan Iqbal,Faisalabad,03189021630,26
488,Tariq Mahmood,Rawalpindi,03353716899??,33
489,Sana Shamim,Multan,,51
490,Sara Malik,Islamabad ,03635846266,34
491,Hassan Ali,Peshawar,03736386400,30
492,Ahmed Khan,Rawalpindi,03769561813,48
493,Adnan Iqbal,Peshawar,03303041056,34
494,Rabia Aslam,Islamabad,03871931882,43
495,Sana Shamim,Peshawar,03416775829,39
496,Adnan Iqbal,Karachi??,03502249165,30
497,Fatima Noor,Islamabad,03556618894,19
498,Shahid Anwar,Hyderabad,03293430048,20
499,Khalid Mehmood,Lahore,03712335260,27
500,Zara Sheikh,Islamabad,03999979718,45
501,Nimra Rehman,Rawalpindi,03973146641,45
502,Adnan Iqbal,Quetta,03834528822,39
503,Nida Farooq,Lahore,03173804603,20
504,Maryam Javed,Multan,03705634937,50
505,Maryam Javed,Quetta,03124316303,53
506,Ahmed Khan,Faisalabad,03156294948,50
507,Nimra Rehman,Karachi,03256526731,48
508,Hamza Raza,Islamabad,03464011244,57
509,Nida Farooq,Quetta,03516466954---,19
510,Usman Tariq,Karachi,03924703312,21
511,Nimra Rehman,Lahore,03332765345,23
512,Sana Shamim,Islamabad,03507289251,54
513,Sara Malik,,03528700542,36
514,Hamza Raza,Islamabad,03797924052,31
515,Bilal Hussain,Islamabad,03794231113,47
516,Khalid Mehmood,Karachi,03204506369,59
517,Bilal Hussain,Quetta,03952392064,56
518,Sara Malik,Rawalpindi,03309121783,21
519,Ahmed Khan,Peshawar,03925791437,29
520,Rabia Aslam,Rawalpindi,03435473164 ,46
521,Hassan Ali,Multan,03496473102,53
522,Adnan Iqbal,Islamabad,03956798144,45
523,Bilal Hussain,Hyderabad,03876540709,58
524,Rabia Aslam,Rawalpindi,03877840884,52
525,Sara Malik,Peshawar,03868629003,27
526,Tariq Mahmood,Multan,03749155335,27
527,Hamza Raza,Lahore??,03575562138 ,24
528,Usman Tariq,Multan,03389619888,46
529,Hamza Raza,Quetta,03893007642,41
530,Hina Rashid,Rawalpindi,,25
531,Imran Qureshi,Multan,03131703972,34
532,Hamza Raza,Quetta,03925510596,52
533,Fatima Noor,Multan,03914952595,34
534,Fatima Noor,Hyderabad,03751028025,38
535,Hina Rashid,Multan,03264031768,51
536,Maryam Javed,Lahore,03681194827,42
537,Hina Rashid,Peshawar,03153524879,53
538,Sana Shamim,Peshawar,03545656828,31
539,Shahid Anwar,Faisalabad,03771935609,44
540,Ayesha Siddiqui,Faisalabad ,03698206351??,32
541,Nimra Rehman,Hyderabad,03955749988,29
542,Imran Qureshi,Hyderabad,03313069868,35
543,Adnan Iqbal,Rawalpindi,03452865358,33
544,Rabia Aslam,Quetta,03619683695,23
545,Fatima Noor,Rawalpindi,03695299457,37
546,Fatima Noor,Hyderabad,03683495111,30
547,Shahid Anwar,Quetta,03177813936,27
548,Nimra Rehman,Quetta,03628315528,48
549,Bilal Hussain,Karachi,03941283688,34
550,Hassan Ali,Islamabad,03899613907,46
551,Ayesha Siddiqui,Hyderabad,03983253620,59
552,Rabia Aslam,Quetta,03455426013,24
553,Maryam Javed,Rawalpindi,03934274480,42
554,Nida Farooq,Quetta,03541345807,25
555,Imran Qureshi,Quetta,03498562604,41
556,Nimra Rehman,Hyderabad,03423365623,28
557,Usman Tariq,Faisalabad,03381028143,31
558,Adnan Iqbal,Karachi,03463907307,54
559,Bilal Hussain,Faisalabad,03664165921,20
560,Usman Tariq,Lahore,03564849683,25
561,Ayesha Siddiqui,Karachi,03325555365,42
562,Usman Tariq,Karachi,03377183894,37
563,Maryam Javed,Rawalpindi,03863833019,33
564,Bilal Hussain,Multan,03205636465,44
565,Maryam Javed,Quetta,03112947719,20
566,Zara Sheikh,Quetta,03276899041,22
567,Hamza Raza,,03201608147,48
568,Hina Rashid,Lahore,03994033259,33
569,Nimra Rehman,Faisalabad,03807166647,27
570,Adnan Iqbal,Rawalpindi,03305467989,23
571,Tariq Mahmood,Faisalabad,03938683150,57
572,Fatima Noor,Multan,03406446364---,29
573,Ayesha Siddiqui,Multan,03241388562,38
574,Hina Rashid,Multan,03603003045,23
575,Tariq Mahmood,Peshawar,03214035717,50
576,Imran Qureshi,Faisalabad,03124006011,49
577,Nimra Rehman,Faisalabad,03741440268,38
578,Rabia Aslam,Rawalpindi,03833854385,20
579,Rabia Aslam,Faisalabad,03966742339,22
580,Nimra Rehman,Quetta ,03664246093,55
581,Sara Malik,Islamabad,,56
582,Imran Qureshi,Multan,03383868778,43
583,Shahid Anwar,Hyderabad,,54
584,Fatima Noor,Lahore,03295377687,33
585,Maryam Javed,Hyderabad,03994071422,25
586,Hina Rashid,Karachi,03276114616,28
587,Zara Sheikh,Multan,03968471736,35
588,Ahmed Khan,Islamabad,03318408308,47
589,Adnan Iqbal,Quetta,03211945368,35
590,Sara Malik,Rawalpindi,03317171246,30
591,Nida Farooq,Rawalpindi,03352618027---,44
592,Khalid Mehmood,Islamabad??,03183661008,23
593,Khalid Mehmood,Faisalabad,03999938070,19
594,Imran Qureshi,Faisalabad,03953702744,21
595,Zara Sheikh,Faisalabad,03285409718,18
596,Hina Rashid,Peshawar,03137940862 ,39
597,Fatima Noor,Rawalpindi,03236186276,50
598,Hassan Ali,Multan,03765514649,50
599,Nida Farooq,,03898526529,31
600,Imran Qureshi,Hyderabad,03149412592,32
601,Sara Malik,Lahore,03668501062,30
602,Ayesha Siddiqui,Peshawar,03996879028,35
603,Maryam Javed,Peshawar,03469889508,35
604,Sana Shamim,Rawalpindi,03514219466,28
605,Usman Tariq,Karachi,03217890408,56
606,Nida Farooq,Peshawar,03694113985,53
607,Imran Qureshi,Faisalabad,03311358854,24
608,Hamza Raza,Quetta,03746446723,24
609,Ayesha Siddiqui,Rawalpindi,03759529798,25
610,Imran Qureshi,Multan,03374575886,58
611,Shahid Anwar,Islamabad,03578394099,25
612,Hina Rashid,Islamabad,03726422263,52
613,Sara Malik,Faisalabad,03627593350,48
614,Zara Sheikh,Quetta,03854019087,29
615,Hassan Ali,Quetta,03346539624,45
616,Bilal Hussain,Hyderabad,03749262663,44
617,Maryam Javed,Lahore,03331031479,48
618,Usman Tariq,Rawalpindi,03868330279,41
619,Fatima Noor,Karachi,03805397683,35
620,Ayesha Siddiqui,Lahore,03947023940,50
621,Ayesha Siddiqui,Hyderabad,03881133460,55
622,Rabia Aslam,Quetta,03925437403,57
623,Sana Shamim,Peshawar,03599467177,32
624,Shahid Anwar,Karachi,03982328867,18
625,Sara Malik,Lahore,03598393320,34
626,Hina Rashid,Multan,03347104013,25
627,Khalid Mehmood,Multan,03917513965,46
628,Imran Qureshi,Faisalabad,03384410191,45
629,Zara Sheikh,Quetta,03626096612,30
630,Ahmed Khan,Faisalabad,03345018741,50
631,Nimra Rehman,Multan,03404490938,40
632,Zara Sheikh,Karachi,03704281520,26
633,Ayesha Siddiqui,Islamabad,03997573951,53
634,Bilal Hussain,Peshawar,03667898525,37
635,Khalid Mehmood,Peshawar,03939494258,26
636,Shahid Anwar,Peshawar,03956676922,42
637,Hassan Ali,Islamabad,,32
638,Zara Sheikh,Multan,03763592875,48
639,Nimra Rehman,Rawalpindi,03102425576,39
640,Hina Rashid,Rawalpindi,03395399651,58
641,Fatima Noor,Hyderabad,03881105062,46
642,Hina Rashid,Faisalabad,03431794421,58
643,Rabia Aslam,Karachi,,20
644,Rabia Aslam,Hyderabad,03506054828,51
645,Hamza Raza,Lahore,03161844872,25
646,Fatima Noor,,03253586248,26
647,Hamza Raza,Peshawar,03248223196,22
648,Rabia Aslam,Multan,03988321254,52
649,Shahid Anwar,Quetta ,03201682330,47
650,Ahmed Khan,Hyderabad,03235837110,43
651,Nimra Rehman,Faisalabad,03731052438,34
652,Hamza Raza,Karachi,03331432847,60
653,Imran Qureshi,Faisalabad,03517874899,57
654,Imran Qureshi,Karachi,03268364481,46
655,Ahmed Khan,Peshawar,03441028555,37
656,Nimra Rehman,Islamabad,,56
657,Tariq Mahmood,Hyderabad,,53
658,Khalid Mehmood,Hyderabad,03389743142,21
659,Shahid Anwar,Quetta,03467493762,44
660,Nimra Rehman,Lahore,,46
661,Sara Malik,Islamabad??,03133451829,51
662,Rabia Aslam,Lahore,03777678406,43
663,Adnan Iqbal,Lahore,03133170985,39
664,Tariq Mahmood,Peshawar,03801335702,35
665,Shahid Anwar,Hyderabad,03469658083,52
666,Fatima Noor,Quetta,03815767670,38
667,Hina Rashid,Quetta,03654073067,30
668,Khalid Mehmood,,03237738250,48
669,Nida Farooq,Multan,03877357691,50
670,Imran Qureshi,Islamabad,03416817513,50
671,Zara Sheikh,Faisalabad,03301959149,39
672,Sara Malik,Hyderabad,03741997245,57
673,Maryam Javed,Multan,03824167212,55
674,Hassan Ali,Islamabad,03281244098,31
675,Shahid Anwar,Peshawar,03864511474,47
676,Adnan Iqbal,Peshawar,03211115322,29
677,Adnan Iqbal,Peshawar,03571670538,41
678,Shahid Anwar,Faisalabad,03581261544??,36
679,Nida Farooq,Faisalabad,03905393140,40
680,Sara Malik,Hyderabad,03293488445,40
681,Usman Tariq,Lahore,03986587292,31
682,Shahid Anwar,Rawalpindi,03909660141,44
683,Adnan Iqbal,Lahore,03614003636,27
684,Nimra Rehman,Hyderabad,03111954186,18
685,Zara Sheikh,Karachi,03595175585,30
686,Zara Sheikh,Faisalabad,03484014403,46
687,Sana Shamim,Lahore,03835228902,33
688,Sana Shamim,Islamabad,03513732269,30
689,Shahid Anwar,Rawalpindi,03639046137,41
690,Tariq Mahmood,Karachi,03931413367,58
691,Zara Sheikh,Faisalabad,03957057447,51
692,Ayesha Siddiqui,Karachi,03315128124---,30
693,Sana Shamim,Rawalpindi,03526311449,33
694,Hamza Raza,Quetta,03389675826,28
695,Shahid Anwar,Rawalpindi,03294143755,39
696,Hamza Raza,Karachi,03281496404,45
697,Nida Farooq,Peshawar,03109777804,20
698,Hassan Ali,Faisalabad,03211026276,46
699,Tariq Mahmood,Peshawar,03933767185,29
700,Imran Qureshi,Quetta,03958272396,58
701,Rabia Aslam,Lahore,03221631632,28
702,Hamza Raza,Multan,03193379774---,47
703,Sana Shamim,Islamabad,03472824271,60
704,Nimra Rehman,Multan,03185020009,30
705,Khalid Mehmood,,03407913997,19
706,Sara Malik,Quetta,03272680190,39
707,Imran Qureshi,Karachi,03771192476,41
708,Hina Rashid,Faisalabad,03996409638,49
709,Tariq Mahmood,Faisalabad,03697163247,33
710,Hassan Ali,Quetta,03182673512,38
711,Sara Malik,Lahore,,59
712,Nimra Rehman,Peshawar,03136131147,21
713,Maryam Javed,Hyderabad,03637286016---,19
714,Sara Malik,Multan,03494309241,36
715,Maryam Javed,Peshawar,03332172736,18
716,Khalid Mehmood,Peshawar,03938076587,41
717,Ayesha Siddiqui,Rawalpindi,03344177504,24
718,Shahid Anwar,Faisalabad,,31
719,Zara Sheikh,Peshawar,03931160469,38
720,Ayesha Siddiqui,Lahore??,03601478076,23
721,Adnan Iqbal,Rawalpindi,03576228138,36
722,Khalid Mehmood,Multan,03504852236,41
723,Usman Tariq,Multan,03535042053,44
724,Adnan Iqbal,Faisalabad,03275193393,37
725,Rabia Aslam,Peshawar,03533697579,57
726,Rabia Aslam,Quetta,03775056811,46
727,Fatima Noor,Islamabad,03283265962,31
728,Bilal Hussain,Peshawar,,53
729,Usman Tariq,Hyderabad,03916601806,55
730,Hamza Raza,Quetta,03563538727,18
731,Bilal Hussain,Quetta,03999854051,38
732,Usman Tariq,Hyderabad,03831488278,26
733,Hassan Ali,Lahore,03955465311,56
734,Hina Rashid,Karachi,03156933808,51
735,Imran Qureshi,Islamabad,03842049387,56
736,Ahmed Khan,Multan,03429634089,19
737,Usman Tariq,Multan,03728943349,59
738,Ahmed Khan,Hyderabad ,03291425173,26
739,Imran Qureshi,Quetta,03512650580,34
740,Bilal Hussain,Lahore,03607570150,34
741,Hassan Ali,,,50
742,Zara Sheikh,Quetta,03781919474,31
743,Sana Shamim,,03869057533,24
744,Imran Qureshi,Faisalabad,03507857421,37
745,Maryam Javed,Hyderabad,03479693171,40
746,Khalid Mehmood,Hyderabad,03228468648,56
747,Fatima Noor,Quetta,03158591559,52
748,Zara Sheikh,Multan,03316330595,37
749,Hassan Ali,Hyderabad,03315282769,47
750,Khalid Mehmood,Multan,03719944988,40
751,Zara Sheikh,Quetta,03608285442,57
752,Shahid Anwar,Quetta,03356373893,44
753,Sana Shamim,Rawalpindi,03862716412,57
754,Sara Malik,Multan,03431304596 ,32
755,Imran Qureshi,,03903339054,23
756,Hamza Raza,Multan,03197125626,29
757,Sana Shamim,Peshawar,03605876670,38
758,Bilal Hussain,Hyderabad??,03131885007,57
759,Fatima Noor,Multan,03949165390,25
760,Tariq Mahmood,Hyderabad,03452260900,53
761,Imran Qureshi,Faisalabad,03793742200,24
762,Bilal Hussain,Hyderabad,03114385932,43
763,Maryam Javed,Faisalabad,03722652309,57
764,Tariq Mahmood,Multan---,03188240113,24
765,Maryam Javed,Faisalabad,03765856707,40
766,Maryam Javed,Islamabad,03604063257??,51
767,Zara Sheikh,Karachi,03991808657,46
768,Ahmed Khan,Faisalabad,03805467017,43
769,Hassan Ali,Hyderabad,03567233109---,48
770,Sana Shamim,Peshawar,03815872375,41
771,Sara Malik,Islamabad??,03224248254,58
772,Ahmed Khan,Multan,03999030756 ,21
773,Hina Rashid,Lahore,03252193731,59
774,Hamza Raza,Lahore,03495545642,23
775,Maryam Javed,Peshawar,03258574129??,56
776,Hassan Ali,Multan,03114704996,49
777,Ahmed Khan,Karachi,03397794561,38
778,Nida Farooq,Lahore,03226852248,24
779,Usman Tariq,Multan,,46
780,Fatima Noor,Quetta,03472594041,28
781,Hina Rashid,Islamabad,,47
782,Nimra Rehman,Hyderabad,03523795678,34
783,Hassan Ali,Quetta,03815160033,18
784,Rabia Aslam,Hyderabad,,52
785,Nimra Rehman,Lahore,03188620259,30
786,Khalid Mehmood,Hyderabad,03812434121,55
787,Shahid Anwar,Faisalabad,03788704565,41
788,Hina Rashid,Faisalabad,03854289955,59
789,Sana Shamim,Faisalabad,03991728014??,44
790,Usman Tariq,Karachi,03828042237,43
791,Maryam Javed,Lahore,03169880229,33
792,Bilal Hussain,Karachi,03896020046,24
793,Hassan Ali,Faisalabad,03671912443,59
794,Zara Sheikh,Multan,03894797760,43
795,Khalid Mehmood,Hyderabad,03342978302,32
796,Sara Malik,Lahore,03393494823,38
797,Tariq Mahmood,Peshawar,,36
798,Hamza Raza,Peshawar,03582337997,40
799,Nimra Rehman,Karachi,03835167952,37
800,Shahid Anwar,Faisalabad,03419295361,19
801,Nimra Rehman,Faisalabad,03747643866,20
802,Bilal Hussain,Hyderabad,03413059277---,18
803,Fatima Noor,Rawalpindi,03945120626,51
804,Hassan Ali,Peshawar??,03522732708,28
805,Sara Malik,Faisalabad,,57
806,Imran Qureshi,Peshawar,03785459814 ,27
807,Shahid Anwar,,03871514509,53
808,Sana Shamim,Multan,03828877799,49
809,Sara Malik,Lahore,03383925659,26
810,Nimra Rehman,Multan,03637499252,45
811,Imran Qureshi,,03785946698,19
812,Usman Tariq,Quetta,03341223167,27
813,Rabia Aslam,Quetta,03378123693,57
814,Sana Shamim,Quetta,03769792904 ,49
815,Sana Shamim,Multan,03677587610,18
816,Khalid Mehmood,Lahore,03244121040,52
817,Shahid Anwar,Multan,03228975519,47
818,Maryam Javed,Lahore,03615912359,46
819,Maryam Javed,Faisalabad,03347944603,35
820,Tariq Mahmood,Faisalabad,03742202692,48
821,Shahid Anwar,Hyderabad,03706495477,58
822,Imran Qureshi,Hyderabad,03456642161,18
823,Nimra Rehman,Quetta,03794585356,31
824,Imran Qureshi,Karachi,03613986801,53
825,Khalid Mehmood,Multan,03803978514??,58
826,Hassan Ali,Faisalabad,03621744011,20
827,Adnan Iqbal,Hyderabad,03319532221,22
828,Hassan Ali,Rawalpindi,03875239178,58
829,Adnan Iqbal,Faisalabad,03823644352,45
830,Zara Sheikh,Hyderabad,03566849222,29
831,Shahid Anwar,Multan,03381732649,28
832,Khalid Mehmood,Peshawar,03326164567,28
833,Tariq Mahmood,Karachi,03255649616,42
834,Hina Rashid,Islamabad,03159400751,60
835,Hina Rashid,Quetta,03804916921,27
836,Tariq Mahmood,Peshawar,03142877480,53
837,Tariq Mahmood,Rawalpindi,03873042395,39
838,Ahmed Khan,Peshawar,03586310681,21
839,Ayesha Siddiqui,Lahore,03592710846,45
840,Hassan Ali,Rawalpindi,,39
841,Sara Malik,Karachi,03372712309,49
842,Adnan Iqbal,,03698451696,21
843,Ahmed Khan,Faisalabad,03641001354,31
844,Maryam Javed,Karachi,,56
845,Nida Farooq,Multan,03572362447,46
846,Sara Malik,Lahore,03886316606,41
847,Sana Shamim,Peshawar,03339605664,52
848,Sara Malik,Hyderabad,03247918439,52
849,Sana Shamim,Faisalabad,03437853357,29
850,Sana Shamim,Rawalpindi,03214778232 ,36
851,Nida Farooq,Quetta,,59
852,Rabia Aslam,Lahore ,03831325407,22
853,Bilal Hussain,Hyderabad,03545759541,47
854,Sana Shamim,Lahore,03531190980,27
855,Hamza Raza,Rawalpindi,03768784721,32
856,Hina Rashid,Hyderabad,03797963477,58
857,Fatima Noor,Faisalabad,03884638548,57
858,Maryam Javed,Karachi,03608407597,30
859,Adnan Iqbal,Lahore,03686254229 ,29
860,Adnan Iqbal,Quetta,03697107747,53
861,Rabia Aslam,Lahore,03379594243,53
862,Ayesha Siddiqui,Rawalpindi,03966893289,44
863,Nida Farooq,Rawalpindi,03234021772,26
864,Sara Malik,Karachi,03519578285,21
865,Fatima Noor,Rawalpindi,03334934366,34
866,Tariq Mahmood,Hyderabad,03693499276,18
867,Hassan Ali,Peshawar,03852956949,18
868,Khalid Mehmood,Peshawar,03267630475,27
869,Bilal Hussain,Peshawar,,18
870,Zara Sheikh,Islamabad,03388093907,45
871,Ayesha Siddiqui,Islamabad,03686436821,51
872,Hamza Raza,Faisalabad,03786301230,33
873,Khalid Mehmood,Lahore,03848936981,28
874,Zara Sheikh,Multan,03987445857,34
875,Zara Sheikh,Rawalpindi??,03315953609,35
876,Sana Shamim,Lahore,03706482677---,56
877,Hina Rashid,Lahore??,03362410736,24
878,Hamza Raza,Rawalpindi,03693118502,40
879,Usman Tariq,Karachi,03694710757,42
880,Sara Malik,Lahore,03334414906,37
881,Zara Sheikh,Peshawar,03405770398,21
882,Rabia Aslam,Quetta,03937506830,50
883,Ayesha Siddiqui,Hyderabad,03884831977,30
884,Hassan Ali,Multan,,26
885,Hina Rashid,Faisalabad,,44
886,Zara Sheikh,Multan,03623851952,37
887,Imran Qureshi,Rawalpindi,03346047840,60
888,Sana Shamim,Multan,03484348607,55
889,Adnan Iqbal,Rawalpindi,03506242918,53
890,Tariq Mahmood,Peshawar,03676175745,47
891,Maryam Javed,Peshawar,03362056767,40
892,Hassan Ali,Lahore,03313599980,55
893,Maryam Javed,Islamabad,03192436017,29
894,Adnan Iqbal,Lahore??,03718890929,59
895,Nida Farooq,Lahore,03215292058,51
896,Nida Farooq,Peshawar,03498253317,55
897,Tariq Mahmood,Multan,03571978521,47
898,Sara Malik,Rawalpindi,03135444340,42
899,Imran Qureshi,Rawalpindi,03208171712,19
900,Khalid Mehmood,Rawalpindi,03458293835,43
901,Fatima Noor,Islamabad,03358169174,53
902,Rabia Aslam,Multan,03136456329,35
903,Imran Qureshi,Quetta,03322949938,42
904,Tariq Mahmood,Karachi,03774639379,42
905,Sana Shamim,Lahore??,03661994560,52
906,Hamza Raza,Islamabad,03576435879,37
907,Shahid Anwar,Faisalabad,03219631321,47
908,Khalid Mehmood,Islamabad,03595205831,40
909,Ayesha Siddiqui,Multan,03946953625,46
910,Sara Malik,Quetta,03104041248,42
911,Ayesha Siddiqui,Lahore,03313982503,52
912,Hina Rashid,Rawalpindi,03621276851,24
913,Rabia Aslam,Islamabad,03922296804,56
914,Zara Sheikh,Lahore,03846269743,45
915,Hassan Ali,Quetta,,23
916,Nimra Rehman,Hyderabad,03208145945,19
917,Fatima Noor,Karachi,03469848054,29
918,Maryam Javed,Lahore,03461382991,38
919,Sara Malik,Multan,03373041369,38
920,Ahmed Khan,Karachi,03875124437,35
921,Shahid Anwar,Quetta ,03417887709,18
922,Fatima Noor,Rawalpindi,03863008443,36
923,Hassan Ali,Rawalpindi,03998981419,35
924,Imran Qureshi,,03667679567---,33
925,Tariq Mahmood,Lahore,03563581958,31
926,Adnan Iqbal,Quetta,03414445771,44
927,Sara Malik,Lahore,03699082658,27
928,Nimra Rehman,Islamabad,03358697819,27
929,Shahid Anwar,Peshawar,03348378244,20
930,Tariq Mahmood,Hyderabad,03307495607,35
931,Rabia Aslam,Lahore??,03542170769,56
932,Ayesha Siddiqui,Peshawar,03416904016,44
933,Maryam Javed,Peshawar,03375346123,59
934,Sana Shamim,Multan---,03209537401,24
935,Shahid Anwar,Karachi,03709082910,29
936,Tariq Mahmood,,03259864864,21
937,Shahid Anwar,Islamabad,03644119958,54
938,Hina Rashid,Hyderabad,03917557876,31
939,Fatima Noor,Islamabad,03565786875,52
940,Fatima Noor,,03768317476,43
941,Khalid Mehmood,Karachi,03344657236,36
942,Ayesha Siddiqui,Quetta,03571654891,56
943,Khalid Mehmood,,03879235149,34
944,Fatima Noor,Rawalpindi ,,55
945,Zara Sheikh,Lahore,03216722561,32
946,Imran Qureshi,Peshawar,03525236169,56
947,Maryam Javed,Faisalabad,03105370221,59
948,Hina Rashid,Peshawar,03487450885,42
949,Ayesha Siddiqui,Karachi,03929706643---,50
950,Ayesha Siddiqui,Peshawar,03721373432,23
951,Fatima Noor,Rawalpindi,03402333924,36
952,Hina Rashid,Lahore,03504494168,27
953,Adnan Iqbal,Peshawar,03235633653,59
954,Sana Shamim,Lahore,03307830549,49
955,Usman Tariq,Lahore,03142159566,53
956,Hamza Raza,Karachi,,23
957,Hina Rashid,Peshawar,03772351953,36
958,Fatima Noor,Rawalpindi,03944188671,44
959,Nida Farooq,Lahore,03421781921,38
960,Hamza Raza,Peshawar,03484716796,56
961,Zara Sheikh,Multan,03698472843,56
962,Adnan Iqbal,Faisalabad,03536408637,35
963,Tariq Mahmood,Islamabad,03366113977,28
964,Nimra Rehman,Quetta,03346897987,50
965,Hina Rashid,Hyderabad,03635696310,49
966,Shahid Anwar,Karachi,03605916192,37
967,Adnan Iqbal,,03535752204,42
968,Hamza Raza,Quetta,03202985980,51
969,Nida Farooq,Quetta,03992106302,41
970,Usman Tariq,Quetta,03566510398,31
971,Sara Malik,Lahore,03766662530,30
972,Hamza Raza,Peshawar,03422468001,53
973,Usman Tariq,Karachi,03237375524,37
974,Shahid Anwar,Rawalpindi,,38
975,Rabia Aslam,Karachi,03235887820,48
976,Adnan Iqbal,Hyderabad,,26
977,Hassan Ali,Hyderabad,03317416497,21
978,Nida Farooq,Quetta,03694688395,58
979,Hamza Raza,Lahore,03519224118,60
980,Hamza Raza,Quetta,03922002144,26
981,Ayesha Siddiqui,Islamabad,03487490736??,24
982,Nida Farooq,Karachi,03992658486,29
983,Tariq Mahmood,Peshawar,03795680460,35
984,Zara Sheikh,Quetta,03503615507,53
985,Zara Sheikh,Islamabad,03822764178,45
986,Fatima Noor,Quetta,03443715471,32
987,Hamza Raza,Quetta,03649291502,54
988,Usman Tariq,Faisalabad,03238575895,32
989,Ayesha Siddiqui,Karachi,03882350507,27
990,Usman Tariq,Karachi,03497816414,60
991,Ayesha Siddiqui,Lahore,03155988013,48
992,Fatima Noor,Islamabad,03232647513,45
993,Nimra Rehman,Quetta,03521743449,46
994,Sara Malik,Lahore,03777548079,23
995,Maryam Javed,Lahore,03278295334,36
996,Sara Malik,Hyderabad,03716570381,26
997,Hamza Raza,Faisalabad??,03246643196,33
998,Nimra Rehman,,03751577039,56
999,Shahid Anwar,Lahore,03311397004,42
1000,Nimra Rehman,Karachi,03699210804,39
1001,Bilal Hussain,Quetta,03732146917,26
1002,Fatima Noor,Faisalabad,03615452390,29
1003,Hina Rashid,Lahore,03912349669,33
1004,Hassan Ali,,03926863151,40
1005,Hassan Ali,Multan,03707242064,24
1006,Hassan Ali,Peshawar,03931718175,58
1007,Hina Rashid,Rawalpindi,03488625760,39
1008,Imran Qureshi,Multan,03345549419,43
1009,Usman Tariq,Multan,03121051943,50
1010,Sana Shamim,Hyderabad,03332629608,21
1011,Tariq Mahmood,,03801701006,58
1012,Sana Shamim,Rawalpindi,03738877419,36
1013,Hassan Ali,Hyderabad,03917678822,54
1014,Fatima Noor,Quetta,03339559684,43
1015,Nimra Rehman,Faisalabad,03626952418,38
1016,Fatima Noor,Faisalabad,03536565682,46
1017,Zara Sheikh,Quetta,03699967129,19
1018,Tariq Mahmood,Rawalpindi ,03542418560,57
1019,Imran Qureshi,Quetta,03196131612,32
1020,Nida Farooq,Multan,03866774429,35
1021,Sara Malik,Hyderabad,03935599305??,30
1022,Maryam Javed,Karachi,03941776000,59
1023,Hassan Ali,Lahore,03496647247,53
1024,Sara Malik,Rawalpindi,03279943456,28
1025,Shahid Anwar,,03655009474,45
1026,Imran Qureshi,Rawalpindi,03667189245,31
1027,Sara Malik,Quetta,03157627925,52
1028,Hamza Raza,Karachi,03591829924,52
1029,Sara Malik,Peshawar,03154009409,57
1030,Tariq Mahmood,Hyderabad,03587587379,51
1031,Ahmed Khan,Islamabad ,03497168111,59
1032,Fatima Noor,Lahore,03299421269,34
1033,Imran Qureshi,,03859209485,59
1034,Nida Farooq,Islamabad,03229606564,55
1035,Nida Farooq,Lahore,03907908584,59
1036,Hassan Ali,Karachi,03681595732,34
1037,Sana Shamim,Rawalpindi,03355364727,23
1038,Zara Sheikh,Karachi,03989204558,48
1039,Ahmed Khan,Quetta,03653225796,18
1040,Rabia Aslam,Faisalabad,03626186495,58
1041,Bilal Hussain,Rawalpindi,03471107505,24
1042,Khalid Mehmood,Rawalpindi,03782868959,55
1043,Shahid Anwar,Islamabad,03736844781,34
1044,Usman Tariq,Rawalpindi,03244558877,47
1045,Sana Shamim,Karachi,03681374487,19
1046,Ayesha Siddiqui,Lahore,03321718723,35
1047,Imran Qureshi,Hyderabad,03148804715,22
1048,Usman Tariq,Faisalabad,03442465518,30
1049,Shahid Anwar,Peshawar,03972886660,49
1050,Ayesha Siddiqui,,03223850287,55
1051,Nida Farooq,Islamabad,03197110370,33
1052,Bilal Hussain,Lahore,03525081476,40
1053,Hina Rashid,Hyderabad,03938791371,51
1054,Rabia Aslam,Hyderabad,03812043714,57
1055,Sana Shamim,Islamabad,03747335995,26
1056,Zara Sheikh,Hyderabad,,22
1057,Sara Malik,Multan,03812842826,56
1058,Shahid Anwar,Islamabad,03209925523 ,32
1059,Nimra Rehman,Peshawar,03656889894,59
1060,Zara Sheikh,Multan,03511677989,44
1061,Ahmed Khan,Hyderabad,03755219408,46
1062,Bilal Hussain,Quetta,03885076014,55
1063,Ayesha Siddiqui,,03755805525,35
1064,Rabia Aslam,Lahore,03198773880,42
1065,Sara Malik,Multan,03976124577,59
1066,Tariq Mahmood,Karachi,03343695314,29
1067,Tariq Mahmood,Rawalpindi,03253582865,19
1068,Tariq Mahmood,Faisalabad??,03736012168---,33
1069,Zara Sheikh,Quetta,03138299396,34
1070,Bilal Hussain,Peshawar,03848295976,49
1071,Hina Rashid,Multan,03425254569,21
1072,Ayesha Siddiqui,Rawalpindi,03646419744,52
1073,Rabia Aslam,Peshawar,03518826272,31
1074,Nida Farooq,Multan,03334746115,54
1075,Shahid Anwar,Hyderabad,03386184373,36
1076,Usman Tariq,Rawalpindi,03956507726,60
1077,Tariq Mahmood,Karachi,03175346214,51
1078,Hamza Raza,Rawalpindi,03591484611,53
1079,Maryam Javed,,03442818526,53
1080,Hina Rashid,Karachi,03803236819,29
1081,Maryam Javed,Multan,,55
1082,Zara Sheikh,Quetta,03429431804,35
1083,Usman Tariq,Quetta,03617174452,23
1084,Tariq Mahmood,Quetta,03243898745,43
1085,Hina Rashid,Rawalpindi,03897551312,36
1086,Bilal Hussain,Peshawar,03607500383,41
1087,Nimra Rehman,Peshawar,03327607633,24
1088,Fatima Noor,Faisalabad,03897231470,20
1089,Sara Malik,Hyderabad,03529602959,59
1090,Ayesha Siddiqui,Islamabad,03227317188,57
1091,Adnan Iqbal,Lahore,03206093827,23
1092,Rabia Aslam,Karachi,03246917594,24
1093,Ayesha Siddiqui,Faisalabad,03523667882,22
1094,Shahid Anwar,Hyderabad,03934438418,51
1095,Nida Farooq,Faisalabad,03991863499,25
1096,Sana Shamim,Peshawar,03107689536,45
1097,Sara Malik,Hyderabad,03535599221,20
1098,Hamza Raza,Rawalpindi,03633659878,59
1099,Maryam Javed,Hyderabad,03249472832,38
1100,Ahmed Khan,Lahore??,03405981064,37
1101,Fatima Noor,Lahore,03311454619---,57
1102,Shahid Anwar,Multan,03924361352,53
1103,Adnan Iqbal,Multan,03408458959,31
1104,Adnan Iqbal,Hyderabad,03715228076,33
1105,Zara Sheikh,Multan,03282125912,37
1106,Zara Sheikh,Hyderabad,03637609355,22
1107,Fatima Noor,Lahore,03238052882,31
1108,Rabia Aslam,Islamabad,03918782792,58
1109,Usman Tariq,Multan,,58
1110,Zara Sheikh,,03109139497,32
1111,Ayesha Siddiqui,Quetta,03222614395,18
1112,Rabia Aslam,Rawalpindi,03222020597,53
1113,Sara Malik,Multan,03384204988,32
1114,Usman Tariq,Multan,03331559673,24
1115,Bilal Hussain,Rawalpindi,03882688674,52
1116,Hassan Ali,Lahore,03769724862,39
1117,Imran Qureshi,Karachi,03741479418,40
1118,Nida Farooq,Quetta,03626976757,40
1119,Maryam Javed,,03581928178,36
1120,Khalid Mehmood,Multan,03206161068,36
1121,Nimra Rehman,Rawalpindi,03159885252,38
1122,Hina Rashid,Faisalabad,03903432053,48
1123,Hassan Ali,Hyderabad,03773845934,34
1124,Sana Shamim,Lahore,03906496743,39
1125,Ahmed Khan,Peshawar,03208372382,50
1126,Nida Farooq,Islamabad,03726872944,19
1127,Hina Rashid,Hyderabad,03653909549,31
1128,Shahid Anwar,Karachi ,03883076341,25
1129,Hamza Raza,,03528690602,51
1130,Hamza Raza,Rawalpindi,,58
1131,Fatima Noor,Peshawar,03363762955,59
1132,Ayesha Siddiqui,Rawalpindi??,03296248133,51
1133,Ahmed Khan,Multan ,03899443380 ,33
1134,Fatima Noor,Lahore,03855153000,37
1135,Ayesha Siddiqui,Karachi,03556515776,55
1136,Hassan Ali,Karachi,03362094578,24
1137,Hina Rashid,,03484683786,40
1138,Imran Qureshi,Peshawar,03558298517,43
1139,Adnan Iqbal,Islamabad,03406346480,44
1140,Sara Malik,Karachi,03451559538,47
1141,Nimra Rehman,Peshawar,03169768593,27
1142,Usman Tariq,Multan,03913998113,20
1143,Tariq Mahmood,Rawalpindi ,03426507205,55
1144,Ahmed Khan,Quetta,03307224497,43
1145,Usman Tariq,Faisalabad,03844660506,39
1146,Sana Shamim,Multan,03638702148,60
1147,Maryam Javed,Quetta,03677347338,33
1148,Ahmed Khan,Karachi,03812678430,45
1149,Hamza Raza,Islamabad,03322428006,32
1150,Adnan Iqbal,Multan,03428308946,37
1151,Hassan Ali,Faisalabad,03138419454,46
1152,Adnan Iqbal,Faisalabad,03703555485,47
1153,Tariq Mahmood,Multan,03767336994,42
1154,Adnan Iqbal,Multan,03372281280,35
1155,Khalid Mehmood,,03971627944,50
1156,Hina Rashid,Quetta,03497314451,47
1157,Sara Malik,Islamabad,03968603410,37
1158,Shahid Anwar,,03229146251,42
1159,Zara Sheikh,Islamabad,03332272031,19
1160,Hina Rashid,Peshawar,03917953047,51
1161,Bilal Hussain,Quetta,03867442210,43
1162,Sara Malik,Quetta,03277797300,60
1163,Tariq Mahmood,Quetta,03318924769,21
1164,Shahid Anwar,Faisalabad,03937948392,42
1165,Rabia Aslam,Multan,03582528764,43
1166,Khalid Mehmood,,03534950560,33
1167,Sana Shamim,Islamabad,03452559558,22
1168,Sana Shamim,Lahore,03159954220,43
1169,Usman Tariq,Lahore,03159744067,25
1170,Imran Qureshi,Islamabad,03347835754,34
1171,Nida Farooq,Hyderabad,03423132988,29
1172,Ayesha Siddiqui,Islamabad,03237000196,52
1173,Hassan Ali,Hyderabad,03815408679,41
1174,Adnan Iqbal,Lahore,03628708841,57
1175,Ahmed Khan,Lahore,03329379145,33
1176,Nimra Rehman,Multan,,27
1177,Hamza Raza,Islamabad,03448271933,24
1178,Hina Rashid,Peshawar,03828288576,19
1179,Bilal Hussain,Karachi,03547482479,50
1180,Adnan Iqbal,Hyderabad,03809182706,31
1181,Hina Rashid,,03357273984,31
1182,Sara Malik,Faisalabad,,21
1183,Khalid Mehmood,Hyderabad,03679404188,55
1184,Rabia Aslam,Rawalpindi,03576114020,34
1185,Nida Farooq,Hyderabad,03964847110,44
1186,Khalid Mehmood,Peshawar,03461903332,52
1187,Nida Farooq,Lahore,03876798025,51
1188,Ahmed Khan,Lahore,,31
1189,Zara Sheikh,Rawalpindi,03551070415,49
1190,Zara Sheikh,Islamabad,03296350416,27
1191,Khalid Mehmood,Quetta,03622342721,42
1192,Hina Rashid,Hyderabad,03832834629,54
1193,Maryam Javed,Faisalabad,03815902183,52
1194,Ayesha Siddiqui,Quetta,03151385572??,58
1195,Fatima Noor,Multan,03131644075,35
1196,Tariq Mahmood,,03249861347,20
1197,Ayesha Siddiqui,Islamabad,03841286849,26
1198,Zara Sheikh,Multan,03269543450,42
1199,Rabia Aslam,Rawalpindi,03182221953,38
1200,Khalid Mehmood,Faisalabad,03105650563,53
1201,Rabia Aslam,Karachi,03329818866,43
1202,Zara Sheikh,Lahore,03236311723,18
1203,Hassan Ali,Rawalpindi,03307575124,25
1204,Adnan Iqbal,Islamabad,03408458771,47
1205,Ahmed Khan,Rawalpindi,03886471838,24
1206,Khalid Mehmood,Hyderabad,03265601855,38
1207,Usman Tariq,Faisalabad,03581691307,50
1208,Zara Sheikh,Karachi,03936483413,25
1209,Rabia Aslam,Faisalabad,03694949065,28
1210,Ayesha Siddiqui,Quetta,,54
1211,Rabia Aslam,Quetta,03217953002,22
1212,Ayesha Siddiqui,Multan,03936090986,60
1213,Tariq Mahmood,Rawalpindi,03978432834,49
1214,Adnan Iqbal,Lahore??,03429347860,39
1215,Hina Rashid,Rawalpindi,03767926123,44
1216,Maryam Javed,,03659799056,46
1217,Sana Shamim,Rawalpindi,03626408693,22
1218,Shahid Anwar,Lahore,03135323663,51
1219,Shahid Anwar,Quetta,03339675155,26
1220,Hamza Raza,Rawalpindi,03269003765,56
1221,Bilal Hussain,Peshawar,03324137520,57
1222,Bilal Hussain,Peshawar,03477827465,48
1223,Hassan Ali,Peshawar,03385333240,49
1224,Adnan Iqbal,Peshawar,03989988152,45
1225,Ayesha Siddiqui,Faisalabad,03651461497,38
1226,Fatima Noor,Islamabad,03378986617,21
1227,Maryam Javed,Lahore,03825116975,21
1228,Fatima Noor,Islamabad,03941484829,50
1229,Khalid Mehmood,Karachi,03869463701,34
1230,Zara Sheikh,Rawalpindi,03158343753,58
1231,Maryam Javed,Karachi,03721533827,45
1232,Bilal Hussain,Quetta,03368480249,49
1233,Ayesha Siddiqui,,,51
1234,Shahid Anwar,Rawalpindi,03671568027,56
1235,Ahmed Khan,Quetta,03473911549??,49
1236,Nimra Rehman,Peshawar,03218117592,57
1237,Nida Farooq,Faisalabad,03144929613,56
1238,Usman Tariq,Rawalpindi,03561562091,47
1239,Usman Tariq,Peshawar??,,42
1240,Ahmed Khan,Multan,03891830787,54
1241,Shahid Anwar,Quetta,03577265410,19
1242,Ayesha Siddiqui,Hyderabad,03986614597,55
1243,Hina Rashid,Faisalabad,03557416721,60
1244,Ayesha Siddiqui,Rawalpindi,03337961094,30
1245,Hassan Ali,Quetta,03832638842,39
1246,Usman Tariq,Hyderabad ,03224135392,28
1247,Hassan Ali,Rawalpindi---,03354162026,47
1248,Fatima Noor,,03772091673,29
1249,Nimra Rehman,Peshawar,03127184885,47
1250,Sara Malik,Karachi,03466670926,57
1251,Shahid Anwar,Islamabad,03862557395,33
1252,Ayesha Siddiqui,Rawalpindi,,33
1253,Adnan Iqbal,Quetta,03317692973,20
1254,Ayesha Siddiqui,Multan,,42
1255,Hassan Ali,Quetta,03868684418,29
1256,Ahmed Khan,Hyderabad,03429310814,43
1257,Adnan Iqbal,Faisalabad,,59
1258,Fatima Noor,Peshawar,03726233153,19
1259,Imran Qureshi,Multan,03485594170,51
1260,Bilal Hussain,Lahore,03204872823,45
1261,Hina Rashid,Faisalabad,03299685865,31
1262,Rabia Aslam,Islamabad,03768366085,32
1263,Rabia Aslam,Lahore,03632601224,24
1264,Fatima Noor,Karachi,03542066379,53
1265,Sana Shamim,Hyderabad,03554496035,40
1266,Nimra Rehman,Islamabad,03328183154,29
1267,Nida Farooq,,03215302216,49
1268,Zara Sheikh,Multan,03653705248 ,43
1269,Usman Tariq,Quetta,03305576153---,18
1270,Hina Rashid,Rawalpindi,03646996521,56
1271,Imran Qureshi,Rawalpindi,03788817552,44
1272,Tariq Mahmood,Rawalpindi,03995991991,52
1273,Nimra Rehman,Faisalabad,03679054739,51
1274,Fatima Noor,Peshawar,03714420291,25
1275,Rabia Aslam,Lahore,03731869099,55
1276,Rabia Aslam,Peshawar,03215713277,46
1277,Hamza Raza,Karachi,03115777744,38
1278,Tariq Mahmood,Karachi,03194198480,49
1279,Maryam Javed,Faisalabad,03134631669,23
1280,Hassan Ali,Faisalabad,03132712355,45
1281,Adnan Iqbal,Lahore,03147470475,43
1282,Imran Qureshi,Faisalabad,03808107527,47
1283,Adnan Iqbal,Faisalabad,03556366730,59
1284,Rabia Aslam,Rawalpindi,03456477303,59
1285,Tariq Mahmood,Karachi,03439239010,22
1286,Tariq Mahmood,Hyderabad,03942060862,38
1287,Nimra Rehman,,03384106074,42
1288,Nida Farooq,Faisalabad,03713690319,47
1289,Shahid Anwar,Hyderabad,03222489776,22
1290,Khalid Mehmood,Peshawar,03408186829,33
1291,Fatima Noor,,03537284790,24
1292,Tariq Mahmood,,03814742529,33
1293,Hassan Ali,Lahore,03305806401,53
1294,Hassan Ali,Karachi,03909530286,48
1295,Sara Malik,Islamabad,03223693036,49
1296,Usman Tariq,,03243335188,21
1297,Nida Farooq,Rawalpindi,03868031604,39
1298,Imran Qureshi,Islamabad,03758076898,54
1299,Adnan Iqbal,Karachi,03144609208,59
1300,Maryam Javed,Islamabad,03365593803,35
1301,Tariq Mahmood,Quetta,03562328142,40
1302,Ayesha Siddiqui,Karachi ,03757548651,47
1303,Usman Tariq,Karachi,,40
1304,Rabia Aslam,Quetta,03575625902,44
1305,Rabia Aslam,Karachi,03562895913,48
1306,Sana Shamim,,03744290626,55
1307,Adnan Iqbal,Faisalabad,03774067350,30
1308,Nida Farooq,Peshawar,03716306707,36
1309,Hina Rashid,Multan,03954044465,50
1310,Fatima Noor,Hyderabad,03236641889,36
1311,Khalid Mehmood,Islamabad,03879963560,28
1312,Ahmed Khan,Islamabad,,37
1313,Nida Farooq,Hyderabad,03315463712,37
1314,Adnan Iqbal,Peshawar,03529106521,59
1315,Khalid Mehmood,Faisalabad,03988720641,20
1316,Shahid Anwar,Karachi,03162330168,22
1317,Nimra Rehman,Rawalpindi,03996710696,46
1318,Fatima Noor,Islamabad,03188743268,57
1319,Imran Qureshi,Islamabad,03253038658??,45
1320,Tariq Mahmood,Multan,03578236760,57
1321,Adnan Iqbal,Faisalabad,03344780762,60
1322,Hassan Ali,Peshawar,03376602648,44
1323,Sana Shamim,Karachi,03432787252,41
1324,Zara Sheikh,Lahore,03494401138??,34
1325,Fatima Noor,Multan,03207920348,31
1326,Nimra Rehman,Peshawar,03832439726,60
1327,Imran Qureshi,Karachi,03796536583,42
1328,Khalid Mehmood,Faisalabad,03285028105,26
1329,Khalid Mehmood,Lahore,03286296243,37
1330,Hassan Ali,Quetta,03607517996,33
1331,Zara Sheikh,Islamabad,03155489343,53
1332,Adnan Iqbal,Faisalabad,03127184403,32
1333,Bilal Hussain,Peshawar,03254393373,46
1334,Rabia Aslam,Multan,03238790074,22
1335,Khalid Mehmood,Rawalpindi,03209644849,54
1336,Tariq Mahmood,Quetta,03442927641,51
1337,Hina Rashid,Rawalpindi,03146417488,27
1338,Rabia Aslam,Lahore,03561958562,26
1339,Fatima Noor,Hyderabad,03107974359,37
1340,Fatima Noor,Karachi,,25
1341,Tariq Mahmood,Peshawar,03803476774,33
1342,Sana Shamim,Multan,03419654244,29
1343,Maryam Javed,Multan,03323618774,55
1344,Imran Qureshi,Hyderabad,03396291601,39
1345,Hamza Raza,Quetta,03441492559,47
1346,Sana Shamim,Faisalabad,03252206342,36
1347,Usman Tariq,Islamabad,03641599314,49
1348,Rabia Aslam,Faisalabad,03291975996,19
1349,Khalid Mehmood,Peshawar,03682652363,59
1350,Usman Tariq,Karachi,03787210739,46
1351,Fatima Noor,Rawalpindi,03497543046,32
1352,Usman Tariq,Faisalabad---,03388733037,29
1353,Khalid Mehmood,Islamabad,03263510322,27
1354,Hassan Ali,Quetta,03872476236,46
1355,Zara Sheikh,Hyderabad,03223380439,46
1356,Sana Shamim,Peshawar,03602639670,56
1357,Rabia Aslam,Faisalabad,03587311493??,33
1358,Usman Tariq,Multan,03522511292,29
1359,Fatima Noor,Rawalpindi,03393714310,23
1360,Sana Shamim,Rawalpindi,03702388753,19
1361,Fatima Noor,Karachi,03158411569,39
1362,Ahmed Khan,Rawalpindi---,03937523186,41
1363,Nimra Rehman,Islamabad,03633034265,21
1364,Fatima Noor,Rawalpindi,03359002921,30
1365,Imran Qureshi,,03939267665,46
1366,Hassan Ali,Rawalpindi,,45
1367,Maryam Javed,Faisalabad,03199464399,33
1368,Hassan Ali,Lahore,03726251090,33
1369,Usman Tariq,Rawalpindi,03558821730,32
1370,Adnan Iqbal,Quetta,03938216495,27
1371,Khalid Mehmood,,03945950510,35
1372,Hina Rashid,Islamabad,03891420191,27
1373,Hina Rashid,Hyderabad,03956715694,51
1374,Hamza Raza,Faisalabad,03594255979,56
1375,Hina Rashid,Islamabad,03195220434,40
1376,Adnan Iqbal,Rawalpindi,03725349443,45
1377,Rabia Aslam,Rawalpindi,03399826737,41
1378,Tariq Mahmood,Peshawar,03655552452,44
1379,Hina Rashid,Quetta,03795788928,45
1380,Shahid Anwar,Karachi---,03601791501,37
1381,Ahmed Khan,Peshawar,03285827723,56
1382,Sara Malik,,03911659604,40
1383,Sana Shamim,Quetta,03956771407,38
1384,Hamza Raza,Islamabad,03808837222,41
1385,Usman Tariq,Peshawar,03428462241,40
1386,Tariq Mahmood,Rawalpindi,,31
1387,Ayesha Siddiqui,Multan,03462626870,37
1388,Nida Farooq,Hyderabad,03697476689,48
1389,Fatima Noor,Lahore,03652155415,49
1390,Hassan Ali,Multan,03761152471,47
1391,Hassan Ali,Hyderabad,03547600677 ,53
1392,Sana Shamim,Karachi,03731617113,19
1393,Bilal Hussain,Faisalabad,03564402700,21
1394,Khalid Mehmood,Multan,03793496783,29
1395,Maryam Javed,Rawalpindi,03963903617,49
1396,Rabia Aslam,Multan,03731565436,32
1397,Nida Farooq,,03195809422,58
1398,Zara Sheikh,Rawalpindi,03281935445,49
1399,Zara Sheikh,Quetta,03105563917,56
1400,Khalid Mehmood,Multan,03781499493,55
1401,Ayesha Siddiqui,Rawalpindi,03928923256,38
1402,Nida Farooq,Quetta,03786269326,24
1403,Hassan Ali,Rawalpindi,03905921683,41
1404,Rabia Aslam,Faisalabad,03468862043,18
1405,Fatima Noor,Multan,03554742825,46
1406,Usman Tariq,Faisalabad,03551889414,48
1407,Nimra Rehman,Multan,03619109714,24
1408,Zara Sheikh,Lahore,03798032163,25
1409,Usman Tariq,Islamabad,03833367088,48
1410,Maryam Javed,Hyderabad,03787391942??,44
1411,Sana Shamim,Multan,03587835937??,45
1412,Sara Malik,Multan,03772601096,53
1413,Sara Malik,Islamabad,03815552123,33
1414,Maryam Javed,Karachi,03582332612,47
1415,Adnan Iqbal,Lahore,03345472925,44
1416,Shahid Anwar,Hyderabad ,03861787525,40
1417,Fatima Noor,Faisalabad,,37
1418,Imran Qureshi,Peshawar,03648444473,35
1419,Fatima Noor,Islamabad,03559974196,57
1420,Rabia Aslam,Islamabad,03174026409,43
1421,Shahid Anwar,Lahore,03775270385,29
1422,Khalid Mehmood,Peshawar,03787346037,19
1423,Shahid Anwar,Peshawar,03815808606,24
1424,Ayesha Siddiqui,Hyderabad,03115604444,19
1425,Hamza Raza,Peshawar,03795633133,31
1426,Maryam Javed,Rawalpindi,03483557926,20
1427,Sara Malik,Karachi,03504497903,23
1428,Bilal Hussain,Peshawar,03683570787,44
1429,Tariq Mahmood,Faisalabad,03603606022,52
1430,Ahmed Khan,Rawalpindi,03633871855,46
1431,Imran Qureshi,Faisalabad,03667522448,18
1432,Usman Tariq,Hyderabad,03115414157,51
1433,Ahmed Khan,Peshawar,03808048956,24
1434,Imran Qureshi,Islamabad,03239600269,50
1435,Zara Sheikh,Karachi,03366712907,33
1436,Adnan Iqbal,Lahore,03277284128,46
1437,Maryam Javed,Karachi,03302601993,31
1438,Rabia Aslam,Lahore,03755325288,43
1439,Zara Sheikh,Rawalpindi,03278392264,50
1440,Shahid Anwar,Lahore,03137739375,54
1441,Tariq Mahmood,Rawalpindi,03551730156,31
1442,Nida Farooq,Quetta,03331506427,52
1443,Usman Tariq,,03639755033,41
1444,Zara Sheikh,Islamabad,03262151516,40
1445,Bilal Hussain,Islamabad,,59
1446,Fatima Noor,Rawalpindi,03854680728,45
1447,Ahmed Khan,Lahore,03823004117---,32
1448,Rabia Aslam,Karachi,03706573021,58
1449,Maryam Javed,Rawalpindi,03504345345,34
1450,Ahmed Khan,Lahore,03369268528,22
1451,Nimra Rehman,,03319138120,59
1452,Khalid Mehmood,Quetta,03809844964,48
1453,Tariq Mahmood,Faisalabad,03734845651,27
1454,Ahmed Khan,Karachi,03695445508,49
1455,Nimra Rehman,Faisalabad,03994332030,45
1456,Nida Farooq,Islamabad,03152983733,28
1457,Tariq Mahmood,Peshawar,03843805402,46
1458,Tariq Mahmood,Lahore,03544543396,55
1459,Bilal Hussain,Rawalpindi,03459504500,21
1460,Shahid Anwar,Quetta,03403474078,18
1461,Sara Malik,Hyderabad,03439488474,28
1462,Sana Shamim,Rawalpindi,03207653900,33
1463,Imran Qureshi,Faisalabad,03275439081,26
1464,Usman Tariq,Quetta,03522812960,59
1465,Fatima Noor,Peshawar,03852767092,36
1466,Ayesha Siddiqui,Peshawar,03459324630,23
1467,Imran Qureshi,Multan,03956506055,34
1468,Usman Tariq,Lahore,03248099743,37
1469,Imran Qureshi,Quetta,03448676826,44
1470,Bilal Hussain,Faisalabad,03809596707 ,32
1471,Hassan Ali,Peshawar,03654339370,60
1472,Nimra Rehman,Quetta,03127589326,53
1473,Nimra Rehman,Lahore??,03398928957,25
1474,Usman Tariq,Islamabad,03602096337,42
1475,Adnan Iqbal,Quetta,03636464109,41
1476,Hina Rashid,Peshawar,03858199026,46
1477,Ayesha Siddiqui,Rawalpindi,03713100678,29
1478,Ahmed Khan,Lahore,03286578624,35
1479,Sara Malik,Karachi,03943548671,40
1480,Hamza Raza,Rawalpindi,03177678679,45
1481,Maryam Javed,Islamabad,03475847770,23
1482,Adnan Iqbal,Hyderabad,03588732972,27
1483,Imran Qureshi,Quetta,03229711293,25
1484,Maryam Javed,Islamabad,03804597786,35
1485,Hina Rashid,Karachi,03447095388??,33
1486,Imran Qureshi,Karachi,03909586546,45
1487,Ahmed Khan,Hyderabad,03846993606??,32
1488,Ahmed Khan,Islamabad,03237402663,31
1489,Imran Qureshi,Islamabad,03755449005,20
1490,Fatima Noor,Karachi,03719999623,58
1491,Shahid Anwar,Hyderabad,03694311837,55
1492,Tariq Mahmood,Karachi??,03346544997,40
1493,Rabia Aslam,Karachi,03891787257 ,52
1494,Usman Tariq,Multan,03198245074,19
1495,Ahmed Khan,Islamabad,03347600161,25
1496,Hina Rashid,,03996683327---,20
1497,Zara Sheikh,Hyderabad,03766974584,37
1498,Hamza Raza,Karachi,03621487427,40
1499,Bilal Hussain,Faisalabad,,46
1500,Bilal Hussain,Rawalpindi,03988407284,21
1501,Ahmed Khan,Multan,03926716165,24
1502,Adnan Iqbal,Multan,03486406997,45
1503,Usman Tariq,Islamabad,03435895511,42
1504,Rabia Aslam,Rawalpindi,03323061793,26
1505,Ayesha Siddiqui,Lahore,03839949678,26
1506,Usman Tariq,Rawalpindi,03493459538,42
1507,Khalid Mehmood,Karachi,03318197284,22
1508,Ahmed Khan,,03215487795,44
1509,Bilal Hussain,Peshawar,03876947062,44
1510,Usman Tariq,Islamabad??,03643479899,51
1511,Hamza Raza,Peshawar,03636748979,33
1512,Adnan Iqbal,Rawalpindi,03403145856,52
1513,Sara Malik,Karachi,03155202736,58
1514,Hina Rashid,Karachi,03438359906,48
1515,Adnan Iqbal,Karachi,03795975174??,40
1516,Sana Shamim,Faisalabad,03102386262,58
1517,Fatima Noor,Peshawar,03218252527,32
1518,Maryam Javed,Faisalabad,03825291417,51
1519,Hassan Ali,Karachi,03994980917,56
1520,Tariq Mahmood,Rawalpindi,03626563629,22
1521,Ahmed Khan,Rawalpindi,03566724033,55
1522,Nida Farooq,Multan,03396132458,45
1523,Ayesha Siddiqui,,03126280272,49
1524,Bilal Hussain,Quetta,03963286945,21
1525,Usman Tariq,Islamabad,03447453796,18
1526,Sana Shamim,Peshawar,03462090495,60
1527,Hamza Raza,Quetta,03432731062,56
1528,Zara Sheikh,Rawalpindi,,42
1529,Maryam Javed,Multan,03447576848,30
1530,Nida Farooq,Faisalabad,03905990858,58
1531,Hamza Raza,Quetta,03509232626,19
1532,Zara Sheikh,Faisalabad,03318863575,55
1533,Sara Malik,Peshawar,03917027083,18
1534,Tariq Mahmood,Islamabad,03581036318,18
1535,Usman Tariq,Quetta,03295113994,52
1536,Khalid Mehmood,,03572681094,20
1537,Hamza Raza,Multan,03755423236,52
1538,Imran Qureshi,,03169045641??,31
1539,Shahid Anwar,Quetta,03684778037,28
1540,Rabia Aslam,Hyderabad,03848947068,39
1541,Fatima Noor,Multan,03325888443,34
1542,Hina Rashid,Hyderabad,03327000909,48
1543,Fatima Noor,Quetta,03878279278,38
1544,Sana Shamim,Peshawar,03127426879,22
1545,Ayesha Siddiqui,Karachi,03393912755,28
1546,Fatima Noor,Karachi,03453828409,33
1547,Hamza Raza,Quetta,03778180741,59
1548,Nida Farooq,Karachi,03771130412,31
1549,Adnan Iqbal,Karachi,03995105005,37
1550,Nimra Rehman,Peshawar,03302997031,44
1551,Hassan Ali,Quetta,03861322687,59
1552,Ayesha Siddiqui,Faisalabad,03864081049,44
1553,Nida Farooq,Multan,03514605061,47
1554,Khalid Mehmood,Quetta,03384851321,34
1555,Ahmed Khan,Peshawar,03284991415,28
1556,Tariq Mahmood,Islamabad---,03816684766,55
1557,Ayesha Siddiqui,Faisalabad,03496584107,46
1558,Tariq Mahmood,Lahore,03809817213,47
1559,Nimra Rehman,Rawalpindi,03759741143 ,36
1560,Tariq Mahmood,Quetta,03311756542,35
1561,Bilal Hussain,Islamabad,03988230430,23
1562,Sana Shamim,Islamabad,03992338201,31
1563,Khalid Mehmood,Islamabad,03693817227,55
1564,Ayesha Siddiqui,Karachi ,03439207553,50
1565,Nimra Rehman,Rawalpindi,03772770010,57
1566,Imran Qureshi,Quetta,03863668260,45
1567,Nida Farooq,Quetta,03834495481,18
1568,Khalid Mehmood,Multan,03625756813,29
1569,Hassan Ali,Islamabad,03216051264,36
1570,Shahid Anwar,Hyderabad,03536983543,32
1571,Usman Tariq,Lahore,03122333203,42
1572,Hassan Ali,Peshawar,03174398562,46
1573,Sara Malik,Peshawar,03493413139,51
1574,Ayesha Siddiqui,Quetta,03428714344,57
1575,Shahid Anwar,Quetta,03204764287,30
1576,Hamza Raza,Hyderabad,03959254084,36
1577,Hina Rashid,Lahore,03665336691,25
1578,Fatima Noor,Islamabad??,03142240945,19
1579,Maryam Javed,Multan,03935028999,23
1580,Nimra Rehman,Multan,03372404997,19
1581,Sara Malik,Lahore,03313244150,21
1582,Bilal Hussain,Karachi,03642479120,38
1583,Khalid Mehmood,Quetta,03454193557,51
1584,Imran Qureshi,,03751527236,57
1585,Adnan Iqbal,Rawalpindi ,03118254587,42
1586,Bilal Hussain,Peshawar,03621087743,20
1587,Sana Shamim,Lahore,03829511437,21
1588,Tariq Mahmood,Islamabad,03163935373,39
1589,Hina Rashid,Karachi,03211054100,58
1590,Ayesha Siddiqui,Lahore,03964369858,21
1591,Hassan Ali,,03684219555,18
1592,Maryam Javed,Islamabad,03468903036,32
1593,Nida Farooq,Quetta,03487588971,46
1594,Hina Rashid,Karachi,03923301923,41
1595,Sara Malik,,03599922231,46
1596,Bilal Hussain,Lahore,,48
1597,Ayesha Siddiqui,Multan,03625595427,25
1598,Ayesha Siddiqui,Faisalabad,03891958385??,20
1599,Nida Farooq,Islamabad,03468019999,30
1600,Bilal Hussain,Quetta??,03305552088,59
1601,Fatima Noor,Karachi,03984629993,46
1602,Hamza Raza,Multan,03191085763,30
1603,Adnan Iqbal,Multan,03196215429,52
1604,Ahmed Khan,Islamabad??,03806335853,55
1605,Maryam Javed,Hyderabad,03402002753,18
1606,Nimra Rehman,Faisalabad,03261822840,55
1607,Rabia Aslam,Rawalpindi,03646485708,58
1608,Sara Malik,Lahore,03265832718,35
1609,Zara Sheikh,Quetta,03828417999,30
1610,Adnan Iqbal,Multan,03271824639,40
1611,Maryam Javed,Hyderabad,03486864062,50
1612,Sana Shamim,Faisalabad,03344801279,58
1613,Ahmed Khan,Islamabad,03946896135,59
1614,Maryam Javed,Faisalabad,03652251515,31
1615,Fatima Noor,Quetta,,55
1616,Hamza Raza,Faisalabad,03571744823,47
1617,Sara Malik,Rawalpindi,03246137048,32
1618,Adnan Iqbal,Lahore,03538801512,59
1619,Adnan Iqbal,Islamabad,03717471184,43
1620,Hina Rashid,Peshawar,03473936260,35
1621,Hina Rashid,Karachi,03403570655,30
1622,Sara Malik,Quetta,03232411171,18
1623,Maryam Javed,Hyderabad,03153174742,42
1624,Maryam Javed,Rawalpindi,03939195395,60
1625,Bilal Hussain,Islamabad,03904303175,30
1626,Sara Malik,Karachi,03461474034,54
1627,Hamza Raza,Hyderabad,03136635494,46
1628,Khalid Mehmood,Rawalpindi,03874149807,45
1629,Ayesha Siddiqui,Peshawar,03331200595,47
1630,Zara Sheikh,Lahore,03894106650,48
1631,Shahid Anwar,Quetta,03932743012,45
1632,Ayesha Siddiqui,Hyderabad,03203183299,22
1633,Hamza Raza,Hyderabad ,03947522751,59
1634,Hamza Raza,Peshawar,03804749950,32
1635,Hina Rashid,Hyderabad,03956689385,27
1636,Nimra Rehman,Quetta,03209742647,28
1637,Maryam Javed,Faisalabad,03538387449,58
1638,Adnan Iqbal,Hyderabad,03424508385,18
1639,Maryam Javed,Karachi,03604368169,37
1640,Adnan Iqbal,Faisalabad,03651341911,54
1641,Ahmed Khan,,03308651157,53
1642,Hamza Raza,Hyderabad,03103765962,46
1643,Hina Rashid,Karachi,03595509698,59
1644,Bilal Hussain,Islamabad,03592980222,32
1645,Rabia Aslam,Multan??,03667107826,46
1646,Sana Shamim,Karachi,03602167828,51
1647,Sana Shamim,Faisalabad,03292431265,29
1648,Fatima Noor,Quetta,03828295708,32
1649,Hamza Raza,Rawalpindi,,57
1650,Fatima Noor,Karachi,03618929881,35
1651,Maryam Javed,Karachi,03979776937,30
1652,Sana Shamim,Lahore,03536625111,24
1653,Zara Sheikh,Peshawar,03513964924,46
1654,Ayesha Siddiqui,Karachi,,60
1655,Nimra Rehman,Multan,03699982309,28
1656,Hassan Ali,Rawalpindi,03205903000,42
1657,Tariq Mahmood,Multan,,33
1658,Ahmed Khan,Quetta,03473268543,29
1659,Rabia Aslam,Lahore,03103610772,53
1660,Adnan Iqbal,Islamabad---,,53
1661,Sana Shamim,Karachi,03606080023,58
1662,Rabia Aslam,Karachi,03416547542,19
1663,Hina Rashid,Rawalpindi,03364944041,46
1664,Hamza Raza,Hyderabad,03521997385,27
1665,Imran Qureshi,Islamabad,03809639833,23
1666,Fatima Noor,Islamabad,03161524435,41
1667,Sara Malik,Hyderabad,03642978905,41
1668,Nimra Rehman,Faisalabad,03887097049,22
1669,Hassan Ali,Karachi,03796713637,45
1670,Fatima Noor,Quetta,,53
1671,Imran Qureshi,Islamabad,03482871026,31
1672,Imran Qureshi,Lahore,03956721702,42
1673,Ayesha Siddiqui,Islamabad,03921956319,19
1674,Tariq Mahmood,,03821953439,59
1675,Maryam Javed,Lahore,03552966479,27
1676,Sara Malik,Multan,,39
1677,Hina Rashid,Quetta,03361795201,38
1678,Tariq Mahmood,Peshawar,03167641755,28
1679,Ahmed Khan,Lahore,03856776089,45
1680,Hina Rashid,Karachi,,58
1681,Shahid Anwar,Faisalabad,,53
1682,Ayesha Siddiqui,Faisalabad,03651311585,35
1683,Nimra Rehman,,03983999317,25
1684,Ahmed Khan,Rawalpindi,,55
1685,Hina Rashid,Faisalabad,03525309213,54
1686,Zara Sheikh,Karachi,03669107866??,45
1687,Maryam Javed,Peshawar,03333431368,29
1688,Nimra Rehman,Hyderabad,,32
1689,Hina Rashid,,03102749414,54
1690,Bilal Hussain,Hyderabad,03317277046,40
1691,Rabia Aslam,Multan,03322543891 ,25
1692,Zara Sheikh,Faisalabad,03817645798,32
1693,Imran Qureshi,Karachi,03982082224,39
1694,Rabia Aslam,Rawalpindi,03884234802,27
1695,Zara Sheikh,Lahore,03484451804---,27
1696,Adnan Iqbal,,03855357943,28
1697,Imran Qureshi,Peshawar,03879315329,21
1698,Fatima Noor,Hyderabad,03348925958,60
1699,Nida Farooq,Faisalabad,03714982089,31
1700,Nimra Rehman,Karachi,03888431730,51
1701,Nimra Rehman,Karachi,03299693756,21
1702,Rabia Aslam,Rawalpindi,03475838885,28
1703,Ahmed Khan,Rawalpindi,03258758375,45
1704,Hassan Ali,Multan,03839195997,37
1705,Ahmed Khan,Multan,03628908876,36
1706,Usman Tariq,Peshawar,03598063878,48
1707,Nida Farooq,Islamabad,03346604033,28
1708,Nida Farooq,Faisalabad,03236793382,49
1709,Tariq Mahmood,Quetta,03315610640,27
1710,Adnan Iqbal,Rawalpindi,03581781125,31
1711,Sana Shamim,Faisalabad,03854985629,35
1712,Hina Rashid,Lahore---,03713768636,44
1713,Zara Sheikh,Lahore,03782181045,53
1714,Khalid Mehmood,Karachi,03277641055,34
1715,Hina Rashid,Multan,03401089450,38
1716,Sana Shamim,,03876294972,35
1717,Sana Shamim,Peshawar,03883486818,19
1718,Bilal Hussain,Peshawar,03696308690,59
1719,Nimra Rehman,Peshawar,03772999336,29
1720,Sana Shamim,Quetta,03219962380,43
1721,Rabia Aslam,Lahore,03389198625,20
1722,Tariq Mahmood,Faisalabad,03458874912,31
1723,Sara Malik,Multan,03629122280,47
1724,Imran Qureshi,Peshawar,03549297863,27
1725,Imran Qureshi,Faisalabad,03829907420,59
1726,Maryam Javed,Faisalabad,03756024011,23
1727,Tariq Mahmood,Islamabad,03224021171,53
1728,Imran Qureshi,Multan,03545991392,18
1729,Shahid Anwar,Karachi,03622206156,37
1730,Imran Qureshi,Karachi,03341884672,18
1731,Hassan Ali,Faisalabad,03376037992,24
1732,Khalid Mehmood,Rawalpindi,03247876296,44
1733,Rabia Aslam,Multan,03522477311,18
1734,Tariq Mahmood,Hyderabad,03643083830,47
1735,Maryam Javed,Lahore,03258858038,27
1736,Ahmed Khan,Multan,03804048200,46
1737,Shahid Anwar,Quetta,,31
1738,Nimra Rehman,Hyderabad,03769056644,47
1739,Bilal Hussain,Lahore,03149966135,38
1740,Adnan Iqbal,Rawalpindi,,30
1741,Usman Tariq,Quetta,03905187913,58
1742,Fatima Noor,Islamabad---,03698766928,57
1743,Hina Rashid,Faisalabad,03928716519,36
1744,Sana Shamim,Multan,03433285308---,24
1745,Ayesha Siddiqui,,03443932848,51
1746,Sana Shamim,Karachi,03603136256,34
1747,Nida Farooq,Rawalpindi,03753058381,18
1748,Zara Sheikh,Rawalpindi,03227695641,49
1749,Ayesha Siddiqui,Peshawar,03184304447,54
1750,Nida Farooq,Karachi,03963379462,23
1751,Maryam Javed,Faisalabad,,21
1752,Khalid Mehmood,Hyderabad ,03889744896,43
1753,Maryam Javed,Lahore ,03913289676,37
1754,Imran Qureshi,Quetta,03918015598,23
1755,Rabia Aslam,Multan,03417617215,50
1756,Nimra Rehman,Islamabad,03687332538,23
1757,Sana Shamim,Islamabad,03336236591,57
1758,Hina Rashid,Rawalpindi,03632157412,43
1759,Hassan Ali,Islamabad,03228720153,20
1760,Fatima Noor,Karachi---,03752206170,44
1761,Zara Sheikh,Hyderabad,03332742469,59
1762,Tariq Mahmood,Lahore,03742240416,45
1763,Maryam Javed,Karachi,03663118272,59
1764,Khalid Mehmood,Islamabad,03416848092,52
1765,Sana Shamim,Quetta,,40
1766,Shahid Anwar,Rawalpindi,03189090819,57
1767,Nida Farooq,Peshawar,03412295013,21
1768,Bilal Hussain,Multan,,21
1769,Nida Farooq,Rawalpindi,03981351897,26
1770,Sara Malik,Lahore,03359366371,29
1771,Fatima Noor,Hyderabad,,52
1772,Hina Rashid,Lahore,03779108660,32
1773,Nimra Rehman,Hyderabad,03924998391,54
1774,Hamza Raza,Faisalabad,03549480828,60
1775,Nida Farooq,Lahore,03266465885,55
1776,Shahid Anwar,Multan,03166849592,20
1777,Nimra Rehman,Faisalabad,03534398304,56
1778,Hassan Ali,Rawalpindi,03393808015,43
1779,Fatima Noor,Hyderabad,03941884722,35
1780,Ahmed Khan,Rawalpindi,03247942454,44
1781,Usman Tariq,Faisalabad,03614469506,54
1782,Ahmed Khan,Peshawar,03555482316,58
1783,Adnan Iqbal,Hyderabad,,22
1784,Khalid Mehmood,Peshawar,03445764669,51
1785,Bilal Hussain,Lahore,03997902823,33
1786,Ayesha Siddiqui,Multan,,47
1787,Rabia Aslam,Lahore,03562863579,28
1788,Zara Sheikh,,03468276603,33
1789,Sara Malik,Hyderabad,03553025248,56
1790,Usman Tariq,Rawalpindi,03628098084,20
1791,Adnan Iqbal,Multan,03428833163,54
1792,Sara Malik,Islamabad,03176789075,32
1793,Sara Malik,Faisalabad,03293794511,49
1794,Nida Farooq,Faisalabad,03146155780,42
1795,Fatima Noor,Peshawar,03952552063,22
1796,Khalid Mehmood,Multan,03668395659,26
1797,Hassan Ali,Karachi,03929608454,40
1798,Shahid Anwar,Islamabad,03123973903,42
1799,Hassan Ali,,03965004989,20
1800,Hina Rashid,Quetta,03892524213,36
1801,Rabia Aslam,Quetta,03411723390,55
1802,Maryam Javed,Hyderabad,03642677297,21
1803,Hamza Raza,Rawalpindi,03362633559,49
1804,Bilal Hussain,Karachi,03479382814,32
1805,Nimra Rehman,Islamabad,03469135503,53
1806,Zara Sheikh,Lahore,03193141332,37
1807,Rabia Aslam,Rawalpindi,03542161017,48
1808,Sana Shamim,Faisalabad,03299630319,50
1809,Hina Rashid,Karachi,03917262665,36
1810,Sara Malik,Faisalabad,03631017360,49
1811,Sara Malik,Multan,03405616684,22
1812,Rabia Aslam,Karachi,03154926836,18
1813,Tariq Mahmood,Islamabad,03878434923,40
1814,Hassan Ali,Faisalabad??,03635364852,52
1815,Rabia Aslam,Peshawar,03779565050,55
1816,Ayesha Siddiqui,,,59
1817,Nimra Rehman,Peshawar,03865974674,22
1818,Hina Rashid,Hyderabad,03952540245,54
1819,Hassan Ali,Hyderabad,03814907600,28
1820,Hina Rashid,Multan,03585789872,43
1821,Ayesha Siddiqui,Quetta,03953792782,33
1822,Hina Rashid,Multan,03405091052,26
1823,Zara Sheikh,Peshawar,03157453974,21
1824,Shahid Anwar,Hyderabad,03748725014,18
1825,Sana Shamim,Hyderabad,03285532786,25
1826,Tariq Mahmood,Lahore,03589768414,43
1827,Usman Tariq,Karachi,,50
1828,Shahid Anwar,Islamabad,03405413001,21
1829,Usman Tariq,Karachi,03225816070,19
1830,Usman Tariq,Peshawar,03542711249,44
1831,Ayesha Siddiqui,Lahore,03268200162,32
1832,Fatima Noor,Faisalabad,03558877627,37
1833,Rabia Aslam,Multan,,57
1834,Sana Shamim,Multan---,03291219892,46
1835,Ahmed Khan,Karachi,03346022464,29
1836,Sara Malik,Faisalabad,03246862659,18
1837,Nida Farooq,Lahore,03849441677,21
1838,Nimra Rehman,Quetta,03236784729,32
1839,Fatima Noor,Quetta,03131725595,56
1840,Imran Qureshi,Lahore,03347420229??,57
1841,Khalid Mehmood,Peshawar,03482613226,34
1842,Adnan Iqbal,Islamabad,03588409960,54
1843,Tariq Mahmood,Karachi,03119142166---,27
1844,Adnan Iqbal,Multan,03541239264,23
1845,Fatima Noor,Rawalpindi,03174027532,28
1846,Sana Shamim,Karachi,03406716576,57
1847,Bilal Hussain,Faisalabad,,33
1848,Ahmed Khan,Peshawar,03373551440,19
1849,Zara Sheikh,Peshawar,03205005870,60
1850,Nida Farooq,Multan,03178560777,56
1851,Tariq Mahmood,Islamabad,03979617971,57
1852,Sana Shamim,Islamabad,03185241452,38
1853,Shahid Anwar,Lahore,,31
1854,Khalid Mehmood,Quetta,03344729713,29
1855,Hina Rashid,Multan,03575582411,56
1856,Adnan Iqbal,Quetta,03682062953,50
1857,Ayesha Siddiqui,Peshawar,03565368250,29
1858,Maryam Javed,Lahore,03174161289,29
1859,Adnan Iqbal,Islamabad,03349005290,40
1860,Adnan Iqbal,Karachi,03238906550,41
1861,Ahmed Khan,Hyderabad,03917557764,53
1862,Ahmed Khan,Quetta,03918380860,29
1863,Nimra Rehman,Lahore,03978778302??,19
1864,Imran Qureshi,Quetta,03569714242,25
1865,Shahid Anwar,Karachi,03853108970,57
1866,Usman Tariq,Multan,03929762057,33
1867,Sara Malik,,03868974236,23
1868,Sana Shamim,Lahore,03758821718,24
1869,Tariq Mahmood,Hyderabad ,03317439602,35
1870,Nida Farooq,Hyderabad,03505897368,51
1871,Imran Qureshi,Quetta,03201256812,26
1872,Khalid Mehmood,Karachi,03278646882,46
1873,Shahid Anwar,Islamabad,03856834492,44
1874,Nimra Rehman,Islamabad,03767858319,50
1875,Bilal Hussain,Islamabad,03673158223,29
1876,Ahmed Khan,Quetta ,03956978585,36
1877,Shahid Anwar,Rawalpindi,03453343559,24
1878,Sara Malik,Quetta,03789324232,48
1879,Adnan Iqbal,Hyderabad,03186242555,38
1880,Hina Rashid,Faisalabad,03425059214,32
1881,Nimra Rehman,Rawalpindi,03802007166,46
1882,Ahmed Khan,Quetta,03758318293,36
1883,Rabia Aslam,Islamabad,,57
1884,Sara Malik,Multan,03166200193,38
1885,Hamza Raza,Quetta---,03766750222,50
1886,Hamza Raza,Faisalabad,03448742492,22
1887,Maryam Javed,Karachi,03243183850,52
1888,Sara Malik,Hyderabad,03299894566,29
1889,Rabia Aslam,Peshawar,03439481000,30
1890,Imran Qureshi,Quetta---,03559976951,37
1891,Khalid Mehmood,Peshawar,03391575067,35
1892,Zara Sheikh,Multan,03708231656,46
1893,Nida Farooq,Rawalpindi,03754695919,56
1894,Sana Shamim,Faisalabad,03849140028,42
1895,Nida Farooq,Hyderabad,03744111852,32
1896,Hina Rashid,Karachi,03512118603,19
1897,Fatima Noor,Faisalabad,03341573042,27
1898,Nida Farooq,Faisalabad,03723596869,48
1899,Nimra Rehman,Hyderabad,03349707929,54
1900,Nimra Rehman,Karachi,03354492849,55
1901,Tariq Mahmood,Hyderabad,03531379102,20
1902,Imran Qureshi,Karachi,03831691331,44
1903,Zara Sheikh,Karachi,03459434249,55
1904,Usman Tariq,Hyderabad,03295818433,59
1905,Fatima Noor,Islamabad??,03722526548,18
1906,Ayesha Siddiqui,Peshawar---,03855387736,24
1907,Usman Tariq,Karachi,03693975988,45
1908,Maryam Javed,Karachi,03374233296,55
1909,Hina Rashid,Rawalpindi,03593387257,48
1910,Rabia Aslam,Multan,03874234421,21
1911,Sara Malik,Hyderabad,03591605826,37
1912,Ahmed Khan,Islamabad,03775426531,28
1913,Adnan Iqbal,Lahore,03529208313,30
1914,Hina Rashid,Multan,03879909840,42
1915,Tariq Mahmood,Quetta,03159030613,57
1916,Hina Rashid,Multan,03934469172,56
1917,Sana Shamim,Quetta,03249557577,39
1918,Zara Sheikh,Faisalabad,03991608414,49
1919,Hassan Ali,Hyderabad,03161316860,44
1920,Shahid Anwar,,03887423132,44
1921,Usman Tariq,Quetta,03604049086,58
1922,Ahmed Khan,Karachi,03438875475,54
1923,Maryam Javed,Hyderabad,03163113341,23
1924,Shahid Anwar,Islamabad,03255365968,45
1925,Hina Rashid,Quetta,03996157705,30
1926,Tariq Mahmood,Multan,03798646088,50
1927,Rabia Aslam,Peshawar,03774738572,60
1928,Ahmed Khan,Islamabad,03923144433,37
1929,Rabia Aslam,Multan,03679744215,55
1930,Khalid Mehmood,Hyderabad,03231480643,52
1931,Maryam Javed,,,43
1932,Nimra Rehman,Lahore,03801325501,43
1933,Sana Shamim,,03185312399,36
1934,Imran Qureshi,,03655383040,57
1935,Khalid Mehmood,Karachi,03435968595,43
1936,Ayesha Siddiqui,Hyderabad,03944222103,44
1937,Nimra Rehman,Multan,03168782729,51
1938,Tariq Mahmood,Islamabad,,53
1939,Ahmed Khan,Rawalpindi,03142919051,37
1940,Hamza Raza,Faisalabad,03509385078---,26
1941,Bilal Hussain,Quetta,03141950822---,45
1942,Fatima Noor,Rawalpindi,03631099180,27
1943,Khalid Mehmood,Karachi,03353338417,27
1944,Fatima Noor,Multan,,22
1945,Hassan Ali,Karachi,,36
1946,Adnan Iqbal,Rawalpindi,03713171799,42
1947,Zara Sheikh,Rawalpindi,03185651966,57
1948,Tariq Mahmood,,03985736790,22
1949,Hina Rashid,Islamabad,03263798677,40
1950,Nida Farooq,Peshawar,03841330984,44
1951,Usman Tariq,Peshawar,03367455584,21
1952,Sana Shamim,Karachi,03234882780,59
1953,Nida Farooq,Multan,03472379217,43
1954,Hassan Ali,Rawalpindi,03128794609,50
1955,Sara Malik,Peshawar,03469195475,49
1956,Ayesha Siddiqui,Faisalabad,03427479277,30
1957,Nimra Rehman,Rawalpindi,,39
1958,Ayesha Siddiqui,Karachi,03837951514 ,45
1959,Adnan Iqbal,Faisalabad,03632269549,43
1960,Khalid Mehmood,Islamabad,03362398993,28
1961,Nida Farooq,Hyderabad ,03758901177,30
1962,Nida Farooq,Karachi,03358684121,50
1963,Bilal Hussain,Peshawar,03505207732,20
1964,Rabia Aslam,Karachi,03241477008,51
1965,Tariq Mahmood,Karachi,03326496607,29
1966,Hina Rashid,Peshawar,03882619576,37
1967,Sara Malik,Lahore,03243853225,20
1968,Sara Malik,Peshawar,,46
1969,Tariq Mahmood,Hyderabad,03264165648,37
1970,Fatima Noor,Quetta,03263295408,40
1971,Imran Qureshi,Peshawar,03437594524,19
1972,Sara Malik,,03951638332,52
1973,Tariq Mahmood,Lahore,03387824352,51
1974,Bilal Hussain,Quetta,03169391492,47
1975,Imran Qureshi,Rawalpindi,03354765469,60
1976,Usman Tariq,Multan,03161672532,23
1977,Usman Tariq,Faisalabad,03691375410,44
1978,Khalid Mehmood,Islamabad,03292949280 ,52
1979,Bilal Hussain,Multan,03177114570,32
1980,Rabia Aslam,Quetta,03268387591,53
1981,Hamza Raza,Karachi,03172703233,52
1982,Shahid Anwar,Quetta,03343161909,31
1983,Zara Sheikh,Hyderabad,03875270154,29
1984,Usman Tariq,Rawalpindi,03465420910,60
1985,Ahmed Khan,Karachi,03799383611,59
1986,Ahmed Khan,Islamabad,03888872882,32
1987,Hamza Raza,Lahore,03741071289,39
1988,Hassan Ali,Islamabad,03933163919,35
1989,Nida Farooq,Rawalpindi,03109656606,58
1990,Shahid Anwar,Multan,03795196547,45
1991,Zara Sheikh,Multan??,03762503034,45
1992,Nimra Rehman,Rawalpindi,03156414628,18
1993,Usman Tariq,Rawalpindi,03179308667,52
1994,Shahid Anwar,Lahore,03162178385,27
1995,Maryam Javed,Rawalpindi,03882222266,55
1996,Bilal Hussain,Karachi ,03656899418,29
1997,Ahmed Khan,Faisalabad,03156087076,46
1998,Nida Farooq,Rawalpindi,03393795649,54
1999,Fatima Noor,Faisalabad,03815234636,24
2000,Zara Sheikh,Islamabad,,22
2001,Sana Shamim,Islamabad,03334596550,33
2002,Maryam Javed,Quetta,03248864191,37
2003,Ahmed Khan,Islamabad,03816996218 ,20
2004,Tariq Mahmood,Peshawar,03351385905,59
2005,Ayesha Siddiqui,Karachi,03239590049,54
2006,Usman Tariq,Hyderabad,03349198694,51
2007,Fatima Noor,Karachi,03662708438,57
2008,Shahid Anwar,Islamabad,03191678805,51
2009,Maryam Javed,Quetta,03998654128,19
2010,Usman Tariq,Rawalpindi,03145054975,32
2011,Hina Rashid,Peshawar,03202352185,54
2012,Adnan Iqbal,Lahore,03524133010,43
2013,Hamza Raza,Hyderabad,03178180289,31
2014,Fatima Noor,,03107604654,30
2015,Usman Tariq,Faisalabad,03185114341,59
2016,Hassan Ali,Hyderabad,03487427327,29
2017,Bilal Hussain,Quetta,03368334365,38
2018,Zara Sheikh,Rawalpindi,03545137906,47
2019,Imran Qureshi,Islamabad---,03646240558,40
2020,Maryam Javed,Multan,03746584112,42
2021,Rabia Aslam,Lahore,03793182664,38
2022,Sara Malik,Multan,03287253804,55
2023,Nida Farooq,Rawalpindi??,03425337975,41
2024,Shahid Anwar,Karachi,03447987303,50
2025,Bilal Hussain,Hyderabad,03831549601,38
2026,Zara Sheikh,Karachi,03882712465,41
2027,Hamza Raza,Lahore,03965308831,42
2028,Hassan Ali,Quetta,03249429413,34
2029,Hina Rashid,Lahore,03557306300,46
2030,Ayesha Siddiqui,Quetta---,03445745933,32
2031,Rabia Aslam,Karachi,03719470919,29
2032,Bilal Hussain,Islamabad,,33
2033,Nida Farooq,Quetta,03391504054,43
2034,Hassan Ali,Hyderabad,,57
2035,Fatima Noor,Islamabad,03262292243,31
2036,Nida Farooq,Quetta,03679767716,22
2037,Shahid Anwar,Lahore,03813528422,53
2038,Hassan Ali,Hyderabad,03886910271,33
2039,Shahid Anwar,Multan---,03411232626,40
2040,Maryam Javed,Multan,03781466564,24
2041,Hina Rashid,Karachi,03361920075,31
2042,Hamza Raza,Faisalabad,03187594799,37
2043,Hamza Raza,Hyderabad,03675106743 ,56
2044,Sana Shamim,Peshawar,03833263025,47
2045,Imran Qureshi,Quetta,03565528616,55
2046,Bilal Hussain,Lahore,03947190557,52
2047,Adnan Iqbal,Faisalabad,03872020377,60
2048,Ayesha Siddiqui,Rawalpindi,03664629049,20
2049,Nimra Rehman,Peshawar,03448218456,45
2050,Nida Farooq,Peshawar,03763651654,58
2051,Tariq Mahmood,Multan,03744741962,41
2052,Maryam Javed,Islamabad,03325812146---,45
2053,Adnan Iqbal,Hyderabad---,03382726012,40
2054,Zara Sheikh,Peshawar,03124085272,47
2055,Sara Malik,Faisalabad,,33
2056,Tariq Mahmood,Islamabad,,18
2057,Bilal Hussain,Hyderabad,03665557818,24
2058,Rabia Aslam,Hyderabad,03338800007,57
2059,Adnan Iqbal,Lahore,03995316758,34
2060,Rabia Aslam,Peshawar,03118471123,49
2061,Sana Shamim,Rawalpindi,03226503765,60
2062,Tariq Mahmood,Quetta,03911304294,35
2063,Tariq Mahmood,Quetta,03199138988,29
2064,Ayesha Siddiqui,,03422179370,51
2065,Imran Qureshi,Peshawar,03574355956,55
2066,Rabia Aslam,Lahore,03641636792,57
2067,Shahid Anwar,Lahore,03608396088,19
2068,Nida Farooq,Islamabad,03404879449,47
2069,Ahmed Khan,Hyderabad,03386812882,36
2070,Ayesha Siddiqui,Quetta,03404691261,31
2071,Nimra Rehman,Lahore??,03938192038,18
2072,Imran Qureshi,Faisalabad,03994623083,36
2073,Rabia Aslam,Karachi,03463179255,27
2074,Hamza Raza,Islamabad,03771242782,48
2075,Bilal Hussain,Multan,03167916473,42
2076,Nimra Rehman,Lahore,03418629171---,30
2077,Hina Rashid,Karachi,03298145247,56
2078,Hassan Ali,Faisalabad,03374831954,30
2079,Hamza Raza,Multan,,23
2080,Fatima Noor,Hyderabad,03577178051,31
2081,Shahid Anwar,Rawalpindi,03654816190,46
2082,Shahid Anwar,Quetta,03986583533,50
2083,Ayesha Siddiqui,,03689587707,18
2084,Tariq Mahmood,Peshawar,03319661863??,55
2085,Ayesha Siddiqui,Faisalabad,03626986472,27
2086,Bilal Hussain,Karachi,03396874165,26
2087,Bilal Hussain,Multan,03486726363,43
2088,Shahid Anwar,Multan,03428680033,55
2089,Nida Farooq,Karachi,03902187990,55
2090,Khalid Mehmood,Lahore,03177831524,45
2091,Nimra Rehman,Multan,03526822632,42
2092,Sana Shamim,Multan,03953574860,57
2093,Rabia Aslam,Multan,03735424844,43
2094,Shahid Anwar,Islamabad,03211304877,48
2095,Adnan Iqbal,Lahore,03665400939,46
2096,Fatima Noor,Rawalpindi,03957955173,25
2097,Fatima Noor,Multan,03478050376,25
2098,Imran Qureshi,Islamabad,03406142160,25
2099,Bilal Hussain,Hyderabad,03437748375,42
2100,Nida Farooq,Hyderabad,03177915459 ,51
2101,Hina Rashid,Peshawar,,54
2102,Ahmed Khan,Rawalpindi ,03735402426,40
2103,Ayesha Siddiqui,,03632417718,23
2104,Adnan Iqbal,Lahore,03178680618,29
2105,Sana Shamim,Peshawar,03516334838,58
2106,Maryam Javed,Faisalabad,03461984792,22
2107,Nida Farooq,Multan,03466474621,42
2108,Usman Tariq,Lahore,03795279996,39
2109,Sana Shamim,Lahore,03759957708,28
2110,Hassan Ali,Quetta,03292406778,59
2111,Hina Rashid,Peshawar,03917212311,24
2112,Maryam Javed,Multan,03258382028,29
2113,Usman Tariq,Hyderabad,03976763686,52
2114,Khalid Mehmood,Multan,03472520231,41
2115,Hina Rashid,Islamabad,03781139992,57
2116,Imran Qureshi,Lahore,03957964164,55
2117,Adnan Iqbal,Quetta,03471447673,23
2118,Imran Qureshi,Lahore,03492240811,59
2119,Shahid Anwar,Islamabad,03607857588,39
2120,Fatima Noor,Lahore---,03171190341,44
2121,Imran Qureshi,Lahore,03882223362,18
2122,Tariq Mahmood,Rawalpindi,03646279340,28
2123,Ayesha Siddiqui,Karachi,03416329000,24
2124,Hamza Raza,Islamabad,03767026212,40
2125,Ayesha Siddiqui,Lahore,03746850099,24
2126,Nimra Rehman,Rawalpindi,03421469812,56
2127,Maryam Javed,Faisalabad,03935753697,51
2128,Khalid Mehmood,Multan,03112215279,32
2129,Hassan Ali,Peshawar,03634173132,40
2130,Nimra Rehman,Lahore,03649443363,28
2131,Zara Sheikh,Multan,03271593056,36
2132,Shahid Anwar,Multan,03347949660,28
2133,Tariq Mahmood,Rawalpindi,03216136208,53
2134,Zara Sheikh,Karachi,03976463002,32
2135,Shahid Anwar,Islamabad,03278394790,54
2136,Nimra Rehman,Faisalabad,03971100093,35
2137,Rabia Aslam,Lahore,03426174147,48
2138,Hamza Raza,Islamabad,03323918012,58
2139,Ayesha Siddiqui,Quetta,03996913096,60
2140,Shahid Anwar,Karachi,03801215019,37
2141,Maryam Javed,Hyderabad,03369493288,18
2142,Ahmed Khan,Hyderabad ,03897565039,50
2143,Sara Malik,Lahore,03365046146,28
2144,Hamza Raza,Faisalabad,03507130572,45
2145,Sana Shamim,Karachi ,03481266085,28
2146,Adnan Iqbal,Peshawar,03894434969,30
2147,Zara Sheikh,Karachi,03611658373,28
2148,Adnan Iqbal,Lahore,03538093715,39
2149,Tariq Mahmood,Lahore,03452238489,20
2150,Hina Rashid,Peshawar,03823444548,52
2151,Hassan Ali,Lahore,03896841950,54
2152,Adnan Iqbal,Karachi,03695025277,52
2153,Ayesha Siddiqui,Quetta---,03843378611,31
2154,Sara Malik,,03752204902,54
2155,Hina Rashid,Islamabad,03619318667,59
2156,Imran Qureshi,Quetta,03318660691,58
2157,Sana Shamim,Rawalpindi,03339950690,20
2158,Imran Qureshi,Peshawar,03945963829,47
2159,Fatima Noor,Multan,,44
2160,Ayesha Siddiqui,Multan,03141959945,54
2161,Zara Sheikh,,03523494746,19
2162,Usman Tariq,Hyderabad,03875403665,51
2163,Bilal Hussain,Islamabad,03468252767,43
2164,Bilal Hussain,Islamabad,03334576970,30
2165,Tariq Mahmood,Quetta,03832094234,54
2166,Nida Farooq,Multan,03243197592,35
2167,Sara Malik,Faisalabad,03491451189,33
2168,Khalid Mehmood,Multan,03542745595,42
2169,Ayesha Siddiqui,Multan,03513478141,58
2170,Sara Malik,Lahore,03461942579??,26
2171,Tariq Mahmood,Islamabad,03589104986,51
2172,Maryam Javed,Karachi,03392001402,46
2173,Khalid Mehmood,Rawalpindi,03445001564,50
2174,Ahmed Khan,Peshawar,03801989862,29
2175,Bilal Hussain,Faisalabad,03614310705,56
2176,Ahmed Khan,Hyderabad---,03534967611,29
2177,Bilal Hussain,Hyderabad,03263432162,54
2178,Hamza Raza,Karachi,03539328918,50
2179,Fatima Noor,Hyderabad,03796919773,27
2180,Ayesha Siddiqui,Faisalabad,03709191023??,60
2181,Maryam Javed,Rawalpindi,03673218369,44
2182,Ahmed Khan,Faisalabad,03501724401,25
2183,Zara Sheikh,Multan,,24
2184,Rabia Aslam,Quetta,03618839006,20
2185,Rabia Aslam,Islamabad,03399958562,30
2186,Hina Rashid,Karachi,03529384584,25
2187,Rabia Aslam,Faisalabad,03344494639,55
2188,Hina Rashid,Hyderabad,03123220634,55
2189,Sara Malik,Quetta,03265488754,29
2190,Tariq Mahmood,Hyderabad,03547816943,49
2191,Imran Qureshi,Faisalabad ,,47
2192,Usman Tariq,Karachi,03302985452,38
2193,Adnan Iqbal,Quetta,03869114471,53
2194,Sara Malik,Karachi,03269545932,32
2195,Maryam Javed,Karachi,03468809942---,19
2196,Adnan Iqbal,Faisalabad,03103718276,20
2197,Nida Farooq,Quetta??,03566651583,32
2198,Bilal Hussain,Quetta,03479362643,52
2199,Fatima Noor,Quetta,03771922356??,56
2200,Fatima Noor,Rawalpindi,03868767990,56
2201,Adnan Iqbal,Multan,03727379051 ,24
2202,Sara Malik,Faisalabad,03102415712,50
2203,Maryam Javed,Peshawar,03231658107,44
2204,Nimra Rehman,Faisalabad,03724543054,28
2205,Zara Sheikh,Multan,03839074064,56
2206,Fatima Noor,Lahore,03921680381,24
2207,Usman Tariq,Peshawar,03378969250,26
2208,Bilal Hussain,Lahore,03736462282,43
2209,Adnan Iqbal,Karachi,03111596927,48
2210,Fatima Noor,Faisalabad,03354929243,23
2211,Khalid Mehmood,Rawalpindi---,03143956490,26
2212,Ayesha Siddiqui,Karachi,03346172392,53
2213,Rabia Aslam,Islamabad,03721733234,55
2214,Hamza Raza,Hyderabad,03106932640,40
2215,Tariq Mahmood,Quetta,03122460398,36
2216,Fatima Noor,Hyderabad,03573161242,37
2217,Tariq Mahmood,Quetta,03197152215 ,19
2218,Shahid Anwar,Faisalabad,03264976711,20
2219,Hassan Ali,Islamabad,03115938215,23
2220,Nimra Rehman,Islamabad,03535717644,32
2221,Hina Rashid,Karachi,03107869699,48
2222,Maryam Javed,Karachi,03574790145,22
2223,Usman Tariq,Islamabad,03218735684,29
2224,Hamza Raza,Multan,03706647668,38
2225,Imran Qureshi,Lahore,03332773905,21
2226,Sana Shamim,Peshawar,03263669986,56
2227,Rabia Aslam,Hyderabad,03721383172,24
2228,Hassan Ali,Rawalpindi,03693518176,59
2229,Nida Farooq,Quetta,03743907155,34
2230,Tariq Mahmood,Multan,03363891583,56
2231,Imran Qureshi,Rawalpindi,03577283103,59
2232,Nimra Rehman,Faisalabad,03111269708,24
2233,Hamza Raza,Lahore,03995787555,53
2234,Hina Rashid,Rawalpindi,03946405354,23
2235,Usman Tariq,Rawalpindi,03192399928,19
2236,Imran Qureshi,Peshawar,03754959029,23
2237,Ayesha Siddiqui,Karachi,03699034043,50
2238,Shahid Anwar,Faisalabad,03401915843,59
2239,Ayesha Siddiqui,Hyderabad,03289851896,41
2240,Khalid Mehmood,Peshawar,03618277160,47
2241,Bilal Hussain,Karachi,03486561560,58
2242,Hamza Raza,Faisalabad,03749414119,23
2243,Ahmed Khan,Rawalpindi,03921968741,60
2244,Hassan Ali,Faisalabad,03665321802,18
2245,Ahmed Khan,Lahore,03967425334,18
2246,Sara Malik,Multan,03666418612??,30
2247,Adnan Iqbal,Peshawar,03909260640,47
2248,Khalid Mehmood,Quetta,03837202580 ,31
2249,Adnan Iqbal,Lahore,03803782902,39
2250,Fatima Noor,Multan,03452861760,37
2251,Shahid Anwar,Faisalabad,03696909333,25
2252,Sara Malik,Rawalpindi,03694545131,29
2253,Hamza Raza,Quetta,03188939769,45
2254,Maryam Javed,Islamabad,03664264519,26
2255,Hina Rashid,Peshawar,03107813209,53
2256,Imran Qureshi,Peshawar ,03656772659 ,56
2257,Khalid Mehmood,Islamabad---,03115596680,48
2258,Bilal Hussain,Peshawar,03743483864,50
2259,Sara Malik,Peshawar,03294296930,21
2260,Sara Malik,Quetta,03256777069,35
2261,Adnan Iqbal,Hyderabad,03885584066,46
2262,Rabia Aslam,Hyderabad,03249850299,50
2263,Sana Shamim,Multan,03166603767 ,35
2264,Nimra Rehman,Peshawar,03734319467 ,23
2265,Hamza Raza,Rawalpindi ,03388537787,31
2266,Adnan Iqbal,Lahore,03839080710,34
2267,Nida Farooq,Lahore,03684579083,23
2268,Ayesha Siddiqui,Karachi,03311326143,30
2269,Hassan Ali,,03831394109,30
2270,Sara Malik,Rawalpindi,03269696748,50
2271,Sana Shamim,Faisalabad,03498487284,19
2272,Rabia Aslam,Islamabad,03406164396,59
2273,Nimra Rehman,Peshawar,03594780207,21
2274,Imran Qureshi,Quetta,03818677666,20
2275,Khalid Mehmood,Multan,03249801997,27
2276,Rabia Aslam,Islamabad,03228925759,54
2277,Nida Farooq,,03188562725??,18
2278,Usman Tariq,Rawalpindi,03119899656,53
2279,Nimra Rehman,Karachi,03955991610,48
2280,Hamza Raza,Hyderabad,03951113393,37
2281,Hassan Ali,Lahore,03548730032,32
2282,Khalid Mehmood,Quetta,03364803407,55
2283,Sara Malik,Faisalabad,03261037929,28
2284,Rabia Aslam,Karachi,03386116807,38
2285,Khalid Mehmood,Hyderabad,03936461942,38
2286,Bilal Hussain,,03999604540,21
2287,Imran Qureshi,Multan,03892542999,48
2288,Hamza Raza,Lahore,03356226293,38
2289,Tariq Mahmood,Lahore,03638089267,50
2290,Imran Qureshi,Peshawar,03102904270,21
2291,Sana Shamim,Faisalabad,03317753693??,23
2292,Sana Shamim,Lahore,03882827277,54
2293,Imran Qureshi,Faisalabad ,03657815654,31
2294,Khalid Mehmood,Faisalabad,03209575872,49
2295,Rabia Aslam,Karachi,03495153967,59
2296,Rabia Aslam,Rawalpindi,03835345635,37
2297,Ahmed Khan,Faisalabad,03302934953,43
2298,Nimra Rehman,Lahore,03318840613,35
2299,Usman Tariq,Faisalabad,03824482461,23
2300,Nimra Rehman,Karachi,,48
2301,Nida Farooq,Islamabad,03855393641,50
2302,Adnan Iqbal,Islamabad,03703375833,51
2303,Bilal Hussain,Lahore,03258110035,58
2304,Sara Malik,,03526750522,37
2305,Zara Sheikh,Quetta,03338811837,20
2306,Imran Qureshi,Peshawar,03873476020,41
2307,Imran Qureshi,Peshawar,03695141600,42
2308,Fatima Noor,Hyderabad,03564886552,19
2309,Rabia Aslam,Karachi,03607051262,45
2310,Nida Farooq,Faisalabad,03783887585,44
2311,Adnan Iqbal,Islamabad,03125713929,34
2312,Imran Qureshi,Lahore,03894106335,21
2313,Hamza Raza,Faisalabad,03472597709,43
2314,Bilal Hussain,Islamabad,03802129080,31
2315,Tariq Mahmood,Islamabad,03391405356,32
2316,Adnan Iqbal,Islamabad,03249994652,57
2317,Hassan Ali,,03207844622,40
2318,Maryam Javed,Hyderabad,03664082000,33
2319,Ahmed Khan,Rawalpindi,03961877263,48
2320,Shahid Anwar,Rawalpindi,03924683304,48
2321,Maryam Javed,Rawalpindi,03851522464,32
2322,Ahmed Khan,Faisalabad,03705866285,34
2323,Tariq Mahmood,Peshawar,03451473455,50
2324,Hina Rashid,Multan,03414604288,50
2325,Nida Farooq,Faisalabad,03219222943,57
2326,Nida Farooq,Faisalabad,03238970597,58
2327,Usman Tariq,Islamabad ,03146175590,33
2328,Tariq Mahmood,Quetta,03171329802,49
2329,Usman Tariq,Multan,03701644339,29
2330,Hamza Raza,,03793497964,47
2331,Usman Tariq,Karachi,03542702183,60
2332,Bilal Hussain,Hyderabad,03179079459,47
2333,Tariq Mahmood,Hyderabad,03421596177,51
2334,Rabia Aslam,Lahore,03503026910,59
2335,Nida Farooq,Karachi,03981136857 ,34
2336,Hassan Ali,Quetta,,25
2337,Ahmed Khan,Multan,03364691572,36
2338,Nimra Rehman,Islamabad,03562022681,26
2339,Maryam Javed,Islamabad,03815945491,55
2340,Usman Tariq,Rawalpindi,03313131558,21
2341,Nimra Rehman,Quetta,03902051025,38
2342,Tariq Mahmood,Peshawar,03708481230,47
2343,Hassan Ali,Multan??,03656533928,43
2344,Maryam Javed,Quetta,03286937325,36
2345,Maryam Javed,Peshawar,03771330474,19
2346,Ayesha Siddiqui,Karachi,03675596269,36
2347,Hina Rashid,Islamabad,03739812351??,27
2348,Sara Malik,Multan,03392182977,37
2349,Adnan Iqbal,Quetta,,30
2350,Ahmed Khan,Rawalpindi,03292357310,30
2351,Hamza Raza,Faisalabad,03799516163,43
2352,Hamza Raza,Rawalpindi,03775008938 ,50
2353,Sara Malik,Lahore,03324481740,56
2354,Hamza Raza,Karachi,03142295459,45
2355,Sara Malik,Hyderabad,03865998703,22
2356,Hamza Raza,Rawalpindi,03168748882,23
2357,Hassan Ali,Islamabad,03178429961 ,19
2358,Imran Qureshi,Lahore,03418035679,36
2359,Adnan Iqbal,Karachi,03123118460,60
2360,Hamza Raza,Hyderabad,03756422995,47
2361,Zara Sheikh,Quetta,03621785754,57
2362,Rabia Aslam,Karachi,03188243115,50
2363,Ayesha Siddiqui,Lahore,03826344184,45
2364,Sara Malik,Lahore,03194841374??,27
2365,Ahmed Khan,Rawalpindi,03268653689,44
2366,Nida Farooq,Peshawar,03643706578,59
2367,Tariq Mahmood,Quetta,03938234636,47
2368,Shahid Anwar,Islamabad,03984132778,47
2369,Hassan Ali,Faisalabad,03342553590,52
2370,Usman Tariq,Peshawar,03862592776,54
2371,Tariq Mahmood,Hyderabad,03459633517,54
2372,Tariq Mahmood,Hyderabad,03217507226,57
2373,Tariq Mahmood,Quetta,03805875472,31
2374,Shahid Anwar,Faisalabad,03381101509,44
2375,Sara Malik,Quetta,03655323329,26
2376,Fatima Noor,Hyderabad,03565871796,47
2377,Nimra Rehman,Islamabad,03254446762,23
2378,Ayesha Siddiqui,Hyderabad,03912702091,26
2379,Hamza Raza,Hyderabad,03367174697,50
2380,Ahmed Khan,Faisalabad,03983943058,47
2381,Hina Rashid,Faisalabad,03446310636,41
2382,Khalid Mehmood,Faisalabad,03954936401,21
2383,Tariq Mahmood,Hyderabad,03982176982,39
2384,Imran Qureshi,Lahore,03767062363,26
2385,Khalid Mehmood,Quetta,03988514824,25
2386,Hina Rashid,Lahore,03362165040,19
2387,Fatima Noor,Quetta,03145847440,38
2388,Hamza Raza,Karachi,03675485789,42
2389,Hamza Raza,Peshawar,03618330966,50
2390,Imran Qureshi,Peshawar,03781765022,39
2391,Maryam Javed,Hyderabad,03249181397,39
2392,Sara Malik,Karachi,03334338890,29
2393,Sana Shamim,Faisalabad,03223944582,23
2394,Hassan Ali,Rawalpindi,03752638941,34
2395,Tariq Mahmood,Lahore,03722313781---,27
2396,Nimra Rehman,Quetta,,32
2397,Ahmed Khan,Karachi,03468463727,23
2398,Khalid Mehmood,Islamabad,03357401391,28
2399,Ayesha Siddiqui,Rawalpindi,03353745549,44
2400,Hamza Raza,Peshawar,,57
2401,Shahid Anwar,Multan,03201410066,54
2402,Hassan Ali,Karachi,03377679715,49
2403,Bilal Hussain,Rawalpindi ,03234951911,21
2404,Hina Rashid,Peshawar,03866257194,20
2405,Tariq Mahmood,Peshawar,03641837436,42
2406,Rabia Aslam,,03916025010,43
2407,Khalid Mehmood,Quetta,03306048593,48
2408,Ayesha Siddiqui,,03322230209,27
2409,Nimra Rehman,Multan,,25
2410,Hina Rashid,Faisalabad,03322397490,41
2411,Hamza Raza,Lahore,03934501912,33
2412,Khalid Mehmood,Islamabad,03819499837,51
2413,Bilal Hussain,Multan,03605596580,46
2414,Fatima Noor,Peshawar??,03381981399,35
2415,Nida Farooq,Quetta??,03644909004,60
2416,Fatima Noor,Faisalabad,03777623547,58
2417,Adnan Iqbal,Faisalabad,03571232307,49
2418,Sana Shamim,Hyderabad,03912064770,18
2419,Khalid Mehmood,,03527254140,39
2420,Zara Sheikh,Peshawar,03434139938,33
2421,Tariq Mahmood,,,36
2422,Maryam Javed,Rawalpindi,03821840640,30
2423,Sana Shamim,Hyderabad,03237495042,47
2424,Zara Sheikh,Rawalpindi,03327904355,49
2425,Imran Qureshi,Quetta,03596884414,48
2426,Shahid Anwar,Islamabad,03847608426,60
2427,Maryam Javed,Hyderabad,03505471599,45
2428,Adnan Iqbal,Lahore,03695226018,48
2429,Adnan Iqbal,Peshawar,03873495688,42
2430,Bilal Hussain,Multan,,34
2431,Usman Tariq,Lahore,,35
2432,Ayesha Siddiqui,Multan,03426110115,38
2433,Bilal Hussain,Islamabad,03704798761,36
2434,Zara Sheikh,Karachi,03227716789 ,35
2435,Zara Sheikh,Karachi,03622027629,26
2436,Zara Sheikh,Lahore,03951129844,19
2437,Hamza Raza,Islamabad,03511743415,43
2438,Shahid Anwar,Peshawar,03805294870,49
2439,Hina Rashid,Quetta,03727391131,56
2440,Zara Sheikh,Hyderabad,03276081487,57
2441,Zara Sheikh,Multan,03103898418,35
2442,Adnan Iqbal,Karachi,03948325200,39
2443,Imran Qureshi,,03798305769,25
2444,Nida Farooq,,03626511005,52
2445,Sana Shamim,Islamabad,03563224659,59
2446,Maryam Javed,Islamabad,03729689104,23
2447,Hina Rashid,Peshawar,03282781510,37
2448,Ahmed Khan,Multan,03287348801,60
2449,Fatima Noor,Multan,03606626718,42
2450,Ayesha Siddiqui,Faisalabad,03521556128,44
2451,Usman Tariq,Faisalabad,03364514212,42
2452,Sana Shamim,Islamabad,03173586207,52
2453,Fatima Noor,Rawalpindi,03985687524,18
2454,Shahid Anwar,Multan,,47
2455,Fatima Noor,Faisalabad,03217922393,45
2456,Sara Malik,Lahore ,03568952700,54
2457,Nimra Rehman,Quetta,03147177970,49
2458,Tariq Mahmood,Islamabad,03119736308,23
2459,Hamza Raza,Faisalabad,03933944311,47
2460,Ayesha Siddiqui,Peshawar,03914275202,22
2461,Sara Malik,Hyderabad,03589284227,28
2462,Hassan Ali,Faisalabad,03911063791,30
2463,Hamza Raza,Rawalpindi,03605262967,52
2464,Adnan Iqbal,Peshawar,03853595797,59
2465,Ayesha Siddiqui,Peshawar,03415174116,59
2466,Hina Rashid,Peshawar,03175888412,57
2467,Adnan Iqbal,Multan,03535966787,52
2468,Ahmed Khan,Multan,03762021955,42
2469,Khalid Mehmood,Hyderabad,03149914890,38
2470,Nimra Rehman,Rawalpindi,,21
2471,Adnan Iqbal,Rawalpindi,03288978244,30
2472,Sana Shamim,Lahore,03748838139,30
2473,Sana Shamim,Hyderabad,03434549892,49
2474,Tariq Mahmood,Quetta,03319012992,23
2475,Imran Qureshi,Hyderabad,03828292082,23
2476,Hina Rashid,Islamabad,03473448087,34
2477,Sana Shamim,Hyderabad,03474969083,20
2478,Usman Tariq,Hyderabad,03888782201,59
2479,Shahid Anwar,Karachi,,24
2480,Hassan Ali,,03513762342,34
2481,Nida Farooq,Peshawar,03283041723,27
2482,Sana Shamim,Hyderabad??,03611668962,51
2483,Rabia Aslam,Rawalpindi,03246824070,42
2484,Bilal Hussain,Quetta,03729606979,42
2485,Sara Malik,Rawalpindi,03833003740,51
2486,Ayesha Siddiqui,Peshawar,03332346118,50
2487,Sana Shamim,Islamabad,03274063166,24
2488,Maryam Javed,Lahore,03436093386,22
2489,Shahid Anwar,Faisalabad,03293192579??,22
2490,Zara Sheikh,Hyderabad,03974426129,36
2491,Ahmed Khan,Faisalabad,03755206128,38
2492,Nida Farooq,Faisalabad,03283239399,54
2493,Ahmed Khan,Karachi,03555457199,59
2494,Sana Shamim,Faisalabad,03613298049,44
2495,Sara Malik,Faisalabad,03954298014,48
2496,Shahid Anwar,Karachi,03137352675??,55
2497,Khalid Mehmood,Rawalpindi,03954979374,23
2498,Imran Qureshi,Lahore,03369478211,26
2499,Sana Shamim,Karachi,03232436570,21
2500,Rabia Aslam,Hyderabad,03204146340,52
2501,Ahmed Khan,,03965600221,31
2502,Ahmed Khan,Faisalabad,03768160059,28
2503,Khalid Mehmood,Quetta,03825057193,33
2504,Imran Qureshi,Karachi,,51
2505,Ahmed Khan,Faisalabad,03597248429,36
2506,Imran Qureshi,Rawalpindi,03285710289,20
2507,Hina Rashid,Multan,03267412813,20
2508,Bilal Hussain,Islamabad,03781317371,33
2509,Bilal Hussain,Hyderabad,03795403068,36
2510,Fatima Noor,Peshawar,03276378847,51
2511,Khalid Mehmood,Peshawar,03979315240,43
2512,Adnan Iqbal,Rawalpindi,03939190653,23
2513,Tariq Mahmood,Islamabad,03837414313,37
2514,Sana Shamim,Islamabad,03285882818,57
2515,Rabia Aslam,Hyderabad,03427353016,56
2516,Adnan Iqbal,Hyderabad,03817007732,53
2517,Nimra Rehman,Islamabad,03819994514,53
2518,Fatima Noor,Islamabad,03867059604,35
2519,Maryam Javed,Hyderabad,03628746491,54
2520,Shahid Anwar,Islamabad,03807461894,55
2521,Zara Sheikh,Peshawar,03738400280,32
2522,Nida Farooq,Multan,03423788713,50
2523,Rabia Aslam,Faisalabad,03246070324,58
2524,Zara Sheikh,Faisalabad,03885192779,22
2525,Shahid Anwar,Hyderabad,03636653537,21
2526,Nimra Rehman,Faisalabad,03344510511,40
2527,Sana Shamim,Faisalabad??,,59
2528,Tariq Mahmood,Rawalpindi,03608988972---,56
2529,Ayesha Siddiqui,Multan,03304829109,45
2530,Tariq Mahmood,Karachi,03433293386,60
2531,Zara Sheikh,Hyderabad,03437286076,53
2532,Usman Tariq,Lahore,03683889308,57
2533,Sara Malik,Peshawar,03509251529,27
2534,Hamza Raza,Rawalpindi,03364681079,44
2535,Maryam Javed,Quetta,03334749040,30
2536,Fatima Noor,Faisalabad,03448225906,19
2537,Sana Shamim,Faisalabad,03343861741,39
2538,Ahmed Khan,Lahore,03488836418,59
2539,Hassan Ali,Multan,03591548866,45
2540,Ahmed Khan,Quetta,03667921279,22
2541,Ayesha Siddiqui,Multan,03827704551,48
2542,Nimra Rehman,Islamabad,03865219772,54
2543,Hina Rashid,Rawalpindi,03859195286,18
2544,Sana Shamim,Lahore,03793425813,35
2545,Fatima Noor,Multan,03525007249??,58
2546,Tariq Mahmood,Hyderabad,03821769564,20
2547,Ahmed Khan,Multan,03995172846,45
2548,Rabia Aslam,Faisalabad,03346021825,29
2549,Hassan Ali,Multan,03719786917,31
2550,Hamza Raza,Hyderabad,,42
2551,Rabia Aslam,Karachi,03392715239,46
2552,Nimra Rehman,Rawalpindi,03625298867,24
2553,Hassan Ali,Hyderabad,03454178266,45
2554,Shahid Anwar,Lahore,03922251498,57
2555,Maryam Javed,Islamabad,03853455644,43
2556,Maryam Javed,Multan,03333655472,29
2557,Sara Malik,,03243504899??,46
2558,Khalid Mehmood,Hyderabad,03714638455,25
2559,Nida Farooq,Karachi,,31
2560,Adnan Iqbal,Multan,03955406043,52
2561,Hina Rashid,Karachi,03967070355,54
2562,Ayesha Siddiqui,Multan,03335024566,44
2563,Ahmed Khan,Lahore,03435904654,23
2564,Nida Farooq,Faisalabad,03147915423,31
2565,Maryam Javed,Karachi,03512450225,57
2566,Nida Farooq,Islamabad,03343351888,41
2567,Nida Farooq,Hyderabad,03453657886,57
2568,Adnan Iqbal,Quetta,03607416883,19
2569,Hamza Raza,Hyderabad,03374372563---,33
2570,Adnan Iqbal,Islamabad,03903896391,18
2571,Zara Sheikh,Multan,03684878809,28
2572,Shahid Anwar,Rawalpindi,03603604787,39
2573,Zara Sheikh,Peshawar,,47
2574,Nida Farooq,Lahore,03391847548,41
2575,Ahmed Khan,Faisalabad,03492912629,33
2576,Sara Malik,,03981548762,49
2577,Maryam Javed,Multan,03104316671,20
2578,Shahid Anwar,Peshawar,03303575228,38
2579,Imran Qureshi,Hyderabad,03834784662,20
2580,Khalid Mehmood,Quetta,03468234653,43
2581,Ahmed Khan,Peshawar,03824266988,41
2582,Imran Qureshi,Karachi,03327916176,20
2583,Shahid Anwar,Faisalabad,03421032942,34
2584,Fatima Noor,,03933454833,33
2585,Hassan Ali,Islamabad,03801328191,54
2586,Ahmed Khan,Lahore,03574919447,27
2587,Hassan Ali,Rawalpindi,03196494255,36
2588,Sara Malik,Faisalabad,03529415526,53
2589,Zara Sheikh,Karachi,03406748302,27
2590,Maryam Javed,Peshawar,03556150397,22
2591,Hassan Ali,,03397894011,60
2592,Adnan Iqbal,Hyderabad,03491807534,55
2593,Hina Rashid,Lahore,03158081828,46
2594,Shahid Anwar,Quetta,03726851594,41
2595,Rabia Aslam,Rawalpindi,03482213771,48
2596,Hamza Raza,Karachi,03567698527,40
2597,Nida Farooq,Hyderabad,03423777803,44
2598,Fatima Noor,Lahore,03164000567,47
2599,Hassan Ali,Hyderabad,03842812484,55
2600,Sara Malik,Islamabad,03956919533,29
2601,Sana Shamim,Multan,03124571118,48
2602,Ahmed Khan,Faisalabad,03988848753,50
2603,Hamza Raza,Peshawar ,03223899885,34
2604,Fatima Noor,Islamabad,03947959993,30
2605,Rabia Aslam,Peshawar,03681198676,24
2606,Sana Shamim,Quetta ,03913975610,51
2607,Ahmed Khan,Karachi,03806260448,30
2608,Nida Farooq,Karachi,03182728542,22
2609,Usman Tariq,Quetta,03532049567,33
2610,Usman Tariq,Faisalabad,03357674024,28
2611,Sana Shamim,,03624598669,24
2612,Rabia Aslam,Hyderabad---,03792282955,58
2613,Adnan Iqbal,Lahore,,21
2614,Hina Rashid,Rawalpindi,03641405212,56
2615,Sara Malik,Faisalabad,03904412629,41
2616,Nimra Rehman,Lahore,03134928583,45
2617,Ahmed Khan,Faisalabad,03408626118,54
2618,Bilal Hussain,Faisalabad,03776910252,23
2619,Ayesha Siddiqui,Islamabad,03999777594??,32
2620,Hassan Ali,Karachi,03193241608,27
2621,Fatima Noor,Peshawar,03389216807,55
2622,Hamza Raza,Quetta,03186138772,31
2623,Sara Malik,Karachi,03916563904,28
2624,Fatima Noor,Multan,03405883824,27
2625,Ahmed Khan,Multan,03182262759,34
2626,Adnan Iqbal,Faisalabad,03208907587,25
2627,Hamza Raza,Quetta---,03875250613,47
2628,Hina Rashid,Faisalabad,03453636619,57
2629,Sara Malik,Hyderabad,03858039641,59
2630,Hamza Raza,Karachi,03451756085,26
2631,Usman Tariq,Islamabad,03765631647,25
2632,Adnan Iqbal,Quetta,03862340169,32
2633,Sana Shamim,Lahore,,42
2634,Adnan Iqbal,Hyderabad,03565911822,53
2635,Usman Tariq,Islamabad,03799526699,18
2636,Ayesha Siddiqui,Quetta,03143947524,36
2637,Khalid Mehmood,Multan,03558944256,28
2638,Sana Shamim,Rawalpindi,03505580383,31
2639,Maryam Javed,Multan,03907975768,47
2640,Nimra Rehman,,03446248358,46
2641,Hamza Raza,Lahore,03971789686,41
2642,Zara Sheikh,Karachi,03815285179,22
2643,Ahmed Khan,Quetta,03677057287,41
2644,Sana Shamim,Peshawar,03265381295,60
2645,Rabia Aslam,Karachi,03398930920,38
2646,Ahmed Khan,Rawalpindi,03964119194,22
2647,Tariq Mahmood,Islamabad,03353034274---,29
2648,Ahmed Khan,Peshawar,03236297335,28
2649,Hamza Raza,Quetta,,49
2650,Imran Qureshi,Hyderabad,03611783759,37
2651,Rabia Aslam,Rawalpindi,03608105404,60
2652,Shahid Anwar,Islamabad,03153124578,46
2653,Sara Malik,Hyderabad,03484031995,44
2654,Maryam Javed,Quetta,03639969943,39
2655,Rabia Aslam,Rawalpindi,03221482587??,43
2656,Sara Malik,Islamabad,03693256384 ,19
2657,Adnan Iqbal,Karachi,03969578409,42
2658,Imran Qureshi,Hyderabad,03293127462,37
2659,Khalid Mehmood,Islamabad,03657556575,25
2660,Zara Sheikh,Quetta,03398760915,54
2661,Adnan Iqbal,Islamabad,03835849230,49
2662,Maryam Javed,Quetta,,59
2663,Sana Shamim,Faisalabad,03787324782,38
2664,Nimra Rehman,Peshawar,03499533554,26
2665,Bilal Hussain,Lahore,03597488491,24
2666,Usman Tariq,Lahore,,24
2667,Ahmed Khan,Lahore,03857624245,29
2668,Adnan Iqbal,Peshawar,03799302728,36
2669,Sana Shamim,,03954750330,39
2670,Rabia Aslam,Multan,03566279892,51
2671,Shahid Anwar,Peshawar,03847841329,55
2672,Zara Sheikh,Islamabad,03392651782,32
2673,Imran Qureshi,Multan,03444416366,41
2674,Nimra Rehman,Peshawar,03608915994---,55
2675,Rabia Aslam,Rawalpindi,03642954369,32
2676,Imran Qureshi,Islamabad,03217687220,60
2677,Hamza Raza,Lahore,03579794595,37
2678,Rabia Aslam,Lahore,03866691499,21
2679,Maryam Javed,Quetta,03774408726,35
2680,Shahid Anwar,Multan,03676792418,40
2681,Rabia Aslam,,03669495493,22
2682,Ayesha Siddiqui,Hyderabad,03822224716,40
2683,Sana Shamim,Islamabad??,03901205590,52
2684,Bilal Hussain,Lahore,03633532863---,41
2685,Imran Qureshi,Islamabad,03275832376,23
2686,Shahid Anwar,Multan,03372302401,52
2687,Ayesha Siddiqui,Karachi,03845209723,52
2688,Zara Sheikh,Peshawar,03905354658,58
2689,Fatima Noor,Peshawar,03688164072,31
2690,Bilal Hussain,Karachi,03958824118,25
2691,Nimra Rehman,Hyderabad,03354065133,56
2692,Adnan Iqbal,Karachi,03735946981,33
2693,Hina Rashid,Faisalabad,03462151675,30
2694,Nimra Rehman,Karachi,,47
2695,Hassan Ali,Quetta,03277583195,24
2696,Khalid Mehmood,Karachi,03546359419,38
2697,Rabia Aslam,Multan,03578201248,49
2698,Zara Sheikh,Rawalpindi,03658138409,35
2699,Nida Farooq,Multan,03347895048,32
2700,Imran Qureshi,Karachi,03329676455,49
2701,Fatima Noor,Islamabad,03433155245,43
2702,Zara Sheikh,Quetta,03595630971,26
2703,Shahid Anwar,Faisalabad,03392652921,55
2704,Rabia Aslam,Lahore,03879103040,34
2705,Hina Rashid,Faisalabad,03178934846,22
2706,Khalid Mehmood,Rawalpindi,03663544479,43
2707,Hamza Raza,Quetta,03563802159,48
2708,Rabia Aslam,Multan,03112221153,24
2709,Rabia Aslam,Rawalpindi,03252424094,56
2710,Nida Farooq,Faisalabad,03591360670,42
2711,Imran Qureshi,Hyderabad,03394993795,35
2712,Maryam Javed,Peshawar,03955815989,49
2713,Bilal Hussain,Karachi,03948722559,35
2714,Maryam Javed,Rawalpindi,03169375462,35
2715,Ayesha Siddiqui,Karachi,03613251268,25
2716,Maryam Javed,Faisalabad,03372790813,37
2717,Ayesha Siddiqui,Lahore,03457379664,52
2718,Nimra Rehman,Hyderabad,03463127610,58
2719,Bilal Hussain,Islamabad,03133828448,60
2720,Imran Qureshi,Karachi,03646742581,33
2721,Shahid Anwar,Hyderabad,03645364198,41
2722,Nimra Rehman,,03611987554,31
2723,Shahid Anwar,Rawalpindi,03251639600,54
2724,Hamza Raza,Rawalpindi,03406155600,39
2725,Bilal Hussain,Rawalpindi,03626226381,36
2726,Maryam Javed,Peshawar,03289062228,40
2727,Bilal Hussain,Lahore ,03716075935,36
2728,Usman Tariq,Lahore,03978038743,20
2729,Nida Farooq,Islamabad,03614643352,58
2730,Rabia Aslam,Hyderabad---,,37
2731,Maryam Javed,Peshawar,03114439989,29
2732,Hassan Ali,Rawalpindi,,39
2733,Maryam Javed,Rawalpindi,03471329036,42
2734,Maryam Javed,Lahore,03391151938,42
2735,Nida Farooq,Faisalabad,03102895512,31
2736,Hina Rashid,Lahore??,03395960634,59
2737,Hamza Raza,Rawalpindi,03669397769,58
2738,Sara Malik,Hyderabad,03278223133,45
2739,Usman Tariq,Hyderabad,03334959057,42
2740,Bilal Hussain,Faisalabad,03961657304,42
2741,Imran Qureshi,Faisalabad,03128986874,22
2742,Sana Shamim,Peshawar,03446740951,43
2743,Usman Tariq,Multan,03757689659,57
2744,Ahmed Khan,Multan,03381274761,53
2745,Nimra Rehman,Quetta ,03651294049,47
2746,Khalid Mehmood,Rawalpindi,03314269532,41
2747,Rabia Aslam,Rawalpindi,03131659119,32
2748,Sara Malik,Lahore,03261007794,41
2749,Shahid Anwar,Lahore,03314796192,39
2750,Nida Farooq,Lahore,03146752123,44
2751,Khalid Mehmood,Islamabad,03766633446,18
2752,Bilal Hussain,Peshawar,03212400477 ,21
2753,Nimra Rehman,Peshawar,03746995506,53
2754,Nimra Rehman,Peshawar??,03154482250,53
2755,Nida Farooq,Hyderabad,03966424792,45
2756,Bilal Hussain,Faisalabad,03984310550,49
2757,Fatima Noor,Karachi,03773552970,43
2758,Nimra Rehman,Multan,03474965812,22
2759,Hina Rashid,Quetta,03787040808,22
2760,Maryam Javed,Multan,03616234217,50
2761,Maryam Javed,Lahore,03512850567,46
2762,Sana Shamim,Islamabad,03387120759,60
2763,Sara Malik,Rawalpindi,03236793817,53
2764,Khalid Mehmood,Karachi,03279479186,25
2765,Hina Rashid,Multan,03957618681,26
2766,Ahmed Khan,Lahore,03403277486,18
2767,Adnan Iqbal,,03946210477---,27
2768,Zara Sheikh,Multan,03437626026,45
2769,Sara Malik,Multan,03436641045,52
2770,Zara Sheikh,Peshawar,,21
2771,Bilal Hussain,Rawalpindi---,03875506141,56
2772,Nimra Rehman,Multan,03271047825,46
2773,Rabia Aslam,Peshawar,03901666203,58
2774,Adnan Iqbal,Karachi,03676425587,56
2775,Fatima Noor,Hyderabad,03885901293,58
2776,Tariq Mahmood,,03917811700??,45
2777,Hamza Raza,Hyderabad,03812215838,44
2778,Ayesha Siddiqui,Hyderabad,03587519156---,35
2779,Nimra Rehman,Karachi,03328596402,34
2780,Rabia Aslam,Peshawar,03824109911,35
2781,Rabia Aslam,Peshawar,03523562757,32
2782,Imran Qureshi,Peshawar,03553403454,41
2783,Adnan Iqbal,Quetta,03903128450,20
2784,Hassan Ali,Hyderabad,03847582511,56
2785,Usman Tariq,Islamabad,03953186225??,29
2786,Khalid Mehmood,Rawalpindi,,50
2787,Adnan Iqbal,Multan,03191084948,33
2788,Rabia Aslam,Karachi,,41
2789,Usman Tariq,,03295118082,41
2790,Khalid Mehmood,Hyderabad,03455569007,47
2791,Ahmed Khan,,03694403758,45
2792,Hamza Raza,Peshawar,03797792636??,36
2793,Maryam Javed,Islamabad,03234792266,22
2794,Shahid Anwar,Peshawar,03197200810,37
2795,Zara Sheikh,Quetta,03517830241,46
2796,Nimra Rehman,Hyderabad,03679393931,42
2797,Ahmed Khan,Quetta,03888987693,56
2798,Sana Shamim,Rawalpindi,03582479316,44
2799,Zara Sheikh,,03291149411,39
2800,Ayesha Siddiqui,Karachi,03191885597,37
2801,Khalid Mehmood,Karachi ,03379471574,44
2802,Tariq Mahmood,Faisalabad,03612430857,56
2803,Ayesha Siddiqui,,03623944942,54
2804,Sana Shamim,Multan,03477525160,54
2805,Hina Rashid,Lahore,03269531142---,53
2806,Ahmed Khan,Faisalabad,03173091339,52
2807,Ahmed Khan,Multan,,39
2808,Bilal Hussain,,,57
2809,Nida Farooq,Lahore,03149051219,18
2810,Zara Sheikh,Karachi,03159852004,23
2811,Maryam Javed,Islamabad,03762740581---,37
2812,Nimra Rehman,,03553850293,36
2813,Rabia Aslam,Peshawar,03592224496,18
2814,Sana Shamim,Faisalabad,03361703538??,47
2815,Ayesha Siddiqui,Islamabad,03614386425,29
2816,Imran Qureshi,Rawalpindi,03532945936,37
2817,Nida Farooq,Islamabad,03653087590,41
2818,Shahid Anwar,Rawalpindi,03182562519,42
2819,Sana Shamim,Rawalpindi,03619628660,31
2820,Ayesha Siddiqui,Quetta,03491014079,37
2821,Imran Qureshi,Quetta,03719395307,38
2822,Fatima Noor,Rawalpindi,03166638510,55
2823,Usman Tariq,Rawalpindi,03325454363,22
2824,Rabia Aslam,Multan,03365688524,44
2825,Imran Qureshi,Hyderabad,03183263657,41
2826,Rabia Aslam,Faisalabad,03152571625,44
2827,Tariq Mahmood,Lahore,03308818612,22
2828,Ayesha Siddiqui,Peshawar,,20
2829,Zara Sheikh,Islamabad,03218806466,49
2830,Shahid Anwar,Faisalabad,03959831065,40
2831,Nida Farooq,Rawalpindi,03715304884,45
2832,Hassan Ali,Rawalpindi,03113968288,45
2833,Ahmed Khan,Peshawar,03669035317,37
2834,Tariq Mahmood,Quetta,03589749555 ,33
2835,Maryam Javed,Faisalabad,03328980996,29
2836,Zara Sheikh,Rawalpindi,03144076259,21
2837,Hina Rashid,Islamabad,03824311906,41
2838,Adnan Iqbal,Peshawar,03597499114,23
2839,Ayesha Siddiqui,Karachi,03836200825,41
2840,Maryam Javed,Hyderabad,03491206844,35
2841,Tariq Mahmood,Faisalabad,03738134474,48
2842,Shahid Anwar,Rawalpindi,03407505162,41
2843,Bilal Hussain,Multan,03791225632,28
2844,Usman Tariq,Peshawar,03247862069,22
2845,Bilal Hussain,Peshawar,03353949181,43
2846,Tariq Mahmood,Hyderabad,03643269554,36
2847,Sara Malik,Multan,03358770160,22
2848,Adnan Iqbal,Peshawar,,31
2849,Adnan Iqbal,Multan,03534558905,25
2850,Usman Tariq,,03729066261??,45
2851,Shahid Anwar,Multan,03784752364,28
2852,Shahid Anwar,Hyderabad,03955323755,20
2853,Hina Rashid,Islamabad,03591984283??,36
2854,Adnan Iqbal,Rawalpindi,03474823389,33
2855,Bilal Hussain,Lahore,03704883410,58
2856,Hina Rashid,Multan,03799250119,20
2857,Shahid Anwar,,03908058410,54
2858,Sana Shamim,Lahore,03369227575,40
2859,Hassan Ali,Hyderabad,03608611000,51
2860,Hina Rashid,Islamabad,03496777531,52
2861,Khalid Mehmood,Multan,03227374101,28
2862,Bilal Hussain,Hyderabad,03611694006,59
2863,Shahid Anwar,Hyderabad,03895408800,48
2864,Shahid Anwar,Karachi,03112300848,37
2865,Khalid Mehmood,Quetta,03554884170,49
2866,Khalid Mehmood,,03648484802,45
2867,Hina Rashid,Rawalpindi,03213881551,23
2868,Sana Shamim,,03331225974,45
2869,Khalid Mehmood,Quetta,03922187989---,34
2870,Fatima Noor,Multan,03721906598,30
2871,Imran Qureshi,Rawalpindi,03777277038,58
2872,Sara Malik,,03693693018,20
2873,Sana Shamim,Multan??,03485187432,24
2874,Nimra Rehman,Rawalpindi,03959569387,27
2875,Shahid Anwar,Islamabad,03298301288,42
2876,Adnan Iqbal,Faisalabad,,43
2877,Zara Sheikh,Quetta,03724908307,24
2878,Shahid Anwar,Peshawar,03253574199,36
2879,Hina Rashid,Multan,03272799851,43
2880,Hina Rashid,Quetta,03175136733??,56
2881,Sara Malik,Karachi,03223266894,33
2882,Fatima Noor,Faisalabad,03671924158,36
2883,Khalid Mehmood,Rawalpindi,03631736479,40
2884,Rabia Aslam,Karachi,03571407774,32
2885,Hassan Ali,Quetta,03711383830,50
2886,Hassan Ali,Lahore,03433505512,28
2887,Usman Tariq,Islamabad,03328997815,28
2888,Fatima Noor,Islamabad,03789157800,40
2889,Nimra Rehman,Lahore,03667465625,30
2890,Shahid Anwar,Quetta,03197365283,55
2891,Bilal Hussain,Lahore,03549896557,33
2892,Khalid Mehmood,Lahore,03368789009,21
2893,Hassan Ali,Karachi,03144311979,40
2894,Nida Farooq,Faisalabad,03511514663,34
2895,Khalid Mehmood,Peshawar,03359841572,54
2896,Nida Farooq,Faisalabad,03285374960,50
2897,Sana Shamim,Peshawar,03741978169,48
2898,Sana Shamim,Hyderabad,03553679199,39
2899,Sana Shamim,Hyderabad,03792484192,56
2900,Khalid Mehmood,Quetta,03497880192,57
2901,Shahid Anwar,Hyderabad,03667786947,46
2902,Hina Rashid,Quetta,03694131066,49
2903,Maryam Javed,Lahore,03535339050,41
2904,Sara Malik,Karachi ,03296252713,34
2905,Hamza Raza,Peshawar,03131910155,32
2906,Hamza Raza,Faisalabad,03637758132,35
2907,Zara Sheikh,Multan,03645251334,51
2908,Ahmed Khan,Quetta---,03135300184,48
2909,Ayesha Siddiqui,Faisalabad,03431149697,41
2910,Nimra Rehman,Karachi,03926896166,33
2911,Imran Qureshi,Peshawar,03715333589,30
2912,Khalid Mehmood,Karachi,03113980098,26
2913,Hassan Ali,Islamabad,03835482407,51
2914,Hina Rashid,Lahore,03189724267,36
2915,Hassan Ali,Hyderabad,03234889451,57
2916,Shahid Anwar,Islamabad,,45
2917,Nimra Rehman,,03951297473,23
2918,Sana Shamim,Lahore,03424313291,60
2919,Nida Farooq,Islamabad,03304039593,19
2920,Maryam Javed,Lahore,03967660444,56
2921,Shahid Anwar,Multan,03153048707---,49
2922,Ayesha Siddiqui,Quetta,03138357735,42
2923,Nimra Rehman,Quetta,03405767152,24
2924,Shahid Anwar,Rawalpindi,03951643808,40
2925,Usman Tariq,Hyderabad,03983987498,56
2926,Ahmed Khan,Islamabad,03564734310,33
2927,Sara Malik,,03718221943,54
2928,Ahmed Khan,Quetta,03313693497,43
2929,Rabia Aslam,Rawalpindi,03382809090,46
2930,Imran Qureshi,Quetta,03273657697,24
2931,Maryam Javed,,03156424340,38
2932,Hamza Raza,Karachi,03892379899,59
2933,Adnan Iqbal,Rawalpindi,03423662464,30
2934,Zara Sheikh,Multan,03624352546,42
2935,Hassan Ali,Lahore,03455926632,33
2936,Adnan Iqbal,Karachi ,03697653495,44
2937,Nimra Rehman,Islamabad,03299827606,45
2938,Maryam Javed,Lahore,03549530370,43
2939,Zara Sheikh,Multan,03314978749,56
2940,Fatima Noor,Hyderabad,03951492608,22
2941,Nimra Rehman,Islamabad,03335155238,26
2942,Maryam Javed,,03183766820,21
2943,Tariq Mahmood,Faisalabad,03481288515,35
2944,Zara Sheikh,Multan??,03327034896,41
2945,Zara Sheikh,Faisalabad,03459996108,43
2946,Khalid Mehmood,Lahore,03532671737,41
2947,Hina Rashid,Faisalabad,03128362572,52
2948,Nimra Rehman,Peshawar,03763124447,35
2949,Shahid Anwar,Multan---,03323437999,37
2950,Hina Rashid,Peshawar??,03799675443,53
2951,Sana Shamim,Karachi,03631795254,22
2952,Imran Qureshi,Quetta,,49
2953,Ahmed Khan,Islamabad,03943737655,42
2954,Hassan Ali,Lahore,03165678455,29
2955,Fatima Noor,Multan,03674638626,30
2956,Hamza Raza,Rawalpindi,03338757189??,41
2957,Rabia Aslam,Lahore,03288614929,20
2958,Fatima Noor,Multan,03973933394,36
2959,Shahid Anwar,Hyderabad,03597328272,30
2960,Rabia Aslam,Hyderabad,03169477592,21
2961,Maryam Javed,Multan,03211982794,45
2962,Hassan Ali,Lahore,03123108060,41
2963,Rabia Aslam,Quetta,03913520639,60
2964,Hina Rashid,Peshawar,03461248434,54
2965,Ayesha Siddiqui,Lahore,03789806292,33
2966,Ayesha Siddiqui,Peshawar,03287320632,51
2967,Adnan Iqbal,Hyderabad,03349215509,45
2968,Adnan Iqbal,Islamabad,03213151643,24
2969,Imran Qureshi,,03499137661??,45
2970,Nimra Rehman,Rawalpindi,03982294885,24
2971,Fatima Noor,Peshawar,03799063476,26
2972,Hamza Raza,Karachi,03973799787,29
2973,Zara Sheikh,Peshawar,,26
2974,Ayesha Siddiqui,Hyderabad,03927678902,18
2975,Nida Farooq,Peshawar,03644973474,46
2976,Ayesha Siddiqui,Islamabad,03409357076,30
2977,Ahmed Khan,Rawalpindi,03441701849,19
2978,Zara Sheikh,Lahore,03686915613,42
2979,Nida Farooq,Multan,03259584437,53
2980,Hamza Raza,Lahore,03357776765,34
2981,Zara Sheikh,Karachi,03968342799,34
2982,Nida Farooq,Peshawar,03911990182,22
2983,Khalid Mehmood,Islamabad,03129774015,36
2984,Zara Sheikh,Quetta,03749850700,21
2985,Shahid Anwar,,03762793527,58
2986,Tariq Mahmood,Islamabad,03876277104,43
2987,Shahid Anwar,Lahore,03203123087,56
2988,Khalid Mehmood,Rawalpindi,03125092948,37
2989,Nimra Rehman,Quetta,03301574279,44
2990,Usman Tariq,Peshawar,03993728657,56
2991,Hassan Ali,Karachi,03995029497??,49
2992,Shahid Anwar,Islamabad,03771483508,43
2993,Usman Tariq,Multan,03162659016,26
2994,Hassan Ali,Rawalpindi,03626891732,43
2995,Hassan Ali,Karachi,03345259823,33
2996,Shahid Anwar,Hyderabad,03588425808,42
2997,Zara Sheikh,Quetta,03626851818,38
2998,Shahid Anwar,Quetta,03699208589,26
2999,Hamza Raza,Lahore,03742891582,23
3000,Sara Malik,Hyderabad,,39
