sale_id,product_id,customer_id,quantity,price,date
1,84,1077,2,468.69,2025-05-19
2,92,1243,3,261.06,2025-05-19
3,449,2156??,5,944.0,2025-05-19
4,98,18 ,1,332.9,2025-05-19
5,,911,1,None??,2025-05-19
6,203,2567,1,897.73,2025-05-19
7,143,2488,1,181.27,2025-05-19
8,177,1836 ,4,652.82,2025-05-19
9,141,1812,2,602.55,2025-05-19
10,43,,1,152.82,2025-05-19
11,36,2229,3,752.87,2025-05-19
12,335,1083,4,242.79,2025-05-19
13,467,1737,1,943.44,2025-05-19
14,37,,,786.8,2025-05-19
15,179,21,2,355.87,2025-05-19
16,468,1402,1,388.65,2025-05-19
17,80,509,2,402.48,2025-05-19
18,17,1196,3,1024.6,2025-05-19
19,34,1294,4,378.62,2025-05-19
20,415---,765,1,649.87,2025-05-19
21,211,124,5,527.98---,2025-05-19
22,248,78,2,452.25,2025-05-19
23,362,1809,3,763.92,2025-05-19
24,457,1796---,1,353.85,2025-05-19
25,151,2274,1,603.39,2025-05-19
26,303,26,1,261.07,2025-05-19
27,467,918,2---,943.44,2025-05-19
28,25,2660,1??,357.09,2025-05-19
29,46,2389,2,745.3,2025-05-19
30,,1562,1,402.48,2025-05-19
31,236,2745,5,589.35,2025-05-19
32,270,563,4,298.5,2025-05-19
33,428,1612,5,856.4,2025-05-19
34,454,2656,2,690.74,2025-05-19
35,486,1123,1,860.43 ,2025-05-19
36,303,1174,3,261.07,2025-05-19
37,371,136,1,348.36,2025-05-19
38,15,595,5,815.2,2025-05-19
39,376,1074,5,884.87,2025-05-19
40,257 ,1420,1,528.85,2025-05-20
41,108,2678,5,528.81,2025-05-20
42,209,767,3,748.09,2025-05-20
43,55,781,1,182.86,2025-05-20
44,208,2628,5,529.71??,2025-05-20
45,192,2728,4,595.75,2025-05-20
46,262,2468,1,75.74---,2025-05-20
47,87,586,2,379.38,2025-05-20
48,315,1517,2,727.37,2025-05-20
49,86,422,2,,2025-05-20
50,385,704,1,509.11,2025-05-20
51,427,2604,,522.79,2025-05-20
52,410,1305,5,81.87,2025-05-20
53,171,68,1,914.96,2025-05-20
54,178,1256,5,934.32,2025-05-20
55,182,2346,1,378.55 ,2025-05-20
56,58,1964,2,994.69,2025-05-20
57,112,1642,2,110.65,2025-05-20
58,338,1438,4,187.05,2025-05-20
59,68,2957,3,817.14,2025-05-20
60,451,2692,1,442.94,2025-05-20
61,340,2288,1,575.1---,2025-05-20
62,370,804,2,604.48,2025-05-20
63,151,1743,4,603.39,2025-05-20
64,375,2622,1---,360.24,2025-05-20
65,448,110,1---,459.14,2025-05-20
66,341,2855,5,389.03,2025-05-20
67,27??,2815,1,463.93,2025-05-20
68,53,199,,552.85,2025-05-20
69,466,452,,760.02,2025-05-20
70,436,2711,1,544.14,2025-05-20
71,91,2602,1,230.02,2025-05-20
72,75,2737,5,899.45,2025-05-20
73,140,407,3,822.22,2025-05-20
74,12,2635,1,810.58,2025-05-20
75,212,1591,1,952.19,2025-05-20
76,306,1836,,132.33,2025-05-20
77,322,2657,4,253.21,2025-05-20
78,257,2583,2,528.85---,2025-05-20
79,319??,541,1,690.64,2025-05-20
80,159,510,1,237.25,2025-05-20
81,,2659,2,479.02,2025-05-20
82,295,1991,1,368.63,2025-05-20
83,122,627,5,392.48,2025-05-20
84,77,1438,3,975.6??,2025-05-20
85,380,835,5,728.24,2025-05-20
86,324,,5,829.29,2025-05-20
87,277,2000,1,840.11,2025-05-20
88,,1499,2,487.7??,2025-05-20
89,390,2058,1,,2025-05-20
90,,1402,5,211.51,2025-05-20
91,257,1130,4,528.85,2025-05-20
92,170,,3,700.59,2025-05-20
93,433,454,3,,2025-05-20
94,8,,5,335.13,2025-05-20
95,27,1646,1,463.93,2025-05-20
96,455,269,1,167.11,2025-05-20
97,1,904,2 ,715.23,2025-05-20
98,408,1294,2,643.91,2025-05-20
99,315,,2,727.37 ,2025-05-20
100,457,2383,10,353.85,2025-05-20
101,64,215,1,149.34,2025-05-20
102,81,305,5,427.72---,2025-05-20
103,,688,2,,2025-05-20
104,349,1214 ,20,,2025-05-20
105,11,746,1,491.64,2025-05-20
106,263,,3,541.16,2025-05-20
107,300,383,2,783.08---,2025-05-20
108,266,2950,1,401.69,2025-05-20
109,397,2322,1,637.91,2025-05-20
110,359,1144,1,93.44,2025-05-20
111,78,802,3,555.77??,2025-05-20
112,285,,3,535.38,2025-05-20
113,324,424,2,829.29,2025-05-20
114,346,1378,4,555.77,2025-05-20
115,456,1141,10,528.57,2025-05-20
116,428,2458,5,856.4,2025-05-20
117,9??,463,4,606.63,2025-05-20
118,237,1653,1,57.57??,2025-05-20
119,,1558,3,475.17,2025-05-20
120,390,789,4,,2025-05-20
121,320,1969,5,438.03,2025-05-20
122,7,1769,1,378.16,2025-05-20
123,347,1593,1,280.08,2025-05-20
124,289,1840 ,2,,2025-05-20
125,349,164,1,464.38,2025-05-20
126,87,1685,3,379.38,2025-05-20
127,45---,2658,2,,2025-05-20
128,310,2008,2,723.09 ,2025-05-20
129,213,1744,1,932.88 ,2025-05-20
130,114,1075,1,583.63,2025-05-20
131,296,,4,871.21,2025-05-20
132,98,2730,2,332.9,2025-05-20
133,314,1613,3,785.07,2025-05-20
134,385,2014,2,509.11,2025-05-20
135,226,353,3,209.79,2025-05-20
136,325,2842,20,661.39,2025-05-20
137,48---,415,,,2025-05-20
138,353,2667,2,709.75,2025-05-20
139,119,1823,10,1025.32,2025-05-20
140,214,267,1,225.33,2025-05-20
141,478,171,3,537.53,2025-05-20
142,37,2664,20,786.8---,2025-05-20
143,315,,4,727.37,2025-05-20
144,190,,2,461.29,2025-05-20
145,174,2524??,5,503.59,2025-05-20
146,376,1290,4,884.87---,2025-05-20
147,273,448,1,84.32,2025-05-20
148,400---,,20,503.19,2025-05-20
149,335,1039,3,242.79,2025-05-20
150,307,2196,1,432.28,2025-05-20
151,129---,946,2,392.23,2025-05-21
152,347,2901,1,280.08,2025-05-21
153,152,2975,4??,,2025-05-21
154,432,1620,3,398.64,2025-05-21
155,425,303,10,99.98,2025-05-21
156,424,820,3,607.96,2025-05-21
157,61,1121,4,116.62,2025-05-21
158,250,2705,1,119.79,2025-05-21
159,308,2953,2,281.83,2025-05-21
160,14,1840,1,546.15,2025-05-21
161,79,294,1,567.8,2025-05-21
162,35,2252,1,198.91,2025-05-21
163,119,,1,1025.32,2025-05-21
164,72,2041,2,163.35,2025-05-21
165,120,2476,1,,2025-05-21
166,2,1670,10,566.23,2025-05-21
167,464,253,1,967.59,2025-05-21
168,148,832,10,,2025-05-21
169,394,1460,3,554.78,2025-05-21
170,124,2368,5,887.58,2025-05-21
171,267,100,4,839.54,2025-05-21
172,498,1983,3,,2025-05-21
173,320,,2,438.03,2025-05-21
174,241,2000,2,218.0,2025-05-21
175,80??,2499,2,402.48,2025-05-21
176,141,2910,1,602.55,2025-05-21
177,24,1824,1,891.92,2025-05-21
178,,2790,1,478.74,2025-05-21
179,228,296,1,496.54,2025-05-21
180,237,,2,57.57??,2025-05-21
181,486,2217,1,860.43 ,2025-05-21
182,406,226,2,532.33,2025-05-21
183,384,1954??,,855.34---,2025-05-21
184,387,1400,,680.0,2025-05-21
185,30,1115,5,334.63,2025-05-21
186,177,873,4,652.82,2025-05-21
187,72---,772,,163.35,2025-05-21
188,389,1254,1,499.35 ,2025-05-21
189,425,749,4,99.98,2025-05-21
190,118,,2,737.58,2025-05-21
191,353,1950,5,709.75,2025-05-21
192,,2629,1,891.92,2025-05-21
193,8,725,3,335.13,2025-05-21
194,23,2764,2,719.34,2025-05-21
195,421,643,2,618.46,2025-05-21
196,442,224,2,914.26,2025-05-21
197,480,,2,702.9,2025-05-21
198,4,1216,2,587.27,2025-05-21
199,156,2337,2,,2025-05-21
200,218,2217,5,736.29,2025-05-21
201,83??,1485,3,706.86,2025-05-21
202,116,99,20,280.21,2025-05-21
203,301,2136,3,256.11,2025-05-21
204,428,,3,856.4,2025-05-21
205,213,2663,20,932.88,2025-05-21
206,219,2195,1,604.87,2025-05-21
207,185,1980,2,542.3,2025-05-21
208,422,1231,2,312.04,2025-05-21
209,494,2981,4,510.63,2025-05-21
210,451,1973,4,442.94,2025-05-21
211,309,803,3,645.12,2025-05-21
212,290,174,2,774.21,2025-05-21
213,82,510,20,535.76,2025-05-21
214,27,1434,5,463.93,2025-05-21
215,29,1449,,361.73,2025-05-21
216,99,1260,1,328.52,2025-05-21
217,343,1473,1,806.55,2025-05-21
218,408---,2084,1,643.91,2025-05-21
219,,2340,10,160.65,2025-05-21
220,253,556,1,550.0,2025-05-21
221,239,633,2,311.41---,2025-05-21
222,312,2408,1,692.62,2025-05-21
223,8,620,2,335.13,2025-05-21
224,277,1563,1,840.11,2025-05-21
225,500,2463,2,932.15,2025-05-21
226,404,2869,4,,2025-05-21
227,420,2433 ,1,694.13,2025-05-21
228,461,292,1,292.66,2025-05-21
229,240,2352,3,841.37,2025-05-21
230,329,514,3,589.72,2025-05-21
231,78,909,1,555.77,2025-05-21
232,,,1 ,690.64,2025-05-21
233,146,44,3,266.77,2025-05-21
234,153,1707,1,118.03,2025-05-21
235,221,2700,1,981.95,2025-05-21
236,472,2223,1,105.21---,2025-05-21
237,330,519,1,558.84,2025-05-21
238,206,434,1,401.24,2025-05-21
239,494,556,2,510.63,2025-05-21
240,286,2231---,4,775.93,2025-05-21
241,294,1757,2,739.48,2025-05-21
242,,2832,2,882.83,2025-05-21
243,402??,1357,20,851.77,2025-05-21
244,194,266,2,154.3,2025-05-21
245,108---,1670,5,528.81,2025-05-21
246,375,319,1,360.24,2025-05-21
247,84,1710,,468.69,2025-05-21
248,209,198,1,748.09,2025-05-21
249,131,1668,3,554.81,2025-05-21
250,344,1219,1,925.4,2025-05-21
251,380,1548,2,728.24,2025-05-21
252,214,89,1,225.33,2025-05-21
253,212,1717,1,952.19,2025-05-21
254,195,2551??,,,2025-05-21
255,57,866,3 ,222.83,2025-05-21
256,147,11 ,3,755.36,2025-05-21
257,498,2912,1,369.08,2025-05-21
258,224,481,2,835.41,2025-05-21
259,276 ,224,2,404.73,2025-05-21
260,45,,2,,2025-05-21
261,147,2869,5,755.36,2025-05-21
262,82,977---,4,535.76,2025-05-22
263,344,1860,3,925.4,2025-05-22
264,271,1097,1,590.56,2025-05-22
265,130,2609,2,839.05,2025-05-22
266,108,2188,1,528.81,2025-05-22
267,158??,618,1,872.08,2025-05-22
268,329,1309,2,589.72,2025-05-22
269,415,330,2,649.87,2025-05-22
270,376,916??,3 ,884.87,2025-05-22
271,28,2519,4,699.64,2025-05-22
272,36,1083,3,752.87,2025-05-22
273,118,2947,1,737.58,2025-05-22
274,,800,2,585.54,2025-05-22
275,398,2414,1,229.92,2025-05-22
276,130,26,10,839.05,2025-05-22
277,,1233,1,466.97,2025-05-22
278,326,1541,1,648.98,2025-05-22
279,137,1989,1,247.12,2025-05-22
280,381,368,5,65.2??,2025-05-22
281,155,1740,1,657.22,2025-05-22
282,491,2173,1 ,874.7,2025-05-22
283,24,2426,2,891.92,2025-05-22
284,456,2433,,528.57,2025-05-22
285,406,463,1,532.33,2025-05-22
286,197,2143,,570.36,2025-05-22
287,186---,,4,873.65,2025-05-22
288,260,521,1,517.98 ,2025-05-22
289,191,1518,2,493.52,2025-05-22
290,162,1103,4,669.67,2025-05-22
291,436,2630,2,544.14,2025-05-22
292,159,1971,5,237.25,2025-05-22
293,398,861,10,,2025-05-22
294,494,230,4,,2025-05-22
295,294,2143,2,739.48,2025-05-22
296,162,2817,,669.67,2025-05-22
297,291,1869,4,722.08,2025-05-22
298,462,2199,2,754.85,2025-05-22
299,76,2571,1,157.63,2025-05-22
300,459,57,1,621.08,2025-05-22
301,59---,741,,474.39,2025-05-22
302,456,2383,10,528.57,2025-05-22
303,98,17,1,332.9,2025-05-22
304,148,288,5,,2025-05-22
305,500,2712,5,932.15,2025-05-22
306,223,2498,1,679.14,2025-05-22
307,,495,4,689.11,2025-05-22
308,9,2341,2,606.63,2025-05-22
309,347,2330,2,280.08,2025-05-22
310,129,2197---,1,392.23,2025-05-22
311,371,1757,3 ,348.36,2025-05-22
312,401,943,5,457.8,2025-05-22
313,121,248,3,653.67,2025-05-22
314,318,60,2,311.94,2025-05-22
315,29,1420,3,361.73,2025-05-22
316,298,904,3,162.53,2025-05-22
317,118,441,,737.58,2025-05-22
318,276,1168,1,404.73,2025-05-22
319,54,,2,472.78,2025-05-22
320,137 ,325,2,,2025-05-22
321,160,779,1---,,2025-05-22
322,270,2873,2,298.5,2025-05-22
323,20,224,5,100.09,2025-05-22
324,50,2797,5,1007.57,2025-05-22
325,276,1213,2,404.73,2025-05-22
326,99,114,1,328.52,2025-05-22
327,11,1120,1,491.64,2025-05-22
328,457,1186,3,353.85 ,2025-05-22
329,333,2749,2,418.84,2025-05-22
330,76,804,2,157.63,2025-05-22
331,,1029,5,85.62,2025-05-22
332,108,,2,528.81,2025-05-22
333,397,2899,1,637.91,2025-05-22
334,169,2784,5,257.94,2025-05-22
335,210,2075,2,928.31,2025-05-22
336,481,1415,2,,2025-05-22
337,276,1443??,1,404.73,2025-05-22
338,278,966,3,349.92 ,2025-05-22
339,131,1865,1---,,2025-05-22
340,167,836,2,321.07,2025-05-22
341,93,2573,2,,2025-05-22
342,216,429,4,465.22,2025-05-22
343,288,818,1,448.78,2025-05-22
344,12,2845,3,,2025-05-22
345,,548,2,585.54,2025-05-22
346,324,2051,5,829.29,2025-05-22
347,284,173,,564.02,2025-05-22
348,10,559,1,173.6,2025-05-22
349,385,2467,2,509.11,2025-05-22
350,103,1177,5,399.04 ,2025-05-22
351,181,,1,508.98,2025-05-22
352,361,2930,1,319.21,2025-05-22
353,269??,2518,3,617.46,2025-05-22
354,425,1213,2,99.98,2025-05-22
355,365,1626,4,776.68,2025-05-22
356,452,1393,5,985.54,2025-05-22
357,60??,2695,4,606.21,2025-05-22
358,397,2200,2,637.91,2025-05-22
359,363,2437,,92.9,2025-05-22
360,239,1607,1,311.41,2025-05-22
361,184,1684,1,707.97,2025-05-22
362,272,1608,,196.75,2025-05-22
363,88,1151,2,211.51,2025-05-22
364,376,2650,2,884.87,2025-05-22
365,234,2237,1,604.44,2025-05-22
366,199,1132 ,,,2025-05-22
367,435,2083,3,972.91,2025-05-22
368,471,1868,1,766.82,2025-05-22
369,360,2137,3 ,315.18,2025-05-22
370,418,127,2,394.38,2025-05-22
371,130,2403,1,839.05,2025-05-22
372,130---,1234,3??,839.05,2025-05-22
373,430,781,2,815.38,2025-05-23
374,207,1215,4,771.97,2025-05-23
375,261---,2098,1,982.83,2025-05-23
376,39,336,1,228.38,2025-05-23
377,84,2555---,3??,,2025-05-23
378,394,1552,1,554.78,2025-05-23
379,247 ,1178,4,,2025-05-23
380,368,1156,2,614.3,2025-05-23
381,129,2951,1,392.23,2025-05-23
382,207,1214,2,771.97,2025-05-23
383,364,744,2,531.62,2025-05-23
384,73,1049,1,831.62,2025-05-23
385,433,1084,5,494.44,2025-05-23
386,414,597,1,245.35,2025-05-23
387,38,,1,147.85,2025-05-23
388,166,396,4,906.51,2025-05-23
389,468,2973,,388.65,2025-05-23
390,250,1514,5,119.79,2025-05-23
391,200,1598,3---,,2025-05-23
392,17,2911,4,1024.6,2025-05-23
393,441,221,1,773.78,2025-05-23
394,99,2509,1,328.52,2025-05-23
395,,829,2,79.99,2025-05-23
396,3,702,3,311.35---,2025-05-23
397,93,259,3,,2025-05-23
398,438,35,2,825.65,2025-05-23
399,469,1539,1,953.09,2025-05-23
400,131,,5,554.81,2025-05-23
401,166,1981,1??,906.51,2025-05-23
402,461,531,1,292.66,2025-05-23
403,460,,2,895.71,2025-05-23
404,102,1393,3,873.82---,2025-05-23
405,9,1338,1,606.63,2025-05-23
406,473,1868,1,123.99,2025-05-23
407,136,579,2,,2025-05-23
408,389,128,1,499.35,2025-05-23
409,177,,3,652.82,2025-05-23
410,58,1990,2,994.69,2025-05-23
411,260,1500,1,517.98 ,2025-05-23
412,163,2067,,435.68,2025-05-23
413,190,2575,2,461.29,2025-05-23
414,485,682,,306.85,2025-05-23
415,45,896,2,,2025-05-23
416,69,257,4,373.1,2025-05-23
417,8,1999,5,335.13,2025-05-23
418,99,1755,10,,2025-05-23
419,136,713,3,787.54,2025-05-23
420,40,884,20,727.08,2025-05-23
421,204,2794,3,,2025-05-23
422,206,160,3,401.24,2025-05-23
423,255,1228,4,246.39,2025-05-23
424,368,2431,2,614.3,2025-05-23
425,406,2301,1,532.33,2025-05-23
426,177,1793,4,652.82,2025-05-23
427,257,288,5,528.85,2025-05-23
428,92,483,2,,2025-05-23
429,94,2515,3,996.96,2025-05-23
430,73,2862,2,831.62,2025-05-23
431,365,1768,1,776.68,2025-05-23
432,241,1444,5,218.0,2025-05-23
433,241,1106,1??,218.0,2025-05-23
434,455,1944,3,167.11,2025-05-23
435,207,1541,1,771.97,2025-05-23
436,413,272,1,488.56,2025-05-23
437,184,2994,5,707.97,2025-05-23
438,363,211,1,92.9,2025-05-23
439,67,,1,123.92,2025-05-23
440,353,19,,709.75,2025-05-23
441,325??,59,2,661.39,2025-05-23
442,467,,3,943.44,2025-05-23
443,242,1550,1,732.54,2025-05-23
444,402,848,4,851.77,2025-05-23
445,493,1886,1,103.44??,2025-05-23
446,41,1580,1,120.07,2025-05-23
447,371,2040,1,348.36,2025-05-23
448,301,681,3,256.11,2025-05-23
449,423,171,1,712.19,2025-05-23
450,212,2672,1,952.19,2025-05-23
451,331,2362,2,468.72,2025-05-23
452,119,826,1,1025.32,2025-05-23
453,492,2867,2,847.03,2025-05-23
454,264,2159,1,758.53,2025-05-23
455,408,1773,1,643.91,2025-05-23
456,264,927,4,758.53,2025-05-23
457,271,2506,5,590.56,2025-05-23
458,322,1732,2,253.21,2025-05-23
459,298,718,1,162.53,2025-05-23
460,204,1349,3,,2025-05-23
461,158,2700,4,872.08,2025-05-23
462,363,332,5,92.9,2025-05-23
463,344,1834,1,,2025-05-23
464,441,,5,,2025-05-23
465,36,1439,3,752.87,2025-05-23
466,349,2021,2,464.38,2025-05-23
467,375,528,4,360.24,2025-05-23
468,389,509,1,499.35---,2025-05-23
469,235,1153,1,475.17---,2025-05-23
470,274,2473,10,186.15,2025-05-23
471,411,51,2,128.07,2025-05-23
472,319,1447,1,690.64,2025-05-23
473,153,,4,118.03,2025-05-23
474,397,1297,4,637.91,2025-05-23
475,462??,2386,2,754.85,2025-05-23
476,,2371,5,319.21,2025-05-23
477,27,280,2,,2025-05-23
478,196,1572,1,806.34,2025-05-23
479,293,1209,3,619.01,2025-05-23
480,244,1053,10,951.6,2025-05-23
481,360,293,1 ,,2025-05-23
482,286,1450,10,775.93,2025-05-23
483,223,1579,1,679.14,2025-05-23
484,458,2702 ,1,912.05---,2025-05-23
485,246,2206,4,108.35,2025-05-24
486,460,2383??,3,895.71,2025-05-24
487,341,1462,1,389.03,2025-05-24
488,202,20,2,480.12,2025-05-24
489,465,1656,3,441.81 ,2025-05-24
490,28,1442,20,699.64,2025-05-24
491,118,1994,2,,2025-05-24
492,394,,1,554.78??,2025-05-24
493,301,2478,2,256.11,2025-05-24
494,479,1115,5,361.65,2025-05-24
495,244,1776??,,951.6,2025-05-24
496,383,2973,1,682.42,2025-05-24
497,231,307,2---,585.37,2025-05-24
498,36,2119,2 ,752.87,2025-05-24
499,,1416,1,587.27,2025-05-24
500,451,72,4,442.94,2025-05-24
501,340,2973,4,575.1---,2025-05-24
502,426,2572,1,904.53,2025-05-24
503,145,2028,1,349.01,2025-05-24
504,351,1304,3,787.87,2025-05-24
505,497,2626,1,513.71,2025-05-24
506,497,2597,3,513.71,2025-05-24
507,246,1315,2,108.35,2025-05-24
508,217,1094,1,710.49,2025-05-24
509,124,2469,3,887.58,2025-05-24
510,100,1592,1,,2025-05-24
511,478,936,4,537.53,2025-05-24
512,399,2072,1,773.65,2025-05-24
513,365,1941,2 ,,2025-05-24
514,25,47,,357.09,2025-05-24
515,350,1857,1,659.64,2025-05-24
516,156,2806,3,399.02,2025-05-24
517,373,2330,5,186.09,2025-05-24
518,36,1834??,1,752.87,2025-05-24
519,264,2180,,758.53,2025-05-24
520,289,2113,1,,2025-05-24
521,269,1337,2,617.46,2025-05-24
522,180,1482,3,262.7,2025-05-24
523,114,2506,1,583.63,2025-05-24
524,127,2949,1,190.88,2025-05-24
525,302,2277,1,467.1,2025-05-24
526,490,631,1,,2025-05-24
527,71,2526,2,116.08,2025-05-24
528,203,1022,2,897.73,2025-05-24
529,292,718,2,160.65,2025-05-24
530,304,95,2,375.79,2025-05-24
531,438,776,3,825.65,2025-05-24
532,234,526,20,604.44,2025-05-24
533,86,175,2,903.56,2025-05-24
534,145,2096,1,349.01,2025-05-24
535,172,2874,2,927.62,2025-05-24
536,51,353,5,79.43,2025-05-24
537,15,,3,815.2,2025-05-24
538,138,2676,,641.47,2025-05-24
539,500,2530,4,932.15,2025-05-24
540,360---,336,3,315.18,2025-05-24
541,177---,1152,1,652.82,2025-05-24
542,424 ,2354,2 ,607.96,2025-05-24
543,274,64,1,186.15,2025-05-24
544,225,1651,1,711.78,2025-05-24
545,,2322,2,906.51,2025-05-24
546,285,2446,5,535.38,2025-05-24
547,473,23,3,123.99,2025-05-24
548,5,1010,1,201.09,2025-05-24
549,486,1403,4,860.43,2025-05-24
550,493,625,1,103.44??,2025-05-24
551,14,2180,1,546.15,2025-05-24
552,90,,1,191.16,2025-05-24
553,468,840,1,388.65,2025-05-24
554,137,924,2---,247.12,2025-05-24
555,411,522,1,128.07,2025-05-24
556,443,2578,5,,2025-05-24
557,244,1188,2,951.6,2025-05-24
558,53,173,1,552.85---,2025-05-24
559,146,1449,2,266.77,2025-05-24
560,382,2581,5,427.52,2025-05-24
561,396,2496,2---,629.9,2025-05-24
562,474,1858,4,,2025-05-24
563,197,826,4,570.36,2025-05-24
564,325,2742,1,661.39,2025-05-24
565,87,608,,379.38,2025-05-24
566,3,884,1??,311.35---,2025-05-24
567,80,1422,1,402.48,2025-05-24
568,296,2358,1,871.21,2025-05-24
569,17,2757,1,1024.6,2025-05-24
570,152,138,2,None---,2025-05-24
571,48,474,2,,2025-05-24
572,234,1049,3,604.44,2025-05-24
573,326,1984,3,648.98,2025-05-24
574,1,957,5,715.23,2025-05-24
575,61,607,2,116.62,2025-05-24
576,224,2253,3---,835.41,2025-05-24
577,429,884,1,299.59,2025-05-24
578,149,,4,487.7,2025-05-24
579,457,268,1,353.85,2025-05-24
580,32,992,1,478.74,2025-05-24
581,93,2846,10??,,2025-05-24
582,416,1485,,227.15,2025-05-24
583,200,1165---,4,,2025-05-24
584,292,594,2,160.65,2025-05-24
585,64??,2416,,,2025-05-24
586,308,2651,1,281.83,2025-05-24
587,244,2246,4,951.6,2025-05-24
588,203,2819,2,897.73,2025-05-24
589,14,1398,1,546.15??,2025-05-24
590,415,823,3,649.87,2025-05-24
591,189,412,,1027.84,2025-05-24
592,494,1853,1,510.63,2025-05-24
593,240,2513,2,841.37,2025-05-24
594,480,188,1,702.9,2025-05-24
595,172,2565,5,927.62,2025-05-24
596,136,2828,4,787.54,2025-05-25
597,484,1771,20,816.36,2025-05-25
598,287,1567,1,365.42,2025-05-25
599,405,739,,290.54,2025-05-25
600,7,540,1,378.16,2025-05-25
601,216,2346,1,465.22,2025-05-25
602,389,1742,3,499.35,2025-05-25
603,272,335,1,196.75,2025-05-25
604,273,,1,84.32,2025-05-25
605,450,464,1,325.2,2025-05-25
606,,650,2,108.35,2025-05-25
607,70,2287,1,624.95,2025-05-25
608,204,2877,3,,2025-05-25
609,178,1320,4,934.32,2025-05-25
610,78,2086,,555.77,2025-05-25
611,396,1015,2 ,629.9??,2025-05-25
612,52??,89,3,782.67,2025-05-25
613,477,2851,1,168.82,2025-05-25
614,446,2,1,85.62,2025-05-25
615,298,1044,3,162.53,2025-05-25
616,221,26,3,981.95,2025-05-25
617,223,2949,4,679.14,2025-05-25
618,378,1073,1,305.61,2025-05-25
619,152,2374,1,,2025-05-25
620,243,67,5,435.09,2025-05-25
621,101,798,2,76.75,2025-05-25
622,392,610,4,,2025-05-25
623,44,882,2 ,460.78,2025-05-25
624,496,1994,2,660.1,2025-05-25
625,94,2468,5,,2025-05-25
626,240,341,20,,2025-05-25
627,439,1883,3,884.89,2025-05-25
628,398,1340,10,229.92,2025-05-25
629,496,481,1,660.1,2025-05-25
630,59,7??,1,474.39,2025-05-25
631,417,1126,3,195.05,2025-05-25
632,37,,2---,786.8,2025-05-25
633,123,534,3,365.2,2025-05-25
634,126,2928---,1,373.76 ,2025-05-25
635,259,2436,1,89.55,2025-05-25
636,66,2247,3,604.37,2025-05-25
637,136,942,3,787.54,2025-05-25
638,171,1217,3,914.96,2025-05-25
639,467,463,1,943.44,2025-05-25
640,479,1244,1,361.65,2025-05-25
641,202,1865,1,480.12,2025-05-25
642,138??,577,1,641.47,2025-05-25
643,424,832,3,607.96,2025-05-25
644,338,1688,,187.05---,2025-05-25
645,372,2610,2,616.97,2025-05-25
646,102,1258---,1,873.82,2025-05-25
647,120,778,20,,2025-05-25
648,375,1923 ,2,360.24,2025-05-25
649,9,135,1,606.63,2025-05-25
650,421,1972,,618.46,2025-05-25
651,26,2373,3,,2025-05-25
652,55,2295,1,182.86,2025-05-25
653,268,1974,4,,2025-05-25
654,157,1609,,,2025-05-25
655,45,2290,1,,2025-05-25
656,146??,975,,266.77,2025-05-25
657,52,1349,3,782.67,2025-05-25
658,493,973,4,,2025-05-25
659,273,2862---,1,84.32,2025-05-25
660,385,2964,1,509.11,2025-05-25
661,326,44,2,648.98??,2025-05-25
662,206,985,,401.24,2025-05-25
663,50,130,2,1007.57,2025-05-25
664,358,363,1,186.46,2025-05-25
665,259??,1412,1,89.55,2025-05-25
666,32,2391,2,478.74,2025-05-25
667,284,1509,4,564.02,2025-05-25
668,407,34,1,323.97,2025-05-25
669,358,1111,2,186.46,2025-05-25
670,345,2967,,838.18,2025-05-25
671,357,701??,5,159.21,2025-05-25
672,487,2479,1,237.09,2025-05-25
673,88,1180,2,211.51,2025-05-25
674,291??,2902,3,722.08,2025-05-25
675,404,2655,3,,2025-05-25
676,169,2978,1,257.94,2025-05-25
677,478,2118---,3,537.53,2025-05-25
678,468,2497,1,388.65,2025-05-25
679,480,2635,2,702.9,2025-05-25
680,306,1698,4,,2025-05-25
681,429,2010,1,299.59,2025-05-25
682,68,428 ,1,817.14,2025-05-25
683,274,1535,1,186.15,2025-05-25
684,31,2520,2,79.99,2025-05-25
685,245,2223,1,676.36,2025-05-25
686,463,2166,,927.87---,2025-05-25
687,261,1533,1,982.83,2025-05-25
688,468,2259,2,388.65,2025-05-25
689,288,835,2,448.78,2025-05-25
690,74,2701,2,1024.02,2025-05-25
691,205,203,1,589.26,2025-05-25
692,463,878,4,927.87---,2025-05-25
693,346,218,2,555.77,2025-05-25
694,19,2357,3,386.73,2025-05-25
695,286,736,1,775.93,2025-05-25
696,322,1571,2,253.21,2025-05-25
697,94,388,1,996.96,2025-05-25
698,25,1256,5,357.09,2025-05-25
699,332,2188,1,,2025-05-25
700,433,1824,5,494.44,2025-05-25
701,273,1747,2---,84.32,2025-05-25
702,439,1195,1,884.89,2025-05-25
703,325,2634,1,661.39 ,2025-05-25
704,401,145,3,457.8,2025-05-25
705,320,1684,2,438.03,2025-05-25
706,54,1861,1,,2025-05-25
707,274,946,2,186.15,2025-05-26
708,408??,2823,4,643.91,2025-05-26
709,194,980,2,154.3,2025-05-26
710,404,1671,1,,2025-05-26
711,104,1105,3,855.17,2025-05-26
712,54,,3,472.78,2025-05-26
713,27,1727,4,,2025-05-26
714,175,1192,4,842.59,2025-05-26
715,193,914,3,217.33,2025-05-26
716,394,1758,3,554.78,2025-05-26
717,169,2891,5,257.94,2025-05-26
718,190,1877??,1,461.29,2025-05-26
719,274,2126,1,186.15,2025-05-26
720,105,2446,,589.73,2025-05-26
721,335,238,3,242.79,2025-05-26
722,65,1182,1,508.17---,2025-05-26
723,145,2686,3,349.01,2025-05-26
724,,1763,1,159.84,2025-05-26
725,,817,2,116.62,2025-05-26
726,174,3000,2 ,503.59,2025-05-26
727,430,1491,,815.38,2025-05-26
728,163,2551,1,435.68,2025-05-26
729,379,1158 ,1,614.34,2025-05-26
730,496,2806,1,660.1,2025-05-26
731,,2591,1,758.53,2025-05-26
732,,1,2,679.14,2025-05-26
733,201,838,4,199.44,2025-05-26
734,5,1025??,1,201.09,2025-05-26
735,246,2564,1,108.35,2025-05-26
736,213,1559,2,932.88,2025-05-26
737,,1311,1,1010.19,2025-05-26
738,494,2421,2---,,2025-05-26
739,394,1345,1,554.78,2025-05-26
740,296,2427,3,871.21,2025-05-26
741,108,11,1,528.81,2025-05-26
742,369,496??,2,410.57??,2025-05-26
743,222,2313,4,681.73,2025-05-26
744,221??,49,1,981.95,2025-05-26
745,246,,3,108.35,2025-05-26
746,63,227,1,,2025-05-26
747,485,1781,1,306.85,2025-05-26
748,89,39,3,105.77,2025-05-26
749,366,493,1,773.63 ,2025-05-26
750,,1390,1,198.91,2025-05-26
751,337,1292,3,600.31,2025-05-26
752,164,1187,5,373.42??,2025-05-26
753,286,1508,3,775.93,2025-05-26
754,42,2344,1,372.32,2025-05-26
755,22,1479,3,85.88,2025-05-26
756,344??,321,,925.4,2025-05-26
757,22,2142,2,85.88,2025-05-26
758,224,2518,1,835.41,2025-05-26
759,158,2722,3,872.08,2025-05-26
760,162,809,3,669.67,2025-05-26
761,377,2370,1 ,588.92,2025-05-26
762,,244,2,373.1,2025-05-26
763,215,2786,3,498.59,2025-05-26
764,484,2079,1,816.36,2025-05-26
765,57,480,1,222.83,2025-05-26
766,99,740,1,328.52,2025-05-26
767,144,1844,10,699.06,2025-05-26
768,55,843,1,182.86,2025-05-26
769,250,2931,1,119.79,2025-05-26
770,380,1876,2,728.24,2025-05-26
771,273,567,,84.32,2025-05-26
772,397,,2,637.91,2025-05-26
773,83,739,1,706.86,2025-05-26
774,445,1216 ,1,,2025-05-26
775,361,1594,3---,319.21??,2025-05-26
776,215,21,20,498.59,2025-05-26
777,,2924,1??,100.09,2025-05-26
778,230,840,1,193.39,2025-05-26
779,459,1509,5??,621.08,2025-05-26
780,166,287,4,906.51,2025-05-26
781,96??,2080,4 ,,2025-05-26
782,111,2020??,1,629.21,2025-05-26
783,377,949,2,588.92,2025-05-26
784,,440,,182.86,2025-05-26
785,432,521,1,398.64,2025-05-26
786,122,915,4,392.48,2025-05-26
787,426,1080,,904.53,2025-05-26
788,329,2635,,589.72,2025-05-26
789,296,2699,1,871.21,2025-05-26
790,260,963---,3,517.98 ,2025-05-26
791,432,1758,1,398.64,2025-05-26
792,341,2783,2,389.03,2025-05-26
793,238,2849,2 ,875.47,2025-05-26
794,397,1844,,637.91,2025-05-26
795,460,394,,895.71,2025-05-26
796,445,2186,10,365.38,2025-05-26
797,148,2377,1,,2025-05-26
798,130,2355,3,839.05,2025-05-26
799,13,847,1,548.34,2025-05-26
800,18,2217,1,467.06,2025-05-26
801,77,1848,2,975.6,2025-05-26
802,400,1719,5,503.19,2025-05-26
803,,2857,1,373.76 ,2025-05-26
804,455,1279,1,167.11,2025-05-26
805,485,160,5,306.85,2025-05-26
806,486,141??,1,860.43,2025-05-26
807,183,1404,2,386.71,2025-05-26
808,,858,5,305.61??,2025-05-26
809,133,1845,1,572.29,2025-05-26
810,303,1478,2,261.07,2025-05-26
811,18,1852,1,467.06,2025-05-26
812,312,,,692.62,2025-05-26
813,79,1820,1,567.8,2025-05-26
814,285,2614,2,535.38,2025-05-26
815,72,2323,5,163.35,2025-05-26
816,431,2462,4,272.8,2025-05-26
817,,1143,2,81.87,2025-05-26
818,161,2817,5,480.94---,2025-05-27
819,384,,3,855.34,2025-05-27
820,80,1196,1,402.48,2025-05-27
821,389,71,3,499.35,2025-05-27
822,453,,1,,2025-05-27
823,24,2499??,5,891.92,2025-05-27
824,124,1526,,887.58,2025-05-27
825,42,2797,5,372.32,2025-05-27
826,261,1290,5,982.83,2025-05-27
827,98,2936,1,332.9,2025-05-27
828,407,1213,2,323.97,2025-05-27
829,36,1300,1,752.87,2025-05-27
830,114,1827,3,583.63,2025-05-27
831,171,815,5,914.96,2025-05-27
832,334 ,1446,5,202.93,2025-05-27
833,241,1613,1,218.0,2025-05-27
834,59,1871,2,474.39,2025-05-27
835,166,509,5,906.51,2025-05-27
836,378,1940,1,305.61,2025-05-27
837,476,961,3,234.47,2025-05-27
838,398,1203,1,229.92,2025-05-27
839,337,697 ,3,,2025-05-27
840,336,1130,1,,2025-05-27
841,444,1725,5,1036.18,2025-05-27
842,442,1815,5,914.26,2025-05-27
843,22,886,1,85.88,2025-05-27
844,157,284,5,290.7,2025-05-27
845,476,933,2,234.47,2025-05-27
846,482,1246,3,411.28,2025-05-27
847,149,2233,1---,487.7,2025-05-27
848,24,2905,1,891.92,2025-05-27
849,108,59,2,528.81,2025-05-27
850,310,2901,5,723.09 ,2025-05-27
851,382,1923,3,427.52,2025-05-27
852,114,1422,3,583.63,2025-05-27
853,,95,20,237.09,2025-05-27
854,29,843,1,361.73,2025-05-27
855,430,1603,2,815.38,2025-05-27
856,487,382,4,237.09,2025-05-27
857,483,1618,10,259.65,2025-05-27
858,310,2551,10,723.09 ,2025-05-27
859,156,2065,4,399.02,2025-05-27
860,206,2450,2,401.24,2025-05-27
861,219,2073,1,604.87,2025-05-27
862,229,173,1,,2025-05-27
863,425,2843,3,99.98,2025-05-27
864,379,2806,2,614.34,2025-05-27
865,392,1796,2,,2025-05-27
866,167,2587,1,321.07,2025-05-27
867,59 ,2661,1,474.39,2025-05-27
868,201,1760,1,199.44,2025-05-27
869,193,606 ,2,217.33,2025-05-27
870,467,1257,5,943.44,2025-05-27
871,315,274,1,727.37,2025-05-27
872,302,2745---,3,467.1,2025-05-27
873,112,2279,1,110.65,2025-05-27
874,430,1303,5,815.38,2025-05-27
875,245---,2267,5 ,676.36,2025-05-27
876,189,27,1,1027.84,2025-05-27
877,278,2635,2,349.92,2025-05-27
878,410,306,1,81.87,2025-05-27
879,91,2876,10,230.02,2025-05-27
880,56,2076,1,336.23,2025-05-27
881,355,2582,3,336.39,2025-05-27
882,332,282,4,104.65,2025-05-27
883,166 ,690,5,906.51,2025-05-27
884,422,2124,3 ,312.04,2025-05-27
885,417,2467,3,195.05,2025-05-27
886,293,2586,2,619.01,2025-05-27
887,395,937,1??,167.39??,2025-05-27
888,314,1628,1,785.07,2025-05-27
889,308,465,2,281.83---,2025-05-27
890,100??,254,10,,2025-05-27
891,438,751,1,825.65,2025-05-27
892,181,211 ,2,508.98,2025-05-27
893,448,1170,3,459.14,2025-05-27
894,360,,5,315.18,2025-05-27
895,299,823,,840.59,2025-05-27
896,162,542,2,669.67,2025-05-27
897,412,2037,2,,2025-05-27
898,477,2011,2,168.82,2025-05-27
899,168,236,4,79.14,2025-05-27
900,42,1886,2,372.32,2025-05-27
901,378,580,1,305.61,2025-05-27
902,496,593,4,660.1,2025-05-27
903,404,1312,1,,2025-05-27
904,214,597,1,225.33,2025-05-27
905,9,769,2,606.63,2025-05-27
906,359,348,3,93.44,2025-05-27
907,190,2357,1,461.29,2025-05-27
908,437,1781,2,873.74,2025-05-27
909,293,1034,,,2025-05-27
910,497,2872,5,,2025-05-27
911,329,1839,3,589.72,2025-05-27
912,407,145,3,323.97,2025-05-27
913,115,2312,2,971.71---,2025-05-27
914,467,2973,3,943.44,2025-05-27
915,181,1539,1,508.98,2025-05-27
916,460,422,2,895.71,2025-05-27
917,213,2841,20,932.88,2025-05-27
918,110,2057,1,704.9??,2025-05-27
919,255,2125,,246.39,2025-05-27
920,100,1058,2,,2025-05-27
921,333,2991,1,418.84,2025-05-27
922,99,2000,2,328.52,2025-05-27
923,228,2711,1,496.54,2025-05-27
924,141,2137,1,602.55,2025-05-27
925,118,,1,737.58,2025-05-27
926,97,668??,1,231.74,2025-05-27
927,30,1168,2,334.63,2025-05-27
928,226,460,2,209.79,2025-05-27
929,178,548,1,934.32,2025-05-28
930,253,325,5,550.0,2025-05-28
931,130,1018,1,839.05,2025-05-28
932,347,1232,3,280.08,2025-05-28
933,318,1744,2,311.94,2025-05-28
934,137,481,1,247.12,2025-05-28
935,187,2800,1,592.25,2025-05-28
936,255,902,3,246.39,2025-05-28
937,184,1462,3,707.97,2025-05-28
938,58,2350,4,994.69,2025-05-28
939,135,2145,1,1010.19,2025-05-28
940,216,716,1,465.22,2025-05-28
941,404,1268,5,,2025-05-28
942,306,430,1,132.33,2025-05-28
943,204,2787,3,,2025-05-28
944,105,1564,1,589.73,2025-05-28
945,199,1413,5,559.88,2025-05-28
946,431,1251,3,272.8---,2025-05-28
947,292,2636,2,160.65,2025-05-28
948,203,1298,3,897.73,2025-05-28
949,10,1388,1,173.6,2025-05-28
950,95,2253,,1027.63,2025-05-28
951,332,1969,4,104.65,2025-05-28
952,,726,1---,457.8,2025-05-28
953,308,,1,,2025-05-28
954,236,1718,1,589.35,2025-05-28
955,86,2539,3,903.56,2025-05-28
956,,2075,2,311.35---,2025-05-28
957,59,1326,3,474.39,2025-05-28
958,424,1187,1,607.96,2025-05-28
959,369,,2,410.57,2025-05-28
960,121,1424,1,653.67,2025-05-28
961,336,1494,1,914.9,2025-05-28
962,341,,2,389.03,2025-05-28
963,480,1443,2,702.9,2025-05-28
964,133,1140 ,1,572.29---,2025-05-28
965,208,1776,,529.71??,2025-05-28
966,27,2757,1,463.93??,2025-05-28
967,320,2274,3,438.03,2025-05-28
968,215??,,1,498.59,2025-05-28
969,170,318,3,700.59,2025-05-28
970,143,83,4,181.27,2025-05-28
971,153,2595,1,118.03,2025-05-28
972,303,,4,261.07,2025-05-28
973,326,2742,4,648.98,2025-05-28
974,210,2226,4??,928.31,2025-05-28
975,205,2105 ,1,589.26,2025-05-28
976,,,3,467.06,2025-05-28
977,,932,3,418.38,2025-05-28
978,327,2755,3,,2025-05-28
979,474,501,3,,2025-05-28
980,319,1300,4,690.64,2025-05-28
981,84,259,1,468.69,2025-05-28
982,182,2117---,1,378.55,2025-05-28
983,343,2682,2,806.55,2025-05-28
984,252,,1,836.52,2025-05-28
985,400,1179,1,503.19,2025-05-28
986,165,333,2,,2025-05-28
987,134,388,1,,2025-05-28
988,246,2464,1,108.35,2025-05-28
989,498,145,2,369.08,2025-05-28
990,18,2275,1,467.06,2025-05-28
991,307,834,1,432.28,2025-05-28
992,451,1446,5,442.94,2025-05-28
993,84,2252,10,468.69,2025-05-28
994,,1644,3,595.75,2025-05-28
995,225,1607,2,711.78,2025-05-28
996,414,2088,5,,2025-05-28
997,71,1979,5,116.08,2025-05-28
998,222,2673,1,681.73,2025-05-28
999,227,2990,1,309.72,2025-05-28
1000,170,2871,1,700.59,2025-05-28
1001,194,2689,3,154.3,2025-05-28
1002,332,1514,1,104.65,2025-05-28
1003,61,1742,2,116.62,2025-05-28
1004,467,451,1,943.44,2025-05-28
1005,462,238,1,754.85,2025-05-28
1006,171,2966??,3,914.96,2025-05-28
1007,133,1078,,572.29,2025-05-28
1008,286,1929,5,775.93,2025-05-28
1009,388,,5 ,,2025-05-28
1010,68,2809,1,817.14,2025-05-28
1011,46,750,5,745.3,2025-05-28
1012,328,2619,5,413.2,2025-05-28
1013,158,1139,1,872.08,2025-05-28
1014,148,2418,2,,2025-05-28
1015,104---,,1,855.17,2025-05-28
1016,335,985,2,242.79,2025-05-28
1017,134,51,,,2025-05-28
1018,172,295,10,927.62---,2025-05-28
1019,320,1239,1,438.03,2025-05-28
1020,411,2104,2,128.07,2025-05-28
1021,446,2941,2,85.62,2025-05-28
1022,,1740,3,253.21,2025-05-28
1023,173,2766,3,722.69,2025-05-28
1024,163,2999,4,435.68,2025-05-28
1025,20,1458,2,100.09,2025-05-28
1026,112,2258,1,110.65,2025-05-28
1027,309,2477,1,645.12,2025-05-28
1028,411,531,2,128.07,2025-05-28
1029,377,,5,588.92,2025-05-28
1030,116,967,2,280.21,2025-05-28
1031,170,,3,700.59,2025-05-28
1032,166,1231,10,906.51,2025-05-28
1033,340,2316,2,575.1---,2025-05-28
1034,39,,5,228.38,2025-05-28
1035,189,1762,3,1027.84,2025-05-28
1036,477,1533,1,168.82,2025-05-28
1037,441,1833,1,773.78 ,2025-05-28
1038,190,2101,2,461.29,2025-05-28
1039,243,1388,,435.09,2025-05-28
1040,178,2715,2,934.32??,2025-05-29
1041,353,717,3,709.75 ,2025-05-29
1042,282,2991,3,,2025-05-29
1043,450,1867,5,325.2,2025-05-29
1044,463,2610,1,927.87---,2025-05-29
1045,263,2988,1,541.16,2025-05-29
1046,83,1695,1,706.86,2025-05-29
1047,441,815,2,773.78,2025-05-29
1048,223,2068,2,679.14,2025-05-29
1049,458,90,4,912.05---,2025-05-29
1050,113,1630??,4,159.84,2025-05-29
1051,188,2396,5,908.84,2025-05-29
1052,297,938,1,745.77,2025-05-29
1053,291,900,2,722.08,2025-05-29
1054,446,1752,4,85.62,2025-05-29
1055,2,1083,1,,2025-05-29
1056,163,1221,1,435.68,2025-05-29
1057,368,2086,2,614.3,2025-05-29
1058,366,1135,2,773.63,2025-05-29
1059,180,1459,4,262.7,2025-05-29
1060,341,,1,389.03,2025-05-29
1061,333,488,1,418.84,2025-05-29
1062,410,1549,3,81.87,2025-05-29
1063,485,1833,1,306.85,2025-05-29
1064,92,670,1,,2025-05-29
1065,26,1632 ,5,,2025-05-29
1066,338,325,1,187.05,2025-05-29
1067,266,214,2,,2025-05-29
1068,359,,3,93.44,2025-05-29
1069,281,742,1,186.79,2025-05-29
1070,454,2005,1,690.74,2025-05-29
1071,16,2496,1,376.78,2025-05-29
1072,16,1684,1,376.78,2025-05-29
1073,,2675,4,474.39,2025-05-29
1074,115,2391,2,971.71---,2025-05-29
1075,326,266,4,648.98,2025-05-29
1076,48,1601,1---,,2025-05-29
1077,33,1688,2,153.28,2025-05-29
1078,387,95,1,680.0,2025-05-29
1079,80,1890,3,402.48,2025-05-29
1080,122,2134,1,392.48,2025-05-29
1081,489,1276,3,334.81,2025-05-29
1082,365,1055,1,776.68,2025-05-29
1083,472,1022,1,105.21,2025-05-29
1084,184,,4,707.97,2025-05-29
1085,29,1529,5 ,361.73,2025-05-29
1086,298,614,4,162.53,2025-05-29
1087,474,169??,1,,2025-05-29
1088,53,1150---,4,552.85,2025-05-29
1089,289---,2338,1,,2025-05-29
1090,436,153,3,544.14,2025-05-29
1091,,1056,1,466.97,2025-05-29
1092,136,2813,,787.54---,2025-05-29
1093,228,137,4,496.54,2025-05-29
1094,449,1138,3 ,944.0,2025-05-29
1095,311,854,1??,713.33,2025-05-29
1096,239,2033,1,311.41,2025-05-29
1097,83,403,20,706.86,2025-05-29
1098,48,,1,,2025-05-29
1099,268,2609,3,,2025-05-29
1100,379,1568,1,614.34,2025-05-29
1101,213,2627,10,932.88,2025-05-29
1102,111,1557,2,629.21,2025-05-29
1103,441,535,2,773.78,2025-05-29
1104,235,1337,5,475.17,2025-05-29
1105,186---,1811,5,873.65,2025-05-29
1106,267,1948,5,839.54,2025-05-29
1107,346,273,1,555.77,2025-05-29
1108,289,2354,4,,2025-05-29
1109,25,493,20,357.09,2025-05-29
1110,314,243,2,785.07,2025-05-29
1111,,199,5,588.92,2025-05-29
1112,370,2398,1,604.48,2025-05-29
1113,11,2474,2,491.64,2025-05-29
1114,117,1891,1,232.36,2025-05-29
1115,256,1636,1,418.38,2025-05-29
1116,242,1165,4,732.54,2025-05-29
1117,324---,103,2,829.29,2025-05-29
1118,134,2107,2,,2025-05-29
1119,51,1158,2,79.43,2025-05-29
1120,370,12,3,604.48,2025-05-29
1121,270,2947,1,298.5,2025-05-29
1122,262,1431,4,75.74,2025-05-29
1123,348---,538,2,393.07,2025-05-29
1124,349,2145,,464.38,2025-05-29
1125,23,2832,1,719.34,2025-05-29
1126,481,783,2,479.02,2025-05-29
1127,280,2323,3,234.31??,2025-05-29
1128,418,2398,,394.38??,2025-05-29
1129,159,358,5,237.25,2025-05-29
1130,276,1353,5,404.73,2025-05-29
1131,304,2581,5,375.79,2025-05-29
1132,161,1120,4,480.94---,2025-05-29
1133,55,2862,2,182.86,2025-05-29
1134,454,2841,1,,2025-05-29
1135,325,1593,2,661.39,2025-05-29
1136,495,2793,1,533.13,2025-05-29
1137,375,1085,4 ,360.24,2025-05-29
1138,371,2942,3,348.36 ,2025-05-29
1139,329,826,2,589.72,2025-05-29
1140,434,1310,2,911.31,2025-05-29
1141,381,713,2,65.2,2025-05-29
1142,342,286,20,882.83??,2025-05-29
1143,421,2552,2,,2025-05-29
1144,320,1632---,2,438.03,2025-05-29
1145,496,1201,,660.1,2025-05-29
1146,492,2114,1,,2025-05-29
1147,421,1461,3,618.46,2025-05-29
1148,214,1778,1,225.33,2025-05-29
1149,312,2767,1,692.62,2025-05-29
1150,109,488,2,731.8,2025-05-29
1151,108,121,2,528.81,2025-05-30
1152,438,2402,5,825.65,2025-05-30
1153,56,2931,1,336.23,2025-05-30
1154,484,569,2,816.36,2025-05-30
1155,368,1400,1,614.3,2025-05-30
1156,162,2796,4,669.67,2025-05-30
1157,395,83,3,167.39??,2025-05-30
1158,419,271,1,138.89,2025-05-30
1159,183,328,2,386.71,2025-05-30
1160,300,827,2,783.08---,2025-05-30
1161,399,1604,,773.65,2025-05-30
1162,86,107,2,903.56,2025-05-30
1163,55,1752,2,182.86,2025-05-30
1164,33,1924,1,,2025-05-30
1165,221,688,1,981.95,2025-05-30
1166,500,499,1,932.15,2025-05-30
1167,176,252,3,475.79,2025-05-30
1168,1,,1,715.23,2025-05-30
1169,33,79,3,153.28,2025-05-30
1170,214,566,5,225.33,2025-05-30
1171,38,107,10,147.85,2025-05-30
1172,396,1346,3,629.9,2025-05-30
1173,336,1981,4,914.9,2025-05-30
1174,57,908,2,222.83,2025-05-30
1175,,1068,3,230.02,2025-05-30
1176,259,165,2,89.55,2025-05-30
1177,246,1483,5,108.35,2025-05-30
1178,204,555,1 ,,2025-05-30
1179,442,1160,1,914.26,2025-05-30
1180,43,1698,2,152.82,2025-05-30
1181,107,649,4,585.54,2025-05-30
1182,16,2471,2,376.78,2025-05-30
1183,153,1370,20,,2025-05-30
1184,54,170,1,472.78,2025-05-30
1185,357,2414 ,2,159.21,2025-05-30
1186,244,328,3,951.6,2025-05-30
1187,495,50,2,533.13,2025-05-30
1188,499,2108,2,1011.56,2025-05-30
1189,120,321,3,,2025-05-30
1190,43,2220,5,,2025-05-30
1191,278,2041,4,349.92,2025-05-30
1192,477 ,1109,4,168.82,2025-05-30
1193,467,95,5,943.44,2025-05-30
1194,,609,1,727.08,2025-05-30
1195,485,1016,,306.85,2025-05-30
1196,301,352,1,256.11,2025-05-30
1197,392,2300,,,2025-05-30
1198,103,526,2,399.04,2025-05-30
1199,460,2886,1,895.71,2025-05-30
1200,389,1004,2,499.35,2025-05-30
1201,375,2492,5,360.24,2025-05-30
1202,493,1975,,103.44??,2025-05-30
1203,236,2926,1??,589.35,2025-05-30
1204,48,156,1,,2025-05-30
1205,372??,1944,1,616.97,2025-05-30
1206,370,575,1,604.48,2025-05-30
1207,294,2781,4,739.48,2025-05-30
1208,140,2292,2,822.22,2025-05-30
1209,134??,971,5,,2025-05-30
1210,149,1259,4 ,487.7,2025-05-30
1211,142,1925,4,858.79,2025-05-30
1212,134,2942,1,,2025-05-30
1213,113,453,2,159.84,2025-05-30
1214,208,870,2,529.71??,2025-05-30
1215,14,779,3,546.15,2025-05-30
1216,200,2136,1,,2025-05-30
1217,381,,1,65.2,2025-05-30
1218,20,2816,2,100.09,2025-05-30
1219,344,2388,4,925.4,2025-05-30
1220,269,,20,,2025-05-30
1221,354,1289,4,520.29,2025-05-30
1222,466,2648,1,760.02---,2025-05-30
1223,476,1028,1,234.47,2025-05-30
1224,257,2970,20,528.85,2025-05-30
1225,119,2693,3,1025.32,2025-05-30
1226,388,965,10,379.24,2025-05-30
1227,156,1793??,2,399.02,2025-05-30
1228,428,1592,1,856.4,2025-05-30
1229,373??,1788,2,186.09,2025-05-30
1230,469,244,,953.09,2025-05-30
1231,414,274,1,245.35,2025-05-30
1232,177,1663,2,652.82,2025-05-30
1233,284,1931,1,564.02,2025-05-30
1234,80,2093,4,402.48,2025-05-30
1235,147,1661,3,755.36,2025-05-30
1236,,836,1,,2025-05-30
1237,323,2216,1,347.62,2025-05-30
1238,323,2992,2,347.62,2025-05-30
1239,54,1409 ,1,472.78,2025-05-30
1240,228,2160,4,496.54,2025-05-30
1241,403,1779,1,426.25,2025-05-30
1242,320,588,5,438.03,2025-05-30
1243,7,1753,2,378.16,2025-05-30
1244,456,1982,4,528.57,2025-05-30
1245,181,2766,2,508.98,2025-05-30
1246,498,2087,2,,2025-05-30
1247,301,1827,2,256.11,2025-05-30
1248,417,1360---,10,,2025-05-30
1249,69,2772,1,373.1,2025-05-30
1250,498,1770,1??,369.08,2025-05-30
1251,26,1006,,,2025-05-30
1252,236,2403,,589.35,2025-05-30
1253,195,402,20,410.16,2025-05-30
1254,2,2808,20,566.23,2025-05-30
1255,381,1590,2,65.2,2025-05-30
1256,85,974,5,181.5,2025-05-30
1257,31,1808,5,79.99,2025-05-30
1258,456,683,5,528.57,2025-05-30
1259,38,1672,1,,2025-05-30
1260,273,2151,2,84.32,2025-05-30
1261,124,,4,,2025-05-30
1262,321,2447,3,200.36---,2025-05-31
1263,230,2088,3,193.39,2025-05-31
1264,301,2868,1,256.11,2025-05-31
1265,362,,1,763.92,2025-05-31
1266,125,1607,5,186.6??,2025-05-31
1267,,1508,4,,2025-05-31
1268,415,2873,1,649.87,2025-05-31
1269,478,1113,2,537.53,2025-05-31
1270,245,1194,1,676.36,2025-05-31
1271,412,1443,2,628.74,2025-05-31
1272,441,2892,2,773.78,2025-05-31
1273,390,1989,1,,2025-05-31
1274,48,289,1,,2025-05-31
1275,347,1465,1,280.08,2025-05-31
1276,294 ,390,2,739.48,2025-05-31
1277,36,2460,1,752.87,2025-05-31
1278,147,876,1,755.36,2025-05-31
1279,343,293??,3,806.55,2025-05-31
1280,137,1994,3,247.12,2025-05-31
1281,214,2780,2,225.33,2025-05-31
1282,179,170,2,355.87,2025-05-31
1283,462,436,2,754.85,2025-05-31
1284,156,2811,4,399.02,2025-05-31
1285,208,635,,529.71??,2025-05-31
1286,96,959??,4,168.18,2025-05-31
1287,326,2774,1,648.98,2025-05-31
1288,336,2915,1,914.9,2025-05-31
1289,364,549,20,531.62,2025-05-31
1290,443,1090,,933.58,2025-05-31
1291,278,1902,5,349.92,2025-05-31
1292,273,2533,3,84.32,2025-05-31
1293,117,2774,20,232.36,2025-05-31
1294,234,1515,3,,2025-05-31
1295,21,1969,1,374.08,2025-05-31
1296,127,287,1,190.88,2025-05-31
1297,263,684,2,541.16,2025-05-31
1298,119,2809,1,1025.32,2025-05-31
1299,404,868,1,,2025-05-31
1300,415 ,2888,1,649.87,2025-05-31
1301,203,2400,1,897.73,2025-05-31
1302,329,2396---,2,589.72,2025-05-31
1303,215,1947,2,498.59,2025-05-31
1304,434,1125,1??,911.31??,2025-05-31
1305,408,2286,1,643.91,2025-05-31
1306,167,2456,1??,321.07,2025-05-31
1307,240,1093,3,841.37,2025-05-31
1308,339,2164,5,910.33,2025-05-31
1309,179,1966,10,355.87,2025-05-31
1310,364,1049,1,531.62,2025-05-31
1311,26,2220,2,,2025-05-31
1312,483,2646,2,259.65,2025-05-31
1313,44,773,2,460.78,2025-05-31
1314,458,1587??,2,912.05---,2025-05-31
1315,173,988,5,722.69,2025-05-31
1316,472,714,3,105.21,2025-05-31
1317,402,2641,1,851.77,2025-05-31
1318,76,2020,2,157.63,2025-05-31
1319,218,1613,1,736.29,2025-05-31
1320,1,1806,1,715.23,2025-05-31
1321,317,2997,2,432.9,2025-05-31
1322,415,2693,2,649.87,2025-05-31
1323,494,2991,2,510.63,2025-05-31
1324,318,373,2,311.94,2025-05-31
1325,378,1689,2,305.61,2025-05-31
1326,497,,1,513.71,2025-05-31
1327,201,,1,,2025-05-31
1328,497,2386,1,513.71,2025-05-31
1329,207,1044,4,771.97,2025-05-31
1330,35,1428,20,198.91,2025-05-31
1331,18,707,1,467.06,2025-05-31
1332,43,2886,3,152.82,2025-05-31
1333,67,749,4,,2025-05-31
1334,229,766,5,657.87,2025-05-31
1335,147,,2,755.36,2025-05-31
1336,57,1431,3,222.83,2025-05-31
1337,283,,4,363.65,2025-05-31
1338,225,961,3,711.78,2025-05-31
1339,328,400,20,,2025-05-31
1340,239,374 ,,311.41,2025-05-31
1341,390,2863,1,,2025-05-31
1342,435,459,5,972.91,2025-05-31
1343,243,146,2,435.09,2025-05-31
1344,87,512,3,379.38,2025-05-31
1345,444,,4,1036.18,2025-05-31
1346,,878,4,,2025-05-31
1347,172,146,2,927.62,2025-05-31
1348,181,1050 ,2,508.98,2025-05-31
1349,26,1257,3,,2025-05-31
1350,119,772,5,1025.32,2025-05-31
1351,458,2368,2,912.05---,2025-05-31
1352,5,1565,1,201.09,2025-05-31
1353,429??,915,20,299.59,2025-05-31
1354,459,2152 ,2,621.08,2025-05-31
1355,473,1224,2,123.99,2025-05-31
1356,466,782,2,760.02,2025-05-31
1357,211,1255---,5,527.98,2025-05-31
1358,406 ,206,1,532.33,2025-05-31
1359,17,1275,2,1024.6,2025-05-31
1360,92,1104,3,261.06,2025-05-31
1361,191,2685,5,493.52,2025-05-31
1362,180,553,2,262.7,2025-05-31
1363,194,1184,1---,154.3,2025-05-31
1364,58,2578,,994.69,2025-05-31
1365,370??,2308,3,604.48,2025-05-31
1366,278,1339,1,349.92,2025-05-31
1367,493,1143??,1,103.44??,2025-05-31
1368,217,2345,2,710.49,2025-05-31
1369,35,668,10,198.91,2025-05-31
1370,275,2092,1,270.69,2025-05-31
1371,,1503,2,604.44,2025-05-31
1372,247,343,4,,2025-05-31
1373,106,308,4,207.59,2025-06-01
1374,73,2500,3,831.62,2025-06-01
1375,493,1790,2,103.44??,2025-06-01
1376,34,,2,378.62,2025-06-01
1377,347,,2,280.08,2025-06-01
1378,225??,822,3,711.78,2025-06-01
1379,368,1659,1,,2025-06-01
1380,16,548---,3,376.78,2025-06-01
1381,246,1728,2,108.35 ,2025-06-01
1382,375,2313,10,360.24,2025-06-01
1383,413,910,1,488.56,2025-06-01
1384,40,632,2,727.08,2025-06-01
1385,499,2201,1,1011.56,2025-06-01
1386,461,35,4,292.66,2025-06-01
1387,134,1956,3,,2025-06-01
1388,137,,4,247.12,2025-06-01
1389,221,2975,1,981.95??,2025-06-01
1390,355,1178,3,336.39,2025-06-01
1391,133??,2652,4,572.29,2025-06-01
1392,439,2741,3,884.89,2025-06-01
1393,180,2248,2,262.7,2025-06-01
1394,24,618,3,891.92,2025-06-01
1395,438,1173,,825.65,2025-06-01
1396,499,2714,1,1011.56,2025-06-01
1397,85,23,2,181.5,2025-06-01
1398,288??,556,4,448.78,2025-06-01
1399,82,73,1,535.76,2025-06-01
1400,306,1964,1,132.33??,2025-06-01
1401,113,2064,2,159.84,2025-06-01
1402,259,70,2,89.55,2025-06-01
1403,217,1091,20,710.49,2025-06-01
1404,53,1777,3,552.85,2025-06-01
1405,311,1332,5,713.33,2025-06-01
1406,312,2969 ,2??,692.62,2025-06-01
1407,254,1547,1,935.96,2025-06-01
1408,424,1988---,2,607.96,2025-06-01
1409,103---,1941,1,399.04,2025-06-01
1410,336,1493,4,914.9,2025-06-01
1411,494,1419,20,510.63,2025-06-01
1412,292,2585,3,160.65,2025-06-01
1413,321,1600,2,200.36,2025-06-01
1414,477,1449,,168.82,2025-06-01
1415,327,2622,1,,2025-06-01
1416,478,2423,2,537.53,2025-06-01
1417,293,2579,2,619.01,2025-06-01
1418,498,1857,5,369.08,2025-06-01
1419,81,2862,4,427.72,2025-06-01
1420,339,391,2,910.33,2025-06-01
1421,227,708,5,,2025-06-01
1422,30,2441,5,334.63,2025-06-01
1423,240,,2,841.37---,2025-06-01
1424,307,,3,432.28,2025-06-01
1425,165,194,1,709.09,2025-06-01
1426,415,2881,1,649.87,2025-06-01
1427,313---,2615,4,256.73,2025-06-01
1428,390,1530,5,,2025-06-01
1429,452??,145---,4,,2025-06-01
1430,462,717,10,754.85,2025-06-01
1431,335,2829,1,242.79,2025-06-01
1432,100,2584,2,,2025-06-01
1433,27,754,3,463.93,2025-06-01
1434,57,171,5,222.83,2025-06-01
1435,399,1417,3,773.65,2025-06-01
1436,462,1914,2,754.85,2025-06-01
1437,477,497,3,168.82,2025-06-01
1438,324,2369,3,829.29,2025-06-01
1439,210,969,2,928.31,2025-06-01
1440,,677,5,873.65,2025-06-01
1441,216,907,2,465.22,2025-06-01
1442,147,1411,1,755.36,2025-06-01
1443,138,526,1,641.47,2025-06-01
1444,322,2432,4,253.21,2025-06-01
1445,,1534,5,694.13,2025-06-01
1446,10,1675,1,173.6,2025-06-01
1447,335,2979,1,,2025-06-01
1448,311,2341,10,713.33,2025-06-01
1449,330,2807,1,558.84,2025-06-01
1450,498,,2,369.08,2025-06-01
1451,233,2563,1,896.34,2025-06-01
1452,468,1587,5,388.65,2025-06-01
1453,27,,1---,463.93,2025-06-01
1454,70,1529??,2,624.95,2025-06-01
1455,55,1819,4,182.86,2025-06-01
1456,318,2818,1,311.94,2025-06-01
1457,56,2642,2,336.23,2025-06-01
1458,4,1086,1,587.27,2025-06-01
1459,51,1058,1,,2025-06-01
1460,471,,5,766.82,2025-06-01
1461,376,,1,884.87,2025-06-01
1462,18,103,3,467.06,2025-06-01
1463,99,2520,2,328.52,2025-06-01
1464,330,2156,1,558.84,2025-06-01
1465,431,789 ,,272.8,2025-06-01
1466,260,661,1,517.98 ,2025-06-01
1467,406,291---,1,532.33,2025-06-01
1468,483,2334---,1,259.65,2025-06-01
1469,11,928,1,491.64,2025-06-01
1470,172,2656,2,927.62,2025-06-01
1471,369,1647,2,410.57,2025-06-01
1472,435,1628,1,972.91,2025-06-01
1473,424,2913,2,607.96,2025-06-01
1474,455,1583,4,167.11,2025-06-01
1475,17,2756,1,1024.6,2025-06-01
1476,289,2928,4,,2025-06-01
1477,126,921,20,373.76 ,2025-06-01
1478,482,2717,4,411.28,2025-06-01
1479,314,2352,4,785.07,2025-06-01
1480,281,2491,2,186.79,2025-06-01
1481,115,1445,3??,971.71---,2025-06-01
1482,425,299,3,99.98,2025-06-01
1483,428,,1,856.4,2025-06-01
1484,500,2807,20,932.15,2025-06-01
1485,474,2208,5,,2025-06-02
1486,425,1809,1,99.98,2025-06-02
1487,18,726??,4,,2025-06-02
1488,279,2118,2,833.88,2025-06-02
1489,148,1613,2,,2025-06-02
1490,246,234,1,108.35,2025-06-02
1491,153,467,2,118.03,2025-06-02
1492,159,2674,2,237.25,2025-06-02
1493,167,2156,1,321.07,2025-06-02
1494,51,1669,,79.43,2025-06-02
1495,36,2293,2,752.87,2025-06-02
1496,209,222,5,748.09,2025-06-02
1497,398,2818,1,229.92,2025-06-02
1498,411,475,2,128.07,2025-06-02
1499,156 ,1700---,5,399.02,2025-06-02
1500,135,50??,5,1010.19,2025-06-02
1501,48,907,2,,2025-06-02
1502,291,1950,3,722.08,2025-06-02
1503,255,1846---,4,246.39,2025-06-02
1504,168,2163,1,79.14,2025-06-02
1505,88,299,1,211.51,2025-06-02
1506,61,2491,,116.62,2025-06-02
1507,343,973,2,806.55,2025-06-02
1508,485,433,3,306.85,2025-06-02
1509,,,1,,2025-06-02
1510,447,2072,1,,2025-06-02
1511,263,1487,2,541.16??,2025-06-02
1512,135,237 ,,1010.19,2025-06-02
1513,40,2905,1,727.08,2025-06-02
1514,498,252,2,369.08,2025-06-02
1515,288,2843,2,448.78,2025-06-02
1516,275,2084,1,270.69,2025-06-02
1517,207,779,5??,771.97,2025-06-02
1518,467,1008,4,943.44,2025-06-02
1519,291,1195,1,722.08,2025-06-02
1520,334,1477,1,202.93,2025-06-02
1521,42,1483,,372.32,2025-06-02
1522,,2415,1,379.38,2025-06-02
1523,265,1455,5,754.56,2025-06-02
1524,202,,,,2025-06-02
1525,3,2347,,311.35---,2025-06-02
1526,418,358,2,394.38,2025-06-02
1527,407,992,1,323.97,2025-06-02
1528,451,649,1,442.94,2025-06-02
1529,480,1772,4,702.9,2025-06-02
1530,,1879,2,110.65,2025-06-02
1531,335,972,2,242.79,2025-06-02
1532,6,2042,1,284.23,2025-06-02
1533,390,2270,2,,2025-06-02
1534,242,544,1,732.54---,2025-06-02
1535,325,784,,661.39,2025-06-02
1536,258 ,2343,2,689.11,2025-06-02
1537,458,1475??,1,912.05---,2025-06-02
1538,434,2487,1,911.31,2025-06-02
1539,68,203 ,2,817.14,2025-06-02
1540,178,1068 ,1,934.32,2025-06-02
1541,464,,5,967.59,2025-06-02
1542,,2144,,,2025-06-02
1543,470,798,2,998.68,2025-06-02
1544,453,1221,1,,2025-06-02
1545,206,2124,1,401.24,2025-06-02
1546,73,2755,,831.62,2025-06-02
1547,441,2641,1,773.78,2025-06-02
1548,201,541??,5,199.44,2025-06-02
1549,53,,2,552.85,2025-06-02
1550,294,2380,1,739.48,2025-06-02
1551,332,,1,104.65,2025-06-02
1552,313,543,2,256.73,2025-06-02
1553,457,53,2,353.85,2025-06-02
1554,458,275,4,912.05---,2025-06-02
1555,343,614,2,806.55,2025-06-02
1556,498,1202,1,369.08,2025-06-02
1557,28,1224,1,699.64,2025-06-02
1558,125,2746,2,186.6,2025-06-02
1559,119,538,3,1025.32,2025-06-02
1560,417,2669,2,195.05---,2025-06-02
1561,261,1677,3,982.83,2025-06-02
1562,279,1764,1,833.88,2025-06-02
1563,,842,,,2025-06-02
1564,215,1570,5,498.59,2025-06-02
1565,488,1028??,1,721.8,2025-06-02
1566,321,1397,3 ,200.36---,2025-06-02
1567,,2367,2,,2025-06-02
1568,217,1518 ,1,710.49,2025-06-02
1569,237,2141,20??,57.57??,2025-06-02
1570,454,,1,690.74 ,2025-06-02
1571,200,2209,2,,2025-06-02
1572,,747,1,187.05,2025-06-02
1573,494,733,4,510.63,2025-06-02
1574,224,861,2,835.41,2025-06-02
1575,87,1079,5,379.38,2025-06-02
1576,225,,2 ,,2025-06-02
1577,353,1037,2,709.75,2025-06-02
1578,170,1775,4,700.59,2025-06-02
1579,208,2252,2,529.71??,2025-06-02
1580,218 ,1740,4,736.29,2025-06-02
1581,150,1195,3,719.4,2025-06-02
1582,277,2182,1,840.11,2025-06-02
1583,299,876,3,840.59,2025-06-02
1584,283,2389,1,363.65,2025-06-02
1585,484,1241,1,816.36??,2025-06-02
1586,156,352,2,399.02,2025-06-02
1587,435,1912,2,972.91,2025-06-02
1588,353,1393,1,,2025-06-02
1589,406,1403,1,532.33,2025-06-02
1590,174,1166,3,503.59,2025-06-02
1591,321,456,3,200.36,2025-06-02
1592,336,779,1,914.9,2025-06-02
1593,158,1751,2,872.08,2025-06-02
1594,,268,1,1010.19,2025-06-02
1595,282,340,1,514.12,2025-06-02
1596,139,1798,2,868.35,2025-06-03
1597,408,395,1,643.91,2025-06-03
1598,77,1979,2,975.6,2025-06-03
1599,,254,1,932.15,2025-06-03
1600,471,1103,1,766.82,2025-06-03
1601,410,2623,5,81.87,2025-06-03
1602,162,2279,1,669.67,2025-06-03
1603,481,2869,3,479.02,2025-06-03
1604,265,1691 ,1,754.56,2025-06-03
1605,245,1760,1,676.36,2025-06-03
1606,235,759,,475.17,2025-06-03
1607,440,2781,5,,2025-06-03
1608,370,189,1,,2025-06-03
1609,222,2391,2,681.73,2025-06-03
1610,288,1550,1,448.78,2025-06-03
1611,97,1897,1,231.74,2025-06-03
1612,29,2509,1,361.73,2025-06-03
1613,161,2617,1 ,480.94,2025-06-03
1614,268,2995,2,None??,2025-06-03
1615,475??,535,,626.39,2025-06-03
1616,38,,4,147.85,2025-06-03
1617,199,,1,559.88,2025-06-03
1618,142,2969,3,858.79,2025-06-03
1619,368,1758,3,614.3,2025-06-03
1620,323,796,2,347.62,2025-06-03
1621,379,1378,1,614.34,2025-06-03
1622,15,2138,20,815.2,2025-06-03
1623,226,2431,5,209.79,2025-06-03
1624,283,1908,5,,2025-06-03
1625,343,2315,3,806.55,2025-06-03
1626,387,965,4,680.0 ,2025-06-03
1627,218,52,2,736.29,2025-06-03
1628,498,617,1,369.08,2025-06-03
1629,305,1281,3,398.85,2025-06-03
1630,179,2190??,2,355.87,2025-06-03
1631,178,786,2,,2025-06-03
1632,292,1416,3,160.65,2025-06-03
1633,236,1835,1,589.35,2025-06-03
1634,3,2782,1,311.35---,2025-06-03
1635,438,1930,5,825.65,2025-06-03
1636,271,1813,2 ,590.56,2025-06-03
1637,380,1960,5---,728.24,2025-06-03
1638,226,2737,3,209.79,2025-06-03
1639,13,2424,4,548.34,2025-06-03
1640,307,1829,2,432.28,2025-06-03
1641,254,823,1,935.96,2025-06-03
1642,489,1058,5,334.81,2025-06-03
1643,346,234,2,555.77,2025-06-03
1644,124,1415,1,887.58,2025-06-03
1645,117,2342,3,232.36,2025-06-03
1646,376,1369,2,,2025-06-03
1647,451,2249,5,442.94,2025-06-03
1648,249,571,1,386.0,2025-06-03
1649,428,2781,5,856.4,2025-06-03
1650,194,2561,1,154.3,2025-06-03
1651,103,738,1,399.04,2025-06-03
1652,315,2421,,,2025-06-03
1653,13??,910,5,548.34,2025-06-03
1654,,867,1,332.9,2025-06-03
1655,29,329,4,361.73,2025-06-03
1656,346,2565,5,555.77 ,2025-06-03
1657,95,1673,4,1027.63,2025-06-03
1658,467,585,2,943.44,2025-06-03
1659,120,46,3,,2025-06-03
1660,352,2485,4---,638.9,2025-06-03
1661,228,2485,4,496.54,2025-06-03
1662,89,1475,2,105.77,2025-06-03
1663,192,836,1---,595.75,2025-06-03
1664,230,282,3,193.39,2025-06-03
1665,184,226,2,,2025-06-03
1666,481,80,1,479.02,2025-06-03
1667,196,144,2,806.34,2025-06-03
1668,359,1800,1,93.44,2025-06-03
1669,117,1512,1,232.36,2025-06-03
1670,489,1130,4,334.81,2025-06-03
1671,439,772,1,884.89,2025-06-03
1672,18,1596,1,467.06,2025-06-03
1673,299,2038,1,840.59,2025-06-03
1674,114,975,1,583.63,2025-06-03
1675,24,2663,2,891.92,2025-06-03
1676,321??,,4,200.36,2025-06-03
1677,248,191,1,452.25,2025-06-03
1678,368,2552,2,614.3,2025-06-03
1679,,1158,4,604.37,2025-06-03
1680,498,2890,2,369.08,2025-06-03
1681,387,1138,2,680.0,2025-06-03
1682,386,1472,1,919.81 ,2025-06-03
1683,45,2729,1,,2025-06-03
1684,164,,1,373.42??,2025-06-03
1685,10,,4,,2025-06-03
1686,,2475,2,298.5,2025-06-03
1687,52,2193,2,782.67,2025-06-03
1688,230,747,1,193.39,2025-06-03
1689,170,2020,10,700.59,2025-06-03
1690,306,2948,,132.33,2025-06-03
1691,142,198,4,858.79,2025-06-03
1692,363,2827,2,92.9,2025-06-03
1693,12,2718,3,810.58,2025-06-03
1694,391 ,2507,1,537.68??,2025-06-03
1695,295,2470,1 ,368.63,2025-06-03
1696,177 ,1714,2,,2025-06-03
1697,247,2113,5,,2025-06-03
1698,86,2001,1,903.56,2025-06-03
1699,379,228,1,614.34,2025-06-03
1700,94,795,1,996.96,2025-06-03
1701,213,829,2,932.88,2025-06-03
1702,54,2954,2,472.78,2025-06-03
1703,20,195,1,100.09,2025-06-03
1704,71,1745,1,116.08,2025-06-03
1705,,695---,2,159.84,2025-06-03
1706,456,848,3,528.57,2025-06-03
1707,497,1782,1,513.71,2025-06-04
1708,281,725,1,186.79,2025-06-04
1709,407,525,1,323.97,2025-06-04
1710,122,2487,2,392.48,2025-06-04
1711,228,1182,5,496.54,2025-06-04
1712,468,541,1,388.65,2025-06-04
1713,495 ,2298,1??,533.13,2025-06-04
1714,,752,5,410.16,2025-06-04
1715,130,1241,5,839.05,2025-06-04
1716,231,1398---,2,585.37,2025-06-04
1717,98,1029,2,332.9,2025-06-04
1718,494,2882---,10,510.63,2025-06-04
1719,169,1767,3 ,257.94,2025-06-04
1720,326,1883,2,,2025-06-04
1721,,1792,2,472.78,2025-06-04
1722,93,1950,2,,2025-06-04
1723,373,970,2,186.09,2025-06-04
1724,454,1937,5,690.74,2025-06-04
1725,25---,117,2 ,,2025-06-04
1726,492,587,2,847.03,2025-06-04
1727,353,656,2,709.75,2025-06-04
1728,484,1854,2,816.36,2025-06-04
1729,85,1441,2,181.5,2025-06-04
1730,35,2406 ,1,,2025-06-04
1731,72,,2,163.35,2025-06-04
1732,271,1670,2,590.56,2025-06-04
1733,451,299,3,442.94,2025-06-04
1734,338,2295,20,187.05,2025-06-04
1735,134,2900,5,,2025-06-04
1736,207,,10,771.97,2025-06-04
1737,437,1622,3,873.74,2025-06-04
1738,432,1316,1,398.64,2025-06-04
1739,303,2792,2,261.07,2025-06-04
1740,199,1319,1,559.88,2025-06-04
1741,56,1586,1,336.23,2025-06-04
1742,93,1060,1??,,2025-06-04
1743,,1177,1,702.9,2025-06-04
1744,235,1196,2,475.17,2025-06-04
1745,233,1617,3,896.34,2025-06-04
1746,231,398,2,585.37,2025-06-04
1747,8,1950,5,335.13,2025-06-04
1748,104,2009---,1,855.17,2025-06-04
1749,206,204,3,401.24,2025-06-04
1750,326,819,5,648.98,2025-06-04
1751,451,2217,1,442.94,2025-06-04
1752,270??,1256,1,298.5,2025-06-04
1753,466,108,3,,2025-06-04
1754,206,200,2,401.24,2025-06-04
1755,387,773,2,680.0,2025-06-04
1756,361,402,1,319.21,2025-06-04
1757,271,1111,1,,2025-06-04
1758,101,,4,76.75 ,2025-06-04
1759,449,2111,2,944.0,2025-06-04
1760,143,1001,5,181.27,2025-06-04
1761,182,620,4,378.55,2025-06-04
1762,218,2973,2,736.29,2025-06-04
1763,239,781,1,311.41,2025-06-04
1764,45,991,1,,2025-06-04
1765,56,2584,1,336.23,2025-06-04
1766,55,1551,2,182.86---,2025-06-04
1767,371,1964,1,348.36,2025-06-04
1768,,956,2,363.65,2025-06-04
1769,,2142,3,994.69,2025-06-04
1770,,296,1---,934.32,2025-06-04
1771,197,2642,1,570.36,2025-06-04
1772,220,2166,3,222.79??,2025-06-04
1773,375,2784,1,360.24,2025-06-04
1774,443,2150,1,933.58,2025-06-04
1775,477,1493,1,168.82,2025-06-04
1776,450,120,1,325.2,2025-06-04
1777,230,1723,,193.39,2025-06-04
1778,450,155,1,325.2,2025-06-04
1779,181,645,3,508.98,2025-06-04
1780,129,2817,1,392.23,2025-06-04
1781,273,406,1,84.32,2025-06-04
1782,498,2030,2,369.08,2025-06-04
1783,480,1183,4,,2025-06-04
1784,248,2113,1,452.25,2025-06-04
1785,113,2094,,159.84,2025-06-04
1786,429,1306,4,299.59,2025-06-04
1787,22,1163,1,85.88,2025-06-04
1788,216,188,1,,2025-06-04
1789,185,992,4,542.3,2025-06-04
1790,,2969,4,649.87,2025-06-04
1791,382,74,2,427.52,2025-06-04
1792,135,1977,2,1010.19,2025-06-04
1793,217,,2,710.49,2025-06-04
1794,26,304,3,,2025-06-04
1795,383,2260,2---,682.42,2025-06-04
1796,19,933,2,386.73,2025-06-04
1797,299,1722,10,840.59,2025-06-04
1798,273,1588,1,84.32,2025-06-04
1799,230,1844,2,193.39,2025-06-04
1800,247,1113,,,2025-06-04
1801,358,,1??,186.46,2025-06-04
1802,6,1935,5,284.23,2025-06-04
1803,285,796,1,535.38,2025-06-04
1804,472,,2,105.21,2025-06-04
1805,86,2163,2,903.56,2025-06-04
1806,132,1658,2,240.09??,2025-06-04
1807,492,2779,1,847.03,2025-06-04
1808,114,174,5,,2025-06-04
1809,69,741,5,373.1 ,2025-06-04
1810,466,1107,1,760.02,2025-06-04
1811,481,,2,479.02,2025-06-04
1812,289,2039,20,,2025-06-04
1813,350,2788,20,659.64,2025-06-04
1814,249,2596,5---,386.0,2025-06-04
1815,423,2389,5??,712.19,2025-06-04
1816,50,2523,1,1007.57,2025-06-04
1817,344,2135??,3,925.4,2025-06-04
1818,465,1830,4---,441.81 ,2025-06-05
1819,144,2897,1,699.06,2025-06-05
1820,311,2505,1,713.33,2025-06-05
1821,457,879,2,353.85 ,2025-06-05
1822,326 ,1400,1,648.98,2025-06-05
1823,374,605,1,711.19??,2025-06-05
1824,360,1275,5,315.18,2025-06-05
1825,27,,2,463.93 ,2025-06-05
1826,84,1636,1,468.69,2025-06-05
1827,179,879,3,355.87,2025-06-05
1828,409,774,1,845.34,2025-06-05
1829,100,154,1,,2025-06-05
1830,50,1698,2,1007.57,2025-06-05
1831,272,2871---,10,196.75,2025-06-05
1832,159,1684,1,237.25,2025-06-05
1833,,2171,2,575.1---,2025-06-05
1834,389,712,2,499.35,2025-06-05
1835,5,2959,4,201.09,2025-06-05
1836,498,,3,,2025-06-05
1837,345??,2876,3---,838.18,2025-06-05
1838,463,2614,2,927.87---,2025-06-05
1839,72,2378,1,163.35,2025-06-05
1840,299,2428,1,840.59,2025-06-05
1841,458,787,3,912.05---,2025-06-05
1842,253,1199,1,550.0,2025-06-05
1843,435,682,3,972.91,2025-06-05
1844,5,1198,3,201.09,2025-06-05
1845,35,611,1,198.91,2025-06-05
1846,51,753 ,2,79.43,2025-06-05
1847,205,1002,10,589.26,2025-06-05
1848,11,1471,1,491.64,2025-06-05
1849,477,275,2,168.82,2025-06-05
1850,463,1964,1,927.87---,2025-06-05
1851,341,344,2,389.03,2025-06-05
1852,98,,1,332.9,2025-06-05
1853,438,708,1,825.65,2025-06-05
1854,472,707,1,105.21,2025-06-05
1855,461,1448,1,292.66,2025-06-05
1856,172---,1054??,1,927.62,2025-06-05
1857,438,2313,2,,2025-06-05
1858,489,1513,1,334.81,2025-06-05
1859,151,1353,1,603.39,2025-06-05
1860,74,1579,,,2025-06-05
1861,380,,1,728.24,2025-06-05
1862,226,1155,5,209.79,2025-06-05
1863,285,,2,535.38,2025-06-05
1864,419,154---,1,138.89,2025-06-05
1865,19,2940,5,386.73,2025-06-05
1866,205,2472,2,589.26,2025-06-05
1867,236,116,1,589.35,2025-06-05
1868,,157---,2,508.98,2025-06-05
1869,164,656,3,373.42??,2025-06-05
1870,240,2475,1??,841.37,2025-06-05
1871,310,1895,5,723.09 ,2025-06-05
1872,283,1910,1,363.65,2025-06-05
1873,84,732,,468.69,2025-06-05
1874,22,826,2,85.88,2025-06-05
1875,128,2624,2,816.32,2025-06-05
1876,463,1767,3,927.87---,2025-06-05
1877,299,,2,840.59,2025-06-05
1878,167,635,1,321.07,2025-06-05
1879,116,1326,1,280.21,2025-06-05
1880,431,2030,4,272.8,2025-06-05
1881,78---,209,1,555.77,2025-06-05
1882,338,325,1,187.05,2025-06-05
1883,182,606,1,378.55,2025-06-05
1884,243,,2,435.09,2025-06-05
1885,210??,2404,1,928.31,2025-06-05
1886,236,2318,2,589.35,2025-06-05
1887,357---,2401,4,159.21,2025-06-05
1888,290,2425,3,774.21,2025-06-05
1889,406,999,3,532.33,2025-06-05
1890,340,141,1,575.1---,2025-06-05
1891,315,2221,1,,2025-06-05
1892,249,,1,386.0,2025-06-05
1893,,1475,3,925.4,2025-06-05
1894,246,1456,2,108.35,2025-06-05
1895,11,2953,2,491.64,2025-06-05
1896,210??,2187??,10,928.31,2025-06-05
1897,308,1939,2,281.83,2025-06-05
1898,393,1224,2,704.08,2025-06-05
1899,481,2200,1,479.02,2025-06-05
1900,95,610,1,1027.63,2025-06-05
1901,435,2844,2,972.91,2025-06-05
1902,103,1157,2,399.04,2025-06-05
1903,289,1428,1,,2025-06-05
1904,436,2995,1,544.14,2025-06-05
1905,,2911,1,79.99,2025-06-05
1906,163,2526,1,435.68,2025-06-05
1907,487,2588,1,237.09,2025-06-05
1908,152 ,587,4,,2025-06-05
1909,222,623??,2,681.73??,2025-06-05
1910,363??,1908,4,92.9,2025-06-05
1911,74,70,3,1024.02,2025-06-05
1912,259,,10,89.55,2025-06-05
1913,169,2304,2,257.94,2025-06-05
1914,166,2294,5,906.51,2025-06-05
1915,309,2994,2,645.12,2025-06-05
1916,355,186,2,336.39,2025-06-05
1917,328,2697---,1,413.2,2025-06-05
1918,230,2447,5,193.39,2025-06-05
1919,313,354,2,256.73,2025-06-05
1920,315,2361,4,727.37,2025-06-05
1921,289 ,2133,,,2025-06-05
1922,433,713,1,494.44,2025-06-05
1923,,2284,1,147.85,2025-06-05
1924,3,1469,1,311.35------,2025-06-05
1925,37,1216,2,786.8,2025-06-05
1926,345,1047,20,838.18,2025-06-05
1927,203,189,2,897.73,2025-06-05
1928,100,,3,None---,2025-06-05
1929,229,970,5,657.87,2025-06-06
1930,248,2746,5,452.25,2025-06-06
1931,,2738,1,840.59,2025-06-06
1932,,33---,1,731.8,2025-06-06
1933,142,1256,3,858.79,2025-06-06
1934,138,2519,5 ,641.47,2025-06-06
1935,299,,2,840.59,2025-06-06
1936,495,146,3 ,533.13,2025-06-06
1937,,1774,2,65.2,2025-06-06
1938,485,2180,1,306.85,2025-06-06
1939,339,545,5,,2025-06-06
1940,217,1871,1,710.49??,2025-06-06
1941,67??,426,4,123.92,2025-06-06
1942,351,2091,2,787.87,2025-06-06
1943,122,1152,5,,2025-06-06
1944,143,2205,1,181.27,2025-06-06
1945,228,1045,1,496.54,2025-06-06
1946,,2742,2,119.79,2025-06-06
1947,219,2888,1,604.87,2025-06-06
1948,228,1792,4,496.54,2025-06-06
1949,210,515,1,928.31,2025-06-06
1950,39,299,4,228.38,2025-06-06
1951,325,536,1,661.39,2025-06-06
1952,445,2021,2,365.38??,2025-06-06
1953,334,1824,1,202.93 ,2025-06-06
1954,363,1327,1,92.9,2025-06-06
1955,43,1009,5,152.82,2025-06-06
1956,134,1686,3,,2025-06-06
1957,195,1128,1,410.16,2025-06-06
1958,26,2196,2,,2025-06-06
1959,,1982,1,448.78,2025-06-06
1960,14,,1,546.15,2025-06-06
1961,65,807,3,508.17,2025-06-06
1962,179,910,1,355.87,2025-06-06
1963,200,1038,4,,2025-06-06
1964,79,2596,3,567.8,2025-06-06
1965,367,1822,4,503.81,2025-06-06
1966,77,1221,4---,975.6,2025-06-06
1967,383,2206,1,682.42,2025-06-06
1968,43,335,1,152.82,2025-06-06
1969,92,,2,261.06,2025-06-06
1970,168,124,3,79.14,2025-06-06
1971,238,146,1,875.47,2025-06-06
1972,376,2896,2,884.87,2025-06-06
1973,,2059,1,402.48,2025-06-06
1974,440,2177,1,,2025-06-06
1975,398,640,3,229.92,2025-06-06
1976,453,922,2,,2025-06-06
1977,244,2593,2,951.6,2025-06-06
1978,26,777,1,,2025-06-06
1979,87,2149,2,,2025-06-06
1980,404,2029,5,,2025-06-06
1981,333,1449,4 ,418.84,2025-06-06
1982,163,2106,5,435.68,2025-06-06
1983,479,1067,5,361.65,2025-06-06
1984,462,1324,2,754.85,2025-06-06
1985,192,2227,5,595.75,2025-06-06
1986,216,,,465.22,2025-06-06
1987,295,1092,3,368.63,2025-06-06
1988,252,2792,2,836.52,2025-06-06
1989,336,2987,1,914.9,2025-06-06
1990,126,,3,373.76 ---,2025-06-06
1991,112,2204,1,110.65,2025-06-06
1992,367,9,4,503.81,2025-06-06
1993,343,1872---,2,806.55,2025-06-06
1994,305,1487,1,398.85,2025-06-06
1995,230,1902,1,193.39,2025-06-06
1996,444 ,905,10,1036.18,2025-06-06
1997,353,2017,5,709.75,2025-06-06
1998,485,1458,1,306.85,2025-06-06
1999,255,2633,2,246.39,2025-06-06
2000,290,1771,3,774.21,2025-06-06
2001,310,2003,,723.09 ,2025-06-06
2002,450,2416,1,325.2,2025-06-06
2003,6,1773,1,284.23,2025-06-06
2004,155,1923,2,657.22,2025-06-06
2005,351,1967---,5,787.87,2025-06-06
2006,305,911,3,398.85,2025-06-06
2007,10,2951,1,173.6,2025-06-06
2008,,2405,3??,,2025-06-06
2009,15,1133,2,815.2,2025-06-06
2010,120,1979,2,,2025-06-06
2011,285,808,3,535.38,2025-06-06
2012,159,353,1,237.25,2025-06-06
2013,42,2987,5,372.32,2025-06-06
2014,163,624---,1,435.68,2025-06-06
2015,364,2839,2,531.62,2025-06-06
2016,159,1234,1,237.25,2025-06-06
2017,341,754,2,389.03,2025-06-06
2018,312,,5,692.62,2025-06-06
2019,449,948,4,944.0,2025-06-06
2020,112,810,20,110.65,2025-06-06
2021,148,1891,5,,2025-06-06
2022,98,1280,2,332.9,2025-06-06
2023,74,126,10,1024.02,2025-06-06
2024,409,1566,1,845.34,2025-06-06
2025,433,1347,,494.44,2025-06-06
2026,189,101,3,1027.84,2025-06-06
2027,324,2584,1---,829.29,2025-06-06
2028,59,1063,1,474.39,2025-06-06
2029,217,1595,,710.49---,2025-06-06
2030,92,2529,2,261.06??,2025-06-06
2031,335,2315,5,242.79,2025-06-06
2032,208,2677,1,529.71??,2025-06-06
2033,326,1292 ,1,648.98,2025-06-06
2034,179,1684,2 ,355.87,2025-06-06
2035,320,1326,3,438.03,2025-06-06
2036,171,2076??,1,914.96,2025-06-06
2037,54,2233,1,472.78,2025-06-06
2038,350,775,4??,659.64,2025-06-06
2039,247,,1,,2025-06-06
2040,134,1236,1,,2025-06-07
2041,121,618,1,653.67,2025-06-07
2042,191,1413,4,493.52,2025-06-07
2043,349,381---,4,464.38 ,2025-06-07
2044,461,2583,3,292.66,2025-06-07
2045,370,1754,2,604.48,2025-06-07
2046,441,,1,,2025-06-07
2047,39,403,10,228.38,2025-06-07
2048,371,680,2,348.36,2025-06-07
2049,,2254,,924.03---,2025-06-07
2050,118,69,,737.58,2025-06-07
2051,397,335,,637.91,2025-06-07
2052,311,2367,1 ,713.33,2025-06-07
2053,249,,1,,2025-06-07
2054,81,1831,,427.72,2025-06-07
2055,439,1731,1,884.89,2025-06-07
2056,,1366,3,816.36,2025-06-07
2057,24??,1765,1,891.92,2025-06-07
2058,336,1181,1,914.9,2025-06-07
2059,332,2133,1---,104.65,2025-06-07
2060,417,1346,4,195.05,2025-06-07
2061,450,1035,,325.2,2025-06-07
2062,32,,1,478.74,2025-06-07
2063,203,1041,3,897.73,2025-06-07
2064,489,2602,,334.81,2025-06-07
2065,453,2814,1,,2025-06-07
2066,153,2750,,118.03,2025-06-07
2067,243,1915,2,435.09,2025-06-07
2068,358,534,2,186.46,2025-06-07
2069,250,1483,1,119.79,2025-06-07
2070,100,990,5,,2025-06-07
2071,427,213,3,522.79,2025-06-07
2072,226,1366,1,209.79,2025-06-07
2073,311,104,2,713.33---,2025-06-07
2074,211,2155,2,527.98,2025-06-07
2075,186,2250,3,873.65,2025-06-07
2076,485,380,1,306.85,2025-06-07
2077,471,996,,766.82,2025-06-07
2078,30,,1,334.63,2025-06-07
2079,98,1450,1,332.9,2025-06-07
2080,36,451,1,752.87,2025-06-07
2081,49,2560,2---,,2025-06-07
2082,34,1697,3,378.62,2025-06-07
2083,433,2386,,494.44,2025-06-07
2084,120---,670,20,,2025-06-07
2085,297,1192,3,745.77,2025-06-07
2086,39,,1,228.38,2025-06-07
2087,500,,1??,932.15,2025-06-07
2088,426,1112,1,904.53,2025-06-07
2089,217,1280,1,710.49,2025-06-07
2090,62,2114,2,864.4,2025-06-07
2091,390,2603,1,,2025-06-07
2092,145,,1,349.01,2025-06-07
2093,231,1890,4,585.37,2025-06-07
2094,159,1227,1,237.25,2025-06-07
2095,103 ,274,1,399.04,2025-06-07
2096,142,2107,2,858.79,2025-06-07
2097,249,1861,,386.0,2025-06-07
2098,227,1114,5,309.72,2025-06-07
2099,171,396,1,914.96,2025-06-07
2100,57 ,1873,5,222.83,2025-06-07
2101,314,2814,2,785.07,2025-06-07
2102,145 ,381,1,,2025-06-07
2103,412,2894,1,628.74,2025-06-07
2104,40,531,1,727.08,2025-06-07
2105,319,734??,,690.64,2025-06-07
2106,277,1016,1,840.11,2025-06-07
2107,355,1188,1,336.39,2025-06-07
2108,365 ,1606,2,776.68,2025-06-07
2109,178,131,3,934.32,2025-06-07
2110,425,1666,1,99.98,2025-06-07
2111,67,2725,5,,2025-06-07
2112,261,1715,2,982.83,2025-06-07
2113,287,921,1,365.42,2025-06-07
2114,44,2245,2,460.78,2025-06-07
2115,51,2164,1,79.43,2025-06-07
2116,446,1318,1,85.62,2025-06-07
2117,337,26,4,600.31,2025-06-07
2118,328,2578,1,413.2,2025-06-07
2119,,57,,,2025-06-07
2120,,1434,3,919.81 ,2025-06-07
2121,133,148,1,572.29,2025-06-07
2122,437---,,1,873.74,2025-06-07
2123,376,,1,884.87,2025-06-07
2124,287,988,4,365.42,2025-06-07
2125,418,1034,2,394.38,2025-06-07
2126,332,93,5,104.65,2025-06-07
2127,135,142,5,1010.19---,2025-06-07
2128,336??,293,1,914.9,2025-06-07
2129,30---,1642,10,334.63,2025-06-07
2130,41,94,2,120.07,2025-06-07
2131,219,,2,604.87,2025-06-07
2132,484,1868,10,816.36,2025-06-07
2133,,21,1,167.11,2025-06-07
2134,243,746,10,435.09 ,2025-06-07
2135,180,2604,5,262.7,2025-06-07
2136,78,2629,2,555.77,2025-06-07
2137,64,614,2,149.34,2025-06-07
2138,202,2366,3,480.12,2025-06-07
2139,1,1270,1,715.23,2025-06-07
2140,453,2988,1,,2025-06-07
2141,70,2476---,2,624.95,2025-06-07
2142,426,928,2,904.53,2025-06-07
2143,,1617,2,123.99 ,2025-06-07
2144,302,887,1,467.1 ,2025-06-07
2145,134,1587,2,,2025-06-07
2146,325,1678 ,2,661.39,2025-06-07
2147,174,2521,5,503.59,2025-06-07
2148,437,,2,873.74,2025-06-07
2149,110,2193,1,704.9??,2025-06-07
2150,404,2463,5,,2025-06-07
2151,39,277,3,228.38,2025-06-08
2152,189,,3,1027.84,2025-06-08
2153,112,1164,2,,2025-06-08
2154,16,1345,10,376.78,2025-06-08
2155,447,1351,2,,2025-06-08
2156,286,1544,4,775.93??,2025-06-08
2157,292,61,,160.65,2025-06-08
2158,207,2749,2,771.97,2025-06-08
2159,331,,3,468.72,2025-06-08
2160,432,2352,1,398.64,2025-06-08
2161,391,2490,3,537.68,2025-06-08
2162,387,1046 ,1,680.0,2025-06-08
2163,199,1087,2,559.88,2025-06-08
2164,30,2151,2,,2025-06-08
2165,92,918,5,261.06,2025-06-08
2166,366,1204 ,2,773.63,2025-06-08
2167,,1928,3,1025.32,2025-06-08
2168,311,926,4,713.33,2025-06-08
2169,479,1565,1,,2025-06-08
2170,23,1251,3,719.34,2025-06-08
2171,107,1923,3,585.54,2025-06-08
2172,429,102,3,299.59,2025-06-08
2173,458,1439---,3,912.05---,2025-06-08
2174,19,325??,2,386.73,2025-06-08
2175,410,2404,1,81.87,2025-06-08
2176,459,245,5,621.08,2025-06-08
2177,218,1879,4,736.29,2025-06-08
2178,273,119,5,84.32,2025-06-08
2179,466,2127,1,760.02,2025-06-08
2180,456,,5,528.57,2025-06-08
2181,121,2702,20,653.67,2025-06-08
2182,,1976,4,261.07,2025-06-08
2183,294,595,20,739.48,2025-06-08
2184,397,2279,2,637.91,2025-06-08
2185,273,2614,1,,2025-06-08
2186,156,907,1,399.02,2025-06-08
2187,139,2914,2,868.35,2025-06-08
2188,119,405,3,1025.32,2025-06-08
2189,480,938,1,702.9,2025-06-08
2190,84,2873,1,468.69,2025-06-08
2191,4,2179,4,587.27,2025-06-08
2192,176,1727,2,475.79,2025-06-08
2193,244,1777,2,951.6??,2025-06-08
2194,434,858,3,911.31,2025-06-08
2195,196,2807,,806.34,2025-06-08
2196,310,195,1,723.09 ,2025-06-08
2197,,1945,1 ,234.31??,2025-06-08
2198,441,2227,2,773.78,2025-06-08
2199,47---,2199,1,979.1,2025-06-08
2200,167,993,10,321.07,2025-06-08
2201,32,2923,4,478.74,2025-06-08
2202,372,1467,1,616.97,2025-06-08
2203,262,1063,4,75.74,2025-06-08
2204,121,2818,1,653.67,2025-06-08
2205,15??,2994,1,815.2,2025-06-08
2206,90,195,3,191.16,2025-06-08
2207,271,126,,590.56,2025-06-08
2208,345,1788,1,838.18,2025-06-08
2209,106,1735,3,207.59,2025-06-08
2210,234,2066,10,,2025-06-08
2211,190,2051,5,461.29,2025-06-08
2212,396,676,3,629.9,2025-06-08
2213,134,2363??,3,,2025-06-08
2214,36,1629,1,752.87,2025-06-08
2215,120,1538,1,,2025-06-08
2216,484,1391---,3,816.36,2025-06-08
2217,333??,389,2,418.84,2025-06-08
2218,,2226,1,375.79,2025-06-08
2219,,,1,816.36,2025-06-08
2220,257,2225??,2,528.85,2025-06-08
2221,289,1455,1,,2025-06-08
2222,370,1351,1,604.48,2025-06-08
2223,253,1306,3,550.0,2025-06-08
2224,102,3,4,873.82,2025-06-08
2225,254,2045,1,935.96,2025-06-08
2226,,232,2,690.64,2025-06-08
2227,129,2585,1,392.23,2025-06-08
2228,212,1488,3,952.19,2025-06-08
2229,470,2815,1,998.68,2025-06-08
2230,289,14,2,,2025-06-08
2231,,445,3,374.08,2025-06-08
2232,5,80,2,201.09,2025-06-08
2233,132,1358??,3,240.09??,2025-06-08
2234,197,2824,2,570.36,2025-06-08
2235,397,383,2,637.91,2025-06-08
2236,415,1780,1,649.87,2025-06-08
2237,164,576,2,373.42??,2025-06-08
2238,231 ,1824,1,585.37,2025-06-08
2239,18,1526,5,467.06,2025-06-08
2240,62,1917,4,864.4,2025-06-08
2241,94,99,5,996.96,2025-06-08
2242,332,222,,104.65,2025-06-08
2243,202,2303,4,480.12,2025-06-08
2244,241,1323,2,218.0,2025-06-08
2245,61,2602,3,116.62,2025-06-08
2246,1,2541,1,715.23,2025-06-08
2247,260,,20,517.98 ,2025-06-08
2248,387,1482,1,680.0,2025-06-08
2249,455,,1,167.11,2025-06-08
2250,399,658,2,773.65,2025-06-08
2251,105,1406---,,589.73,2025-06-08
2252,165,543,1,709.09,2025-06-08
2253,459,77,3,621.08,2025-06-08
2254,365,62,2,776.68,2025-06-08
2255,128,1791,2,816.32,2025-06-08
2256,308,2561,3,281.83,2025-06-08
2257,429,2061,3,299.59,2025-06-08
2258,291,,3,722.08,2025-06-08
2259,489,2259,4,334.81,2025-06-08
2260,56,2149,4,336.23,2025-06-08
2261,214,1667,1,225.33,2025-06-08
2262,311,453,1,713.33,2025-06-09
2263,142,1698,1,858.79,2025-06-09
2264,159,93,3,237.25,2025-06-09
2265,458,9,3,912.05---,2025-06-09
2266,,852,,704.9??,2025-06-09
2267,210,2296,1,928.31,2025-06-09
2268,106,33,1,207.59,2025-06-09
2269,205,1153,1,589.26,2025-06-09
2270,226,466,5,209.79,2025-06-09
2271,402,2741,1,851.77,2025-06-09
2272,90,2347,1,191.16,2025-06-09
2273,224,428,1,835.41,2025-06-09
2274,57,636,4,222.83,2025-06-09
2275,265,1033,1,754.56---,2025-06-09
2276,396,1532,1,629.9,2025-06-09
2277,65,1588,2,508.17,2025-06-09
2278,294,2594,10,739.48,2025-06-09
2279,438,404,5,825.65,2025-06-09
2280,341,1931,5,389.03,2025-06-09
2281,380,1433,2,728.24,2025-06-09
2282,496,1045,2---,660.1,2025-06-09
2283,474,320,5??,,2025-06-09
2284,80,2384,10,402.48,2025-06-09
2285,316,2424,1,466.97,2025-06-09
2286,316 ,1110,1,466.97,2025-06-09
2287,55,2656,1??,182.86,2025-06-09
2288,244,1179,5,951.6,2025-06-09
2289,281,2627---,1,186.79,2025-06-09
2290,75,865,1,899.45,2025-06-09
2291,433,1753,1,,2025-06-09
2292,247??,808,2,,2025-06-09
2293,471,1214,5,766.82,2025-06-09
2294,233,2501 ,2,,2025-06-09
2295,36,351,1,752.87,2025-06-09
2296,325,773,1,661.39,2025-06-09
2297,202,1695,2,480.12,2025-06-09
2298,296,1701,2,871.21,2025-06-09
2299,317,1702,1,432.9,2025-06-09
2300,171,2107,1,914.96,2025-06-09
2301,398,2075,3,229.92,2025-06-09
2302,69,1831,,373.1,2025-06-09
2303,486,2096,2,860.43,2025-06-09
2304,46,736,1,745.3,2025-06-09
2305,408,2193,4,643.91,2025-06-09
2306,96,1911,2,168.18,2025-06-09
2307,332,2541,2,104.65,2025-06-09
2308,490,1828,2,,2025-06-09
2309,427,2398,1,522.79,2025-06-09
2310,9,317,4,606.63,2025-06-09
2311,494,702,3,510.63,2025-06-09
2312,298,1368,2,162.53,2025-06-09
2313,236---,,1,589.35,2025-06-09
2314,258,255,,689.11,2025-06-09
2315,369,777,1,410.57,2025-06-09
2316,404,2245,10,,2025-06-09
2317,,2399,1,982.83,2025-06-09
2318,,624,1,833.88,2025-06-09
2319,275,1501,4,270.69,2025-06-09
2320,,93,2,92.9,2025-06-09
2321,430,188---,1---,815.38,2025-06-09
2322,178,2228,4,934.32,2025-06-09
2323,367---,997,2,503.81,2025-06-09
2324,255,923,5,246.39,2025-06-09
2325,382,877,1,427.52 ,2025-06-09
2326,127,2473,2,190.88,2025-06-09
2327,38,1316,1,147.85,2025-06-09
2328,372,1088,5,616.97,2025-06-09
2329,318,178,2,311.94,2025-06-09
2330,294,1074,5,739.48,2025-06-09
2331,386,1188,1,919.81 ,2025-06-09
2332,99,1745,3,328.52,2025-06-09
2333,92---,2011,4,261.06,2025-06-09
2334,438,1631,1---,825.65??,2025-06-09
2335,178,2441,2 ,934.32,2025-06-09
2336,195,149,2,410.16,2025-06-09
2337,496,870??,5,660.1,2025-06-09
2338,410,84,20,81.87??,2025-06-09
2339,49,1031,1,,2025-06-09
2340,309,2635,1,645.12,2025-06-09
2341,,1368,2,225.33,2025-06-09
2342,488,89,3,721.8,2025-06-09
2343,160,814,1,924.03,2025-06-09
2344,292,1668,2,160.65,2025-06-09
2345,64,790,1,149.34 ,2025-06-09
2346,449,1878,5,944.0,2025-06-09
2347,483,1547,,259.65,2025-06-09
2348,195,1350,5,410.16,2025-06-09
2349,168,2780,2,79.14,2025-06-09
2350,440,376,1,,2025-06-09
2351,95,2119---,4,1027.63,2025-06-09
2352,233,78,1,896.34,2025-06-09
2353,378,322,1,305.61,2025-06-09
2354,77,2322,4,975.6,2025-06-09
2355,78,,3,555.77,2025-06-09
2356,165,264,2,709.09,2025-06-09
2357,410,453,3,81.87,2025-06-09
2358,310,226,3,723.09 ,2025-06-09
2359,122,652,2,392.48,2025-06-09
2360,229,2451,4,657.87,2025-06-09
2361,208,2088,1,529.71??,2025-06-09
2362,170,1274,4,700.59,2025-06-09
2363,334,2548,10,202.93,2025-06-09
2364,440,2666,3,,2025-06-09
2365,38,2603,1,147.85,2025-06-09
2366,87,1711,5 ,379.38,2025-06-09
2367,468,1924,3,388.65,2025-06-09
2368,56,412,5,336.23,2025-06-09
2369,100,1588,1,,2025-06-09
2370,27,2190,,,2025-06-09
2371,169,201,1 ,257.94,2025-06-09
2372,460,1900,4,895.71,2025-06-09
2373,105,1029,5,589.73,2025-06-10
2374,42,2791,1 ,372.32,2025-06-10
2375,245,848,1,676.36,2025-06-10
2376,418,536,1,,2025-06-10
2377,246,2106,1,108.35,2025-06-10
2378,466,2981,2,760.02,2025-06-10
2379,47,677,1,979.1,2025-06-10
2380,408,2403,3,643.91,2025-06-10
2381,94 ,496 ,2,996.96,2025-06-10
2382,325,1237,2,661.39,2025-06-10
2383,497,1294,,513.71,2025-06-10
2384,128,671,1,816.32,2025-06-10
2385,500,2388,5,932.15,2025-06-10
2386,,150,1 ,,2025-06-10
2387,441,2701---,1,773.78,2025-06-10
2388,315,2277,2,727.37,2025-06-10
2389,432,395,3,398.64,2025-06-10
2390,373,1742,,186.09,2025-06-10
2391,73,1823??,4,831.62,2025-06-10
2392,193??,2114,2,217.33,2025-06-10
2393,237,656,1,57.57??,2025-06-10
2394,118,1523,1,737.58,2025-06-10
2395,91,2517,2,230.02,2025-06-10
2396,155,,4,657.22,2025-06-10
2397,432,2187,1,398.64,2025-06-10
2398,226,1180,4,209.79,2025-06-10
2399,372,233,2,616.97,2025-06-10
2400,138,711,5,641.47,2025-06-10
2401,,2396,2,372.32,2025-06-10
2402,250,1459,5,119.79,2025-06-10
2403,83,2707,1,706.86,2025-06-10
2404,317,954,2,432.9,2025-06-10
2405,211,2390,5,527.98,2025-06-10
2406,298,132,1,162.53,2025-06-10
2407,461,2096,5,,2025-06-10
2408,104,2399,3,855.17,2025-06-10
2409,227,2462,5,309.72??,2025-06-10
2410,171,679,1,914.96,2025-06-10
2411,53,1226,1,552.85,2025-06-10
2412,156,1092,5,,2025-06-10
2413,144,2903,20,699.06,2025-06-10
2414,249,1851,3,386.0,2025-06-10
2415,27,2418,1,463.93,2025-06-10
2416,101,322,3,76.75,2025-06-10
2417,245,1835,10,676.36---,2025-06-10
2418,,958,2,457.8,2025-06-10
2419,122,1882,2,392.48,2025-06-10
2420,331,2398,,468.72---,2025-06-10
2421,305,1425,3,398.85,2025-06-10
2422,308,1437,1,281.83,2025-06-10
2423,183,,2,386.71,2025-06-10
2424,490,231,4,,2025-06-10
2425,279,2509,2,833.88,2025-06-10
2426,3,1406,2,311.35---,2025-06-10
2427,172,,2,927.62,2025-06-10
2428,111,1209,1,629.21,2025-06-10
2429,362,1284,2,763.92 ,2025-06-10
2430,467,2928,2,943.44,2025-06-10
2431,199,140,4---,559.88,2025-06-10
2432,151,639---,1,603.39,2025-06-10
2433,204,1975,5,,2025-06-10
2434,383,562,3,682.42,2025-06-10
2435,351,697,4,787.87,2025-06-10
2436,193,1993,4,217.33,2025-06-10
2437,30,208,2,334.63??,2025-06-10
2438,169,796,1,257.94,2025-06-10
2439,406---,2686??,1,532.33,2025-06-10
2440,391,846,1,537.68,2025-06-10
2441,12,408,4,810.58,2025-06-10
2442,120,2551??,2,,2025-06-10
2443,425,125 ,2,99.98,2025-06-10
2444,446,2202,2,85.62,2025-06-10
2445,424,16,1,607.96,2025-06-10
2446,414,1876,3,245.35,2025-06-10
2447,200,2096,1,,2025-06-10
2448,307,2439,1,432.28,2025-06-10
2449,178,2931,3,934.32,2025-06-10
2450,441,2686,1,773.78,2025-06-10
2451,,1157,1,312.04,2025-06-10
2452,331,392,1,468.72,2025-06-10
2453,317,2887,2,432.9,2025-06-10
2454,84??,1945,5,468.69,2025-06-10
2455,231,2751,1??,585.37,2025-06-10
2456,102,2245,1,873.82,2025-06-10
2457,457,605,10,353.85,2025-06-10
2458,121,1425,2,653.67,2025-06-10
2459,195,,2,410.16,2025-06-10
2460,15,113,1,815.2,2025-06-10
2461,84,515,1,468.69,2025-06-10
2462,163,2917,1,435.68,2025-06-10
2463,,552,5,911.31,2025-06-10
2464,351,2523,3,787.87,2025-06-10
2465,,2655,3,604.44,2025-06-10
2466,261,,4,982.83---,2025-06-10
2467,227,1521,3,309.72,2025-06-10
2468,202,843,2,480.12,2025-06-10
2469,164,751,1,373.42??,2025-06-10
2470,70,1406,1,624.95,2025-06-10
2471,357,102,2,159.21,2025-06-10
2472,415,2375,5,649.87,2025-06-10
2473,113,2197,1,159.84,2025-06-10
2474,486,774,,860.43,2025-06-10
2475,242,2005,1,732.54,2025-06-10
2476,415,615,4,649.87,2025-06-10
2477,430,961??,5,815.38,2025-06-10
2478,376,1143,1,884.87,2025-06-10
2479,399,587,1,773.65,2025-06-10
2480,9,704,,606.63,2025-06-10
2481,76,232,5---,157.63,2025-06-10
2482,250,1429,4,,2025-06-10
2483,423 ,1860,1,712.19,2025-06-10
2484,415,2069,2,649.87,2025-06-10
2485,117,852,3,232.36,2025-06-11
2486,432,1144,5,398.64,2025-06-11
2487,172,1951,4,927.62,2025-06-11
2488,462,,1,754.85,2025-06-11
2489,182 ,2892,20,378.55,2025-06-11
2490,296,2595,2,871.21,2025-06-11
2491,25??,1271,1,357.09,2025-06-11
2492,148,2149,3,,2025-06-11
2493,46,1394,2,745.3,2025-06-11
2494,445,927,2,365.38,2025-06-11
2495,445,348---,1,365.38,2025-06-11
2496,155,1906,4,657.22,2025-06-11
2497,202,2556,2,480.12,2025-06-11
2498,134,465,3,,2025-06-11
2499,315,1029,2,727.37,2025-06-11
2500,498,379 ,1,369.08,2025-06-11
2501,277,497,5,840.11,2025-06-11
2502,473,2683,5,123.99,2025-06-11
2503,468,751,1,388.65,2025-06-11
2504,265,145,5 ,754.56,2025-06-11
2505,76,2404,2,157.63,2025-06-11
2506,311,1169,1,713.33,2025-06-11
2507,483,1596,5,259.65,2025-06-11
2508,146,853??,4,266.77,2025-06-11
2509,176,,1,475.79,2025-06-11
2510,396,2327,1,629.9,2025-06-11
2511,393,200,1,704.08,2025-06-11
2512,187,1980,1,592.25,2025-06-11
2513,415,2634,1,649.87,2025-06-11
2514,367,288,2,503.81,2025-06-11
2515,299,597,1,840.59,2025-06-11
2516,39,2315,1,228.38,2025-06-11
2517,132,260,20,240.09??,2025-06-11
2518,247,2786,5,,2025-06-11
2519,59,744,3,474.39,2025-06-11
2520,124,1180,2,887.58,2025-06-11
2521,464,364,1,967.59,2025-06-11
2522,87,1912,4,379.38,2025-06-11
2523,216,1098,2,465.22,2025-06-11
2524,392,1574,2,,2025-06-11
2525,271,2028,4,,2025-06-11
2526,431,2545,3,272.8,2025-06-11
2527,492,136,1,847.03,2025-06-11
2528,125,2715,2,186.6,2025-06-11
2529,287,2689,1,365.42,2025-06-11
2530,153,1615,1,118.03,2025-06-11
2531,415,2409,1,649.87,2025-06-11
2532,200,2283,3,,2025-06-11
2533,309,1812,4,645.12,2025-06-11
2534,161,1517,2,480.94,2025-06-11
2535,469,648,,953.09,2025-06-11
2536,359,643,1,93.44,2025-06-11
2537,125,1074---,3,186.6,2025-06-11
2538,422,1614,3,312.04,2025-06-11
2539,384,112,20,855.34,2025-06-11
2540,341,417??,3,389.03,2025-06-11
2541,328,14,1,413.2,2025-06-11
2542,415,13,1,649.87,2025-06-11
2543,81,2835,2,427.72,2025-06-11
2544,84,2315,1,468.69,2025-06-11
2545,,980,1,537.68,2025-06-11
2546,,2008,5,81.87,2025-06-11
2547,263,2876,5,541.16,2025-06-11
2548,27,78,1,463.93,2025-06-11
2549,52,1335,2,782.67,2025-06-11
2550,363,1922,1,92.9,2025-06-11
2551,214,2373,1,225.33,2025-06-11
2552,345,1853,2,838.18,2025-06-11
2553,103,139,1,399.04,2025-06-11
2554,301,1069,3,256.11,2025-06-11
2555,464,146,3---,967.59,2025-06-11
2556,420,129,20,694.13,2025-06-11
2557,138,2946,1,641.47 ,2025-06-11
2558,96,2031,5,168.18,2025-06-11
2559,56,30,3,336.23,2025-06-11
2560,280,467,5,234.31??,2025-06-11
2561,242,148,1,732.54,2025-06-11
2562,41,1431,4,120.07,2025-06-11
2563,373,2860,1,186.09,2025-06-11
2564,27,645,,463.93,2025-06-11
2565,40,852,1,727.08,2025-06-11
2566,426,,2,904.53,2025-06-11
2567,8,227,1??,335.13,2025-06-11
2568,166,121,1,906.51,2025-06-11
2569,364,781,4,531.62,2025-06-11
2570,445,977,,365.38,2025-06-11
2571,412,1395,3,628.74,2025-06-11
2572,197,630,1,570.36,2025-06-11
2573,380,997,3,728.24,2025-06-11
2574,383,2614,1,682.42,2025-06-11
2575,53,832,1,552.85,2025-06-11
2576,28,1239,2,699.64,2025-06-11
2577,489,1378,2,334.81,2025-06-11
2578,57??,997,3,222.83,2025-06-11
2579,125,1401,3,186.6,2025-06-11
2580,411,1650,5,128.07,2025-06-11
2581,252,963,1,836.52,2025-06-11
2582,179,1289,2,355.87,2025-06-11
2583,302,486,10,467.1,2025-06-11
2584,205,1967,1,589.26,2025-06-11
2585,290,822,2,774.21,2025-06-11
2586,61,1291,2,116.62,2025-06-11
2587,285---,1773,2,535.38,2025-06-11
2588,9,1824,3,606.63,2025-06-11
2589,305,784,2,398.85,2025-06-11
2590,426,525,1,904.53,2025-06-11
2591,152,2525,3,,2025-06-11
2592,130,1180,5,839.05,2025-06-11
2593,117,2711,2,232.36,2025-06-11
2594,330,463,1,558.84,2025-06-11
2595,488,1842,1,721.8,2025-06-11
2596,84,2101,10,468.69,2025-06-12
2597,197,1700,3,570.36,2025-06-12
2598,372,2662,3,616.97,2025-06-12
2599,251,1146,1,511.82,2025-06-12
2600,28,2513,1,699.64,2025-06-12
2601,81,1014,1,427.72,2025-06-12
2602,365,432,5,776.68,2025-06-12
2603,158,439,2,872.08,2025-06-12
2604,17,368,1,1024.6,2025-06-12
2605,190,2948,2,461.29,2025-06-12
2606,221,2338,2,981.95,2025-06-12
2607,,360,1,1024.02,2025-06-12
2608,435,2042,1,972.91,2025-06-12
2609,7,956,4,378.16,2025-06-12
2610,239,1253,2??,311.41,2025-06-12
2611,45,2129,2,,2025-06-12
2612,405,2392,1,290.54,2025-06-12
2613,82,2776,2,535.76,2025-06-12
2614,399,,2,773.65,2025-06-12
2615,345,2289,4,838.18,2025-06-12
2616,178,2194,5,934.32,2025-06-12
2617,207,522,5,771.97,2025-06-12
2618,202,1333,5,480.12,2025-06-12
2619,452,953,1,985.54,2025-06-12
2620,332,,2,104.65,2025-06-12
2621,456,1257,1,528.57,2025-06-12
2622,381,,2,65.2,2025-06-12
2623,23,2054,1,719.34,2025-06-12
2624,330,2115,1,558.84,2025-06-12
2625,1,2625,5,715.23,2025-06-12
2626,473,2187,2 ,123.99,2025-06-12
2627,352,523,2,,2025-06-12
2628,265,2209,4,754.56,2025-06-12
2629,6,954,4---,284.23,2025-06-12
2630,487,687,1,237.09,2025-06-12
2631,45,845,1,,2025-06-12
2632,442,1106,3,914.26,2025-06-12
2633,222,556,3,681.73,2025-06-12
2634,49,519,1---,,2025-06-12
2635,41,1174,,120.07,2025-06-12
2636,227,2851,2,309.72,2025-06-12
2637,27,1041,1,463.93,2025-06-12
2638,269,1612,2,617.46---,2025-06-12
2639,219,1863,1,604.87,2025-06-12
2640,214,2373,2,225.33,2025-06-12
2641,390,2545,3,,2025-06-12
2642,217,1491,1,710.49,2025-06-12
2643,,2836,1,186.46,2025-06-12
2644,179,2912,2,355.87,2025-06-12
2645,,4,5,336.39,2025-06-12
2646,227,1644,1,309.72,2025-06-12
2647,412??,2997,1,628.74---,2025-06-12
2648,407,1941,3??,323.97,2025-06-12
2649,441,2773,2,773.78,2025-06-12
2650,206??,1284??,4,401.24,2025-06-12
2651,364,,1,531.62,2025-06-12
2652,22,1526,1,85.88,2025-06-12
2653,101,304,,76.75,2025-06-12
2654,11,2953,3,491.64,2025-06-12
2655,320,1299,1,438.03,2025-06-12
2656,20---,2067,2,100.09??,2025-06-12
2657,492,1890,3,847.03,2025-06-12
2658,491,1190,3,874.7,2025-06-12
2659,448,2031,1,459.14,2025-06-12
2660,263,2295,1,541.16,2025-06-12
2661,62,664,1,864.4,2025-06-12
2662,468,1193,1,,2025-06-12
2663,234,2130,2,604.44,2025-06-12
2664,500,1397,1,932.15,2025-06-12
2665,116,1700,1,,2025-06-12
2666,70,2206,1,624.95,2025-06-12
2667,150,1619,1,719.4,2025-06-12
2668,176,1736,10,475.79,2025-06-12
2669,104,2780,4,855.17,2025-06-12
2670,428,,1,856.4,2025-06-12
2671,381,108,4,,2025-06-12
2672,291,1701,1,,2025-06-12
2673,251,443,1,511.82,2025-06-12
2674,346,2828,4,555.77,2025-06-12
2675,224,2751,4,835.41,2025-06-12
2676,465,1611,2,441.81 ,2025-06-12
2677,66,2816,3,604.37,2025-06-12
2678,191---,619,10,493.52,2025-06-12
2679,121,2346,1,653.67,2025-06-12
2680,75,461,4,899.45,2025-06-12
2681,268,2317,10,,2025-06-12
2682,237,1873,4,,2025-06-12
2683,472,,2,105.21,2025-06-12
2684,278,555,2,349.92,2025-06-12
2685,240,949,2??,841.37,2025-06-12
2686,152,1100,1,,2025-06-12
2687,488,166,1,721.8??,2025-06-12
2688,351,1636,3,787.87,2025-06-12
2689,6,2100,3,284.23,2025-06-12
2690,306,2095,3,132.33,2025-06-12
2691,151,,3,603.39,2025-06-12
2692,278,1451,1,349.92,2025-06-12
2693,213,386,2,932.88,2025-06-12
2694,80??,1140,3,402.48,2025-06-12
2695,308 ,417,2,281.83,2025-06-12
2696,339,2501,3,910.33,2025-06-12
2697,386,1087,1,919.81 ,2025-06-12
2698,289,2197,4,None ,2025-06-12
2699,257,294,3,528.85 ,2025-06-12
2700,285,913,2,535.38,2025-06-12
2701,101,2495,3,76.75,2025-06-12
2702,492,406,2,847.03,2025-06-12
2703,433,1358,2,494.44,2025-06-12
2704,,208,4,628.74,2025-06-12
2705,,1672,3,657.87,2025-06-12
2706,41 ,2839,3,120.07,2025-06-12
2707,375,941,1,,2025-06-13
2708,1,1435,1,715.23,2025-06-13
2709,328,203,3,413.2,2025-06-13
2710,53,2239,1,552.85,2025-06-13
2711,387---,1527,3,680.0,2025-06-13
2712,462,636,1,754.85,2025-06-13
2713,258,900,5,689.11,2025-06-13
2714,440,1556,,,2025-06-13
2715,388,,5,379.24,2025-06-13
2716,172,127,,927.62,2025-06-13
2717,,454,2,1007.57,2025-06-13
2718,178,1685,2,934.32,2025-06-13
2719,84,1895,3,468.69,2025-06-13
2720,32,,1,478.74,2025-06-13
2721,451,1535,5,442.94,2025-06-13
2722,482,2123,2,411.28,2025-06-13
2723,9,1342,3,,2025-06-13
2724,347,2246,2,280.08,2025-06-13
2725,258,2460,,689.11,2025-06-13
2726,475,1607,1,626.39,2025-06-13
2727,373,2635 ,3,186.09,2025-06-13
2728,428,,20,856.4,2025-06-13
2729,453,1556,5,,2025-06-13
2730,406,417,1,532.33,2025-06-13
2731,224,964,5,835.41,2025-06-13
2732,339,940,3,910.33,2025-06-13
2733,302,1216,,467.1,2025-06-13
2734,231,2697,2,585.37---,2025-06-13
2735,263,2561,4,541.16,2025-06-13
2736,45,2533,1,,2025-06-13
2737,401,2712,1,457.8,2025-06-13
2738,315,2511,2,,2025-06-13
2739,12,519,4,810.58,2025-06-13
2740,325,185,2,661.39,2025-06-13
2741,271,255,2,590.56---,2025-06-13
2742,11,1123,5,491.64,2025-06-13
2743,442,2752,2,914.26,2025-06-13
2744,279,2826,1,833.88,2025-06-13
2745,383,2747,1,682.42,2025-06-13
2746,314,2735,1,785.07,2025-06-13
2747,20,1973??,1,100.09,2025-06-13
2748,418,1183,2,394.38,2025-06-13
2749,26,,10,,2025-06-13
2750,338,2837,2,187.05,2025-06-13
2751,36,1006,5,752.87,2025-06-13
2752,19,1824,3??,386.73,2025-06-13
2753,476,1416,1,234.47,2025-06-13
2754,384,2635,,855.34,2025-06-13
2755,219,513,1,604.87,2025-06-13
2756,,1385,1 ,727.08,2025-06-13
2757,91,2353,2,230.02,2025-06-13
2758,210,1551,,928.31,2025-06-13
2759,307,638,3,,2025-06-13
2760,150,1938,4,719.4,2025-06-13
2761,495,2933,1,533.13,2025-06-13
2762,485,1599,3,306.85,2025-06-13
2763,233,,4,896.34,2025-06-13
2764,461,2849---,3,292.66,2025-06-13
2765,223,1280,3,679.14,2025-06-13
2766,482,1698,2,411.28,2025-06-13
2767,359,2783,1,93.44,2025-06-13
2768,283,1036,,363.65,2025-06-13
2769,211,1079,1,527.98,2025-06-13
2770,11,1145,1,491.64,2025-06-13
2771,498,2199,2,369.08,2025-06-13
2772,189---,747,2 ,1027.84,2025-06-13
2773,303??,1620,1,261.07,2025-06-13
2774,7,863,5,378.16,2025-06-13
2775,47,2688,1,979.1,2025-06-13
2776,423,2263,,712.19,2025-06-13
2777,417,159,2,,2025-06-13
2778,318,92,5,311.94,2025-06-13
2779,448,384,,459.14,2025-06-13
2780,107,1244,3,585.54,2025-06-13
2781,252,2571,5,836.52,2025-06-13
2782,61,2608,,116.62,2025-06-13
2783,203,2617,4,897.73,2025-06-13
2784,250,,3,119.79,2025-06-13
2785,409,2469,1,845.34,2025-06-13
2786,98,1192,2,332.9,2025-06-13
2787,51,325,1,79.43,2025-06-13
2788,,2702??,5,754.56,2025-06-13
2789,100,2268,,,2025-06-13
2790,15,,1,815.2,2025-06-13
2791,200,1317,2,,2025-06-13
2792,494,449,1,,2025-06-13
2793,137,,1,247.12,2025-06-13
2794,284,2763,5,564.02,2025-06-13
2795,472,2669,4,105.21,2025-06-13
2796,215,2510,2,498.59,2025-06-13
2797,203,1296,2,897.73,2025-06-13
2798,250,1182---,2,119.79,2025-06-13
2799,335,1028,4,242.79,2025-06-13
2800,348,1513,2,393.07,2025-06-13
2801,72,2201,4,163.35,2025-06-13
2802,280,892,4,234.31??,2025-06-13
2803,492,2674,1,847.03---,2025-06-13
2804,13,759,1,548.34,2025-06-13
2805,280,422,20,234.31??,2025-06-13
2806,299,1503,2,840.59,2025-06-13
2807,100,1745---,20,,2025-06-13
2808,477,1050,1,,2025-06-13
2809,,2129,10,468.72,2025-06-13
2810,448,1907,2,459.14,2025-06-13
2811,147,1927,2,755.36,2025-06-13
2812,468,2507,3,388.65,2025-06-13
2813,194,891,1,154.3,2025-06-13
2814,431,2096,2,272.8,2025-06-13
2815,399,2295,3,773.65,2025-06-13
2816,292,2544,2,160.65,2025-06-13
2817,432,878,3,398.64,2025-06-13
2818,239,534,4,311.41,2025-06-14
2819,429,1098,2,299.59,2025-06-14
2820,352,272,2,638.9,2025-06-14
2821,242,1917,2---,,2025-06-14
2822,318,2370,2,311.94,2025-06-14
2823,41,2104,2,120.07,2025-06-14
2824,54,2362,5,472.78,2025-06-14
2825,314,2729,2,785.07,2025-06-14
2826,351,658,5,787.87,2025-06-14
2827,241,970,1,218.0,2025-06-14
2828,395,2270,1,167.39??,2025-06-14
2829,139,2589,4,868.35,2025-06-14
2830,360,1212??,3??,315.18,2025-06-14
2831,449,1455,3,944.0,2025-06-14
2832,481,2512,1,479.02,2025-06-14
2833,,881,1,357.09,2025-06-14
2834,273,2815,1,84.32,2025-06-14
2835,23,,5,719.34,2025-06-14
2836,376,2818,3,,2025-06-14
2837,86,82,4,903.56,2025-06-14
2838,5,791,1,201.09,2025-06-14
2839,245,,5,676.36,2025-06-14
2840,147,783,,755.36,2025-06-14
2841,402 ,2825,2,851.77,2025-06-14
2842,86,,2,903.56,2025-06-14
2843,407,552,1,323.97,2025-06-14
2844,352,610,2,638.9,2025-06-14
2845,350,1949,2,659.64,2025-06-14
2846,488,90,3,721.8,2025-06-14
2847,,1379,4,810.58,2025-06-14
2848,450,892,1 ,325.2,2025-06-14
2849,263,593,3,541.16,2025-06-14
2850,373,1966,4,186.09,2025-06-14
2851,189,2480,5,1027.84,2025-06-14
2852,383,2365,1,682.42,2025-06-14
2853,112 ,1706,1,110.65,2025-06-14
2854,385,2597,5,509.11,2025-06-14
2855,346,2261,1,555.77,2025-06-14
2856,8,2950,5,335.13,2025-06-14
2857,121,,2,653.67,2025-06-14
2858,10,647,,173.6,2025-06-14
2859,251,2986,2,511.82,2025-06-14
2860,439,1913,2,884.89,2025-06-14
2861,280,801,2,234.31??,2025-06-14
2862,314,2058,1,785.07,2025-06-14
2863,242,434,1,732.54,2025-06-14
2864,264,1515,3,758.53,2025-06-14
2865,239,,1,311.41,2025-06-14
2866,,1373 ,1,465.22,2025-06-14
2867,408,2701,1,643.91,2025-06-14
2868,176,1935,3,475.79,2025-06-14
2869,494,970,10,510.63,2025-06-14
2870,74,194---,10,1024.02,2025-06-14
2871,404,118,3,,2025-06-14
2872,217,2970,1,710.49,2025-06-14
2873,14,,5 ,546.15,2025-06-14
2874,339,1450,1---,910.33,2025-06-14
2875,178,2449,3,934.32,2025-06-14
2876,429,1735,20,299.59,2025-06-14
2877,353,1663,1,709.75??,2025-06-14
2878,207,1711,2,771.97,2025-06-14
2879,457,2064,1---,353.85,2025-06-14
2880,175,1781??,3,842.59,2025-06-14
2881,64,1758,1,149.34,2025-06-14
2882,421,446??,2,618.46,2025-06-14
2883,260,215,3,517.98 ,2025-06-14
2884,412,1266,3,628.74,2025-06-14
2885,262,750,4,75.74??,2025-06-14
2886,422,961,3,312.04,2025-06-14
2887,,247??,1,927.87---,2025-06-14
2888,468,413---,2,388.65,2025-06-14
2889,,344,1,604.48,2025-06-14
2890,124,2267,2,887.58,2025-06-14
2891,149,1339,1,487.7,2025-06-14
2892,329,163,2,589.72,2025-06-14
2893,458,34,2,912.05---,2025-06-14
2894,83,185,1,706.86,2025-06-14
2895,393,2489,1,704.08,2025-06-14
2896,416,2715,1,227.15,2025-06-14
2897,321,1349,1,200.36,2025-06-14
2898,335,1622,2,242.79,2025-06-14
2899,71,2511,1,116.08,2025-06-14
2900,175,1167,3,842.59,2025-06-14
2901,388,2193,1,,2025-06-14
2902,201,2511,3,199.44,2025-06-14
2903,447,475,1,,2025-06-14
2904,335,1336,1,242.79,2025-06-14
2905,329??,2819,20,589.72,2025-06-14
2906,475,2513,4,626.39??,2025-06-14
2907,116,1346,5,280.21,2025-06-14
2908,386,1134,1,919.81 ,2025-06-14
2909,459,757,2,621.08,2025-06-14
2910,,2524,4,110.65,2025-06-14
2911,,86,1,202.93,2025-06-14
2912,140,1970,2,822.22,2025-06-14
2913,299,2753,3,840.59,2025-06-14
2914,282,161,5,514.12,2025-06-14
2915,213,2623,4,932.88,2025-06-14
2916,244,2654,1,951.6,2025-06-14
2917,277,2272,2,840.11,2025-06-14
2918,294---,1419,1,739.48,2025-06-14
2919,305,1875,1,398.85,2025-06-14
2920,16,817,3,376.78,2025-06-14
2921,340??,2307,2,575.1---,2025-06-14
2922,341,262,1,389.03,2025-06-14
2923,92,267,1,261.06,2025-06-14
2924,473,1270,3,123.99,2025-06-14
2925,412,1185,3,628.74,2025-06-14
2926,166,1007,1,906.51 ,2025-06-14
2927,406,1033,1,532.33,2025-06-14
2928,343,520,3,806.55,2025-06-14
2929,450,1855,1,325.2,2025-06-15
2930,56,998---,2,336.23,2025-06-15
2931,419,336,1,138.89,2025-06-15
2932,414??,2851,1,,2025-06-15
2933,228,2590,1,496.54,2025-06-15
2934,253,97,1,550.0,2025-06-15
2935,195,1733,3,410.16,2025-06-15
2936,386,269,2---,919.81 ,2025-06-15
2937,253,2224,,550.0,2025-06-15
2938,30,2689,1,,2025-06-15
2939,496,47,4,660.1,2025-06-15
2940,408,2034,1,643.91,2025-06-15
2941,199??,1728,5,559.88,2025-06-15
2942,251,195,3,511.82,2025-06-15
2943,171,1429,2,,2025-06-15
2944,320,,2,438.03,2025-06-15
2945,462,2982,2,,2025-06-15
2946,281,2718,2,186.79,2025-06-15
2947,54,1740,4,472.78,2025-06-15
2948,125,1343,1,186.6,2025-06-15
2949,37,110,2,786.8,2025-06-15
2950,358,1556---,5,186.46,2025-06-15
2951,441,150,1,773.78,2025-06-15
2952,238,792,5,,2025-06-15
2953,443,1265,1,,2025-06-15
2954,414,1636,10,245.35,2025-06-15
2955,188,1588,2,908.84,2025-06-15
2956,92,811,1,261.06,2025-06-15
2957,88,432,3---,211.51,2025-06-15
2958,43,161,,152.82,2025-06-15
2959,142,1090,1,858.79,2025-06-15
2960,295,1567,3,368.63,2025-06-15
2961,141,1654,10,602.55,2025-06-15
2962,360,207,4,315.18,2025-06-15
2963,356,2021,3,511.55,2025-06-15
2964,259,,2,89.55,2025-06-15
2965,404,1718,1,,2025-06-15
2966,167,2806,1,321.07,2025-06-15
2967,414,2511,1,245.35,2025-06-15
2968,437,1502,3,873.74,2025-06-15
2969,500,,5,932.15,2025-06-15
2970,67,2911,5,,2025-06-15
2971,27,812,1---,463.93 ,2025-06-15
2972,171,2179,1,914.96,2025-06-15
2973,269,2809,1,617.46,2025-06-15
2974,9,1128,2,606.63,2025-06-15
2975,391,1850,4,537.68,2025-06-15
2976,188,2568,4,908.84,2025-06-15
2977,28,1267,1,699.64,2025-06-15
2978,500,549,,932.15,2025-06-15
2979,29,2494,5,361.73,2025-06-15
2980,361,2806,3,319.21,2025-06-15
2981,368,2055,5,614.3,2025-06-15
2982,262,1348,2,75.74,2025-06-15
2983,112,2672,2,,2025-06-15
2984,141,2343,5,602.55,2025-06-15
2985,78,2300,2,555.77,2025-06-15
2986,428,2557,4,856.4,2025-06-15
2987,,2976,10,181.5,2025-06-15
2988,,1271,1,649.87,2025-06-15
2989,326,174,2,648.98,2025-06-15
2990,234,1812,3,604.44,2025-06-15
2991,193 ,1465,10,217.33,2025-06-15
2992,371---,1132,5,348.36,2025-06-15
2993,440,302,3,,2025-06-15
2994,306,499,3,132.33,2025-06-15
2995,312,2360 ,10,692.62,2025-06-15
2996,169,1207,3,257.94,2025-06-15
2997,83,,,706.86,2025-06-15
2998,117,,5,232.36,2025-06-15
2999,14,1857,2,546.15,2025-06-15
3000,383,1938,2,,2025-06-15
3001,414,2202,,245.35,2025-06-15
3002,35,2665,5,198.91,2025-06-15
3003,26,,1,,2025-06-15
3004,370,1759,1,604.48,2025-06-15
3005,297,2212,20,745.77??,2025-06-15
3006,126,1839,4,373.76 ,2025-06-15
3007,203,,2,897.73,2025-06-15
3008,4,2332,10,587.27,2025-06-15
3009,164,1090,4,,2025-06-15
3010,87,1416,1,379.38,2025-06-15
3011,277,42,4,840.11,2025-06-15
3012,320,937,1,438.03,2025-06-15
3013,299,2841,1,840.59---,2025-06-15
3014,346,2668,2,555.77,2025-06-15
3015,161,1371,,,2025-06-15
3016,122,,2,392.48,2025-06-15
3017,454,522,2,690.74,2025-06-15
3018,195,668,,410.16,2025-06-15
3019,158,964,4,872.08,2025-06-15
3020,107,2315,,585.54,2025-06-15
3021,490 ,2140,2,None ,2025-06-15
3022,100,1087,2,,2025-06-15
3023,399,34,1,773.65,2025-06-15
3024,318,2491,20,311.94,2025-06-15
3025,17,,2,1024.6,2025-06-15
3026,493,101,2,103.44??,2025-06-15
3027,125,914,1,186.6,2025-06-15
3028,242,150,1,732.54,2025-06-15
3029,275,,3,270.69,2025-06-15
3030,48,1578,2,,2025-06-15
3031,127,425,2 ,190.88,2025-06-15
3032,189,1845,2,1027.84,2025-06-15
3033,36,,4,752.87,2025-06-15
3034,,1414,5,198.91,2025-06-15
3035,133,1942,5,572.29,2025-06-15
3036,,1021,5,603.39,2025-06-15
3037,119,2255,3,1025.32,2025-06-15
3038,201,2977,5,199.44,2025-06-15
3039,69---,803,2,373.1,2025-06-15
3040,477,847,1,,2025-06-16
3041,174,736,1,503.59,2025-06-16
3042,480,2350,1,702.9,2025-06-16
3043,119,142??,1,1025.32??,2025-06-16
3044,347,1070,4,280.08,2025-06-16
3045,275,1681,1,270.69,2025-06-16
3046,262,251,4,75.74,2025-06-16
3047,288,1433,1,,2025-06-16
3048,52,138,1,782.67,2025-06-16
3049,94,585,5,996.96??,2025-06-16
3050,398,1412,2,229.92,2025-06-16
3051,25,477,1,357.09,2025-06-16
3052,455,1546,4,167.11,2025-06-16
3053,343,1440,2,806.55,2025-06-16
3054,364,566,2 ,531.62,2025-06-16
3055,486,2151,5 ,860.43,2025-06-16
3056,20,501,2,,2025-06-16
3057,94,1282,2,996.96 ,2025-06-16
3058,313,1741,1,256.73,2025-06-16
3059,495,1943,4,533.13,2025-06-16
3060,2,1912,1,566.23 ,2025-06-16
3061,14,2532 ,2,546.15,2025-06-16
3062,24,1142,1,891.92,2025-06-16
3063,209,,4 ,748.09,2025-06-16
3064,77,2830,2,975.6,2025-06-16
3065,287---,105,3,365.42,2025-06-16
3066,,2924,3,836.52,2025-06-16
3067,179,1551,2,355.87,2025-06-16
3068,355,1463,1,336.39,2025-06-16
3069,244,2306,1,951.6,2025-06-16
3070,254,344,2??,935.96,2025-06-16
3071,158,609,1,872.08,2025-06-16
3072,,2856,1,914.26,2025-06-16
3073,64,2046,4,149.34,2025-06-16
3074,114,2898,1,583.63,2025-06-16
3075,173,2210,1,722.69,2025-06-16
3076,321,,2,200.36,2025-06-16
3077,440,1160,4,,2025-06-16
3078,451,473,2,,2025-06-16
3079,304,2918,1,375.79,2025-06-16
3080,289,1574,2,,2025-06-16
3081,26,2448,20,,2025-06-16
3082,90---,1473,1,191.16,2025-06-16
3083,117,1103,,232.36,2025-06-16
3084,109,2618,1,731.8,2025-06-16
3085,276,1956,5,404.73,2025-06-16
3086,399,582,1,773.65,2025-06-16
3087,146,2564,2,266.77,2025-06-16
3088,304---,582,2,375.79,2025-06-16
3089,107,2917,,585.54,2025-06-16
3090,1,365,2,715.23,2025-06-16
3091,94,2573,3,996.96,2025-06-16
3092,346,34,1,555.77,2025-06-16
3093,85,2965,1---,181.5,2025-06-16
3094,39,,2---,228.38,2025-06-16
3095,114,2844,2,583.63---,2025-06-16
3096,,2636,2,465.22,2025-06-16
3097,459,2843,1,621.08,2025-06-16
3098,495,429,2,533.13,2025-06-16
3099,67 ,66,1,123.92,2025-06-16
3100,429---,715,3,299.59,2025-06-16
3101,325,2203,1,661.39,2025-06-16
3102,6,1458,5,284.23,2025-06-16
3103,237,228,20,,2025-06-16
3104,479,403,2,361.65,2025-06-16
3105,274,1921,2 ,186.15,2025-06-16
3106,356,241,1,511.55 ,2025-06-16
3107,190,1060,3,461.29,2025-06-16
3108,370,1164,1 ,604.48,2025-06-16
3109,244,1533,2,951.6,2025-06-16
3110,262,559,1,75.74,2025-06-16
3111,185,1123,1,542.3,2025-06-16
3112,106,1056---,2,207.59,2025-06-16
3113,325,1455,2,661.39 ,2025-06-16
3114,55,2460,2,182.86,2025-06-16
3115,484,1005,1,816.36,2025-06-16
3116,194,1723,1,154.3,2025-06-16
3117,,1405,1,533.13,2025-06-16
3118,60,777,20,606.21,2025-06-16
3119,172,2789,2,927.62,2025-06-16
3120,223,2641??,2,679.14,2025-06-16
3121,490,2868,,,2025-06-16
3122,342,2849,3 ,882.83,2025-06-16
3123,219,2376 ,2,604.87,2025-06-16
3124,106,2014,4,207.59,2025-06-16
3125,447,587---,2 ,,2025-06-16
3126,14,1642,5,546.15,2025-06-16
3127,341,39,2 ,389.03,2025-06-16
3128,454,1568,1,690.74,2025-06-16
3129,429,589,2,299.59,2025-06-16
3130,198??,2607,2,213.46,2025-06-16
3131,351,1647,10,787.87,2025-06-16
3132,417,2880,5,195.05,2025-06-16
3133,,1624,1,418.38,2025-06-16
3134,312,1388,4,692.62,2025-06-16
3135,266,2643,1,401.69,2025-06-16
3136,66,320,3,604.37,2025-06-16
3137,266,1256,3,401.69,2025-06-16
3138,423---,2461,10,712.19,2025-06-16
3139,,1842,5??,904.53,2025-06-16
3140,271,36,1,590.56,2025-06-16
3141,115---,,1,971.71---,2025-06-16
3142,365,,2,776.68,2025-06-16
3143,474,330,2,,2025-06-16
3144,328,474,2,413.2,2025-06-16
3145,393,1607,2,704.08,2025-06-16
3146,166,1456,5,906.51,2025-06-16
3147,478,91,2,537.53,2025-06-16
3148,98,1148,2,332.9,2025-06-16
3149,281,1454,1,186.79,2025-06-16
3150,36,198,2,752.87,2025-06-16
3151,181,303,5,508.98,2025-06-17
3152,497,1578,20,513.71,2025-06-17
3153,271,80,3,590.56,2025-06-17
3154,486,1051??,1,860.43,2025-06-17
3155,108??,1456,2,528.81,2025-06-17
3156,54??,1634,3 ,,2025-06-17
3157,,1790 ,10,105.21,2025-06-17
3158,411,2873,5,128.07,2025-06-17
3159,482,1768,3??,411.28,2025-06-17
3160,55,1252,1,182.86,2025-06-17
3161,,2724,2,154.3,2025-06-17
3162,44,381,1,460.78??,2025-06-17
3163,393,489,4,704.08---,2025-06-17
3164,433,1697,2,494.44,2025-06-17
3165,302,2895,1---,467.1,2025-06-17
3166,291,2590,1,722.08,2025-06-17
3167,128,1640??,5,816.32,2025-06-17
3168,398,961,1,229.92,2025-06-17
3169,126,1300,1,373.76 ,2025-06-17
3170,29,1657,1,361.73,2025-06-17
3171,90,689,2,191.16,2025-06-17
3172,116,2455,1,280.21,2025-06-17
3173,111,,4,629.21,2025-06-17
3174,125,805,4,186.6,2025-06-17
3175,472,943,2,105.21,2025-06-17
3176,129 ,876,4,392.23,2025-06-17
3177,246,1774,1,108.35,2025-06-17
3178,392,1248,10,,2025-06-17
3179,32,2685,2,478.74,2025-06-17
3180,58,1783,2,994.69,2025-06-17
3181,455,2738,2,167.11,2025-06-17
3182,212,2016,5,952.19,2025-06-17
3183,274,1294,3,,2025-06-17
3184,205,749,20,589.26,2025-06-17
3185,92,1469??,1,261.06,2025-06-17
3186,316,2928,2,466.97,2025-06-17
3187,332,1892,1,104.65,2025-06-17
3188,329,1645,3,589.72---,2025-06-17
3189,386,244,5,919.81 ,2025-06-17
3190,382,387,2 ,427.52,2025-06-17
3191,245,840,2---,676.36,2025-06-17
3192,92,1135,1,261.06,2025-06-17
3193,98,901,2,332.9,2025-06-17
3194,73,2033,1,,2025-06-17
3195,359,2448,,93.44,2025-06-17
3196,323,231,1,347.62,2025-06-17
3197,496,2657,1,660.1,2025-06-17
3198,128,2012,3,816.32,2025-06-17
3199,53,1397,4,552.85,2025-06-17
3200,169,2536,3,257.94,2025-06-17
3201,380,75,2,728.24,2025-06-17
3202,182,473,1,378.55,2025-06-17
3203,494,1781,3,510.63,2025-06-17
3204,264,2442,1,,2025-06-17
3205,463,577,3,,2025-06-17
3206,357,2047,2,159.21,2025-06-17
3207,,463,10,773.63,2025-06-17
3208,118,1135,1,737.58,2025-06-17
3209,352,372,10,638.9,2025-06-17
3210,334,2396,1,202.93??,2025-06-17
3211,292,2943,4,160.65,2025-06-17
3212,373,338,1,186.09,2025-06-17
3213,465,,5,441.81 ,2025-06-17
3214,302,2684,4,467.1,2025-06-17
3215,478,2538,1??,537.53,2025-06-17
3216,377,1908,3,588.92,2025-06-17
3217,455,1385,1,167.11,2025-06-17
3218,111,92,3,629.21,2025-06-17
3219,185,,,542.3---,2025-06-17
3220,478,1350,1,537.53,2025-06-17
3221,26,1319,1,,2025-06-17
3222,150,759,5,719.4,2025-06-17
3223,351,121,5,787.87,2025-06-17
3224,129,2634,2,392.23---,2025-06-17
3225,121,1143,2,,2025-06-17
3226,371,740,10,348.36??,2025-06-17
3227,79,1352,2,567.8,2025-06-17
3228,467,602,4,943.44,2025-06-17
3229,204,2058,3,,2025-06-17
3230,466,2014??,,760.02,2025-06-17
3231,315??,2515,1,727.37---,2025-06-17
3232,52,2328,1,782.67,2025-06-17
3233,101,1873,1,76.75,2025-06-17
3234,278,1328,1,,2025-06-17
3235,112,1299,4,110.65,2025-06-17
3236,229,1310,2,657.87,2025-06-17
3237,162,2582,3,669.67,2025-06-17
3238,50,,1,1007.57,2025-06-17
3239,487,2807,1,237.09,2025-06-17
3240,335,2451,10,242.79,2025-06-17
3241,362,1482---,1,763.92,2025-06-17
3242,151,,4,603.39,2025-06-17
3243,326,1691,1,648.98,2025-06-17
3244,249,1577,3,386.0---,2025-06-17
3245,485,291,3,,2025-06-17
3246,430,1500,2,815.38,2025-06-17
3247,20,2397,3,100.09,2025-06-17
3248,458,,10,912.05---,2025-06-17
3249,238,952,1,875.47,2025-06-17
3250,459,1887,1,621.08,2025-06-17
3251,144,1700,2,,2025-06-17
3252,476,1349,2,234.47,2025-06-17
3253,189,1332,3,1027.84,2025-06-17
3254,425,866,5,99.98,2025-06-17
3255,378---,1142,,305.61,2025-06-17
3256,288,789,4,448.78,2025-06-17
3257,26,586,3,,2025-06-17
3258,20,2459,3,100.09,2025-06-17
3259,36,1824,3,752.87,2025-06-17
3260,475,1919,3,626.39,2025-06-17
3261,71,1337,1 ,116.08,2025-06-17
3262,283,2554---,1,363.65,2025-06-18
3263,372,2397,4,616.97,2025-06-18
3264,153,2382,4,118.03,2025-06-18
3265,382,2056 ,1,427.52,2025-06-18
3266,325,769,2,661.39,2025-06-18
3267,187,546,2,592.25,2025-06-18
3268,181,,1,508.98,2025-06-18
3269,224,827,1,835.41,2025-06-18
3270,163,1513,2,435.68,2025-06-18
3271,240,298,1,841.37,2025-06-18
3272,377,297,5,588.92,2025-06-18
3273,122,2070,1,392.48,2025-06-18
3274,498,,2,369.08,2025-06-18
3275,20,2027,20,100.09 ,2025-06-18
3276,423 ,1824,1,712.19,2025-06-18
3277,206,1991,4,401.24,2025-06-18
3278,415,1836,3,649.87,2025-06-18
3279,276,2726,4,404.73,2025-06-18
3280,355,2356,3,336.39,2025-06-18
3281,175,795??,4,842.59---,2025-06-18
3282,500,1097,1,932.15,2025-06-18
3283,290,1174,4,774.21,2025-06-18
3284,290,1112,2,774.21,2025-06-18
3285,381,1434,2??,65.2,2025-06-18
3286,89---,2096??,2,105.77,2025-06-18
3287,264,692,1---,758.53??,2025-06-18
3288,169,866,1,257.94,2025-06-18
3289,130,2699,1,839.05,2025-06-18
3290,356,2487,2,511.55,2025-06-18
3291,169,1710??,1,257.94,2025-06-18
3292,388,2933,5,379.24,2025-06-18
3293,364,345,5,531.62,2025-06-18
3294,,763,1,311.94,2025-06-18
3295,159---,2807??,3,237.25,2025-06-18
3296,160---,66,4,924.03,2025-06-18
3297,304,645,3,375.79 ,2025-06-18
3298,364,62,4,531.62,2025-06-18
3299,160 ,2480,1,924.03,2025-06-18
3300,315,548,1,727.37,2025-06-18
3301,155,1027,2,657.22,2025-06-18
3302,141,238,2,,2025-06-18
3303,,957,,191.16,2025-06-18
3304,192,1192,1,595.75,2025-06-18
3305,13,2232,2,548.34,2025-06-18
3306,142,1200,1,,2025-06-18
3307,177,1000,3,652.82,2025-06-18
3308,355,2892,2---,336.39,2025-06-18
3309,114,1557,1,583.63,2025-06-18
3310,490,915,4,None---,2025-06-18
3311,312,2425,3---,692.62,2025-06-18
3312,18,1730,1,467.06,2025-06-18
3313,339,1699,3,910.33,2025-06-18
3314,,980,1,217.33,2025-06-18
3315,288,1633,1,448.78,2025-06-18
3316,353,,4,709.75,2025-06-18
3317,,353,1,306.85,2025-06-18
3318,41 ,,2,120.07,2025-06-18
3319,201,2190,1---,199.44,2025-06-18
3320,10,1955,4,173.6,2025-06-18
3321,71,44,3,116.08,2025-06-18
3322,482,1978,5,411.28,2025-06-18
3323,67,538,3,123.92,2025-06-18
3324,103,462,3,399.04,2025-06-18
3325,419,1513,5,138.89,2025-06-18
3326,437,1630,2,873.74,2025-06-18
3327,291,1054??,1,,2025-06-18
3328,,314,2,413.2,2025-06-18
3329,28,2230,2,699.64,2025-06-18
3330,396,1413 ,3,629.9,2025-06-18
3331,444,942,1,1036.18,2025-06-18
3332,68 ,125,2,817.14,2025-06-18
3333,403,2189??,2,426.25,2025-06-18
3334,255??,2305,3,246.39,2025-06-18
3335,252,112,1,836.52,2025-06-18
3336,465,326,1,441.81 ,2025-06-18
3337,41,1596,3 ,120.07,2025-06-18
3338,326,,4,648.98,2025-06-18
3339,298,732,2,162.53,2025-06-18
3340,266,1560,3,401.69,2025-06-18
3341,350,1873,5,659.64,2025-06-18
3342,35,1316,5 ,198.91,2025-06-18
3343,348,515,1,393.07,2025-06-18
3344,134,2500,3,,2025-06-18
3345,110,2400,1,704.9??,2025-06-18
3346,444,245,2,1036.18,2025-06-18
3347,,,1,624.95,2025-06-18
3348,373,,2,186.09,2025-06-18
3349,304,1659,2,375.79,2025-06-18
3350,144,237,2,699.06,2025-06-18
3351,269,1750??,2,617.46,2025-06-18
3352,196,596,2,806.34,2025-06-18
3353,158,2822,1,872.08,2025-06-18
3354,444,2987,1,1036.18,2025-06-18
3355,449,1631,4,944.0,2025-06-18
3356,327,2652??,3,,2025-06-18
3357,394,191,2,554.78,2025-06-18
3358,113,518,2,159.84,2025-06-18
3359,452,689,1,985.54,2025-06-18
3360,386,213,3,919.81 ,2025-06-18
3361,200,2482,1,,2025-06-18
3362,133,2272,10,572.29,2025-06-18
3363,255,1513,1,246.39,2025-06-18
3364,339,1272,1,910.33,2025-06-18
3365,7,,10,378.16,2025-06-18
3366,85,793,1,181.5,2025-06-18
3367,435,1594,1,972.91,2025-06-18
3368,448,1491,5,459.14,2025-06-18
3369,329,1717,1,589.72,2025-06-18
3370,193,289,2,217.33,2025-06-18
3371,417,1346,2,195.05,2025-06-18
3372,420,2820,1,694.13,2025-06-18
3373,190,951,2,461.29,2025-06-19
3374,243,1517,2,435.09,2025-06-19
3375,7,1481,2,378.16 ,2025-06-19
3376,362,1276---,5,763.92,2025-06-19
3377,19,811,1??,386.73,2025-06-19
3378,388,2231,2,379.24,2025-06-19
3379,405,1544,10,290.54,2025-06-19
3380,365,2760,1,776.68,2025-06-19
3381,14,1889,1,546.15,2025-06-19
3382,66,1893,1,604.37 ,2025-06-19
3383,149,2758,1,487.7,2025-06-19
3384,401,2004,1,457.8,2025-06-19
3385,103,2248,2,399.04,2025-06-19
3386,280,382,1,234.31????,2025-06-19
3387,325,1681,2,661.39,2025-06-19
3388,132,1560,4,240.09??,2025-06-19
3389,308,1277??,20,281.83,2025-06-19
3390,179,2300,2,355.87,2025-06-19
3391,301,2231,2,,2025-06-19
3392,458,2492,2,912.05---,2025-06-19
3393,417,2124,1,195.05,2025-06-19
3394,185,1272,3,542.3,2025-06-19
3395,102,2366,,873.82,2025-06-19
3396,14,995,2,,2025-06-19
3397,250,2685,2,119.79,2025-06-19
3398,315,1843,5,727.37,2025-06-19
3399,,2583,3,99.98,2025-06-19
3400,323,1926,4,347.62,2025-06-19
3401,135,2497,1,1010.19,2025-06-19
3402,330,1470,3,558.84,2025-06-19
3403,,2114,5,645.12,2025-06-19
3404,438,2069,1,825.65,2025-06-19
3405,222,1944,5,681.73---,2025-06-19
3406,225,2069,2,711.78,2025-06-19
3407,360,2710,1,315.18,2025-06-19
3408,350---,1106,4,,2025-06-19
3409,184,2222,10---,707.97,2025-06-19
3410,364,2473,20,531.62,2025-06-19
3411,97,1693,5,231.74,2025-06-19
3412,307,126,1,432.28,2025-06-19
3413,476,951,3,234.47,2025-06-19
3414,288---,1761,1,448.78,2025-06-19
3415,229,165,1,657.87---,2025-06-19
3416,195,486,5,,2025-06-19
3417,139,698,3,868.35,2025-06-19
3418,488,1122,1,721.8,2025-06-19
3419,151,2057,2,603.39,2025-06-19
3420,477,94,1,168.82,2025-06-19
3421,460,1444,1,895.71,2025-06-19
3422,283,2343,5,363.65,2025-06-19
3423,448,731,1,459.14,2025-06-19
3424,145,1811,10,349.01??,2025-06-19
3425,188,1540,1,908.84,2025-06-19
3426,404,1677,5,,2025-06-19
3427,132,1199,2,,2025-06-19
3428,268,696,2,,2025-06-19
3429,270,2014 ,1,298.5 ,2025-06-19
3430,398,777,2,229.92,2025-06-19
3431,257,335,2,528.85,2025-06-19
3432,176,1372,2,475.79,2025-06-19
3433,276,774,1,404.73,2025-06-19
3434,145,109,1,349.01,2025-06-19
3435,471,2655,2,766.82,2025-06-19
3436,7,2297,,378.16,2025-06-19
3437,293,266,3,,2025-06-19
3438,247,1516,1,,2025-06-19
3439,277,1561,1,840.11,2025-06-19
3440,436,2092,4,544.14,2025-06-19
3441,429,67,3,299.59,2025-06-19
3442,413,1377,4,488.56---,2025-06-19
3443,338,,2??,187.05,2025-06-19
3444,306,2562,5,132.33,2025-06-19
3445,38,2737,3,147.85,2025-06-19
3446,311,1496,1??,713.33,2025-06-19
3447,291,2362,10,722.08,2025-06-19
3448,447,2781,2,,2025-06-19
3449,65,70,1---,508.17,2025-06-19
3450,440,1579,1,,2025-06-19
3451,157,1828,1,290.7,2025-06-19
3452,405,932,20,290.54,2025-06-19
3453,18,58,1,467.06,2025-06-19
3454,5,1690,5,201.09,2025-06-19
3455,249,2009,3,386.0---,2025-06-19
3456,,2318,5,None---,2025-06-19
3457,49,2464,4,,2025-06-19
3458,500,762,3,,2025-06-19
3459,261,718,2,982.83,2025-06-19
3460,28,1718,1,699.64,2025-06-19
3461,241,2657,1,218.0,2025-06-19
3462,434,1412,2,911.31,2025-06-19
3463,331,,,468.72,2025-06-19
3464,438,2874,2,825.65,2025-06-19
3465,373 ,173,1,186.09,2025-06-19
3466,30,1650,4,334.63,2025-06-19
3467,148,2910,5,,2025-06-19
3468,340,792,2,575.1---,2025-06-19
3469,477,2518,1,168.82,2025-06-19
3470,227,1511,,309.72,2025-06-19
3471,361,2354,1,319.21,2025-06-19
3472,128,1054,2,816.32,2025-06-19
3473,137,560,3,247.12,2025-06-19
3474,80,2067,1,402.48,2025-06-19
3475,29,515,1---,361.73,2025-06-19
3476,346,561,1,555.77,2025-06-19
3477,182,2765,1,378.55,2025-06-19
3478,172,2845,5,927.62,2025-06-19
3479,12,1602,4,,2025-06-19
3480,331,1925,2,468.72,2025-06-19
3481,27,,3,463.93,2025-06-19
3482,266,,5,401.69,2025-06-19
3483,160,2300,2,924.03,2025-06-19
3484,383,1676,3,682.42,2025-06-20
3485,244,1249,,951.6,2025-06-20
3486,263,264,1,541.16,2025-06-20
3487,150,220,1,719.4,2025-06-20
3488,71,2668,1,116.08,2025-06-20
3489,459,944??,2,621.08,2025-06-20
3490,,1364,4,103.44??,2025-06-20
3491,124,1328,1,887.58,2025-06-20
3492,322,2304,10,253.21,2025-06-20
3493,362,2426,1,763.92,2025-06-20
3494,314,2388,1,785.07,2025-06-20
3495,399,1129,2,773.65,2025-06-20
3496,25,777,1,357.09,2025-06-20
3497,174,2705,1,503.59,2025-06-20
3498,320,1549,5,438.03,2025-06-20
3499,355,2478 ,1,336.39,2025-06-20
3500,17,2619,1,1024.6,2025-06-20
3501,389,2505,4,499.35,2025-06-20
3502,60,2365,1,,2025-06-20
3503,350??,1967,2,659.64,2025-06-20
3504,299,2492,5,840.59,2025-06-20
3505,371,125,1,348.36,2025-06-20
3506,338,2998,1,187.05,2025-06-20
3507,399 ,2886,5,773.65,2025-06-20
3508,329,1378,3,,2025-06-20
3509,478,2995,3,537.53,2025-06-20
3510,208,1034??,3,529.71??,2025-06-20
3511,121,2848,1,653.67,2025-06-20
3512,255,1607,1,246.39,2025-06-20
3513,309,2007,2,645.12,2025-06-20
3514,17,2748,2,1024.6,2025-06-20
3515,434---,120,,911.31,2025-06-20
3516,13,725,3,548.34,2025-06-20
3517,289,2425,2,None??,2025-06-20
3518,38,2175,2,147.85,2025-06-20
3519,392,1827,2,,2025-06-20
3520,107,1271,1,585.54,2025-06-20
3521,89,234,5,105.77,2025-06-20
3522,152,454,2,,2025-06-20
3523,483,2365,1,259.65,2025-06-20
3524,323,320,1,347.62,2025-06-20
3525,52,2138,1,782.67,2025-06-20
3526,297,1233,2,745.77,2025-06-20
3527,38,1565,4,147.85,2025-06-20
3528,71,2417,1,116.08,2025-06-20
3529,143,2104,2,,2025-06-20
3530,324,,5,829.29,2025-06-20
3531,202,1074,5,480.12,2025-06-20
3532,71,2010,1,116.08,2025-06-20
3533,77,327,2,975.6,2025-06-20
3534,247,1029,1,,2025-06-20
3535,,1329,4,904.53,2025-06-20
3536,22,690,2---,85.88,2025-06-20
3537,207,2484,1,771.97,2025-06-20
3538,208,921,1,,2025-06-20
3539,126,2882---,2,373.76 ,2025-06-20
3540,37,2949,1,786.8,2025-06-20
3541,162,246,1,669.67,2025-06-20
3542,152---,2264,2,,2025-06-20
3543,148,1215,2,,2025-06-20
3544,116,561,5,280.21,2025-06-20
3545,412,,,628.74,2025-06-20
3546,379,2876,3,614.34,2025-06-20
3547,198,,10,213.46,2025-06-20
3548,473,2423,1,123.99,2025-06-20
3549,349,966,1,464.38,2025-06-20
3550,227,336,2,309.72,2025-06-20
3551,382,168,4,427.52,2025-06-20
3552,192,2352,3,595.75,2025-06-20
3553,134,2698,5,,2025-06-20
3554,198,1944,5,213.46,2025-06-20
3555,151,238,3,,2025-06-20
3556,464,1381,4??,,2025-06-20
3557,143,1895,1---,,2025-06-20
3558,378,2722,2,305.61,2025-06-20
3559,39,155,1,228.38,2025-06-20
3560,,,1,270.69,2025-06-20
3561,122,1574,2,392.48,2025-06-20
3562,279,1413,1,833.88,2025-06-20
3563,394,1901,1,554.78,2025-06-20
3564,78,803,3,,2025-06-20
3565,221,2335,1,981.95,2025-06-20
3566,285,774,3,535.38,2025-06-20
3567,214,837,3,225.33,2025-06-20
3568,256,106,3,418.38,2025-06-20
3569,141,828,,602.55,2025-06-20
3570,165,1368,3,709.09,2025-06-20
3571,52,2097,5,782.67,2025-06-20
3572,466,219,3,760.02,2025-06-20
3573,219,671,1,604.87,2025-06-20
3574,363,1445,1,92.9,2025-06-20
3575,153,218,1,118.03,2025-06-20
3576,69,767,3,373.1,2025-06-20
3577,468,1736,2,388.65,2025-06-20
3578,314,536,4,785.07,2025-06-20
3579,136,1980,4---,787.54,2025-06-20
3580,357,2957,1,159.21,2025-06-20
3581,109,1814,1,731.8,2025-06-20
3582,27,847,5,463.93,2025-06-20
3583,129,1744,3,392.23,2025-06-20
3584,63,1970,2,,2025-06-20
3585,435,2938,3,972.91,2025-06-20
3586,367,2990,2,503.81,2025-06-20
3587,500,1469,1,932.15,2025-06-20
3588,453,1419,1,,2025-06-20
3589,194,2107,2,154.3,2025-06-20
3590,301,1606,1,256.11,2025-06-20
3591,218,2429,2,736.29,2025-06-20
3592,456,1721,2,528.57,2025-06-20
3593,35,1474,4,198.91,2025-06-20
3594,413,1416,,488.56,2025-06-20
3595,163,1643,5,435.68,2025-06-20
3596,231,639,,585.37,2025-06-21
3597,105,1398,3,589.73,2025-06-21
3598,455,186,,167.11,2025-06-21
3599,158,2658,1,872.08,2025-06-21
3600,432,2692??,4,398.64,2025-06-21
3601,46,489,2,745.3,2025-06-21
3602,263,1177,1,541.16,2025-06-21
3603,482,292,5,411.28,2025-06-21
3604,462 ,2879,2,754.85,2025-06-21
3605,244,1688,1---,951.6,2025-06-21
3606,376,1467,2,884.87,2025-06-21
3607,75,727,2,899.45,2025-06-21
3608,392,1452,2,,2025-06-21
3609,409,1105,2,845.34,2025-06-21
3610,85??,1023,5,181.5,2025-06-21
3611,238,1511,3,875.47,2025-06-21
3612,450,,2,325.2,2025-06-21
3613,,427,4,163.35,2025-06-21
3614,142,1812??,5,858.79,2025-06-21
3615,52,1861,4,782.67,2025-06-21
3616,117,142,3 ,232.36,2025-06-21
3617,15,1864 ,2,815.2,2025-06-21
3618,443,,3,933.58,2025-06-21
3619,442,1167,5,,2025-06-21
3620,97,2183??,,231.74,2025-06-21
3621,495,488,3,533.13,2025-06-21
3622,113,,1,159.84,2025-06-21
3623,436,158,1,544.14,2025-06-21
3624,218,2089 ,1,736.29,2025-06-21
3625,246,2505,5,,2025-06-21
3626,359,21,2,93.44,2025-06-21
3627,417,989,2,195.05,2025-06-21
3628,134,1075,3,None---,2025-06-21
3629,254,2539,4,935.96,2025-06-21
3630,429,366,3,299.59,2025-06-21
3631,316,137,1,466.97,2025-06-21
3632,192,2970,3,595.75,2025-06-21
3633,208,761 ,3,529.71??,2025-06-21
3634,109,1489,3,731.8,2025-06-21
3635,349,857,1,464.38,2025-06-21
3636,,357,3,971.71---,2025-06-21
3637,230,703,4,193.39,2025-06-21
3638,390,241,4,,2025-06-21
3639,172,1512 ,1,927.62,2025-06-21
3640,444,2667,3,1036.18 ,2025-06-21
3641,272,1832,3,196.75,2025-06-21
3642,388,2111,4,379.24,2025-06-21
3643,465,204,3,441.81 ,2025-06-21
3644,413,1121,2,488.56,2025-06-21
3645,489,1129,2,334.81,2025-06-21
3646,400,2475,1,503.19,2025-06-21
3647,134,2426,2,,2025-06-21
3648,312,2820,2,692.62,2025-06-21
3649,78,901,2,555.77,2025-06-21
3650,247,1161,3,,2025-06-21
3651,429,2094,1---,299.59,2025-06-21
3652,332,1169,1,104.65,2025-06-21
3653,17,2427,2,1024.6,2025-06-21
3654,317,96,2,432.9,2025-06-21
3655,316,1595,3,466.97,2025-06-21
3656,407,2672,2,323.97,2025-06-21
3657,140,402,2,822.22,2025-06-21
3658,112,2243,2,110.65,2025-06-21
3659,105,1114,1,589.73,2025-06-21
3660,430,2837,3,815.38,2025-06-21
3661,153,1941,1,118.03,2025-06-21
3662,222,321,2,681.73,2025-06-21
3663,55,2754,3,182.86,2025-06-21
3664,115,1342,3 ,971.71---,2025-06-21
3665,388,2095,,379.24,2025-06-21
3666,429,2661,3,299.59,2025-06-21
3667,281,613,1,186.79,2025-06-21
3668,272,,1,196.75,2025-06-21
3669,105,2311,2,,2025-06-21
3670,6,2389,2,284.23,2025-06-21
3671,283,633,3,363.65,2025-06-21
3672,282 ,1916??,10,514.12,2025-06-21
3673,431,934,2,272.8,2025-06-21
3674,378,903,1,305.61,2025-06-21
3675,326 ,2880,4,648.98,2025-06-21
3676,297,959,5,745.77,2025-06-21
3677,335,,2,242.79,2025-06-21
3678,357---,463,1,159.21,2025-06-21
3679,22,1051,10,85.88,2025-06-21
3680,177,1223,2,652.82??,2025-06-21
3681,128,1345,2,816.32,2025-06-21
3682,115,2278,1,971.71---,2025-06-21
3683,170,1630,2,700.59,2025-06-21
3684,294,,1,,2025-06-21
3685,334,1049,4,202.93,2025-06-21
3686,40,1565,1,727.08,2025-06-21
3687,490 ,903,1,,2025-06-21
3688,321,1863 ,4,200.36,2025-06-21
3689,50,1669,4,1007.57,2025-06-21
3690,447,1960,1,,2025-06-21
3691,262,,5,75.74,2025-06-21
3692,229,760,2,657.87,2025-06-21
3693,481,1008,5,479.02,2025-06-21
3694,440,2877,3,None ,2025-06-21
3695,335,1986 ,1,242.79,2025-06-21
3696,384,1804,2 ,855.34,2025-06-21
3697,95,2718,1,1027.63,2025-06-21
3698,105,2572,3,589.73,2025-06-21
3699,371,2546,1,348.36,2025-06-21
3700,263,805,4,541.16,2025-06-21
3701,63,2673,2,,2025-06-21
3702,362,,5,763.92,2025-06-21
3703,496,1511,3,660.1,2025-06-21
3704,187,2236,3,592.25,2025-06-21
3705,87,1306,2,379.38,2025-06-21
3706,330,1793,3,558.84,2025-06-21
3707,498 ,819,1,369.08,2025-06-22
3708,64,2300,20,149.34,2025-06-22
3709,277,957,2,840.11,2025-06-22
3710,113,51,10,159.84,2025-06-22
3711,263,1287,5,541.16,2025-06-22
3712,178,362,3,934.32,2025-06-22
3713,357,,1,159.21,2025-06-22
3714,222,453,1,681.73,2025-06-22
3715,283,1429,5,363.65,2025-06-22
3716,239,1221,3,311.41,2025-06-22
3717,296,2345,10,871.21,2025-06-22
3718,105,217,2,589.73,2025-06-22
3719,382,1238,2,427.52,2025-06-22
3720,245,1114,1,676.36,2025-06-22
3721,484,770,5 ,816.36,2025-06-22
3722,451,1467,2,,2025-06-22
3723,246,1853,1,108.35,2025-06-22
3724,3,2428,4,311.35---,2025-06-22
3725,286,718,1,775.93,2025-06-22
3726,403,1531,2,426.25,2025-06-22
3727,268,,3,,2025-06-22
3728,412,2865??,1,628.74,2025-06-22
3729,19,490,4,386.73,2025-06-22
3730,115,1586,2,971.71---,2025-06-22
3731,394,1278,2,554.78,2025-06-22
3732,,1920,2,323.97,2025-06-22
3733,428,55,2,856.4,2025-06-22
3734,413,646,1,488.56,2025-06-22
3735,,828,5,1024.02,2025-06-22
3736,343,756,4,806.55,2025-06-22
3737,386,2462,5,919.81 ,2025-06-22
3738,137,1457,2,247.12,2025-06-22
3739,315,681,1,727.37,2025-06-22
3740,335,2565,2,,2025-06-22
3741,255,1021,5,246.39 ,2025-06-22
3742,439,593,3,,2025-06-22
3743,342,963,3,882.83,2025-06-22
3744,368,2093,4,614.3,2025-06-22
3745,202,,3---,480.12,2025-06-22
3746,476,1116,2,234.47,2025-06-22
3747,359,2626,3,93.44,2025-06-22
3748,402,2828,1,851.77,2025-06-22
3749,338,2077,2,187.05,2025-06-22
3750,16,766---,1,376.78,2025-06-22
3751,174,2841,2,503.59,2025-06-22
3752,128,2003,1,816.32,2025-06-22
3753,,1056,1,669.67,2025-06-22
3754,233,928,2,896.34,2025-06-22
3755,133,2475,1,572.29,2025-06-22
3756,193,572,1,217.33,2025-06-22
3757,28,506,1,699.64,2025-06-22
3758,320,427,3,438.03,2025-06-22
3759,477,1652,1,168.82,2025-06-22
3760,352,2424,1,638.9,2025-06-22
3761,429,2064,1,299.59,2025-06-22
3762,32,971,3,478.74,2025-06-22
3763,423,2919,4,712.19,2025-06-22
3764,7,736,4,378.16,2025-06-22
3765,380,1824,3,728.24,2025-06-22
3766,235,1344,20,475.17,2025-06-22
3767,452,132,5,985.54,2025-06-22
3768,280,1512,3,234.31??,2025-06-22
3769,497,779,2,513.71,2025-06-22
3770,74,1230,1,1024.02,2025-06-22
3771,267,1685,2,839.54,2025-06-22
3772,41,400,3,120.07,2025-06-22
3773,114,1904,10,583.63,2025-06-22
3774,387,78,,680.0,2025-06-22
3775,,486,1,,2025-06-22
3776,377,2944,4,588.92,2025-06-22
3777,421,1380,10,618.46,2025-06-22
3778,324,1946,1,829.29,2025-06-22
3779,337,,1,600.31,2025-06-22
3780,104,1557,2,855.17,2025-06-22
3781,289,,1,,2025-06-22
3782,300,1466,1,783.08---,2025-06-22
3783,328,201,2,413.2,2025-06-22
3784,450,2314,5,325.2,2025-06-22
3785,266,443,20,401.69,2025-06-22
3786,252,,20??,836.52,2025-06-22
3787,36,2743,3,752.87,2025-06-22
3788,133,693,1,572.29,2025-06-22
3789,413,2440,3,488.56,2025-06-22
3790,347,1808,1,280.08,2025-06-22
3791,185,2247,1,542.3,2025-06-22
3792,145,1633,2,349.01,2025-06-22
3793,19,1511,4,386.73,2025-06-22
3794,244,2664,4,951.6,2025-06-22
3795,63,2509,1,,2025-06-22
3796,441,2318,2,773.78,2025-06-22
3797,430,2663,,815.38,2025-06-22
3798,200,328,1,,2025-06-22
3799,377,860,1,588.92,2025-06-22
3800,68,1808,2,817.14,2025-06-22
3801,450,2850,1,325.2,2025-06-22
3802,87,,2,379.38,2025-06-22
3803,463,891,2 ,,2025-06-22
3804,86,1261,4,903.56,2025-06-22
3805,77,831??,4,975.6,2025-06-22
3806,100,70,4---,,2025-06-22
3807,311,447,1,713.33,2025-06-22
3808,176,784,4,475.79,2025-06-22
3809,116,1822,3,280.21,2025-06-22
3810,255,1223,2,246.39,2025-06-22
3811,140,2564,2,822.22,2025-06-22
3812,271,93??,1,,2025-06-22
3813,434,2438,5,911.31,2025-06-22
3814,268,757,2,,2025-06-22
3815,126,1128,,373.76 ,2025-06-22
3816,56 ,82,5---,336.23 ,2025-06-22
3817,404,1705,1,,2025-06-22
3818,305,1109,2,398.85,2025-06-23
3819,82,1129,1,,2025-06-23
3820,253,770,1,550.0,2025-06-23
3821,446,,1,85.62,2025-06-23
3822,402,2137,2,851.77,2025-06-23
3823,130,1195,2,,2025-06-23
3824,24,1868,4,891.92 ,2025-06-23
3825,444---,2620,1,1036.18,2025-06-23
3826,353,560,2,709.75 ,2025-06-23
3827,425,376,4 ,99.98,2025-06-23
3828,125,1427,4---,186.6,2025-06-23
3829,334,527,2,202.93,2025-06-23
3830,443---,2222,2,933.58,2025-06-23
3831,171,1366,4,914.96,2025-06-23
3832,62??,2899,1,,2025-06-23
3833,,814,3,659.64,2025-06-23
3834,104 ,1104,1,855.17,2025-06-23
3835,34,,2,378.62,2025-06-23
3836,372,,1,616.97,2025-06-23
3837,65,651,10,508.17,2025-06-23
3838,339,2597,3,910.33,2025-06-23
3839,130,438,2,839.05,2025-06-23
3840,,471---,20,198.91,2025-06-23
3841,149,2686??,2,487.7,2025-06-23
3842,157,2898,10,290.7,2025-06-23
3843,443,2016,1,933.58,2025-06-23
3844,86,203,2,903.56,2025-06-23
3845,379,1485,2,614.34,2025-06-23
3846,332,,,104.65,2025-06-23
3847,473,1044 ,1,123.99,2025-06-23
3848,382,1754,1,427.52,2025-06-23
3849,20,2015,10,100.09,2025-06-23
3850,278,1012,2,349.92,2025-06-23
3851,352,,1,638.9,2025-06-23
3852,41,2739,1,120.07,2025-06-23
3853,109,,1,731.8,2025-06-23
3854,383,1603,3,682.42,2025-06-23
3855,165,831,2,709.09,2025-06-23
3856,477,2847,,168.82,2025-06-23
3857,332,1166,2,104.65,2025-06-23
3858,218,2401,,,2025-06-23
3859,406,609,4,532.33,2025-06-23
3860,198,2066,1,213.46,2025-06-23
3861,30,2571,2,334.63,2025-06-23
3862,100,381,4,,2025-06-23
3863,357,214,1,159.21,2025-06-23
3864,321,626,1,200.36,2025-06-23
3865,341 ,1068,2,389.03,2025-06-23
3866,431,2528,1,272.8,2025-06-23
3867,222,2931,1,681.73,2025-06-23
3868,385,471,2,509.11,2025-06-23
3869,208,2350,3,529.71??,2025-06-23
3870,1,2229,1,715.23,2025-06-23
3871,96,222,20,168.18,2025-06-23
3872,494,515,1,510.63,2025-06-23
3873,,602,1,731.8,2025-06-23
3874,20,1971,2 ,100.09,2025-06-23
3875,490,1118,4,None---,2025-06-23
3876,327,2530,2,,2025-06-23
3877,499,594,20,1011.56 ,2025-06-23
3878,392,584,,,2025-06-23
3879,160,999,1,924.03,2025-06-23
3880,492,2081---,2,847.03,2025-06-23
3881,444,1155,1,1036.18,2025-06-23
3882,34,2071,,378.62,2025-06-23
3883,224,178,1,835.41,2025-06-23
3884,325,2044,1,661.39,2025-06-23
3885,449,2898,1,944.0,2025-06-23
3886,215,2975,2,498.59,2025-06-23
3887,279,321,1,833.88,2025-06-23
3888,147,636,2,755.36,2025-06-23
3889,356,2078,,511.55,2025-06-23
3890,488,25,1,721.8,2025-06-23
3891,244,2853,3,951.6,2025-06-23
3892,6,101,4,284.23,2025-06-23
3893,56,2686,1,336.23,2025-06-23
3894,,1130,4,713.33,2025-06-23
3895,333,458,2,418.84,2025-06-23
3896,402 ,2864,1,851.77,2025-06-23
3897,193,192,1,217.33,2025-06-23
3898,102,1468 ,3,873.82,2025-06-23
3899,436,1412,3,544.14,2025-06-23
3900,227,2533,1,,2025-06-23
3901,56,1268,2,336.23,2025-06-23
3902,,1554,10,825.65,2025-06-23
3903,332,114,1,104.65 ,2025-06-23
3904,149,1212,1,487.7,2025-06-23
3905,457,,5,353.85,2025-06-23
3906,222,2502,5,,2025-06-23
3907,223,578,1,679.14,2025-06-23
3908,288,545,5,448.78,2025-06-23
3909,175,2114,2,842.59 ,2025-06-23
3910,465,2815,1,441.81 ,2025-06-23
3911,306,609,1,132.33,2025-06-23
3912,194,2696,2,154.3,2025-06-23
3913,140,1514---,1,822.22,2025-06-23
3914,204,1067,3,,2025-06-23
3915,140,1876,1,822.22,2025-06-23
3916,395,524,2,167.39??,2025-06-23
3917,430??,1624,2 ,815.38,2025-06-23
3918,183,2376,3,386.71,2025-06-23
3919,401,937,5,457.8,2025-06-23
3920,305,765,5,398.85,2025-06-23
3921,393,1195,2,704.08,2025-06-23
3922,147,1226,1,755.36,2025-06-23
3923,494,,4,510.63,2025-06-23
3924,20---,2247,1,100.09,2025-06-23
3925,497 ,1530,1,513.71,2025-06-23
3926,288,1041,2,448.78,2025-06-23
3927,,2057,2,748.09??,2025-06-23
3928,160,2832,1,924.03,2025-06-23
3929,390 ,1649,1,,2025-06-24
3930,254,2090,5,935.96,2025-06-24
3931,,2178,4,157.63,2025-06-24
3932,,694,4,162.53,2025-06-24
3933,422,1135,1,312.04,2025-06-24
3934,454,2243,1,,2025-06-24
3935,33,1669,5,153.28,2025-06-24
3936,316,317,2??,466.97,2025-06-24
3937,,,1,411.28,2025-06-24
3938,406,1132,3,532.33,2025-06-24
3939,159,2368,2,237.25,2025-06-24
3940,252,1385,1,836.52,2025-06-24
3941,14,1470,1,546.15,2025-06-24
3942,484,1271,10,816.36,2025-06-24
3943,262,681,2---,75.74,2025-06-24
3944,60,1842,1,606.21,2025-06-24
3945,114---,2755,3---,583.63,2025-06-24
3946,148,1726,1,,2025-06-24
3947,138,1838,1,641.47,2025-06-24
3948,112,1421,3,110.65,2025-06-24
3949,72,1519,2,163.35,2025-06-24
3950,209,2123,3,748.09---,2025-06-24
3951,317,2419 ,2,432.9,2025-06-24
3952,399,2382,1,773.65,2025-06-24
3953,,2835,2,528.85,2025-06-24
3954,85,115,2,181.5---,2025-06-24
3955,385,1342,2,509.11,2025-06-24
3956,492,1539,5,847.03,2025-06-24
3957,157,,2,290.7,2025-06-24
3958,143,1872,20,181.27,2025-06-24
3959,84,1648,1,,2025-06-24
3960,71,1663,1,116.08,2025-06-24
3961,310,,1,723.09 ,2025-06-24
3962,305,2269,1,,2025-06-24
3963,22---,862,5,85.88,2025-06-24
3964,222,2986,1---,,2025-06-24
3965,,1502,1,493.52,2025-06-24
3966,460,216,2,895.71---,2025-06-24
3967,70,2166,5,,2025-06-24
3968,78,2266,20,555.77,2025-06-24
3969,346,1089,5 ,555.77,2025-06-24
3970,104,1105,3,855.17,2025-06-24
3971,99,1463,4,328.52,2025-06-24
3972,198,2113,10,213.46,2025-06-24
3973,405---,490,3,290.54,2025-06-24
3974,427,1416,1,522.79,2025-06-24
3975,37,2984,3,786.8,2025-06-24
3976,66,1911,2,604.37,2025-06-24
3977,383,716??,,682.42,2025-06-24
3978,116,1366,10,280.21,2025-06-24
3979,490,1605,3,,2025-06-24
3980,208,879,1,529.71??,2025-06-24
3981,151,2833,1,,2025-06-24
3982,482,1173,,,2025-06-24
3983,339,1880,4,910.33,2025-06-24
3984,272,2184,4,196.75,2025-06-24
3985,280,512,4,234.31??---,2025-06-24
3986,416,1534,1,227.15,2025-06-24
3987,246,750,1,108.35,2025-06-24
3988,66,2827,1,604.37,2025-06-24
3989,304,2045,5,375.79,2025-06-24
3990,216,1325,1,465.22,2025-06-24
3991,411,2793,2,128.07,2025-06-24
3992,491,965,1,874.7,2025-06-24
3993,220,2396,5,222.79,2025-06-24
3994,,2509,2,838.18??,2025-06-24
3995,195,,2,410.16,2025-06-24
3996,425,1995,5,99.98,2025-06-24
3997,249,986,10,386.0,2025-06-24
3998,206,1109,3,401.24,2025-06-24
3999,156,881,3,399.02,2025-06-24
4000,406,2224,1,532.33,2025-06-24
4001,44,828,,460.78,2025-06-24
4002,321,2419,,200.36,2025-06-24
4003,240,2208,10,,2025-06-24
4004,39,696,3,228.38,2025-06-24
4005,481,770,2,479.02??,2025-06-24
4006,457,2169,,353.85,2025-06-24
4007,146,1648,3,266.77,2025-06-24
4008,368,2560,4,614.3,2025-06-24
4009,357,,1,159.21,2025-06-24
4010,291,610,1,722.08,2025-06-24
4011,248,1296,1,452.25,2025-06-24
4012,211,2349,4,527.98,2025-06-24
4013,173,,1,722.69,2025-06-24
4014,325,2551,3,661.39,2025-06-24
4015,481,1558,2??,479.02,2025-06-24
4016,,276,,709.75,2025-06-24
4017,355,341,4,,2025-06-24
4018,338,2011,3,187.05,2025-06-24
4019,260,2233,4,517.98 ,2025-06-24
4020,158,2959,4,872.08,2025-06-24
4021,33,,2,153.28,2025-06-24
4022,220,2209,3,222.79,2025-06-24
4023,310,1122,2,723.09 ,2025-06-24
4024,,2705,2,496.54,2025-06-24
4025,167,1129,20,321.07,2025-06-24
4026,295,2440,1,368.63,2025-06-24
4027,433,2259,,494.44,2025-06-24
4028,387,1807,2,680.0,2025-06-24
4029,280,2987,3,234.31??,2025-06-24
4030,297,1733---,1,745.77,2025-06-24
4031,281,,4,186.79,2025-06-24
4032,91,1021,5,230.02,2025-06-24
4033,50,714,3,,2025-06-24
4034,429,2612,3,299.59,2025-06-24
4035,435,1944,1,972.91,2025-06-24
4036,84,1783,2,468.69,2025-06-24
4037,137,1683,1,247.12,2025-06-24
4038,297,2633,2,745.77,2025-06-24
4039,53,45,,552.85,2025-06-24
4040,60,1350,2,606.21,2025-06-25
4041,255,956,5,246.39,2025-06-25
4042,224,1843,1,835.41,2025-06-25
4043,318,1995,1,,2025-06-25
4044,47,1635,2,979.1,2025-06-25
4045,189,612,3,1027.84,2025-06-25
4046,282,2851,1,514.12,2025-06-25
4047,84,1088,4,,2025-06-25
4048,471,1528,2,766.82,2025-06-25
4049,145,414,4,349.01,2025-06-25
4050,39,2838,,228.38,2025-06-25
4051,171,538,2,914.96,2025-06-25
4052,363,1529,2,92.9,2025-06-25
4053,260,1995,4,517.98 ??,2025-06-25
4054,15,2762,2,815.2,2025-06-25
4055,,1557,1,874.7,2025-06-25
4056,22,823,2,85.88,2025-06-25
4057,467,2034,4,943.44,2025-06-25
4058,179,1998,2,355.87,2025-06-25
4059,219,794,1,604.87,2025-06-25
4060,200,622,4,,2025-06-25
4061,295,2782,2,368.63,2025-06-25
4062,438,,1,825.65,2025-06-25
4063,175,1535,2,842.59 ,2025-06-25
4064,169,253,2,257.94,2025-06-25
4065,453,1779,2,,2025-06-25
4066,,1484,10,699.64,2025-06-25
4067,375,1163,1,360.24,2025-06-25
4068,264 ,299,2,758.53,2025-06-25
4069,380,698,2,728.24,2025-06-25
4070,49,406,4,,2025-06-25
4071,197,87,1---,570.36,2025-06-25
4072,132,2669,1,240.09??,2025-06-25
4073,466,,5,760.02,2025-06-25
4074,462,149,2,754.85,2025-06-25
4075,451,1434,2,442.94,2025-06-25
4076,122,2746,2,392.48,2025-06-25
4077,308,2479,4,281.83,2025-06-25
4078,43,1325,1,152.82,2025-06-25
4079,351,908,1,787.87,2025-06-25
4080,171,1624,1,,2025-06-25
4081,144,1502,1,699.06,2025-06-25
4082,245,885,2,676.36,2025-06-25
4083,25,245,1,357.09,2025-06-25
4084,49,1163,2,,2025-06-25
4085,36---,1973,1,752.87,2025-06-25
4086,434,577,1,911.31,2025-06-25
4087,389,372,4,499.35,2025-06-25
4088,459,,2,621.08,2025-06-25
4089,439,221,1,884.89,2025-06-25
4090,221,,,981.95,2025-06-25
4091,121,1494,1,653.67,2025-06-25
4092,414,2651,20,245.35,2025-06-25
4093,383,1549,1,682.42,2025-06-25
4094,376,312,4,884.87,2025-06-25
4095,304,934,2,375.79,2025-06-25
4096,105,,1,589.73,2025-06-25
4097,78,1514,1,555.77,2025-06-25
4098,287,2701,4,365.42,2025-06-25
4099,284,1466,5,564.02,2025-06-25
4100,118,103,1,737.58,2025-06-25
4101,352,1356,5 ,638.9,2025-06-25
4102,398,1620,5,229.92,2025-06-25
4103,67,147,2,123.92,2025-06-25
4104,245,2302,20,676.36,2025-06-25
4105,461,203,1---,292.66,2025-06-25
4106,297,1755,1,745.77,2025-06-25
4107,265,1839,2,754.56,2025-06-25
4108,12,2706,2 ,810.58,2025-06-25
4109,20,1363,5,100.09,2025-06-25
4110,449,2310 ,2,944.0,2025-06-25
4111,481,432,3,479.02,2025-06-25
4112,164,797,1---,373.42??,2025-06-25
4113,399,2343,2,773.65,2025-06-25
4114,342,1393,5,882.83,2025-06-25
4115,111,2265,2,629.21,2025-06-25
4116,418,2495,2??,394.38??,2025-06-25
4117,108,1483,3,528.81,2025-06-25
4118,179,1475,3??,355.87,2025-06-25
4119,122,111,1,392.48,2025-06-25
4120,332,2270,3,104.65,2025-06-25
4121,395,1994,5,167.39??,2025-06-25
4122,477,1505,1---,168.82,2025-06-25
4123,383,691,10,682.42,2025-06-25
4124,483,1754,1,259.65,2025-06-25
4125,405,1938,2,290.54,2025-06-25
4126,397,,4,637.91,2025-06-25
4127,191,1014,20,493.52,2025-06-25
4128,401,411,4,457.8,2025-06-25
4129,387,2795,3,680.0,2025-06-25
4130,25,,5,357.09,2025-06-25
4131,284,2485,1,564.02,2025-06-25
4132,277,2653,1,840.11,2025-06-25
4133,50,1367??,1,1007.57,2025-06-25
4134,499,2018,5,1011.56,2025-06-25
4135,186,1991,1,873.65,2025-06-25
4136,34,588,5,378.62,2025-06-25
4137,250,492,10,119.79,2025-06-25
4138,4,739---,5,587.27,2025-06-25
4139,450,1686,2,325.2,2025-06-25
4140,171,1980,1,914.96,2025-06-25
4141,211,1631,3,527.98,2025-06-25
4142,403,895??,1,426.25,2025-06-25
4143,34,203,2,378.62,2025-06-25
4144,497,2174,2,513.71,2025-06-25
4145,302,1601,2,467.1,2025-06-25
4146,248,1192,10??,452.25,2025-06-25
4147,40,,2,727.08,2025-06-25
4148,64,673,3,149.34,2025-06-25
4149,275,1769,2,270.69,2025-06-25
4150,348,2018,2,,2025-06-25
4151,405,655,20,290.54,2025-06-26
4152,94,780,2,996.96,2025-06-26
4153,186,,1,873.65,2025-06-26
4154,124,2996,10,887.58,2025-06-26
4155,105,40,1,589.73,2025-06-26
4156,324,2945,1,829.29,2025-06-26
4157,77,2622,4,975.6,2025-06-26
4158,110,347,3---,704.9??,2025-06-26
4159,235,2502,1,475.17,2025-06-26
4160,65,1608,1,508.17,2025-06-26
4161,500,2201,10,932.15,2025-06-26
4162,87,,2,379.38,2025-06-26
4163,339,1925,5,910.33,2025-06-26
4164,474,2037,4,None---,2025-06-26
4165,223,490,5,679.14,2025-06-26
4166,221,485,3,981.95,2025-06-26
4167,212,1435,3,952.19---,2025-06-26
4168,53,361,1,552.85,2025-06-26
4169,,,,186.79,2025-06-26
4170,234,853,,604.44,2025-06-26
4171,164,2505,2,373.42??,2025-06-26
4172,239,2916,3,311.41,2025-06-26
4173,143,2880,5,181.27,2025-06-26
4174,,2854,1,181.5,2025-06-26
4175,340,2088,1,575.1---,2025-06-26
4176,366,1753---,4,773.63,2025-06-26
4177,408,1375,5,643.91,2025-06-26
4178,235,1916,1,475.17,2025-06-26
4179,139,140,5,868.35,2025-06-26
4180,191,663,4??,493.52,2025-06-26
4181,359,1926,2,93.44 ,2025-06-26
4182,181,159??,5,508.98,2025-06-26
4183,260,995,2,517.98 ,2025-06-26
4184,7,481,3,378.16,2025-06-26
4185,113,2178,4,159.84,2025-06-26
4186,275,2333,1,270.69,2025-06-26
4187,90,312,4,191.16,2025-06-26
4188,,839,2,967.59,2025-06-26
4189,423,,1,712.19 ,2025-06-26
4190,428,2648,,856.4,2025-06-26
4191,409,781,2,845.34,2025-06-26
4192,336,1252,3,914.9,2025-06-26
4193,349,2358,10,464.38,2025-06-26
4194,131,1644,2,554.81,2025-06-26
4195,38,1201,1---,147.85,2025-06-26
4196,209,2555,4,748.09,2025-06-26
4197,327,2140,2,,2025-06-26
4198,441,1575,3,773.78,2025-06-26
4199,140,86 ,10---,,2025-06-26
4200,72,2270,2,163.35,2025-06-26
4201,9,1044,1,606.63,2025-06-26
4202,285,286---,5,535.38,2025-06-26
4203,300,2152,5,783.08---,2025-06-26
4204,145,1244??,2,349.01,2025-06-26
4205,419,2683,,138.89,2025-06-26
4206,330??,1034,3,558.84,2025-06-26
4207,24,1357,2,,2025-06-26
4208,269,1846,1,617.46,2025-06-26
4209,111,2923,2,629.21,2025-06-26
4210,301,1460,2,256.11,2025-06-26
4211,316,1761,2,466.97,2025-06-26
4212,465,1331,2,441.81 ,2025-06-26
4213,438,1950??,5,825.65,2025-06-26
4214,299,2058,3,840.59,2025-06-26
4215,366,2383,2,773.63,2025-06-26
4216,340,2712,2,575.1---,2025-06-26
4217,234,2318,2,604.44,2025-06-26
4218,343,1076,2,806.55,2025-06-26
4219,221,1201,1,981.95,2025-06-26
4220,59,,5,474.39,2025-06-26
4221,117,369,10,232.36,2025-06-26
4222,155,2294,1??,657.22---,2025-06-26
4223,364,1538,1,531.62,2025-06-26
4224,43,2772,1,152.82,2025-06-26
4225,307,817,20,432.28,2025-06-26
4226,483,1398??,3,259.65,2025-06-26
4227,391---,2026,3,,2025-06-26
4228,154,823,1,730.08 ,2025-06-26
4229,319,736,1,690.64,2025-06-26
4230,391,292,2,537.68,2025-06-26
4231,446,981,10,85.62,2025-06-26
4232,255,1194,1,246.39,2025-06-26
4233,122,411,2,392.48,2025-06-26
4234,348,2861,,,2025-06-26
4235,279,2018,3,833.88,2025-06-26
4236,379,1277,2,614.34,2025-06-26
4237,173,,2 ,722.69,2025-06-26
4238,252,295,1,836.52,2025-06-26
4239,166,741,5,906.51,2025-06-26
4240,353,80,4,709.75,2025-06-26
4241,222,335,4,681.73,2025-06-26
4242,111,,2,629.21,2025-06-26
4243,413,1143,2,488.56,2025-06-26
4244,421,2341,1,618.46,2025-06-26
4245,316---,2407,2,466.97,2025-06-26
4246,237,1981,3,57.57??,2025-06-26
4247,182,1653,1,378.55,2025-06-26
4248,379,1731,5,614.34,2025-06-26
4249,365,1957,4,776.68,2025-06-26
4250,160,52,1,924.03 ,2025-06-26
4251,498,2702??,5---,369.08,2025-06-26
4252,288,1843,1,448.78,2025-06-26
4253,254,1768,2,935.96,2025-06-26
4254,228??,2078,10,496.54,2025-06-26
4255,247,24,1,,2025-06-26
4256,471,696,3,766.82,2025-06-26
4257,6,39,2??,284.23,2025-06-26
4258,136,2755,20,787.54,2025-06-26
4259,128,498,,,2025-06-26
4260,182,848,4,378.55,2025-06-26
4261,403,920,1,426.25,2025-06-26
4262,125,1688,2,186.6,2025-06-27
4263,206,1673,2 ,401.24,2025-06-27
4264,22,722,1,85.88,2025-06-27
4265,489,,4,334.81,2025-06-27
4266,494,2584,3,510.63,2025-06-27
4267,92,2166,1,261.06,2025-06-27
4268,323,1856,2,347.62,2025-06-27
4269,210,2760??,2,928.31 ,2025-06-27
4270,460,593,2,895.71,2025-06-27
4271,221,2032,3,981.95---,2025-06-27
4272,162,549,1,669.67,2025-06-27
4273,305,2164,1,398.85,2025-06-27
4274,161,1546,10,480.94,2025-06-27
4275,159,1155,1,237.25,2025-06-27
4276,478??,1537,5,537.53,2025-06-27
4277,306,1839,3,132.33,2025-06-27
4278,,1195,3,943.44,2025-06-27
4279,172,1826,1,927.62,2025-06-27
4280,499,,4,1011.56,2025-06-27
4281,211,693 ,2,527.98,2025-06-27
4282,55,1149,3,182.86,2025-06-27
4283,50,1591,2,1007.57,2025-06-27
4284,410,1678,1,81.87,2025-06-27
4285,408,1021,1,643.91,2025-06-27
4286,121,573,3,653.67,2025-06-27
4287,193,1809,1,217.33,2025-06-27
4288,273,2102,2,84.32,2025-06-27
4289,130,1473,2,839.05,2025-06-27
4290,253,1812,1,550.0,2025-06-27
4291,108,826,1,528.81,2025-06-27
4292,372 ,2494,2,616.97,2025-06-27
4293,413,1141,1,488.56,2025-06-27
4294,462,565,1,754.85,2025-06-27
4295,121,360,4,,2025-06-27
4296,263,1823,1,541.16,2025-06-27
4297,21,1783,1,374.08---,2025-06-27
4298,104,2504,4 ,855.17,2025-06-27
4299,90,1535,20,191.16,2025-06-27
4300,39,985,1,228.38,2025-06-27
4301,108,1470,2,528.81,2025-06-27
4302,396,1168,3,629.9,2025-06-27
4303,375,116,1,360.24,2025-06-27
4304,178,2049,5,934.32,2025-06-27
4305,4,580,1,587.27,2025-06-27
4306,179,,2,355.87,2025-06-27
4307,37,551,20---,786.8,2025-06-27
4308,265,1388,,754.56,2025-06-27
4309,145,2635,5,349.01,2025-06-27
4310,260,2870,1,517.98 ,2025-06-27
4311,169,1165,2,257.94,2025-06-27
4312,466,2914,1,760.02,2025-06-27
4313,245,511,2,676.36---,2025-06-27
4314,300,2796,10,783.08---,2025-06-27
4315,32,,3,478.74,2025-06-27
4316,58,1540,1,994.69,2025-06-27
4317,367 ,1511,,503.81,2025-06-27
4318,45,,,,2025-06-27
4319,15,2410,4,815.2,2025-06-27
4320,350,595,,659.64,2025-06-27
4321,471,78,5,766.82,2025-06-27
4322,257,2605??,3,528.85,2025-06-27
4323,279,1773,2,833.88,2025-06-27
4324,199,1116,4,,2025-06-27
4325,319,2076,3,690.64,2025-06-27
4326,382,2171,5,427.52,2025-06-27
4327,185,343,1,542.3,2025-06-27
4328,418,1862,,394.38,2025-06-27
4329,,308??,4,,2025-06-27
4330,471---,717,10,766.82,2025-06-27
4331,450,1018,2,325.2,2025-06-27
4332,426,1006,5,904.53,2025-06-27
4333,381,2831 ,2,65.2,2025-06-27
4334,91,1890,2---,230.02,2025-06-27
4335,228,1055,2,496.54,2025-06-27
4336,32,1741,1,478.74,2025-06-27
4337,414,2436,1,245.35,2025-06-27
4338,53??,2528,2,,2025-06-27
4339,343,660,1,806.55,2025-06-27
4340,391,811,3,537.68,2025-06-27
4341,196,2160,20,806.34,2025-06-27
4342,454,1195,3,690.74,2025-06-27
4343,380,2119,,728.24,2025-06-27
4344,89,1028,3,105.77,2025-06-27
4345,337,2336,1,600.31,2025-06-27
4346,129,1812,3,392.23,2025-06-27
4347,456,1837,2,528.57,2025-06-27
4348,369,2967 ,3,410.57,2025-06-27
4349,410,2283,3,81.87,2025-06-27
4350,463,2854,1,927.87---,2025-06-27
4351,,2535,,542.3,2025-06-27
4352,328,303,5,413.2---,2025-06-27
4353,330,1894,1??,558.84,2025-06-27
4354,68,2166,4,817.14,2025-06-27
4355,38,2009??,1,147.85,2025-06-27
4356,224,1564,2,835.41,2025-06-27
4357,275,1753,2,270.69,2025-06-27
4358,429,1220,5,299.59,2025-06-27
4359,228,54,1,496.54,2025-06-27
4360,34,241,2,378.62,2025-06-27
4361,410,1817,2,81.87,2025-06-27
4362,422,2978,1,312.04,2025-06-27
4363,,2497,1,754.85,2025-06-27
4364,500,1350,2,932.15---,2025-06-27
4365,41,1738??,2,120.07,2025-06-27
4366,38,2542,2 ,147.85,2025-06-27
4367,146,1512,1,266.77,2025-06-27
4368,488??,1478,1,721.8,2025-06-27
4369,317,2712,5,432.9,2025-06-27
4370,302,,1,467.1,2025-06-27
4371,135,2822,20---,1010.19,2025-06-27
4372,287,2580,5,365.42,2025-06-27
4373,,2620,2,441.81 ,2025-06-28
4374,127,1309,,190.88??,2025-06-28
4375,257??,2453---,1,528.85,2025-06-28
4376,30,1693,4,334.63,2025-06-28
4377,327,533,3---,,2025-06-28
4378,61,360,3,116.62,2025-06-28
4379,,2594,5,213.46,2025-06-28
4380,348,,1,393.07,2025-06-28
4381,63,,2,,2025-06-28
4382,277,714,2,840.11,2025-06-28
4383,198,2387,2,213.46,2025-06-28
4384,6,538,3 ,284.23,2025-06-28
4385,426,2639,10,904.53,2025-06-28
4386,496,501,3,660.1,2025-06-28
4387,17,2830,,1024.6,2025-06-28
4388,360,2412,4,315.18,2025-06-28
4389,390,1281,,,2025-06-28
4390,32,1597,5,478.74,2025-06-28
4391,290,1977,2,774.21,2025-06-28
4392,280,1136,2,234.31?? ,2025-06-28
4393,487,55??,1??,237.09,2025-06-28
4394,454,1389,5,690.74,2025-06-28
4395,52??,1338,1,782.67,2025-06-28
4396,360,810,2,315.18,2025-06-28
4397,66,1255,1,604.37,2025-06-28
4398,457,455,2,353.85,2025-06-28
4399,112,2597,5,110.65,2025-06-28
4400,138,2468,4,641.47,2025-06-28
4401,329---,925,10,589.72,2025-06-28
4402,,2726,2,728.24,2025-06-28
4403,257,2915,3,528.85,2025-06-28
4404,456,1208,1,528.57,2025-06-28
4405,57,64,3,222.83,2025-06-28
4406,417,1025,1,195.05,2025-06-28
4407,469,1820,1,953.09 ,2025-06-28
4408,190,1405,1,461.29,2025-06-28
4409,57,590,1,222.83,2025-06-28
4410,429 ,2702---,1,299.59,2025-06-28
4411,,843,2,,2025-06-28
4412,114,1420,1,583.63,2025-06-28
4413,67,10,1,123.92,2025-06-28
4414,413,458,3,488.56,2025-06-28
4415,186,,4,873.65,2025-06-28
4416,251,542,4,511.82,2025-06-28
4417,470,1466,2,998.68,2025-06-28
4418,276,2224,3,404.73,2025-06-28
4419,101,1045,5,76.75??,2025-06-28
4420,59,2426,3,474.39,2025-06-28
4421,481,1515,4,479.02,2025-06-28
4422,141,1741,2,602.55,2025-06-28
4423,386,2385,2,919.81 ,2025-06-28
4424,12,679,3,810.58,2025-06-28
4425,135 ,2897,1,1010.19,2025-06-28
4426,42,1483,1---,372.32,2025-06-28
4427,95,261,5,1027.63,2025-06-28
4428,260,1868,1,517.98 ,2025-06-28
4429,406??,2347,4,532.33,2025-06-28
4430,235,1511??,2,475.17,2025-06-28
4431,398,89,4,229.92,2025-06-28
4432,343,1968,3,806.55,2025-06-28
4433,,1904,,,2025-06-28
4434,194,2081,1,154.3,2025-06-28
4435,454,1548,1,690.74,2025-06-28
4436,144 ,2824,1,699.06,2025-06-28
4437,462,1497,1,754.85,2025-06-28
4438,497,551,5,513.71,2025-06-28
4439,358,2918,1,186.46,2025-06-28
4440,134,640,1,,2025-06-28
4441,260,2439 ,4,517.98 ,2025-06-28
4442,95,,2,1027.63,2025-06-28
4443,284,2423,1,564.02,2025-06-28
4444,289,2426,10,,2025-06-28
4445,290,1731,,774.21,2025-06-28
4446,94,55,4,,2025-06-28
4447,132,2501,1,240.09??,2025-06-28
4448,471 ,1771,1,766.82,2025-06-28
4449,406,2024,3,532.33,2025-06-28
4450,410,2415,2,81.87,2025-06-28
4451,262,1602,10,,2025-06-28
4452,413,1281??,5---,488.56 ,2025-06-28
4453,322,2116,2,253.21,2025-06-28
4454,121,1496,1,653.67,2025-06-28
4455,495,2531,3,533.13,2025-06-28
4456,278,2016,4,349.92,2025-06-28
4457,348,1074,1,393.07,2025-06-28
4458,459,,2,621.08,2025-06-28
4459,160,1343,4,924.03,2025-06-28
4460,163---,2238,5---,435.68,2025-06-28
4461,278,2012,5,349.92,2025-06-28
4462,330,1479,1,558.84,2025-06-28
4463,417,1090,2,195.05,2025-06-28
4464,360,1138,1,315.18,2025-06-28
4465,301---,,2,,2025-06-28
4466,439,654,1,884.89,2025-06-28
4467,257,685,1,528.85,2025-06-28
4468,332 ,2669,2,104.65,2025-06-28
4469,452,2601,1,985.54,2025-06-28
4470,91,1720,1,230.02,2025-06-28
4471,337,1062,1,600.31,2025-06-28
4472,355,833,2---,336.39,2025-06-28
4473,180,668,1,262.7,2025-06-28
4474,216,2731,1,465.22,2025-06-28
4475,217,1846,5,710.49,2025-06-28
4476,271,,5,590.56,2025-06-28
4477,451,,3,442.94,2025-06-28
4478,,1229,4 ,614.3,2025-06-28
4479,384,305,1,855.34,2025-06-28
4480,259,2765,4,89.55,2025-06-28
4481,340,2885,4,575.1---,2025-06-28
4482,13,1078,1,548.34,2025-06-28
4483,32,2441,4,478.74,2025-06-28
4484,309,177,1,645.12,2025-06-29
4485,495,1971,1,533.13,2025-06-29
4486,495,1736,20,533.13,2025-06-29
4487,170,,3,700.59,2025-06-29
4488,499,606,2,1011.56,2025-06-29
4489,462,1694,2,754.85,2025-06-29
4490,113,2010,2,159.84,2025-06-29
4491,239,1414,2,311.41,2025-06-29
4492,38,2919,2,147.85,2025-06-29
4493,254,1192,2,935.96,2025-06-29
4494,325,626,3,661.39,2025-06-29
4495,11,2607,2,,2025-06-29
4496,397,585,5,637.91,2025-06-29
4497,376,1833,5 ,884.87,2025-06-29
4498,411,2537,5,128.07,2025-06-29
4499,462,932,1,754.85,2025-06-29
4500,256,2575---,2,418.38,2025-06-29
4501,30,,5,334.63,2025-06-29
4502,73,2115,5,831.62,2025-06-29
4503,132,1785 ,5,240.09??,2025-06-29
4504,123,1225,,365.2,2025-06-29
4505,320,679,2,438.03,2025-06-29
4506,179,2325,2,355.87,2025-06-29
4507,178,2196,5,934.32,2025-06-29
4508,59,2792,4,474.39,2025-06-29
4509,334,,2,202.93,2025-06-29
4510,140,2199,1,822.22,2025-06-29
4511,65,1932,3,508.17,2025-06-29
4512,336,183,1,914.9,2025-06-29
4513,456,,10,528.57,2025-06-29
4514,497,,4,513.71,2025-06-29
4515,213---,1881,1,932.88,2025-06-29
4516,178,1052,5,934.32,2025-06-29
4517,476,1242,1,234.47,2025-06-29
4518,358,2636,1,186.46,2025-06-29
4519,464,1942,3,967.59,2025-06-29
4520,116,2501,2,280.21,2025-06-29
4521,186,438,2,873.65,2025-06-29
4522,408,1940??,1,643.91,2025-06-29
4523,104 ,2736,1,855.17,2025-06-29
4524,191,1735,1,493.52,2025-06-29
4525,79,26,3,567.8,2025-06-29
4526,282,235,2,514.12,2025-06-29
4527,315,1474,5,,2025-06-29
4528,367,1570,5,503.81,2025-06-29
4529,116,1012,3,,2025-06-29
4530,110,233,4,704.9??,2025-06-29
4531,330,1926,1??,558.84,2025-06-29
4532,159,801,4,237.25,2025-06-29
4533,360,175,1,315.18,2025-06-29
4534,238,1021,1,875.47,2025-06-29
4535,205,1927,2,589.26,2025-06-29
4536,489,2082,3,334.81,2025-06-29
4537,45,1455,2,,2025-06-29
4538,88,1240,1,211.51,2025-06-29
4539,249??,894,4,386.0,2025-06-29
4540,8,2556,2,335.13,2025-06-29
4541,11,2901,3,491.64,2025-06-29
4542,374---,446,1,711.19,2025-06-29
4543,190,2145,4,461.29,2025-06-29
4544,205,1596,2,589.26,2025-06-29
4545,117,1829 ,1,232.36,2025-06-29
4546,228,1539,2,496.54,2025-06-29
4547,235,1735,1,475.17,2025-06-29
4548,108,2867,3,528.81,2025-06-29
4549,345,1252,5,838.18,2025-06-29
4550,270,277,4,,2025-06-29
4551,330,2554,2,558.84,2025-06-29
4552,66,87,2,604.37,2025-06-29
4553,375,1803,2,360.24,2025-06-29
4554,291,2184,1,722.08,2025-06-29
4555,,305,1,247.12,2025-06-29
4556,215,1803,2,498.59,2025-06-29
4557,193,,2,217.33,2025-06-29
4558,268,1878,2,,2025-06-29
4559,324,1203,1,829.29,2025-06-29
4560,252,2013,,836.52,2025-06-29
4561,73,932,1,831.62,2025-06-29
4562,354,2129---,2,,2025-06-29
4563,46,2045,2,745.3,2025-06-29
4564,485,25,2,306.85,2025-06-29
4565,436,1293,2,544.14,2025-06-29
4566,173,1757,4,722.69,2025-06-29
4567,499,1724,2,,2025-06-29
4568,397,1584 ,2,637.91,2025-06-29
4569,129,145,1,392.23,2025-06-29
4570,34,259,1,378.62 ,2025-06-29
4571,499,1594,1,,2025-06-29
4572,46,1537,5,745.3,2025-06-29
4573,190,1998,5,461.29,2025-06-29
4574,162,81,,669.67,2025-06-29
4575,267,2434,2,839.54,2025-06-29
4576,147,2074,1,755.36,2025-06-29
4577,224,2654,4,835.41,2025-06-29
4578,241,5,1,218.0,2025-06-29
4579,,2142,1,745.3,2025-06-29
4580,411 ,,1,128.07,2025-06-29
4581,349,2855,,464.38,2025-06-29
4582,440,1507,1,,2025-06-29
4583,178,382,5,,2025-06-29
4584,458,312,1,912.05---,2025-06-29
4585,157,350,1,290.7,2025-06-29
4586,431,146,4,272.8,2025-06-29
4587,485,2614,3,306.85,2025-06-29
4588,155,2446,1,657.22,2025-06-29
4589,64,1408,1,149.34,2025-06-29
4590,183,,1,386.71,2025-06-29
4591,323,2148,10,347.62,2025-06-29
4592,371,2609,3,348.36 ,2025-06-29
4593,408,1139,2,643.91,2025-06-29
4594,265,18,3,754.56,2025-06-29
4595,490,972,2,,2025-06-29
4596,,2024,1,325.2,2025-06-30
4597,172,891,1,927.62,2025-06-30
4598,209,2466,2,748.09,2025-06-30
4599,66,1824,2,604.37,2025-06-30
4600,193,,1,217.33,2025-06-30
4601,220,654,3,222.79,2025-06-30
4602,107??,2906,1,585.54,2025-06-30
4603,489,1833,5,334.81,2025-06-30
4604,,2104,3,583.63,2025-06-30
4605,98,1046,1??,332.9,2025-06-30
4606,248,2241,1,452.25,2025-06-30
4607,324,2659,5,829.29,2025-06-30
4608,394,957,10,554.78---,2025-06-30
4609,287,1628,5,365.42,2025-06-30
4610,143,2564,1,181.27,2025-06-30
4611,316,1142,1,466.97,2025-06-30
4612,263,2917 ,3,541.16,2025-06-30
4613,,1760,1,365.2 ,2025-06-30
4614,134,214,3,None---,2025-06-30
4615,222,1941,1,681.73 ,2025-06-30
4616,46,508,1,745.3,2025-06-30
4617,379,1360,1,614.34,2025-06-30
4618,478,436,3,537.53,2025-06-30
4619,297,209,1,745.77,2025-06-30
4620,219,18,4,604.87,2025-06-30
4621,,1486,2,81.87,2025-06-30
4622,471,1382,2,766.82,2025-06-30
4623,25,2882,4,357.09,2025-06-30
4624,390,861,3,,2025-06-30
4625,156,2796,4,399.02,2025-06-30
4626,,2182,1,763.92,2025-06-30
4627,183,93,1,386.71,2025-06-30
4628,39,2724,1,228.38,2025-06-30
4629,330,2743,2,558.84,2025-06-30
4630,339,2987,4,910.33,2025-06-30
4631,208,2674,3,529.71??,2025-06-30
4632,485,2915,1,306.85---,2025-06-30
4633,100,2409,1,,2025-06-30
4634,46,1148,20,745.3,2025-06-30
4635,327,1622,20,,2025-06-30
4636,7,866,3,378.16,2025-06-30
4637,233,157,2,896.34,2025-06-30
4638,167,1293,3,321.07,2025-06-30
4639,270,1677,1,298.5,2025-06-30
4640,391,2807,1,537.68,2025-06-30
4641,391,75,1,537.68,2025-06-30
4642,286,2529,2,775.93,2025-06-30
4643,401,1026,1,457.8,2025-06-30
4644,280,1096,4,234.31??,2025-06-30
4645,249,2203,1,386.0,2025-06-30
4646,276,675,4,404.73,2025-06-30
4647,495,1363,2,533.13,2025-06-30
4648,120,1881,1,,2025-06-30
4649,269,996,2,617.46,2025-06-30
4650,43,1002,1,152.82,2025-06-30
4651,439,2129,1,884.89,2025-06-30
4652,238,2367,2,875.47,2025-06-30
4653,231,2050,3,585.37,2025-06-30
4654,177,1302,2,652.82,2025-06-30
4655,338,1939,5,187.05,2025-06-30
4656,247,1095---,1,,2025-06-30
4657,418,49,3,394.38,2025-06-30
4658,79,1610,4---,567.8,2025-06-30
4659,39,1727,4,228.38,2025-06-30
4660,85,472,4??,181.5,2025-06-30
4661,198,2192,,213.46,2025-06-30
4662,473,1340,,123.99,2025-06-30
4663,96,952,2,168.18---,2025-06-30
4664,56,2653,2,336.23,2025-06-30
4665,79,369,3,567.8,2025-06-30
4666,89 ,1622,4,105.77,2025-06-30
4667,417,2817,2,195.05,2025-06-30
4668,,2771,1,None---,2025-06-30
4669,148,1314,2,,2025-06-30
4670,252,1665,1,836.52,2025-06-30
4671,428,1868,1,856.4,2025-06-30
4672,215,1634,4,498.59,2025-06-30
4673,184,1957,3,707.97,2025-06-30
4674,30,2755,1,334.63,2025-06-30
4675,227,1475,1,309.72,2025-06-30
4676,159,1142,3,237.25,2025-06-30
4677,52,2946,5,782.67,2025-06-30
4678,333,1696,1,418.84,2025-06-30
4679,484,2943,1,816.36,2025-06-30
4680,304,698,2,375.79,2025-06-30
4681,148,953,5,,2025-06-30
4682,177,1926,1,652.82,2025-06-30
4683,171,1778,5,914.96,2025-06-30
4684,378,1662,2,305.61,2025-06-30
4685,381,413,4,65.2,2025-06-30
4686,135,723,3,,2025-06-30
4687,114,1474,4,583.63,2025-06-30
4688,312,2328,4,692.62,2025-06-30
4689,322,155,3,253.21,2025-06-30
4690,,193,3,213.46,2025-06-30
4691,97,1111,1,231.74,2025-06-30
4692,370,305,2,604.48,2025-06-30
4693,173,589,3,722.69,2025-06-30
4694,,209,3,657.22,2025-06-30
4695,319,2844,1,690.64,2025-06-30
4696,347,773,4,280.08,2025-06-30
4697,346,102,4,555.77,2025-06-30
4698,117,2616,2??,232.36,2025-06-30
4699,143,2978,2,181.27,2025-06-30
4700,132,1011,3,240.09??,2025-06-30
4701,388,2156,1,379.24,2025-06-30
4702,102,290,1,873.82,2025-06-30
4703,84,,1,468.69,2025-06-30
4704,475,1299,2 ,626.39,2025-06-30
4705,390 ,2307,3,,2025-06-30
4706,259---,1879,3,89.55,2025-06-30
4707,376,1179 ,5,884.87,2025-07-01
4708,338,2674,2,187.05,2025-07-01
4709,419,2222,3,138.89,2025-07-01
4710,459,478,1,621.08,2025-07-01
4711,156,100 ,3,399.02,2025-07-01
4712,396,,1,629.9,2025-07-01
4713,388,2281,1,379.24,2025-07-01
4714,37,1330,4,786.8,2025-07-01
4715,32,1219,4,478.74,2025-07-01
4716,147,174 ,4,755.36,2025-07-01
4717,115,1728,2,971.71---,2025-07-01
4718,30,1735,3,334.63??,2025-07-01
4719,450,1698,5,325.2,2025-07-01
4720,431,919,1,272.8,2025-07-01
4721,470,605,1,998.68,2025-07-01
4722,177,1897---,2,652.82,2025-07-01
4723,480,688,5,702.9,2025-07-01
4724,453,1928,4,None??,2025-07-01
4725,320,1813,3,438.03,2025-07-01
4726,324,364,1,829.29,2025-07-01
4727,347---,1003,1,280.08,2025-07-01
4728,180---,2111,1,262.7,2025-07-01
4729,106,2638,1,207.59,2025-07-01
4730,382,1583,4 ,427.52,2025-07-01
4731,395,732,1,167.39??,2025-07-01
4732,,205,2,690.74,2025-07-01
4733,63,2647,2,,2025-07-01
4734,132,978,5,240.09??,2025-07-01
4735,24,2188,4,891.92,2025-07-01
4736,251---,1096,1,511.82,2025-07-01
4737,282,1215,4,514.12,2025-07-01
4738,164,2715---,10,373.42??,2025-07-01
4739,192,2034,1,595.75,2025-07-01
4740,,575,,,2025-07-01
4741,430,199,1,815.38,2025-07-01
4742,310,133,3,723.09 ,2025-07-01
4743,244,1656,3,951.6,2025-07-01
4744,407,2282,2,323.97,2025-07-01
4745,410,2965,1,81.87,2025-07-01
4746,412,2949,2,628.74,2025-07-01
4747,402,1215,1,851.77,2025-07-01
4748,180,1052,1,262.7,2025-07-01
4749,253,816,1,550.0,2025-07-01
4750,52,398,5,782.67,2025-07-01
4751,370,648,1,604.48,2025-07-01
4752,230,,1,,2025-07-01
4753,36,2587,1,752.87,2025-07-01
4754,249,829,1,,2025-07-01
4755,167---,2738,,321.07,2025-07-01
4756,43 ,2808,1,152.82,2025-07-01
4757,418,2180,2,394.38,2025-07-01
4758,373,,1,186.09,2025-07-01
4759,46,1010,3,745.3,2025-07-01
4760,126,1168,2,373.76 ,2025-07-01
4761,226,519,2,209.79,2025-07-01
4762,480,1818,2??,702.9,2025-07-01
4763,357,2462,1,159.21,2025-07-01
4764,162,2268,4---,669.67,2025-07-01
4765,201,943,2,199.44,2025-07-01
4766,161,2578,1,480.94,2025-07-01
4767,298,964,2,,2025-07-01
4768,34,591,1,378.62,2025-07-01
4769,435,2159,2,972.91,2025-07-01
4770,,1805,3,528.85??,2025-07-01
4771,233,725,2,896.34,2025-07-01
4772,302,1397,2,467.1,2025-07-01
4773,111 ,1016,1,629.21,2025-07-01
4774,421,69,5,618.46??,2025-07-01
4775,456,1019,1,528.57,2025-07-01
4776,453,1349,1,None??,2025-07-01
4777,306,1149,4,132.33,2025-07-01
4778,246,2903,4,108.35,2025-07-01
4779,168,433,3,79.14,2025-07-01
4780,,,1,253.21,2025-07-01
4781,171??,1123,3,914.96,2025-07-01
4782,87,759,5,379.38,2025-07-01
4783,437,1853,1,873.74,2025-07-01
4784,239,473,2,311.41,2025-07-01
4785,104,824,2,855.17,2025-07-01
4786,319,1381,1,690.64,2025-07-01
4787,445,963,2,365.38,2025-07-01
4788,146,1994,2,266.77,2025-07-01
4789,57,1916,2,222.83,2025-07-01
4790,270,1026,4,298.5,2025-07-01
4791,152,751,3,None---,2025-07-01
4792,352,1368,,638.9,2025-07-01
4793,334,1857,2,202.93,2025-07-01
4794,75,2563,2,899.45,2025-07-01
4795,92,1071,4,261.06,2025-07-01
4796,377??,1075,3 ,588.92,2025-07-01
4797,47,2955,4 ,979.1---,2025-07-01
4798,180,1085,2,262.7,2025-07-01
4799,481,109,3,479.02,2025-07-01
4800,81,1380,3,,2025-07-01
4801,,1138,5,,2025-07-01
4802,112,497,,110.65,2025-07-01
4803,277,2831,1,840.11---,2025-07-01
4804,102,1518,1,873.82,2025-07-01
4805,67,755,1,123.92,2025-07-01
4806,386,900,1,919.81 ,2025-07-01
4807,228,2485,2,496.54,2025-07-01
4808,,496,4,511.55,2025-07-01
4809,108,397,1,528.81,2025-07-01
4810,203,1522,4,897.73,2025-07-01
4811,112,2---,3,110.65,2025-07-01
4812,361,2302 ,4,319.21,2025-07-01
4813,486,233,3,860.43,2025-07-01
4814,153,314,4,118.03,2025-07-01
4815,408,1080,1,643.91,2025-07-01
4816,201,2911,20,199.44,2025-07-01
4817,102,56,1,,2025-07-01
4818,385,998,1,509.11,2025-07-02
4819,319??,1219,3,690.64,2025-07-02
4820,373---,1302,1,186.09,2025-07-02
4821,65,1229,1,508.17??,2025-07-02
4822,126,2801,1,373.76 ,2025-07-02
4823,,2926,1,,2025-07-02
4824,28,1704,4,699.64,2025-07-02
4825,39,2037,1,228.38,2025-07-02
4826,48,2303,3,,2025-07-02
4827,,236,1,825.65,2025-07-02
4828,298,1092,1,162.53,2025-07-02
4829,410,1110,1,81.87,2025-07-02
4830,407,1546,3,,2025-07-02
4831,322,915,3,253.21,2025-07-02
4832,246,2239,2,108.35,2025-07-02
4833,82,85,2,535.76,2025-07-02
4834,172,320,2,927.62 ,2025-07-02
4835,467,2124,1,943.44,2025-07-02
4836,,2415??,2,614.34,2025-07-02
4837,,1218,2,200.36,2025-07-02
4838,181,,5,508.98,2025-07-02
4839,394,896,2,554.78,2025-07-02
4840,117,558,1,232.36,2025-07-02
4841,63,342,5,,2025-07-02
4842,,2727,10,933.58,2025-07-02
4843,28,,4,699.64,2025-07-02
4844,103,2172,5,399.04,2025-07-02
4845,,,3,225.33,2025-07-02
4846,489,1614,5 ,334.81,2025-07-02
4847,164,2607,,373.42??,2025-07-02
4848,122,2319,2,392.48,2025-07-02
4849,485,2475,1,306.85,2025-07-02
4850,43,21,1,152.82,2025-07-02
4851,150,575,1,,2025-07-02
4852,83,57,3,706.86,2025-07-02
4853,255,886,1,246.39,2025-07-02
4854,404,1079,3??,,2025-07-02
4855,349,1226,1,464.38,2025-07-02
4856,496,1052,,660.1,2025-07-02
4857,313,1982,2,256.73,2025-07-02
4858,284,,2,564.02,2025-07-02
4859,486,39,2,,2025-07-02
4860,104,2931,3,855.17,2025-07-02
4861,347,1444,1,280.08,2025-07-02
4862,300,2507,5,783.08---,2025-07-02
4863,304,2808,20,375.79,2025-07-02
4864,325,577,20,661.39,2025-07-02
4865,365,2305,1,776.68,2025-07-02
4866,235,294,2,475.17,2025-07-02
4867,250,1956,2,119.79,2025-07-02
4868,168,2308,2,79.14,2025-07-02
4869,287,1249,1,365.42,2025-07-02
4870,80,927,1,402.48,2025-07-02
4871,126,1962,5,373.76 ,2025-07-02
4872,358,2951,2,186.46,2025-07-02
4873,435,882,1,972.91,2025-07-02
4874,203,2738,2,897.73,2025-07-02
4875,162,112,3??,669.67,2025-07-02
4876,142,651,,858.79,2025-07-02
4877,329,2216,2,,2025-07-02
4878,336,202,1,914.9,2025-07-02
4879,448,2882,2,459.14,2025-07-02
4880,394,2627---,1,554.78,2025-07-02
4881,242,1688,1,732.54,2025-07-02
4882,416,2201,1,227.15,2025-07-02
4883,82,2619,2,535.76,2025-07-02
4884,422,20,2,312.04,2025-07-02
4885,273,2868,5,84.32,2025-07-02
4886,164,938,1,373.42??,2025-07-02
4887,65,2832,1,508.17,2025-07-02
4888,384 ,2806,,855.34,2025-07-02
4889,175,2176,1---,842.59,2025-07-02
4890,440,992,2 ,,2025-07-02
4891,197,1223,3,570.36,2025-07-02
4892,13,2185,2 ,548.34,2025-07-02
4893,403,1442,2,426.25,2025-07-02
4894,493,489---,2,103.44??,2025-07-02
4895,216,1230,2,465.22,2025-07-02
4896,474,552,2,,2025-07-02
4897,220,2110,3,222.79,2025-07-02
4898,347,2869,10,280.08,2025-07-02
4899,273,414,5,,2025-07-02
4900,148,228,2,,2025-07-02
4901,470,1481,5,998.68 ,2025-07-02
4902,190,980---,10,461.29,2025-07-02
4903,333,2432,1,,2025-07-02
4904,259,694,1,89.55,2025-07-02
4905,259,422---,3,89.55,2025-07-02
4906,433---,2944,3,494.44,2025-07-02
4907,246,1184,4,108.35,2025-07-02
4908,416,2686,1,227.15,2025-07-02
4909,173,325,4,722.69,2025-07-02
4910,395,,3 ,167.39??,2025-07-02
4911,322,1900,3,253.21,2025-07-02
4912,118,932,2,737.58??,2025-07-02
4913,316,786,1,466.97,2025-07-02
4914,136,1733,3,787.54,2025-07-02
4915,454,712,2,690.74,2025-07-02
4916,221,2270,1??,981.95,2025-07-02
4917,240,2293,3,,2025-07-02
4918,253,767,3,550.0,2025-07-02
4919,,802,20,365.2,2025-07-02
4920,500,1385,5,932.15,2025-07-02
4921,224,290,2,835.41,2025-07-02
4922,313,2541,3,256.73,2025-07-02
4923,476,42,5,234.47---,2025-07-02
4924,345,463,1,838.18,2025-07-02
4925,19,1219,,386.73,2025-07-02
4926,68,2548,20,817.14,2025-07-02
4927,273,1885,5??,84.32,2025-07-02
4928,273,2001,2,84.32,2025-07-02
4929,257,66,1,528.85,2025-07-03
4930,282,1218,1,514.12,2025-07-03
4931,246,1854,4,108.35,2025-07-03
4932,224---,196,4,835.41,2025-07-03
4933,464,374,4,967.59,2025-07-03
4934,241,,3,218.0,2025-07-03
4935,377,950,2,588.92,2025-07-03
4936,379,1518,1,614.34,2025-07-03
4937,406,974,3,532.33,2025-07-03
4938,318,861,1,311.94,2025-07-03
4939,115,2912,1---,971.71---,2025-07-03
4940,388,1422,5,379.24,2025-07-03
4941,366,334,3,773.63,2025-07-03
4942,348,679,1,393.07,2025-07-03
4943,210,1877,2,928.31,2025-07-03
4944,33,2925,4,153.28,2025-07-03
4945,261,2626,2,982.83,2025-07-03
4946,428,568,1,856.4,2025-07-03
4947,117,36,1,232.36,2025-07-03
4948,41,2386,2,120.07,2025-07-03
4949,246,735,10,108.35,2025-07-03
4950,445,1290,3,365.38,2025-07-03
4951,461,1915,3,292.66,2025-07-03
4952,250,1045,2,119.79,2025-07-03
4953,68,525,1,817.14,2025-07-03
4954,40,987,1,727.08,2025-07-03
4955,481,2493 ,2,479.02,2025-07-03
4956,355,986,3,336.39,2025-07-03
4957,496,,5,660.1,2025-07-03
4958,240,1079,2,841.37,2025-07-03
4959,,1402,2,427.52,2025-07-03
4960,,2756,1,168.18,2025-07-03
4961,131,1554,3,554.81??,2025-07-03
4962,145,2766,1,349.01,2025-07-03
4963,368,472,4,614.3,2025-07-03
4964,383,2164,2,682.42,2025-07-03
4965,373,1234,3,,2025-07-03
4966,38 ,2266,3,147.85,2025-07-03
4967,17,268,1,1024.6,2025-07-03
4968,103,2529,3,399.04,2025-07-03
4969,82,151,1,535.76,2025-07-03
4970,225,1652,5,711.78,2025-07-03
4971,383,169,2,682.42,2025-07-03
4972,408,2299,10,643.91---,2025-07-03
4973,25,2029,2---,357.09,2025-07-03
4974,481,2552,2,479.02,2025-07-03
4975,174??,2854,,503.59,2025-07-03
4976,279,2752,5,833.88,2025-07-03
4977,189,1377,3,1027.84,2025-07-03
4978,63,238,1,,2025-07-03
4979,207,2184,5,771.97,2025-07-03
4980,398,1645,1,229.92,2025-07-03
4981,345,2978,2,838.18,2025-07-03
4982,466,823,1,760.02,2025-07-03
4983,53,882,4,552.85,2025-07-03
4984,386,141??,1,919.81 ,2025-07-03
4985,120,527,1,,2025-07-03
4986,101,1174,,76.75,2025-07-03
4987,471,95,2,766.82,2025-07-03
4988,162,2890,2,669.67,2025-07-03
4989,136,1102,2,787.54,2025-07-03
4990,384,1316,1,855.34,2025-07-03
4991,251,2833,3,511.82,2025-07-03
4992,224,116,1,835.41,2025-07-03
4993,175,2672,2,842.59,2025-07-03
4994,325,837,4,661.39,2025-07-03
4995,497,469,,513.71??,2025-07-03
4996,411,1633,2,128.07,2025-07-03
4997,134 ,2454,2,,2025-07-03
4998,68,2272,4,817.14,2025-07-03
4999,144,,5,699.06,2025-07-03
5000,456,196,2,528.57,2025-07-03
5001,209,235,3,748.09,2025-07-03
5002,109,950,4,731.8,2025-07-03
5003,177,1306,,652.82 ,2025-07-03
5004,453 ,1563,2,,2025-07-03
5005,394,1847---,3,554.78,2025-07-03
5006,347,1907,4,,2025-07-03
5007,176,269,1,475.79,2025-07-03
5008,429,2800,3,299.59,2025-07-03
5009,217,2335??,1,710.49,2025-07-03
5010,372,882,1,616.97,2025-07-03
5011,417,65,1??,195.05,2025-07-03
5012,394,292,1,554.78,2025-07-03
5013,228,,4,496.54,2025-07-03
5014,343,2096,1,806.55,2025-07-03
5015,294,1927,3,,2025-07-03
5016,380,165,4,728.24,2025-07-03
5017,391,658,3,537.68,2025-07-03
5018,191,896,5,493.52,2025-07-03
5019,248,1681,3,452.25,2025-07-03
5020,473,913,1,123.99,2025-07-03
5021,117,822,4,232.36,2025-07-03
5022,72---,1906,2,163.35,2025-07-03
5023,215,548,1,498.59,2025-07-03
5024,179,766,5,355.87,2025-07-03
5025,423,296,2,712.19,2025-07-03
5026,454,1634,3,690.74,2025-07-03
5027,314,399,3,785.07,2025-07-03
5028,7,1816,5,378.16,2025-07-03
5029,496,2824,5,660.1,2025-07-03
5030,,1917,2,676.36,2025-07-03
5031,8,2345,1,335.13,2025-07-03
5032,90,2118,2,191.16,2025-07-03
5033,27,1836,4,463.93,2025-07-03
5034,495,2808,4,533.13,2025-07-03
5035,393,1883,2,704.08,2025-07-03
5036,244,2016,1,951.6,2025-07-03
5037,49,1388,1,,2025-07-03
5038,198,1990,2,213.46,2025-07-03
5039,308,310,1,281.83,2025-07-03
5040,361,1751,5,319.21,2025-07-04
5041,252,1423,4,836.52,2025-07-04
5042,388,663,1,379.24,2025-07-04
5043,183,2082,2??,386.71,2025-07-04
5044,436,2013,1,544.14,2025-07-04
5045,,1174,5,100.09,2025-07-04
5046,100,202,3,,2025-07-04
5047,325,1905,1,661.39,2025-07-04
5048,368,1935,3,614.3,2025-07-04
5049,,1169,1,711.19??,2025-07-04
5050,404,2250,3,,2025-07-04
5051,363,1154,,92.9,2025-07-04
5052,233,2783,1,896.34,2025-07-04
5053,433,848,2,494.44,2025-07-04
5054,97,2082,1,231.74,2025-07-04
5055,479,1129,3,361.65,2025-07-04
5056,143??,917,3,181.27,2025-07-04
5057,417,62,1,195.05,2025-07-04
5058,452,1256,,985.54,2025-07-04
5059,421,1144,2,618.46,2025-07-04
5060,355,,5,336.39,2025-07-04
5061,115,1915,5,971.71---,2025-07-04
5062,57,1789,2,222.83,2025-07-04
5063,131,1092,1,554.81,2025-07-04
5064,137,2907,1,247.12---,2025-07-04
5065,344,1270,3,925.4,2025-07-04
5066,76,692,1,157.63,2025-07-04
5067,28,213,1,699.64,2025-07-04
5068,168,1366,1,79.14,2025-07-04
5069,484,2322,1,816.36,2025-07-04
5070,180,1613,3,262.7,2025-07-04
5071,114,20,3,583.63,2025-07-04
5072,201,1121,2,199.44,2025-07-04
5073,454,2289,1,690.74,2025-07-04
5074,487,2987,1,237.09,2025-07-04
5075,62,1122,1,864.4,2025-07-04
5076,118,1567,,737.58,2025-07-04
5077,,1009??,5,758.53,2025-07-04
5078,488,337,4,721.8,2025-07-04
5079,488,669,2,721.8,2025-07-04
5080,251,896,4---,511.82,2025-07-04
5081,450,2902,2,325.2,2025-07-04
5082,413,1564,4,488.56,2025-07-04
5083,388,503,10,379.24,2025-07-04
5084,379,357 ,,614.34,2025-07-04
5085,368,,1,614.3,2025-07-04
5086,77,2652,1,975.6,2025-07-04
5087,189,65,2,1027.84,2025-07-04
5088,50,2563 ,2,1007.57??,2025-07-04
5089,265,,2,754.56,2025-07-04
5090,230---,1100,1,193.39,2025-07-04
5091,390,264,2,None??,2025-07-04
5092,294,2634,3,739.48,2025-07-04
5093,329,1110,2,,2025-07-04
5094,227,961,3,309.72,2025-07-04
5095,253,1999,2,550.0,2025-07-04
5096,297,2749,1,745.77,2025-07-04
5097,348,1675,,393.07,2025-07-04
5098,117,70,5,232.36,2025-07-04
5099,237,2940,1,57.57??,2025-07-04
5100,445,1170,1,365.38,2025-07-04
5101,254,1452,1,935.96,2025-07-04
5102,87,1279,2,379.38---,2025-07-04
5103,438,1937,4,825.65,2025-07-04
5104,303,1099,2,261.07,2025-07-04
5105,195,1079,5,410.16,2025-07-04
5106,411,679,1,,2025-07-04
5107,458,2341??,3,912.05---,2025-07-04
5108,411,436---,1,128.07,2025-07-04
5109,,1537,2,694.13,2025-07-04
5110,370,1401 ,5,604.48,2025-07-04
5111,375---,687,1,360.24,2025-07-04
5112,317,150 ,2,432.9,2025-07-04
5113,181,2669,2,508.98,2025-07-04
5114,1,1491,1---,715.23,2025-07-04
5115,141,1470,4,602.55,2025-07-04
5116,44,612,1,460.78,2025-07-04
5117,497,253,1,513.71,2025-07-04
5118,107,137,5,,2025-07-04
5119,145,2885,2,349.01,2025-07-04
5120,448,725,5,459.14,2025-07-04
5121,313,238,3,256.73,2025-07-04
5122,69,1873,5,373.1,2025-07-04
5123,372,1973,3,616.97,2025-07-04
5124,464,1575,1,,2025-07-04
5125,466,712,1,760.02,2025-07-04
5126,82 ,486,1,535.76,2025-07-04
5127,492,2821,1,847.03,2025-07-04
5128,153,35,3,118.03,2025-07-04
5129,336,,1,914.9,2025-07-04
5130,287??,,2,365.42,2025-07-04
5131,407,1529,1,323.97,2025-07-04
5132,384,1926,1,855.34,2025-07-04
5133,262,2198,3,75.74,2025-07-04
5134,15,2002,1,815.2,2025-07-04
5135,355,1198,2,336.39,2025-07-04
5136,8,2949,4,335.13,2025-07-04
5137,86,666 ,2,903.56,2025-07-04
5138,420,2928,4,694.13??,2025-07-04
5139,3,1171,3,311.35---,2025-07-04
5140,384,2106,1,855.34,2025-07-04
5141,100,1566,5,,2025-07-04
5142,103,,1,399.04,2025-07-04
5143,241,622,2,,2025-07-04
5144,440??,822,1,,2025-07-04
5145,374,1074,20,711.19,2025-07-04
5146,367,18,3 ,503.81,2025-07-04
5147,495,1208,2,533.13,2025-07-04
5148,379,1259,3,614.34,2025-07-04
5149,145,1891,,349.01,2025-07-04
5150,334,2051,1,202.93,2025-07-04
5151,202,1437,,480.12,2025-07-05
5152,282,51,2,514.12,2025-07-05
5153,235,1601,2,475.17 ,2025-07-05
5154,140,2103,1,822.22,2025-07-05
5155,317,210,5,432.9,2025-07-05
5156,203,1233,10,897.73,2025-07-05
5157,254,2533,1,935.96,2025-07-05
5158,30,720,1??,334.63,2025-07-05
5159,348,2170,3,393.07,2025-07-05
5160,325,1617,5,661.39 ,2025-07-05
5161,415,1824,2 ,,2025-07-05
5162,136,574,1,787.54,2025-07-05
5163,100,2319,4,,2025-07-05
5164,14,554,3,546.15,2025-07-05
5165,7,2624---,2,378.16,2025-07-05
5166,94,2905,4,996.96,2025-07-05
5167,333,818,1,418.84,2025-07-05
5168,390,614,1,,2025-07-05
5169,363,2282,5,92.9,2025-07-05
5170,435,1881,1,972.91,2025-07-05
5171,193,1188,3,217.33,2025-07-05
5172,394,2382,3,554.78,2025-07-05
5173,,765,3,399.02,2025-07-05
5174,366,739,1,773.63,2025-07-05
5175,244,1571 ,1,951.6,2025-07-05
5176,206,2873,1,401.24,2025-07-05
5177,371,1262,1,348.36,2025-07-05
5178,439,666,2,884.89,2025-07-05
5179,347,1369,1,280.08,2025-07-05
5180,52,1731,5,782.67,2025-07-05
5181,169,2238,1,257.94,2025-07-05
5182,361,1258,5,319.21,2025-07-05
5183,70,1725,3,624.95,2025-07-05
5184,185,754,4,542.3,2025-07-05
5185,,2742,3,336.23,2025-07-05
5186,496,2457,1,660.1,2025-07-05
5187,56,2207,1,336.23,2025-07-05
5188,309,,1,645.12,2025-07-05
5189,267,182,2,839.54,2025-07-05
5190,317,717,2,432.9,2025-07-05
5191,185,2786,4,542.3,2025-07-05
5192,486,,1,860.43,2025-07-05
5193,220,666,2,222.79,2025-07-05
5194,294,481,4,739.48??,2025-07-05
5195,163,1172,2,435.68,2025-07-05
5196,,1986,4,810.58,2025-07-05
5197,484,2038,3,816.36,2025-07-05
5198,,,1,,2025-07-05
5199,43,1317??,,152.82,2025-07-05
5200,284,2973,2,,2025-07-05
5201,145??,412,1,349.01,2025-07-05
5202,401,1390,1,457.8,2025-07-05
5203,143,2815,2,181.27,2025-07-05
5204,,1246 ,3,825.65,2025-07-05
5205,98,1193,5,332.9,2025-07-05
5206,152,1253,1,,2025-07-05
5207,95,2570,2,1027.63,2025-07-05
5208,59,598,4,474.39,2025-07-05
5209,193---,1752,3,,2025-07-05
5210,,1686 ,2??,386.0,2025-07-05
5211,355,730,2,336.39,2025-07-05
5212,162,1725---,2,669.67,2025-07-05
5213,188,2119,2,908.84,2025-07-05
5214,221,2820,2,981.95,2025-07-05
5215,134,,3,,2025-07-05
5216,48,1441,2,,2025-07-05
5217,,1218,4??,468.72,2025-07-05
5218,232,1068,1,860.62??,2025-07-05
5219,74,2331,,1024.02,2025-07-05
5220,286,660,3??,775.93,2025-07-05
5221,7,16,5,378.16,2025-07-05
5222,55,903,10,182.86,2025-07-05
5223,184,2187,1,707.97,2025-07-05
5224,266,2884,2,401.69 ,2025-07-05
5225,380,2035,2,728.24,2025-07-05
5226,421,53,2,618.46,2025-07-05
5227,182,1155,20,378.55,2025-07-05
5228,376,2014,1,884.87,2025-07-05
5229,,1634,1,191.16,2025-07-05
5230,82,2770,2 ,535.76,2025-07-05
5231,,688,2,1007.57??,2025-07-05
5232,210,649,4,928.31,2025-07-05
5233,26,587,5,,2025-07-05
5234,186,722,4,873.65,2025-07-05
5235,412,1124,1,628.74,2025-07-05
5236,418,690,1,394.38,2025-07-05
5237,133,1763,5,572.29,2025-07-05
5238,357,2096,2,159.21,2025-07-05
5239,327,2492 ,2,,2025-07-05
5240,,686,1,262.7---,2025-07-05
5241,291,2560,2,722.08,2025-07-05
5242,140,1856,,822.22,2025-07-05
5243,91,889,5,230.02,2025-07-05
5244,221,731,1,981.95,2025-07-05
5245,440,2559,1,,2025-07-05
5246,,2351---,1,589.26,2025-07-05
5247,471,1397,3,766.82,2025-07-05
5248,167,818,,321.07,2025-07-05
5249,113 ,154,5,159.84,2025-07-05
5250,406,176,3,532.33,2025-07-05
5251,348,540,1,393.07,2025-07-05
5252,145,1762,20,349.01,2025-07-05
5253,311,2543,4,713.33,2025-07-05
5254,216,228 ,1,465.22,2025-07-05
5255,164,780??,1,,2025-07-05
5256,215,108,2,498.59,2025-07-05
5257,353,1465,10,709.75,2025-07-05
5258,479,1703,1,361.65,2025-07-05
5259,374,1754,1,711.19,2025-07-05
5260,289,99,1,,2025-07-05
5261,114,,3,583.63,2025-07-05
5262,45,786,1,,2025-07-06
5263,313,2056,10,256.73,2025-07-06
5264,276,1458,10,404.73,2025-07-06
5265,439,1044,1,884.89,2025-07-06
5266,197,78,3,570.36,2025-07-06
5267,325,2802,,661.39,2025-07-06
5268,8,,3,335.13,2025-07-06
5269,190,2013,4,,2025-07-06
5270,151,,3 ,603.39??,2025-07-06
5271,35,2123,3,198.91,2025-07-06
5272,93,1731??,3,,2025-07-06
5273,272,1191,2,196.75,2025-07-06
5274,157,621,3,,2025-07-06
5275,124,1308,1,887.58,2025-07-06
5276,226,1593,2,209.79,2025-07-06
5277,186,,1,873.65,2025-07-06
5278,9,,4,606.63,2025-07-06
5279,221,,2??,981.95,2025-07-06
5280,109,1826,2 ,731.8,2025-07-06
5281,232,339,1,,2025-07-06
5282,,1246,1,373.76 ,2025-07-06
5283,22,1439,1,85.88,2025-07-06
5284,10,2210,4,,2025-07-06
5285,105,2463,2,589.73,2025-07-06
5286,415,2066,2,649.87,2025-07-06
5287,149,354,2,487.7,2025-07-06
5288,227,793,2,309.72,2025-07-06
5289,311,2521,1,713.33,2025-07-06
5290,349,2067,1,464.38??,2025-07-06
5291,10,2867 ,,173.6,2025-07-06
5292,393,,3,704.08,2025-07-06
5293,,2780,1,559.88??,2025-07-06
5294,343,2454,5,806.55,2025-07-06
5295,343,2751,1,806.55,2025-07-06
5296,112,946,3 ,110.65,2025-07-06
5297,204,106,4,,2025-07-06
5298,,1035,3,514.12,2025-07-06
5299,434,2560,,911.31,2025-07-06
5300,354,46,2,520.29,2025-07-06
5301,20,2890,3---,100.09,2025-07-06
5302,157,2958??,2,290.7,2025-07-06
5303,,764,1,860.43,2025-07-06
5304,370---,2815,5,604.48,2025-07-06
5305,160,1776,1,924.03,2025-07-06
5306,347,2436,5,280.08,2025-07-06
5307,367,314,2,503.81,2025-07-06
5308,128,1460??,5,816.32,2025-07-06
5309,231,2477,3,585.37,2025-07-06
5310,423,2744,5,712.19,2025-07-06
5311,156,378,3,399.02,2025-07-06
5312,433,1454,1 ,494.44,2025-07-06
5313,236,2775,3,589.35,2025-07-06
5314,257,2543,,528.85,2025-07-06
5315,432,1656??,1,398.64,2025-07-06
5316,290,2669,1,774.21,2025-07-06
5317,433 ,1649,1,494.44,2025-07-06
5318,228,262,1,496.54,2025-07-06
5319,343,2861,1??,806.55,2025-07-06
5320,476,155,1,234.47,2025-07-06
5321,407,1841,3,323.97,2025-07-06
5322,384,1725,2,855.34,2025-07-06
5323,64,1375,10,149.34,2025-07-06
5324,168,1229,,79.14,2025-07-06
5325,132,140,4,240.09??,2025-07-06
5326,316,1940,4,466.97,2025-07-06
5327,164,1904,2,373.42??,2025-07-06
5328,181,2030,4 ,508.98,2025-07-06
5329,59??,418,4??,474.39---,2025-07-06
5330,275,1906,4,270.69,2025-07-06
5331,489,1583,1,334.81,2025-07-06
5332,175,1017,4,842.59,2025-07-06
5333,240,2573,2,841.37,2025-07-06
5334,235---,1075,5 ,475.17 ,2025-07-06
5335,373,485 ,20,186.09,2025-07-06
5336,299,1228,2,840.59,2025-07-06
5337,380,535---,2,,2025-07-06
5338,283,1639,2,363.65,2025-07-06
5339,59,1314,1,474.39,2025-07-06
5340,263,581,3,541.16,2025-07-06
5341,133,480,3,572.29??,2025-07-06
5342,183,541,1,386.71,2025-07-06
5343,309,2038,3,645.12,2025-07-06
5344,376,980,1,884.87---,2025-07-06
5345,300,2857,4,783.08---,2025-07-06
5346,216,1856,3,465.22,2025-07-06
5347,,1206,10,467.1,2025-07-06
5348,434,1391,5,911.31,2025-07-06
5349,293,432,20,619.01,2025-07-06
5350,368,607,20,614.3,2025-07-06
5351,386,1367,2,919.81 ,2025-07-06
5352,82,767,1,535.76,2025-07-06
5353,,2311,2,284.23,2025-07-06
5354,146,2561,3,266.77,2025-07-06
5355,365,2970,,776.68,2025-07-06
5356,325,2446,5,661.39,2025-07-06
5357,51,279,1,79.43,2025-07-06
5358,421,1748,1,618.46,2025-07-06
5359,465 ,1366,2,,2025-07-06
5360,305,2106,2,398.85,2025-07-06
5361,18,1067---,1,467.06 ,2025-07-06
5362,432,2422,2,398.64,2025-07-06
5363,127,1228,1,190.88,2025-07-06
5364,25,2813,1,357.09,2025-07-06
5365,61,1160,4,116.62,2025-07-06
5366,487,187,2---,237.09,2025-07-06
5367,77,656,2,975.6,2025-07-06
5368,44,2630---,5,460.78,2025-07-06
5369,,929,4,100.09,2025-07-06
5370,309,2610,2,,2025-07-06
5371,132,2478,2,240.09??,2025-07-06
5372,275,224,1,270.69,2025-07-06
5373,69,2195,1,373.1,2025-07-07
5374,16,2207,4,376.78,2025-07-07
5375,309,477,3,645.12,2025-07-07
5376,346,756,20,555.77,2025-07-07
5377,41,1311,5,120.07,2025-07-07
5378,442,445,1,914.26,2025-07-07
5379,411,1341---,3---,128.07,2025-07-07
5380,331---,1335,2,468.72,2025-07-07
5381,101,958,5,76.75,2025-07-07
5382,38,1576,2,,2025-07-07
5383,239,,3,311.41,2025-07-07
5384,335,1402,1,242.79,2025-07-07
5385,85,1976,10,181.5,2025-07-07
5386,268,399,1,,2025-07-07
5387,290,434,3,774.21,2025-07-07
5388,38,801,1,147.85,2025-07-07
5389,52,465,3,,2025-07-07
5390,415,86,1,649.87,2025-07-07
5391,264,2822,,758.53,2025-07-07
5392,117,,3,232.36,2025-07-07
5393,454,2631,1,690.74,2025-07-07
5394,481,2455,3 ,479.02,2025-07-07
5395,251,37,4,511.82,2025-07-07
5396,486,,1,860.43,2025-07-07
5397,500,1114,1,932.15,2025-07-07
5398,432,1628,4,398.64,2025-07-07
5399,112,2271,1,110.65,2025-07-07
5400,346,71,1,555.77,2025-07-07
5401,10,1098 ,3,173.6,2025-07-07
5402,482,492,1---,411.28,2025-07-07
5403,81,1446,2,427.72,2025-07-07
5404,420,2265,1,694.13,2025-07-07
5405,181,2873,2,508.98,2025-07-07
5406,453,,4,,2025-07-07
5407,205??,614,2,589.26,2025-07-07
5408,462,2387,2,754.85,2025-07-07
5409,176,505---,20---,475.79,2025-07-07
5410,248??,577??,1,452.25,2025-07-07
5411,326,1912---,2,648.98,2025-07-07
5412,326,72,5,648.98,2025-07-07
5413,332,2042,1---,104.65,2025-07-07
5414,181,2785,2,508.98,2025-07-07
5415,179,2052,1,355.87,2025-07-07
5416,22,2871,2,85.88,2025-07-07
5417,474,1377,3,,2025-07-07
5418,181,2769,1,508.98,2025-07-07
5419,385,1302 ,3,509.11,2025-07-07
5420,220,1252 ,2,222.79,2025-07-07
5421,204,2219,3,,2025-07-07
5422,474,1156,2??,,2025-07-07
5423,461,547,3,292.66,2025-07-07
5424,248,2564,1,452.25,2025-07-07
5425,94,540,4,996.96,2025-07-07
5426,259,2246,5,89.55,2025-07-07
5427,56,841??,4,336.23??,2025-07-07
5428,152,2249,4,,2025-07-07
5429,189,1492,1,1027.84,2025-07-07
5430,218,2620??,3,736.29,2025-07-07
5431,205,1083,4,589.26,2025-07-07
5432,212,885,2,952.19,2025-07-07
5433,326,2467,2,648.98,2025-07-07
5434,379,255,5,614.34,2025-07-07
5435,377,2576,2,588.92,2025-07-07
5436,356,115,2,511.55,2025-07-07
5437,191,194,2,493.52,2025-07-07
5438,318,580,3,311.94,2025-07-07
5439,88,2588,1,211.51,2025-07-07
5440,251,2086,,511.82,2025-07-07
5441,143,847,2,181.27,2025-07-07
5442,280,2701,5,234.31??,2025-07-07
5443,115,2446,1,971.71---,2025-07-07
5444,118,1030,1,737.58,2025-07-07
5445,436,2654,20,544.14 ,2025-07-07
5446,297,1023,1,745.77,2025-07-07
5447,356,1687,1,511.55,2025-07-07
5448,30,,1,334.63,2025-07-07
5449,358,486,1,186.46,2025-07-07
5450,234,1569,1,604.44,2025-07-07
5451,398,1828,2,229.92,2025-07-07
5452,328,1952,3,413.2,2025-07-07
5453,197,1810,1---,,2025-07-07
5454,198,1002,2,213.46,2025-07-07
5455,181,2874,2,508.98,2025-07-07
5456,107,2735,1,585.54??,2025-07-07
5457,211??,834,4,,2025-07-07
5458,208,1714,1,529.71??,2025-07-07
5459,290,1494,2,774.21,2025-07-07
5460,438,2214,2,825.65,2025-07-07
5461,32,1855,5,478.74,2025-07-07
5462,70,1729,4,624.95,2025-07-07
5463,31,2703,1,79.99,2025-07-07
5464,59,422,4,474.39,2025-07-07
5465,122,1340,1,392.48,2025-07-07
5466,321,1782,2,200.36,2025-07-07
5467,132,903,5,240.09??,2025-07-07
5468,63,1846,2,,2025-07-07
5469,,28,1,537.53,2025-07-07
5470,455,272,4??,167.11,2025-07-07
5471,296,415 ,5,871.21,2025-07-07
5472,415,958,1,649.87 ,2025-07-07
5473,292,782,1,160.65,2025-07-07
5474,172,2193,1,927.62,2025-07-07
5475,414,,1,245.35,2025-07-07
5476,370,127,4,604.48,2025-07-07
5477,201,1513,1,199.44,2025-07-07
5478,185,889,3,542.3,2025-07-07
5479,280,2969---,4,234.31??,2025-07-07
5480,394,1425,3,554.78,2025-07-07
5481,447,626,2??,,2025-07-07
5482,91,2717,2,230.02,2025-07-07
5483,357,708,4,159.21,2025-07-07
5484,231,2264,1,585.37,2025-07-08
5485,354,2984,1,520.29,2025-07-08
5486,403,2970,2,426.25,2025-07-08
5487,,2747,1,871.21,2025-07-08
5488,371,41,2,348.36,2025-07-08
5489,438,456,2,825.65,2025-07-08
5490,295,2998,5,368.63,2025-07-08
5491,317,2226,1,432.9,2025-07-08
5492,160,1414,5,924.03,2025-07-08
5493,194,830,1,154.3,2025-07-08
5494,253,,1,550.0,2025-07-08
5495,349,1628,3,464.38,2025-07-08
5496,232,30,1,860.62??,2025-07-08
5497,287,2800,10,365.42,2025-07-08
5498,303,253,4,261.07,2025-07-08
5499,204,1915,5,None ,2025-07-08
5500,,302,2,79.43,2025-07-08
5501,479,,1,361.65,2025-07-08
5502,387,1662 ,4,680.0,2025-07-08
5503,486,7,2,860.43,2025-07-08
5504,140,183,2,822.22,2025-07-08
5505,423,752,3,712.19,2025-07-08
5506,482,1858,1,411.28,2025-07-08
5507,23,910,1,719.34,2025-07-08
5508,328,2170,1,413.2,2025-07-08
5509,,496,3,872.08,2025-07-08
5510,105,,2,,2025-07-08
5511,162 ,1126,5,669.67,2025-07-08
5512,33,1345,4,153.28,2025-07-08
5513,468,2321,4 ,388.65,2025-07-08
5514,276,1940,2,,2025-07-08
5515,,2762,3,648.98,2025-07-08
5516,254,,,935.96,2025-07-08
5517,267,1741,,839.54,2025-07-08
5518,59,,1,474.39,2025-07-08
5519,358,49,5,186.46,2025-07-08
5520,253,160,1,550.0,2025-07-08
5521,61,957,1,116.62,2025-07-08
5522,217??,1091---,5,710.49,2025-07-08
5523,334,2669,2,202.93,2025-07-08
5524,411,1037,2,128.07,2025-07-08
5525,305,1856??,3,398.85,2025-07-08
5526,44,135,2,460.78,2025-07-08
5527,399,2560,4,773.65,2025-07-08
5528,123,1650,1,365.2,2025-07-08
5529,194,1637,1,154.3,2025-07-08
5530,274,613,1,186.15,2025-07-08
5531,176,2907---,5,475.79---,2025-07-08
5532,75,2585 ,2,899.45,2025-07-08
5533,350,1774,1,659.64,2025-07-08
5534,224,1888,2,835.41,2025-07-08
5535,495,2488,1 ,533.13,2025-07-08
5536,490,1441,2,,2025-07-08
5537,250,1248,20,119.79,2025-07-08
5538,189,394??,10---,1027.84,2025-07-08
5539,,1245,,,2025-07-08
5540,,1559 ,1,1036.18,2025-07-08
5541,218,2319,10,736.29,2025-07-08
5542,19,2962,5,386.73,2025-07-08
5543,48,2978,,,2025-07-08
5544,441---,2591,4,773.78,2025-07-08
5545,,2145,1,332.9,2025-07-08
5546,445,375,10,365.38,2025-07-08
5547,495,274,1,533.13,2025-07-08
5548,352 ,753,3,638.9,2025-07-08
5549,499??,2750,2,1011.56,2025-07-08
5550,492,757,1,847.03,2025-07-08
5551,121,1465,,653.67,2025-07-08
5552,379,9,1,614.34,2025-07-08
5553,167,2897,2,321.07,2025-07-08
5554,,1898,3 ,427.72,2025-07-08
5555,6,1661,3,284.23,2025-07-08
5556,147,2792,5,755.36,2025-07-08
5557,15,1999,4,815.2,2025-07-08
5558,59,448,4,474.39,2025-07-08
5559,196,1230,,806.34,2025-07-08
5560,270,730,1,298.5,2025-07-08
5561,292,1590,3,160.65,2025-07-08
5562,162,1912,4,669.67,2025-07-08
5563,49,2332,1,None??,2025-07-08
5564,192,31,1,595.75,2025-07-08
5565,460,2724,1??,895.71,2025-07-08
5566,300,1836,2,783.08---,2025-07-08
5567,447,537,1,,2025-07-08
5568,234,607,,604.44,2025-07-08
5569,278,895,1,349.92,2025-07-08
5570,249,1907,1,386.0,2025-07-08
5571,338,258,4,187.05,2025-07-08
5572,458,2274,2,912.05---,2025-07-08
5573,406,1009,4,532.33,2025-07-08
5574,227,2483,5,309.72,2025-07-08
5575,151,2188,1,,2025-07-08
5576,125,1213,1,186.6,2025-07-08
5577,228,1959,10,496.54,2025-07-08
5578,196,2739,1??,806.34,2025-07-08
5579,123,606,1,,2025-07-08
5580,293,2877,1---,619.01---,2025-07-08
5581,470,2199,2,998.68,2025-07-08
5582,263,2506,3,,2025-07-08
5583,254,1890,5,935.96,2025-07-08
5584,278,970,1,349.92,2025-07-08
5585,27,595,1,463.93,2025-07-08
5586,253,1911,2,550.0,2025-07-08
5587,461,2389,1,292.66,2025-07-08
5588,341,182,2,389.03,2025-07-08
5589,,2401,3,186.79,2025-07-08
5590,60,881,1,606.21,2025-07-08
5591,120---,174,1,,2025-07-08
5592,480,2955,1,702.9,2025-07-08
5593,8,2728,10,335.13,2025-07-08
5594,185,506,2,542.3,2025-07-08
5595,322,444,,253.21,2025-07-09
5596,28,1778,1,699.64,2025-07-09
5597,329,2083,5,589.72,2025-07-09
5598,413,2245,3,488.56,2025-07-09
5599,214,1046,1,225.33,2025-07-09
5600,381,1253,2,65.2,2025-07-09
5601,346,1304,2,555.77,2025-07-09
5602,384,2143,1,855.34,2025-07-09
5603,198,1320,3,213.46,2025-07-09
5604,10,1290,,173.6,2025-07-09
5605,163,2054,2,,2025-07-09
5606,384,728,1,,2025-07-09
5607,445,2680,1,365.38,2025-07-09
5608,397,774??,1,637.91,2025-07-09
5609,254 ,1671,5,935.96,2025-07-09
5610,480,2350,1,702.9,2025-07-09
5611,419,,2,138.89,2025-07-09
5612,331,745,1,468.72,2025-07-09
5613,144,641,4,699.06,2025-07-09
5614,273??,2765,1,84.32,2025-07-09
5615,217,2659,2,710.49,2025-07-09
5616,51,2524,1,79.43,2025-07-09
5617,443,2206,3,933.58,2025-07-09
5618,366,2678,5---,773.63,2025-07-09
5619,287---,626,1,365.42,2025-07-09
5620,333,1540,3,418.84---,2025-07-09
5621,131,,1,554.81,2025-07-09
5622,64,,2,149.34,2025-07-09
5623,,752 ,1,710.49,2025-07-09
5624,469,2677,10,953.09,2025-07-09
5625,165,2946---,2,,2025-07-09
5626,,239,2,690.64,2025-07-09
5627,393,2073,2,704.08,2025-07-09
5628,80,436,2,402.48,2025-07-09
5629,80,542,2,402.48,2025-07-09
5630,133,331,5,572.29,2025-07-09
5631,207,511,1,771.97---,2025-07-09
5632,312,2840,3,692.62,2025-07-09
5633,354,1897,5,520.29,2025-07-09
5634,342,2901,20,882.83,2025-07-09
5635,,2031,2,550.0,2025-07-09
5636,,1617,2,323.97,2025-07-09
5637,173,600,4,722.69,2025-07-09
5638,346,1408,1,555.77,2025-07-09
5639,337,2343,3,600.31,2025-07-09
5640,430,1500,3,815.38,2025-07-09
5641,79,1148,,567.8,2025-07-09
5642,294,2233,4,739.48,2025-07-09
5643,497,,3??,513.71,2025-07-09
5644,406,1862,3,532.33,2025-07-09
5645,47,417,1??,979.1,2025-07-09
5646,114,1488,2,583.63,2025-07-09
5647,34,142,1 ,378.62,2025-07-09
5648,69,1240,2,373.1,2025-07-09
5649,111,822,4,629.21,2025-07-09
5650,417,1355,5,195.05,2025-07-09
5651,326,2348,,648.98,2025-07-09
5652,202,345,1,480.12,2025-07-09
5653,314,1586,20,785.07,2025-07-09
5654,63,1849,,,2025-07-09
5655,178,1714,1,934.32---,2025-07-09
5656,189,2654,1,1027.84,2025-07-09
5657,88,2612 ,10,211.51,2025-07-09
5658,425,1636,1,99.98??,2025-07-09
5659,362,1204---,1,763.92,2025-07-09
5660,317,1661,,432.9,2025-07-09
5661,448,2784,2,459.14,2025-07-09
5662,312,551,2,692.62,2025-07-09
5663,274,905,3,186.15,2025-07-09
5664,231,2345,2,585.37,2025-07-09
5665,61??,1880,1,116.62,2025-07-09
5666,198,2176,3,213.46,2025-07-09
5667,,2382,2,,2025-07-09
5668,368,26,2,614.3,2025-07-09
5669,155,1645,2,657.22??,2025-07-09
5670,77,,2,975.6,2025-07-09
5671,4,64??,1,587.27,2025-07-09
5672,429,1858,4,299.59,2025-07-09
5673,58,685,2,994.69,2025-07-09
5674,2---,264,3,566.23,2025-07-09
5675,494,371,1,510.63,2025-07-09
5676,21,285,5,374.08,2025-07-09
5677,139,1523,1,868.35,2025-07-09
5678,232,2598,1,860.62??,2025-07-09
5679,490,553,1 ,,2025-07-09
5680,262,2042,,75.74,2025-07-09
5681,30,1102 ,2,334.63,2025-07-09
5682,206,141,2,401.24,2025-07-09
5683,380,,2,728.24,2025-07-09
5684,235,2014,10,475.17,2025-07-09
5685,358,1148,1??,186.46,2025-07-09
5686,77,26,2,975.6,2025-07-09
5687,182,458,1,378.55,2025-07-09
5688,103,446,2??,399.04,2025-07-09
5689,352,2423,1,638.9,2025-07-09
5690,311,1296,1,713.33,2025-07-09
5691,449,2729,1,944.0,2025-07-09
5692,238,2668,1,875.47,2025-07-09
5693,382,2610,3,427.52,2025-07-09
5694,,2804,5,386.73,2025-07-09
5695,222,1171,2,681.73,2025-07-09
5696,454,1432??,3,690.74,2025-07-09
5697,117,994,2,232.36,2025-07-09
5698,460,2253,1,895.71,2025-07-09
5699,119,223,4,1025.32,2025-07-09
5700,216,921,1,465.22 ,2025-07-09
5701,387,340,2,680.0,2025-07-09
5702,437,2709,3,873.74,2025-07-09
5703,201,2445,1,199.44,2025-07-09
5704,,2927,20,806.55,2025-07-09
5705,14,1059,3---,546.15,2025-07-09
5706,203,136,3,,2025-07-09
5707,449,1505,1,944.0,2025-07-10
5708,223,392,4,679.14,2025-07-10
5709,,1931,1,281.83,2025-07-10
5710,285,2785,2,535.38,2025-07-10
5711,339,1199,,910.33,2025-07-10
5712,5,2530,2,,2025-07-10
5713,161,2,1,480.94,2025-07-10
5714,370 ,196,5,604.48,2025-07-10
5715,77,856,3,975.6,2025-07-10
5716,27,669,1 ,463.93,2025-07-10
5717,195,1758,1,410.16,2025-07-10
5718,206,1489,,401.24,2025-07-10
5719,66,765,5 ,604.37,2025-07-10
5720,469,2855,20,953.09,2025-07-10
5721,113,2332,2,159.84,2025-07-10
5722,497,1788,5,513.71,2025-07-10
5723,124,1255,2 ,887.58 ,2025-07-10
5724,75,2984,5,899.45,2025-07-10
5725,393,2249,4,704.08,2025-07-10
5726,204,2608,1,,2025-07-10
5727,410,1668,1,81.87,2025-07-10
5728,467,,5,943.44,2025-07-10
5729,162,206,3,669.67,2025-07-10
5730,79,1842,2,567.8,2025-07-10
5731,170,1042,1,700.59,2025-07-10
5732,110,2658,1 ,,2025-07-10
5733,466,33,10,760.02,2025-07-10
5734,390,1522,4,,2025-07-10
5735,58,2178,2,994.69,2025-07-10
5736,362,2711,3,763.92,2025-07-10
5737,345,556,10,838.18,2025-07-10
5738,247,2263,1,,2025-07-10
5739,66,1140,4,604.37,2025-07-10
5740,364,504,,531.62,2025-07-10
5741,306,2309,1,132.33,2025-07-10
5742,334,847,4,202.93,2025-07-10
5743,56,,3---,336.23,2025-07-10
5744,44,2180,2,460.78,2025-07-10
5745,64??,2586,5,,2025-07-10
5746,63,2335,1,None ,2025-07-10
5747,53,1474,3,552.85,2025-07-10
5748,307,524,2,432.28,2025-07-10
5749,440,2035,1,,2025-07-10
5750,309,121,1,645.12,2025-07-10
5751,448,41,3,459.14,2025-07-10
5752,337,2290,4 ,600.31,2025-07-10
5753,144,582,5,699.06,2025-07-10
5754,115,2880??,3,971.71---,2025-07-10
5755,120,1480,1,,2025-07-10
5756,33,2728,5,153.28,2025-07-10
5757,79,2974,2,567.8,2025-07-10
5758,85,278,3,181.5,2025-07-10
5759,211,969,3,527.98,2025-07-10
5760,74,2106,4,1024.02,2025-07-10
5761,282,2639,1,514.12,2025-07-10
5762,380,1491,3,728.24,2025-07-10
5763,465,1036,2,441.81 ,2025-07-10
5764,13,226,1,548.34,2025-07-10
5765,88,2707,5,211.51,2025-07-10
5766,276,2344,3,404.73,2025-07-10
5767,497,2004,3,513.71,2025-07-10
5768,,2515,1??,,2025-07-10
5769,196,754,2??,806.34,2025-07-10
5770,445,2931,2,365.38,2025-07-10
5771,492,2457,2,847.03,2025-07-10
5772,312,1836,3,692.62,2025-07-10
5773,102,2816,3,873.82,2025-07-10
5774,182,646,1,378.55,2025-07-10
5775,483,2094,1,259.65,2025-07-10
5776,41,2497,3---,120.07,2025-07-10
5777,84,1799,2,468.69,2025-07-10
5778,188,1137,1??,908.84,2025-07-10
5779,474,115,5,,2025-07-10
5780,306,2627,,132.33,2025-07-10
5781,450,,1??,325.2,2025-07-10
5782,397,2854,1??,637.91,2025-07-10
5783,276,1469,2,404.73,2025-07-10
5784,161,,2,480.94,2025-07-10
5785,135,2540,2,1010.19,2025-07-10
5786,407,2057,20,323.97,2025-07-10
5787,133,1938,2,572.29,2025-07-10
5788,71,966,4,116.08,2025-07-10
5789,319,2727,,690.64,2025-07-10
5790,420,,1,694.13??,2025-07-10
5791,80 ,1988,1,402.48,2025-07-10
5792,397,1927,1,637.91---,2025-07-10
5793,426---,338,2,904.53,2025-07-10
5794,290,1812,1??,774.21,2025-07-10
5795,272,583,4,196.75---,2025-07-10
5796,115,2135,2,971.71---,2025-07-10
5797,132---,1721,1,240.09??,2025-07-10
5798,41,2042,2,120.07,2025-07-10
5799,117,209??,1,232.36,2025-07-10
5800,427,2776,5,522.79,2025-07-10
5801,384,294,4,855.34,2025-07-10
5802,172,1128,5,927.62,2025-07-10
5803,314??,736,1,785.07??,2025-07-10
5804,325,2012,1,661.39,2025-07-10
5805,44,1576,3,460.78,2025-07-10
5806,455,186,3,167.11,2025-07-10
5807,282,2457,3,,2025-07-10
5808,231,2882??,1,585.37,2025-07-10
5809,195,1320,3,410.16,2025-07-10
5810,459---,2168,1,621.08,2025-07-10
5811,466,1138,1??,760.02,2025-07-10
5812,464,16,,967.59,2025-07-10
5813,434,896,2,911.31,2025-07-10
5814,214,2461,2,225.33,2025-07-10
5815,251,1983,1,511.82,2025-07-10
5816,360,2926,4,315.18,2025-07-10
5817,113,2800,1,159.84,2025-07-10
5818,205,1443,5,589.26,2025-07-11
5819,229,1927,3,657.87,2025-07-11
5820,107,1025,2,,2025-07-11
5821,125,2667,1,186.6,2025-07-11
5822,86,516,4,903.56,2025-07-11
5823,166,2272,3,906.51,2025-07-11
5824,302,1326,1,467.1,2025-07-11
5825,129,2931,1,392.23,2025-07-11
5826,432,2690,1,398.64,2025-07-11
5827,418,158,1,394.38,2025-07-11
5828,,1323,1,763.92,2025-07-11
5829,363,2680,1,92.9,2025-07-11
5830,357,1646,1,159.21,2025-07-11
5831,493,2521,1,103.44??,2025-07-11
5832,316,2208,1,466.97,2025-07-11
5833,26,2737,1,,2025-07-11
5834,,2108,2??,522.79,2025-07-11
5835,341,,1,389.03,2025-07-11
5836,29,1784,2,361.73,2025-07-11
5837,483,909,,259.65,2025-07-11
5838,326,1247,5,648.98,2025-07-11
5839,500,1351,2??,932.15,2025-07-11
5840,443,2814,1,933.58,2025-07-11
5841,169,1528,4,257.94,2025-07-11
5842,350,1482??,1,659.64,2025-07-11
5843,24,275,1,891.92,2025-07-11
5844,93,1196,,,2025-07-11
5845,206,1480,2,401.24,2025-07-11
5846,60,857,3,606.21,2025-07-11
5847,425,730,2,99.98,2025-07-11
5848,137??,1208,1,247.12,2025-07-11
5849,14,1346,4,546.15 ,2025-07-11
5850,349,988,4 ,464.38,2025-07-11
5851,428,2507,2,856.4,2025-07-11
5852,54,242,1,472.78,2025-07-11
5853,303 ,2094,1,261.07,2025-07-11
5854,128,2325,1,816.32,2025-07-11
5855,257,2995,5,528.85,2025-07-11
5856,432,1785,1,398.64,2025-07-11
5857,431,2163,4,272.8,2025-07-11
5858,264,676,4,758.53---,2025-07-11
5859,124,2811,1,887.58,2025-07-11
5860,395,159,1,,2025-07-11
5861,292,2319,1,160.65,2025-07-11
5862,385,2170,1,509.11,2025-07-11
5863,264,806,,758.53,2025-07-11
5864,,851,1 ,75.74,2025-07-11
5865,350---,961,2,659.64,2025-07-11
5866,227,1962,2,309.72,2025-07-11
5867,148,2667,1,,2025-07-11
5868,245,1386,1,676.36,2025-07-11
5869,219,1341,,604.87 ,2025-07-11
5870,371,978,1,348.36,2025-07-11
5871,130,579,1 ,839.05,2025-07-11
5872,71,1102 ,1,116.08,2025-07-11
5873,348,1678,1,393.07,2025-07-11
5874,8,2316,1,335.13??,2025-07-11
5875,276,990,2,,2025-07-11
5876,276,2275??,2,404.73,2025-07-11
5877,337,1163,5,600.31---,2025-07-11
5878,237,,3,57.57??,2025-07-11
5879,,2581,3,645.12,2025-07-11
5880,369,349,2,410.57,2025-07-11
5881,33,1500,1,153.28,2025-07-11
5882,323,970,3,347.62,2025-07-11
5883,,2575,2,399.04,2025-07-11
5884,146,818,2,266.77,2025-07-11
5885,126,1536,4,373.76 ---,2025-07-11
5886,196,2899,3,806.34,2025-07-11
5887,301,1605,1,256.11,2025-07-11
5888,340,1693??,10,575.1---,2025-07-11
5889,193,1362,1,217.33,2025-07-11
5890,171,505,1 ,914.96,2025-07-11
5891,419,2912,1,138.89,2025-07-11
5892,37,2995,1,786.8,2025-07-11
5893,107,2288,,585.54,2025-07-11
5894,493,2916,2,103.44??,2025-07-11
5895,56,1372,1,336.23,2025-07-11
5896,339,2190,2,910.33,2025-07-11
5897,170,1303,1,700.59,2025-07-11
5898,173,345,1,722.69,2025-07-11
5899,486,,1,860.43,2025-07-11
5900,438,2488,1,825.65,2025-07-11
5901,270,1521,1,298.5,2025-07-11
5902,474,176,1,,2025-07-11
5903,441,1943,2,773.78,2025-07-11
5904,335,44,2,242.79,2025-07-11
5905,233,355,10,896.34,2025-07-11
5906,172---,2238,1,,2025-07-11
5907,391,2372,1,537.68,2025-07-11
5908,81,1358,3,427.72,2025-07-11
5909,29,2223,1,361.73,2025-07-11
5910,446,283,2,85.62,2025-07-11
5911,431??,691,2,272.8,2025-07-11
5912,132,1675,3,,2025-07-11
5913,414,2738,1,245.35,2025-07-11
5914,,2821,3,312.04 ,2025-07-11
5915,,2130,1??,944.0,2025-07-11
5916,271,1049,5,590.56,2025-07-11
5917,322,1699,1,253.21,2025-07-11
5918,359,386,10,93.44,2025-07-11
5919,275,2942,3,270.69,2025-07-11
5920,241,944,4,218.0,2025-07-11
5921,360,1433,1,315.18,2025-07-11
5922,235,,1,475.17,2025-07-11
5923,314,818,2,785.07,2025-07-11
5924,318,386,1,311.94,2025-07-11
5925,433,2635,5,494.44,2025-07-11
5926,399,1705,2,773.65,2025-07-11
5927,78,590,3,555.77,2025-07-11
5928,,2872,1??,270.69,2025-07-11
5929,181,2576,5,508.98,2025-07-12
5930,262---,1846,3,75.74,2025-07-12
5931,261,2074,5,982.83,2025-07-12
5932,264 ,2830,2,758.53,2025-07-12
5933,10,2739,4,173.6---,2025-07-12
5934,272,2639,4,196.75,2025-07-12
5935,183,1235,1??,386.71,2025-07-12
5936,229,57,5,657.87,2025-07-12
5937,474,1376,3,,2025-07-12
5938,337,494,3,600.31,2025-07-12
5939,372,,3,616.97,2025-07-12
5940,356,,1,511.55,2025-07-12
5941,297,,1,745.77,2025-07-12
5942,130 ,2524,,839.05,2025-07-12
5943,46,1278,2,745.3,2025-07-12
5944,77,1612,1,975.6,2025-07-12
5945,398,122,2,229.92,2025-07-12
5946,416---,1659,1,227.15,2025-07-12
5947,293,1772,2,619.01,2025-07-12
5948,466 ,1030 ,1,760.02,2025-07-12
5949,352,2853,,638.9,2025-07-12
5950,420,2687,2,,2025-07-12
5951,120,360,20,None---,2025-07-12
5952,188,2146,3,908.84,2025-07-12
5953,102,2173,2,873.82,2025-07-12
5954,349,430,2,464.38,2025-07-12
5955,277,2129,2,840.11,2025-07-12
5956,84,2784,2,468.69,2025-07-12
5957,157,1421,2,290.7,2025-07-12
5958,324,1291---,1,829.29,2025-07-12
5959,252,1588,1,836.52,2025-07-12
5960,469,1472,3,953.09,2025-07-12
5961,159,186,20,237.25,2025-07-12
5962,28,2735,1,699.64,2025-07-12
5963,199,2792,1,559.88,2025-07-12
5964,,2881,4 ,84.32,2025-07-12
5965,274,383,4,186.15,2025-07-12
5966,465,,5,441.81 ,2025-07-12
5967,361,503,,319.21,2025-07-12
5968,168,251,5,79.14,2025-07-12
5969,371,2183,2,348.36,2025-07-12
5970,252,1488,2,836.52,2025-07-12
5971,295,170,1,368.63,2025-07-12
5972,120,2719,1,,2025-07-12
5973,398,2766,1,229.92,2025-07-12
5974,204,1471,1,,2025-07-12
5975,,2719,1,159.84,2025-07-12
5976,375,456,,360.24 ,2025-07-12
5977,129,442,10,392.23,2025-07-12
5978,165,2154,2,709.09,2025-07-12
5979,466,1266,2,760.02,2025-07-12
5980,262,1781,1,75.74,2025-07-12
5981,303,1315,2??,261.07,2025-07-12
5982,15,2189,3,815.2,2025-07-12
5983,186,1385,4,873.65 ,2025-07-12
5984,302,137,1,467.1,2025-07-12
5985,359,2621,2 ,93.44,2025-07-12
5986,,1117,4??,228.38,2025-07-12
5987,230,,2,193.39,2025-07-12
5988,59,2019,3,474.39,2025-07-12
5989,153,1953,2,118.03,2025-07-12
5990,496,2089,1,660.1,2025-07-12
5991,162,,3,669.67,2025-07-12
5992,407,,1,323.97,2025-07-12
5993,300,1339,2,783.08---,2025-07-12
5994,198,2286,10,213.46,2025-07-12
5995,475,1886,5,626.39,2025-07-12
5996,75,43,2,899.45,2025-07-12
5997,438,2519,,825.65,2025-07-12
5998,301,,,256.11,2025-07-12
5999,371,2462,1,348.36,2025-07-12
6000,392,2355,10,,2025-07-12
6001,373,1727,2,186.09,2025-07-12
6002,216,2831,1,465.22,2025-07-12
6003,339,2598??,2,910.33,2025-07-12
6004,28,2041,1,699.64,2025-07-12
6005,373,2972,3,186.09,2025-07-12
6006,30,2680,2,334.63,2025-07-12
6007,16,2383,4,,2025-07-12
6008,,1897,5,508.17,2025-07-12
6009,497,60,2 ,,2025-07-12
6010,257,2319,1,,2025-07-12
6011,365,2293,5,776.68,2025-07-12
6012,476,929,20,234.47,2025-07-12
6013,53,1634,2,552.85,2025-07-12
6014,183,1747,3,386.71,2025-07-12
6015,282,931,1,514.12,2025-07-12
6016,142,2425,1,858.79,2025-07-12
6017,175,408,4,842.59,2025-07-12
6018,491,1661,1,874.7,2025-07-12
6019,391,1031,2,537.68,2025-07-12
6020,64,2705,1,149.34,2025-07-12
6021,426,261,4,904.53 ,2025-07-12
6022,416 ,1787,1,227.15,2025-07-12
6023,61,2247,2,116.62,2025-07-12
6024,239,600,2,311.41,2025-07-12
6025,76,2651,2,157.63,2025-07-12
6026,66,289,,604.37,2025-07-12
6027,350,1320,4,659.64,2025-07-12
6028,161,615,3,480.94,2025-07-12
6029,289 ,1139,5??,,2025-07-12
6030,111,367,4,,2025-07-12
6031,445,2178,1,365.38,2025-07-12
6032,217,301,3??,710.49,2025-07-12
6033,385 ,877,1,509.11,2025-07-12
6034,,165,3,460.78,2025-07-12
6035,286,2844,,775.93,2025-07-12
6036,403,1700,3,426.25,2025-07-12
6037,102,1478,2,873.82,2025-07-12
6038,233,2559,,896.34,2025-07-12
6039,70,916,1,624.95,2025-07-12
6040,291,181,20,722.08,2025-07-13
6041,91,1386??,1,,2025-07-13
6042,247,2372,2,,2025-07-13
6043,309,691,1,,2025-07-13
6044,161,470,,480.94,2025-07-13
6045,460,1019,20,895.71,2025-07-13
6046,164,819,3,373.42??,2025-07-13
6047,37,27,3,786.8,2025-07-13
6048,36,619,5,752.87,2025-07-13
6049,,657,2,908.84---,2025-07-13
6050,382,2382,2,,2025-07-13
6051,423 ,,2,712.19,2025-07-13
6052,,639,1,555.77,2025-07-13
6053,,1865,3,692.62,2025-07-13
6054,354,1550,3,,2025-07-13
6055,428,182,2,856.4,2025-07-13
6056,,226,2,860.43,2025-07-13
6057,126,79 ,,373.76 ,2025-07-13
6058,443,327,3,933.58,2025-07-13
6059,408,1524---,2,643.91,2025-07-13
6060,387---,2931,4,680.0,2025-07-13
6061,290,1481,2,774.21,2025-07-13
6062,496,,2,660.1---,2025-07-13
6063,193,1919,2,,2025-07-13
6064,,1404,2,211.51,2025-07-13
6065,261,1595 ,10,982.83,2025-07-13
6066,127,981??,2,190.88,2025-07-13
6067,464,2628,1,967.59,2025-07-13
6068,253,2797,4,550.0,2025-07-13
6069,120,776,20,,2025-07-13
6070,280,2167,,234.31??,2025-07-13
6071,215,1340,1,498.59,2025-07-13
6072,6,2480,10,284.23,2025-07-13
6073,139,788,4---,868.35,2025-07-13
6074,97,572,,231.74,2025-07-13
6075,288,1857,2,448.78,2025-07-13
6076,358 ,1770??,5,186.46,2025-07-13
6077,321,2162,3,200.36,2025-07-13
6078,306,1934,2---,,2025-07-13
6079,30,719,1,334.63,2025-07-13
6080,228,2024,2,496.54,2025-07-13
6081,50,2509,2,1007.57 ,2025-07-13
6082,51,1944,5,79.43,2025-07-13
6083,157,2949,20,290.7,2025-07-13
6084,438,2059,5,825.65,2025-07-13
6085,433,291,4,494.44,2025-07-13
6086,164,294,3,373.42??,2025-07-13
6087,,,1,1036.18,2025-07-13
6088,337,239,2,600.31,2025-07-13
6089,290,2188??,,774.21,2025-07-13
6090,221,1853,2,981.95,2025-07-13
6091,468,172,5,,2025-07-13
6092,203,2647,,897.73,2025-07-13
6093,485,1775,1??,306.85,2025-07-13
6094,197,1531,4,570.36,2025-07-13
6095,199,2070,1,559.88,2025-07-13
6096,432,1031,2,398.64,2025-07-13
6097,,2244,2,499.35,2025-07-13
6098,25,2355,,357.09,2025-07-13
6099,88,2637,3,211.51,2025-07-13
6100,195??,1351 ,10,410.16,2025-07-13
6101,257,806,1,528.85,2025-07-13
6102,176,876,5,475.79,2025-07-13
6103,8,2784,2,335.13,2025-07-13
6104,328,827,2,413.2,2025-07-13
6105,159,,5,237.25,2025-07-13
6106,161,2480,3,480.94,2025-07-13
6107,427,1033,,522.79,2025-07-13
6108,402,2900,2,851.77,2025-07-13
6109,259,468,1,89.55,2025-07-13
6110,,757,3,775.93,2025-07-13
6111,285,,2,535.38,2025-07-13
6112,162,2850,1,669.67,2025-07-13
6113,306,839,1,132.33,2025-07-13
6114,40,896,1,727.08,2025-07-13
6115,163,1888,1,435.68,2025-07-13
6116,247,2962,5,,2025-07-13
6117,440,122,2,,2025-07-13
6118,173,2586,3,722.69,2025-07-13
6119,146,2793,,266.77,2025-07-13
6120,207,148,1,771.97,2025-07-13
6121,169,2513,2,257.94,2025-07-13
6122,222,1067,3,,2025-07-13
6123,421,2257,20,618.46,2025-07-13
6124,452,1518,1,,2025-07-13
6125,19,404,1,386.73,2025-07-13
6126,322,1773,5,253.21,2025-07-13
6127,395,414,1,167.39??,2025-07-13
6128,384,2621,3,855.34,2025-07-13
6129,276,2690,3,404.73,2025-07-13
6130,207,1020,1,771.97,2025-07-13
6131,497,658,4,513.71,2025-07-13
6132,337,508,,600.31,2025-07-13
6133,487,2801,1,237.09,2025-07-13
6134,98,1119,5,332.9,2025-07-13
6135,489,588,5,,2025-07-13
6136,33,517,2,153.28,2025-07-13
6137,177,1376,1,652.82,2025-07-13
6138,239,2931,1,311.41,2025-07-13
6139,303,2041,1,261.07,2025-07-13
6140,450,136,2,325.2,2025-07-13
6141,122,1624,4,392.48,2025-07-13
6142,32,2873,2,478.74,2025-07-13
6143,371,1169,,348.36,2025-07-13
6144,202,821---,2,480.12,2025-07-13
6145,475,1089,4,626.39,2025-07-13
6146,423,33,1,712.19,2025-07-13
6147,155---,932,5,657.22,2025-07-13
6148,298,982,3,162.53,2025-07-13
6149,246---,465,3,108.35,2025-07-13
6150,39,1720,2,228.38,2025-07-13
6151,358,2695,20,186.46,2025-07-14
6152,320,2847,10,438.03,2025-07-14
6153,265,1509,3---,754.56,2025-07-14
6154,165,2557,10,709.09,2025-07-14
6155,493,2194,3,103.44??,2025-07-14
6156,390,217,1,,2025-07-14
6157,24,2831,1---,891.92,2025-07-14
6158,1,1238,1,715.23,2025-07-14
6159,260,2671,5,517.98 ,2025-07-14
6160,340,1024,2---,575.1------,2025-07-14
6161,478,67,1,537.53,2025-07-14
6162,,,1,719.34,2025-07-14
6163,141,2078 ,2,602.55,2025-07-14
6164,109,1793??,2,731.8,2025-07-14
6165,470,681,1,998.68,2025-07-14
6166,198,2298,1,213.46,2025-07-14
6167,36,1242,,752.87,2025-07-14
6168,201??,605---,2,199.44,2025-07-14
6169,79,1326,10,567.8,2025-07-14
6170,7,1240,1,378.16,2025-07-14
6171,232??,340,4,860.62????,2025-07-14
6172,337,,1,,2025-07-14
6173,418,1004,1,394.38,2025-07-14
6174,325,1644,2,661.39,2025-07-14
6175,314,1620,1,785.07,2025-07-14
6176,137,2598,2,,2025-07-14
6177,14,1616,5,546.15,2025-07-14
6178,57,2454,3,222.83---,2025-07-14
6179,450,33,,,2025-07-14
6180,78,510,2,555.77,2025-07-14
6181,303,2257,1,261.07,2025-07-14
6182,110,72,,704.9??,2025-07-14
6183,382,1172 ,2,427.52,2025-07-14
6184,241,2704,2,218.0??,2025-07-14
6185,188,858,1,908.84,2025-07-14
6186,278,340,20,349.92,2025-07-14
6187,36,416,2,752.87,2025-07-14
6188,13,2023,5,,2025-07-14
6189,243,1688,,435.09,2025-07-14
6190,12,2223,4,810.58,2025-07-14
6191,194,1399,3 ,154.3,2025-07-14
6192,105,1147,10,589.73,2025-07-14
6193,34,1342,3,378.62??,2025-07-14
6194,173??,2969,1,722.69,2025-07-14
6195,209,,5,748.09,2025-07-14
6196,90,635,3,191.16,2025-07-14
6197,14,1987,5,546.15,2025-07-14
6198,439,2391,2,884.89,2025-07-14
6199,247,2790,3,,2025-07-14
6200,393,2583,3,704.08,2025-07-14
6201,466,2332,2,760.02,2025-07-14
6202,115,,1,971.71---,2025-07-14
6203,407,960,1,323.97,2025-07-14
6204,12,1892,2,810.58,2025-07-14
6205,157,116??,,290.7,2025-07-14
6206,420,2601,4,694.13,2025-07-14
6207,127,1111,1,190.88,2025-07-14
6208,241,2360,1,218.0,2025-07-14
6209,182,2907,2,378.55,2025-07-14
6210,498,1311,3,369.08,2025-07-14
6211,93,167,2,,2025-07-14
6212,297,1910,20,745.77,2025-07-14
6213,242,1638,4,732.54,2025-07-14
6214,375,568,1,360.24,2025-07-14
6215,157 ,716,4,290.7,2025-07-14
6216,293,2417,2,619.01,2025-07-14
6217,156,697,3??,399.02,2025-07-14
6218,10,,1,173.6 ,2025-07-14
6219,,449 ,1,585.54,2025-07-14
6220,41,956,2,120.07,2025-07-14
6221,226,972,,209.79,2025-07-14
6222,389,1928,2,499.35,2025-07-14
6223,403,84,1,426.25,2025-07-14
6224,485,2684,5,306.85,2025-07-14
6225,127,,5,190.88,2025-07-14
6226,288,261,5,448.78,2025-07-14
6227,61,1505,3,116.62,2025-07-14
6228,282,2395,2,514.12,2025-07-14
6229,177,2378,1,652.82,2025-07-14
6230,233,1349,1,896.34,2025-07-14
6231,279,966,3,833.88,2025-07-14
6232,410,388,2,81.87??,2025-07-14
6233,491 ,327,2,874.7,2025-07-14
6234,157,2461,2,290.7??,2025-07-14
6235,348,86,1??,393.07,2025-07-14
6236,155,1423,2,657.22,2025-07-14
6237,328,1250,2,413.2,2025-07-14
6238,91,1612,3,230.02,2025-07-14
6239,,2655,,404.73,2025-07-14
6240,154,1837,2,730.08,2025-07-14
6241,214,2030,20,225.33,2025-07-14
6242,4,1162,3,587.27,2025-07-14
6243,191,624,5,493.52,2025-07-14
6244,83,2199,3,706.86,2025-07-14
6245,349,,1,464.38,2025-07-14
6246,331,2522,2,468.72,2025-07-14
6247,449,662,,944.0,2025-07-14
6248,36??,2632,1,752.87,2025-07-14
6249,18,2232,1,467.06,2025-07-14
6250,167,1311,1,,2025-07-14
6251,332,60,5,,2025-07-14
6252,406,583,3,532.33,2025-07-14
6253,58,2366,1,994.69,2025-07-14
6254,,1059,1??,873.65,2025-07-14
6255,498,492,1,369.08,2025-07-14
6256,413,1259,1,488.56??,2025-07-14
6257,141,967,1,602.55,2025-07-14
6258,449,2559,2,944.0,2025-07-14
6259,415,2268,2,,2025-07-14
6260,175,2739,1,842.59,2025-07-14
6261,248,,20,452.25,2025-07-14
6262,275,952,1,270.69,2025-07-15
6263,422,2017,3,312.04,2025-07-15
6264,182,2361,10,378.55,2025-07-15
6265,35,1889,3,198.91,2025-07-15
6266,255,1161,2,246.39,2025-07-15
6267,437,70,,873.74,2025-07-15
6268,7,1559,1---,378.16,2025-07-15
6269,100,23,4,,2025-07-15
6270,,2950,1??,871.21,2025-07-15
6271,295??,1286,3---,368.63,2025-07-15
6272,203,145,1,897.73,2025-07-15
6273,138,2450,2,641.47,2025-07-15
6274,140,,2,822.22,2025-07-15
6275,213,2340,4 ,932.88,2025-07-15
6276,45,465,5,,2025-07-15
6277,47,47,2,979.1,2025-07-15
6278,297,1546,2,745.77,2025-07-15
6279,499,2525,1,1011.56,2025-07-15
6280,172,297,5,927.62,2025-07-15
6281,125,1443,,,2025-07-15
6282,478,496,5,537.53,2025-07-15
6283,260,2539,5,517.98 ,2025-07-15
6284,465,214,10,441.81 ,2025-07-15
6285,319,1957,1??,690.64,2025-07-15
6286,165,622,1,,2025-07-15
6287,143,619,1,181.27,2025-07-15
6288,369,981,1,410.57,2025-07-15
6289,84,1997,4,468.69,2025-07-15
6290,121,110,4,653.67,2025-07-15
6291,47,1172,2,979.1,2025-07-15
6292,466,2671,1,760.02,2025-07-15
6293,300,2318,2,783.08---,2025-07-15
6294,251,2358,1,511.82,2025-07-15
6295,36,2783,1,752.87,2025-07-15
6296,224,2643,1,835.41,2025-07-15
6297,460,1170,10,895.71??,2025-07-15
6298,167,2968,,321.07,2025-07-15
6299,451,1469,1,442.94,2025-07-15
6300,431??,432,3,272.8,2025-07-15
6301,459,2695,1,621.08,2025-07-15
6302,350,2488,3,659.64,2025-07-15
6303,3,1160,3,311.35---,2025-07-15
6304,76,,1,157.63,2025-07-15
6305,423,1283,4,712.19,2025-07-15
6306,144,1965,2,699.06,2025-07-15
6307,343,357,1,806.55,2025-07-15
6308,18,1655,2,467.06,2025-07-15
6309,436,301,2,544.14,2025-07-15
6310,,1626,5,147.85,2025-07-15
6311,136,486,2,787.54,2025-07-15
6312,5,60,20,201.09,2025-07-15
6313,35,1215,4,198.91,2025-07-15
6314,45,168,,,2025-07-15
6315,115,448,,971.71---,2025-07-15
6316,494,2355,1,510.63,2025-07-15
6317,78,741---,,555.77,2025-07-15
6318,203,770 ,5,897.73,2025-07-15
6319,383,2779,1,682.42,2025-07-15
6320,368,2162,1,614.3,2025-07-15
6321,107,1226,1,585.54,2025-07-15
6322,150,1179,2,719.4,2025-07-15
6323,198,2650,1,213.46,2025-07-15
6324,348,1796,1,393.07,2025-07-15
6325,178,6,1,934.32,2025-07-15
6326,483,260,2,259.65,2025-07-15
6327,327,168,1,,2025-07-15
6328,215,1504,5,498.59,2025-07-15
6329,171,1207,2,914.96,2025-07-15
6330,423,44,1,712.19,2025-07-15
6331,459 ,2173,1,621.08,2025-07-15
6332,172,905??,3 ,927.62,2025-07-15
6333,303,,1,261.07,2025-07-15
6334,485,2266,2,306.85 ,2025-07-15
6335,8,820,1,,2025-07-15
6336,99,1274,1,328.52,2025-07-15
6337,240,762,1,841.37,2025-07-15
6338,18 ,1499,3---,467.06,2025-07-15
6339,183,2388,5,386.71,2025-07-15
6340,,2214---,1,806.34,2025-07-15
6341,24,1583,2,891.92,2025-07-15
6342,230,314,2,193.39,2025-07-15
6343,153,2283,3,118.03,2025-07-15
6344,45,1406,1,,2025-07-15
6345,201,1296,1,199.44,2025-07-15
6346,487,,1,237.09,2025-07-15
6347,140,2231,2,822.22,2025-07-15
6348,117,820 ,3,232.36,2025-07-15
6349,1,596,4,,2025-07-15
6350,472,117,1,105.21,2025-07-15
6351,10,2087,5,173.6,2025-07-15
6352,466,2751,1,760.02,2025-07-15
6353,404,131,1,,2025-07-15
6354,328??,2436,5,413.2,2025-07-15
6355,248,2851,4,452.25,2025-07-15
6356,66,1534,2,604.37,2025-07-15
6357,265,,1---,754.56,2025-07-15
6358,51---,512,1,79.43,2025-07-15
6359,82,1345,2,535.76,2025-07-15
6360,113,141,1,159.84,2025-07-15
6361,39,2174,1,228.38,2025-07-15
6362,270 ,294,2,298.5,2025-07-15
6363,206,1755,3,401.24,2025-07-15
6364,113,449,1,159.84,2025-07-15
6365,241,1738,1,218.0,2025-07-15
6366,293,1577,4---,619.01,2025-07-15
6367,451,36,10,442.94,2025-07-15
6368,116,1257,2,280.21,2025-07-15
6369,,83,5,229.92,2025-07-15
6370,288,,10,448.78,2025-07-15
6371,281,1802,1,186.79,2025-07-15
6372,112,2212,2,,2025-07-15
6373,408,2820,2,643.91,2025-07-16
6374,,2488,3,,2025-07-16
6375,308,2335,1---,281.83,2025-07-16
6376,440,2053,1,,2025-07-16
6377,255,2914,,246.39,2025-07-16
6378,266,2149??,3,401.69,2025-07-16
6379,492,2448,2,847.03,2025-07-16
6380,488,618,20,721.8,2025-07-16
6381,53,443,5,552.85,2025-07-16
6382,277,1099,1,840.11,2025-07-16
6383,287,1919,1,365.42,2025-07-16
6384,331,2994,5??,468.72,2025-07-16
6385,,963,2,731.8,2025-07-16
6386,221,1232,1,981.95,2025-07-16
6387,462,1988,2,754.85,2025-07-16
6388,302,1807,1,,2025-07-16
6389,397,1787,2,637.91,2025-07-16
6390,288,741,3,448.78,2025-07-16
6391,486,520,5,860.43,2025-07-16
6392,78,1166,1,555.77,2025-07-16
6393,,903---,1,875.47,2025-07-16
6394,115,454,1,971.71---,2025-07-16
6395,371,286,,348.36,2025-07-16
6396,499,2296,,1011.56,2025-07-16
6397,166---,1158,1,906.51,2025-07-16
6398,49,2308,2,,2025-07-16
6399,306,490,5,132.33??,2025-07-16
6400,24,1636??,1,891.92,2025-07-16
6401,484,224,1,816.36,2025-07-16
6402,84,19,1,468.69,2025-07-16
6403,330,1214,2,558.84,2025-07-16
6404,262??,1962,2,75.74,2025-07-16
6405,247,87,5,,2025-07-16
6406,353,1276,,,2025-07-16
6407,11,83,1,491.64,2025-07-16
6408,263,2950,1,541.16,2025-07-16
6409,235,2549,1,475.17 ,2025-07-16
6410,59,2831,,474.39,2025-07-16
6411,41,744,5??,120.07,2025-07-16
6412,15,1856,4,815.2,2025-07-16
6413,433,61,2,494.44,2025-07-16
6414,285---,1914,4,535.38,2025-07-16
6415,374,135,10 ,711.19,2025-07-16
6416,87,2678,4,379.38,2025-07-16
6417,462,83,4,754.85,2025-07-16
6418,432,201,2,398.64,2025-07-16
6419,175 ,1571,3 ,842.59,2025-07-16
6420,107,2693,2,585.54,2025-07-16
6421,158,,1---,872.08,2025-07-16
6422,485,1964,3,306.85,2025-07-16
6423,16??,2138,4,376.78,2025-07-16
6424,254,1147,,935.96,2025-07-16
6425,56,1429,1,336.23,2025-07-16
6426,268,1209,5,,2025-07-16
6427,385,2698,1,509.11,2025-07-16
6428,475,352,4,626.39,2025-07-16
6429,318,1786 ,3,311.94,2025-07-16
6430,154,1932,5,730.08,2025-07-16
6431,23,706,3,719.34,2025-07-16
6432,201,2925,1,199.44,2025-07-16
6433,490??,1442,5---,,2025-07-16
6434,3,427,2,311.35---,2025-07-16
6435,98,643,4,332.9,2025-07-16
6436,426,758,3,904.53,2025-07-16
6437,388,1319,1,379.24,2025-07-16
6438,131,2064,4,,2025-07-16
6439,162,1346,10,669.67,2025-07-16
6440,219,2436??,5,604.87,2025-07-16
6441,410,2527,3??,81.87,2025-07-16
6442,343,1527,1,806.55,2025-07-16
6443,350,2601,,659.64,2025-07-16
6444,48,1264,2,,2025-07-16
6445,458,928,20,912.05---,2025-07-16
6446,96,1445,,168.18,2025-07-16
6447,134,2270---,2,,2025-07-16
6448,395,2679,2,167.39??,2025-07-16
6449,451,1143,5,442.94,2025-07-16
6450,,635,4,979.1,2025-07-16
6451,445,146,1,365.38,2025-07-16
6452,294,214,3,739.48,2025-07-16
6453,212,2329,1,952.19,2025-07-16
6454,168,2842,3,79.14,2025-07-16
6455,177,2707,2,652.82,2025-07-16
6456,202,1380,2,480.12,2025-07-16
6457,39 ,1633,2,228.38,2025-07-16
6458,249,,,386.0,2025-07-16
6459,165,1411,2,709.09,2025-07-16
6460,60,656---,2,606.21,2025-07-16
6461,389,1364,1,499.35,2025-07-16
6462,131,2634,2---,554.81,2025-07-16
6463,45,1766,,,2025-07-16
6464,396,1141,2,629.9,2025-07-16
6465,266,540,1,401.69,2025-07-16
6466,325,1620,3,661.39,2025-07-16
6467,454,1214,2,690.74,2025-07-16
6468,446,435,1,85.62,2025-07-16
6469,185,2215---,3,542.3,2025-07-16
6470,197,1826,2,570.36,2025-07-16
6471,98,2932,3,332.9,2025-07-16
6472,309,1058,2??,645.12,2025-07-16
6473,439,2680??,1,884.89??,2025-07-16
6474,438,2007,2,825.65,2025-07-16
6475,417,511,5,195.05,2025-07-16
6476,118,1167,2,737.58,2025-07-16
6477,487,2917,20,237.09,2025-07-16
6478,418,2765,1,394.38,2025-07-16
6479,436,1468,20,,2025-07-16
6480,384,1324,1,855.34 ,2025-07-16
6481,,2276,5,499.35,2025-07-16
6482,465,2198,1,441.81 ,2025-07-16
6483,346,541,1,555.77,2025-07-16
6484,453,1929,4,,2025-07-17
6485,167,1236,4,321.07,2025-07-17
6486,471---,913,1,766.82,2025-07-17
6487,,348,2,566.23,2025-07-17
6488,180??,2474,2,262.7 ,2025-07-17
6489,195,1507,3,410.16,2025-07-17
6490,283,2638,1---,363.65,2025-07-17
6491,,1911,3,262.7,2025-07-17
6492,122,,1,392.48,2025-07-17
6493,222,2721,4,681.73---,2025-07-17
6494,348,12,1,393.07,2025-07-17
6495,500??,773,3,932.15,2025-07-17
6496,64,61,1,149.34,2025-07-17
6497,40,762,3,727.08,2025-07-17
6498,124,2136,3,887.58,2025-07-17
6499,117,816,5,,2025-07-17
6500,358,2092,5,186.46,2025-07-17
6501,329,1998??,3,589.72,2025-07-17
6502,228---,1525,2,496.54,2025-07-17
6503,223,1952,2,679.14,2025-07-17
6504,,511,1,755.36,2025-07-17
6505,411,1260,4,128.07,2025-07-17
6506,61,1616,2,116.62,2025-07-17
6507,102,2963,3,873.82,2025-07-17
6508,334,140,1---,202.93,2025-07-17
6509,180,2626,5,262.7,2025-07-17
6510,461,2706,2,292.66,2025-07-17
6511,116,487,1,280.21,2025-07-17
6512,427,97,3,522.79,2025-07-17
6513,239,784,4,311.41,2025-07-17
6514,,1985,2,,2025-07-17
6515,463,992,1,927.87---,2025-07-17
6516,361,71,1,319.21,2025-07-17
6517,242,2700,2,732.54,2025-07-17
6518,219,,2,604.87,2025-07-17
6519,156,701,1,399.02,2025-07-17
6520,416,2037,2,227.15,2025-07-17
6521,55,1820,3,182.86,2025-07-17
6522,42,2491,2,372.32,2025-07-17
6523,375,1397,3,360.24,2025-07-17
6524,192,1497,3,595.75,2025-07-17
6525,475,,2,626.39,2025-07-17
6526,441,799,2,773.78,2025-07-17
6527,412,457,2,628.74,2025-07-17
6528,151,106,2,603.39,2025-07-17
6529,179,1954,2,,2025-07-17
6530,102,105,5 ,873.82---,2025-07-17
6531,49,1717,3,None---,2025-07-17
6532,304,2795,4,375.79,2025-07-17
6533,385,2237,1,509.11,2025-07-17
6534,153,2935,1,118.03,2025-07-17
6535,31,293??,2,79.99,2025-07-17
6536,82,2202,3,535.76 ,2025-07-17
6537,109,1851,1,731.8,2025-07-17
6538,91,2403,1,230.02,2025-07-17
6539,17,840,,1024.6,2025-07-17
6540,345,1540,5,838.18,2025-07-17
6541,87,2974,4,379.38,2025-07-17
6542,188,225,2,908.84,2025-07-17
6543,289,2750,2,,2025-07-17
6544,471,,2,766.82,2025-07-17
6545,,512,1,,2025-07-17
6546,439,217,4,884.89,2025-07-17
6547,428,2878,2,856.4,2025-07-17
6548,,719,3,132.33,2025-07-17
6549,31,,2,79.99,2025-07-17
6550,164,213,1,373.42??,2025-07-17
6551,291,2249,5,722.08,2025-07-17
6552,8,2415,5,335.13,2025-07-17
6553,227 ,2693,2,309.72,2025-07-17
6554,307,1938,2,432.28,2025-07-17
6555,474,219,3,,2025-07-17
6556,235,2184---,1??,475.17,2025-07-17
6557,207,883,1,771.97,2025-07-17
6558,38,556,1,147.85,2025-07-17
6559,368,623,3,614.3,2025-07-17
6560,23,1350,3,719.34 ,2025-07-17
6561,31,2768,4,,2025-07-17
6562,356,1862,1,511.55,2025-07-17
6563,440,583,4,,2025-07-17
6564,21,1786,1,,2025-07-17
6565,388,1476,1,379.24 ,2025-07-17
6566,62,2561,1,864.4,2025-07-17
6567,2,2696,1,566.23,2025-07-17
6568,460,177,2,895.71,2025-07-17
6569,174,1204,2 ,503.59,2025-07-17
6570,295,1181,2,368.63,2025-07-17
6571,,189,1,899.45,2025-07-17
6572,457,1161,1,353.85,2025-07-17
6573,457,1594,3,353.85---,2025-07-17
6574,123,2174,1,365.2,2025-07-17
6575,190,1582,3,461.29,2025-07-17
6576,23,2517,2,,2025-07-17
6577,400,1954,1,503.19,2025-07-17
6578,425,1811,5,99.98,2025-07-17
6579,367,2254,3,503.81,2025-07-17
6580,109,1742,3,731.8,2025-07-17
6581,482,1946,1,411.28??,2025-07-17
6582,255,485,2,246.39,2025-07-17
6583,243,541,3,435.09,2025-07-17
6584,225,2302,10,711.78,2025-07-17
6585,494,2529,1,510.63,2025-07-17
6586,171,1900,10,914.96,2025-07-17
6587,192,421,2,595.75,2025-07-17
6588,154,845,4,730.08,2025-07-17
6589,66,46,2,604.37,2025-07-17
6590,423,2035,1,712.19,2025-07-17
6591,15,2586,20,815.2,2025-07-17
6592,375,2950,2,360.24,2025-07-17
6593,487,1812,,237.09??,2025-07-17
6594,14,2809,2,546.15,2025-07-17
6595,153,1143,1 ,118.03---,2025-07-18
6596,170,1268,1,700.59,2025-07-18
6597,498,2538,,369.08,2025-07-18
6598,302,1980,2,467.1,2025-07-18
6599,329,1922,2,589.72,2025-07-18
6600,65,1310,2,508.17,2025-07-18
6601,434,895,1,911.31,2025-07-18
6602,205,805,1,589.26,2025-07-18
6603,436,2114,4,544.14??,2025-07-18
6604,293,2688,2,,2025-07-18
6605,274,2408,3---,186.15,2025-07-18
6606,353??,2362,2,709.75,2025-07-18
6607,,2206,1,242.79,2025-07-18
6608,,2025,2,554.78,2025-07-18
6609,150,1862,1---,719.4,2025-07-18
6610,268,1253,10,,2025-07-18
6611,399,1744,3,773.65,2025-07-18
6612,49---,1618,2,,2025-07-18
6613,291,1545,,722.08,2025-07-18
6614,401,1362,,457.8??,2025-07-18
6615,384,1592,3,855.34,2025-07-18
6616,44,1682,5,460.78,2025-07-18
6617,1,1601,,715.23---,2025-07-18
6618,194,178,2,154.3,2025-07-18
6619,133,582,1,572.29,2025-07-18
6620,95,2414,5,1027.63,2025-07-18
6621,38,1578,2,147.85,2025-07-18
6622,442,1524 ,1,914.26,2025-07-18
6623,54,,1,,2025-07-18
6624,398,439,1,229.92,2025-07-18
6625,124,981,4,887.58,2025-07-18
6626,269,1794,2,617.46,2025-07-18
6627,283 ,2609,4,363.65,2025-07-18
6628,17,1647,4,1024.6,2025-07-18
6629,25,2249,3,357.09,2025-07-18
6630,404,34,4,,2025-07-18
6631,20,258,,100.09,2025-07-18
6632,365,2724,2,776.68,2025-07-18
6633,150,1145,5,719.4---,2025-07-18
6634,297,1633,4,745.77,2025-07-18
6635,236,,3,589.35,2025-07-18
6636,290,322,1,774.21,2025-07-18
6637,252,2304,1,836.52,2025-07-18
6638,198,1370,2,213.46,2025-07-18
6639,138,1979,,641.47,2025-07-18
6640,,1936,3,334.63,2025-07-18
6641,271,1217,1,590.56,2025-07-18
6642,359,1732,1,93.44,2025-07-18
6643,385,1645,2,509.11,2025-07-18
6644,467,1997,1,943.44,2025-07-18
6645,313,1133,2,256.73---,2025-07-18
6646,159,1490,3,,2025-07-18
6647,385,,1,509.11,2025-07-18
6648,424,2438,10,607.96,2025-07-18
6649,291,406,2,722.08,2025-07-18
6650,455,2112,3,167.11,2025-07-18
6651,349,1925 ,1,464.38,2025-07-18
6652,203,1910,,897.73,2025-07-18
6653,77,1339,4,975.6,2025-07-18
6654,313,2586,2,,2025-07-18
6655,71,389,2,,2025-07-18
6656,328,,1,413.2,2025-07-18
6657,497,2741,1,513.71,2025-07-18
6658,398,1055,3,229.92,2025-07-18
6659,287,2410,2,365.42,2025-07-18
6660,361,1102,1,319.21,2025-07-18
6661,304,960,5,375.79,2025-07-18
6662,32,1577,1,478.74,2025-07-18
6663,106,1495,1,207.59,2025-07-18
6664,,312,2,386.0,2025-07-18
6665,278,1668,2,349.92,2025-07-18
6666,475,1494,1,626.39,2025-07-18
6667,496,2570,1,660.1,2025-07-18
6668,293,115,1,619.01,2025-07-18
6669,326,533,5,648.98,2025-07-18
6670,,276,,123.99,2025-07-18
6671,235,51,1 ,475.17,2025-07-18
6672,156,1879,2,399.02,2025-07-18
6673,397,576---,1,637.91,2025-07-18
6674,3,779,1,311.35---,2025-07-18
6675,42,28,1,372.32,2025-07-18
6676,436,2342,1,544.14,2025-07-18
6677,329,2531,2,589.72,2025-07-18
6678,46,158,3,745.3,2025-07-18
6679,184,574,1,707.97,2025-07-18
6680,91,899,3---,230.02,2025-07-18
6681,341,1935,2,389.03,2025-07-18
6682,59,1445,4,474.39,2025-07-18
6683,86,995,2,903.56,2025-07-18
6684,175,303,2,,2025-07-18
6685,250,75,2,119.79,2025-07-18
6686,171,2129,3,914.96,2025-07-18
6687,361,1369,10,319.21,2025-07-18
6688,438,2535,,825.65,2025-07-18
6689,390,874,5,,2025-07-18
6690,31,338,3,79.99,2025-07-18
6691,129,835,1,392.23,2025-07-18
6692,239,2030,1,311.41,2025-07-18
6693,422,2387,1,312.04,2025-07-18
6694,357,2366,3,159.21,2025-07-18
6695,140,582,5,822.22,2025-07-18
6696,211,1241,1,527.98,2025-07-18
6697,230---,533,,193.39,2025-07-18
6698,269,516,1,617.46,2025-07-18
6699,11,1766,2,491.64,2025-07-18
6700,492,100 ,2,847.03,2025-07-18
6701,39,456,5,228.38,2025-07-18
6702,155,1689,1,657.22,2025-07-18
6703,148,1290,2,,2025-07-18
6704,80,924,1,402.48,2025-07-18
6705,239,1726,3,,2025-07-18
6706,85 ,548,5,181.5,2025-07-18
6707,473,325,4,123.99,2025-07-19
6708,302,703,4,467.1,2025-07-19
6709,99,2569,,328.52,2025-07-19
6710,296,1345,1,871.21,2025-07-19
6711,80,,3,402.48,2025-07-19
6712,263,747,3,541.16,2025-07-19
6713,321,2851??,5,200.36,2025-07-19
6714,75,,2,899.45,2025-07-19
6715,320,2022---,2,438.03,2025-07-19
6716,317,1394,3??,432.9,2025-07-19
6717,274,,3,186.15,2025-07-19
6718,311---,720,5,713.33,2025-07-19
6719,412,932,2,628.74,2025-07-19
6720,,1197,1,494.44,2025-07-19
6721,412,133,1,628.74,2025-07-19
6722,232,2700,1,860.62??,2025-07-19
6723,424,2353,2,607.96,2025-07-19
6724,432,1810,2,398.64,2025-07-19
6725,499,446,2,1011.56,2025-07-19
6726,432,1989,5 ,398.64,2025-07-19
6727,403,822,1,426.25,2025-07-19
6728,450,615,10,325.2,2025-07-19
6729,337,2957,3,600.31,2025-07-19
6730,108,338,2,528.81,2025-07-19
6731,149,202,1,487.7,2025-07-19
6732,317??,2671,3,432.9,2025-07-19
6733,443,419---,2,933.58,2025-07-19
6734,473,1837,1,123.99,2025-07-19
6735,128,2136,1,816.32,2025-07-19
6736,474,1222,2,,2025-07-19
6737,447,2449,,,2025-07-19
6738,306,2580,3,132.33,2025-07-19
6739,51---,1563,3,79.43,2025-07-19
6740,38,199??,4,147.85,2025-07-19
6741,286,893,1,775.93,2025-07-19
6742,461,2352,1,292.66,2025-07-19
6743,443,829,1,933.58,2025-07-19
6744,344,1850,2,925.4,2025-07-19
6745,482,1128,2,411.28,2025-07-19
6746,187,1822,1,592.25,2025-07-19
6747,354,2566 ,1,520.29,2025-07-19
6748,444,2343,3,1036.18,2025-07-19
6749,307,2000,1,432.28,2025-07-19
6750,149,465,2,487.7,2025-07-19
6751,213,1666,1,932.88,2025-07-19
6752,399,593,2,773.65,2025-07-19
6753,365,88,2,776.68,2025-07-19
6754,472,2326,1,105.21,2025-07-19
6755,133---,213,3,572.29,2025-07-19
6756,256,2955,2,418.38,2025-07-19
6757,440,2428,1,,2025-07-19
6758,259,,,89.55,2025-07-19
6759,458,2141,3,,2025-07-19
6760,266,2275,,401.69,2025-07-19
6761,54,1066,3,472.78,2025-07-19
6762,162,2162,5,669.67,2025-07-19
6763,45??,1378,3,,2025-07-19
6764,194,644,1,154.3,2025-07-19
6765,44,,1,460.78,2025-07-19
6766,69,823,1,373.1,2025-07-19
6767,8,,1,335.13,2025-07-19
6768,391,989,4,537.68,2025-07-19
6769,44,1277,5,460.78,2025-07-19
6770,77,802,1 ,975.6,2025-07-19
6771,25,1681,1,357.09,2025-07-19
6772,39---,2071,2,228.38,2025-07-19
6773,487,480,3,237.09,2025-07-19
6774,128,2234,2,,2025-07-19
6775,20,1101,5,100.09,2025-07-19
6776,327,2578,5,,2025-07-19
6777,418,1693,10,394.38,2025-07-19
6778,491,1477,1,874.7,2025-07-19
6779,292,1584,1,160.65,2025-07-19
6780,200,1763,20,,2025-07-19
6781,17,2159,2,1024.6,2025-07-19
6782,200,303,3,,2025-07-19
6783,435,797,3,972.91,2025-07-19
6784,99,1465,1,328.52,2025-07-19
6785,73,2946,2,831.62,2025-07-19
6786,323,2973,1,347.62,2025-07-19
6787,121,2236,,,2025-07-19
6788,154,315,3,730.08,2025-07-19
6789,147,2077,1,755.36,2025-07-19
6790,259,1467,3,89.55,2025-07-19
6791,425,736,2,99.98,2025-07-19
6792,328,1272,4??,413.2,2025-07-19
6793,319,2651,5,,2025-07-19
6794,453,712,1,,2025-07-19
6795,229,336,3,,2025-07-19
6796,110,1464,2,704.9??,2025-07-19
6797,361,163,2,319.21,2025-07-19
6798,252,532,2,836.52,2025-07-19
6799,272,2858,3,196.75,2025-07-19
6800,475,2489,2,626.39,2025-07-19
6801,302,2651,1,467.1,2025-07-19
6802,89,,1,105.77,2025-07-19
6803,125,1443,5,186.6,2025-07-19
6804,113,264,1,159.84,2025-07-19
6805,400,1365,3,503.19,2025-07-19
6806,191,1520,2,493.52,2025-07-19
6807,125,77,3,186.6,2025-07-19
6808,225,1968,5,711.78,2025-07-19
6809,247??,589,5,,2025-07-19
6810,96,1738,2,168.18,2025-07-19
6811,132,2705,1,240.09??,2025-07-19
6812,400,1145,20,503.19,2025-07-19
6813,111,2366,3,629.21,2025-07-19
6814,361,1380,2,319.21,2025-07-19
6815,,2308---,4,845.34,2025-07-19
6816,179,1380,1,355.87,2025-07-19
6817,487,2016,3,237.09,2025-07-19
6818,398,970,1,229.92,2025-07-20
6819,176,257,2,475.79,2025-07-20
6820,35,1348,1,198.91,2025-07-20
6821,41,1966??,2,120.07,2025-07-20
6822,411,775,5,128.07,2025-07-20
6823,70,2176??,4,624.95,2025-07-20
6824,427,2516,1,522.79,2025-07-20
6825,291,1736,,722.08,2025-07-20
6826,237,2644,4,57.57??,2025-07-20
6827,394??,2094,1,554.78,2025-07-20
6828,419,1276,2,138.89,2025-07-20
6829,225,1083,4,711.78,2025-07-20
6830,195,2403,2,410.16,2025-07-20
6831,,2114,,360.24,2025-07-20
6832,78,733??,4,555.77,2025-07-20
6833,254,,1,935.96,2025-07-20
6834,216,1473,1,465.22,2025-07-20
6835,81,1156,5,427.72,2025-07-20
6836,442,2167,2,914.26,2025-07-20
6837,33,2466,10,153.28,2025-07-20
6838,297,1746,3,745.77??,2025-07-20
6839,5,2227,3 ,,2025-07-20
6840,378,466,2,305.61 ,2025-07-20
6841,,1526,1,79.43??,2025-07-20
6842,282,2183,5,514.12,2025-07-20
6843,244,1516,2,951.6,2025-07-20
6844,489,,4,334.81,2025-07-20
6845,51,1856,3,79.43,2025-07-20
6846,115,922,4,971.71---,2025-07-20
6847,378,275,4,305.61,2025-07-20
6848,130,2445,3,839.05,2025-07-20
6849,189,2948,4,1027.84,2025-07-20
6850,182,854,3,378.55??,2025-07-20
6851,142,765,1,858.79,2025-07-20
6852,76,1199---,10,157.63,2025-07-20
6853,450,591,1,325.2,2025-07-20
6854,212---,2824,,,2025-07-20
6855,258,140,5,689.11,2025-07-20
6856,63,1712,3,,2025-07-20
6857,139,2587,5,868.35,2025-07-20
6858,354,66,4,,2025-07-20
6859,178,865,2,934.32,2025-07-20
6860,453,1864,4,,2025-07-20
6861,304,2424,1,375.79,2025-07-20
6862,222,2104,1,,2025-07-20
6863,406,731,1,532.33,2025-07-20
6864,135,2727,,1010.19,2025-07-20
6865,60,2713,,606.21,2025-07-20
6866,454,330,1,690.74,2025-07-20
6867,456,1074,3,528.57,2025-07-20
6868,78,2423,,555.77,2025-07-20
6869,420,313,2,694.13,2025-07-20
6870,381,,1,65.2,2025-07-20
6871,14,483,1,546.15,2025-07-20
6872,119,681,2,1025.32,2025-07-20
6873,391,2035,4,537.68,2025-07-20
6874,69,2165,4,373.1---,2025-07-20
6875,382,2481,,427.52,2025-07-20
6876,337,2162,,600.31,2025-07-20
6877,301,2203,5,256.11,2025-07-20
6878,318,2345,1,311.94,2025-07-20
6879,55,477,5,182.86,2025-07-20
6880,77 ,1151,1,975.6,2025-07-20
6881,493 ,2765,4,103.44??,2025-07-20
6882,376,2113,4??,884.87,2025-07-20
6883,,2148,1,982.83,2025-07-20
6884,165,166,1,,2025-07-20
6885,203,1141,5,897.73,2025-07-20
6886,59,727,5,474.39,2025-07-20
6887,447,881,1,,2025-07-20
6888,450,642,4,,2025-07-20
6889,238,2040,5,875.47,2025-07-20
6890,186,1764,1,873.65,2025-07-20
6891,110,2736,1,,2025-07-20
6892,335,1359,3,242.79,2025-07-20
6893,361,1616,5,319.21,2025-07-20
6894,322,1966 ,1,253.21,2025-07-20
6895,318,97---,1,311.94,2025-07-20
6896,448,437,5,459.14,2025-07-20
6897,3,2552,1,311.35---,2025-07-20
6898,449,2892,3,944.0,2025-07-20
6899,103,1285,1,399.04,2025-07-20
6900,262,2960,4,75.74,2025-07-20
6901,148,778,2,,2025-07-20
6902,109,332,2,731.8,2025-07-20
6903,437,2976,1,873.74??,2025-07-20
6904,157,169,3,290.7,2025-07-20
6905,154 ,2382??,5,730.08,2025-07-20
6906,308,143,1,281.83,2025-07-20
6907,208,812,3,529.71??,2025-07-20
6908,297,2578,4,,2025-07-20
6909,332,524,2,104.65,2025-07-20
6910,218,2442,,736.29,2025-07-20
6911,72,1913,2,163.35,2025-07-20
6912,361,403,1,319.21,2025-07-20
6913,418,260,1,394.38,2025-07-20
6914,182,2446,2??,378.55,2025-07-20
6915,215,2748,3,498.59,2025-07-20
6916,126,258,2,373.76 ,2025-07-20
6917,238,1382,2,875.47,2025-07-20
6918,274,1508,5,186.15,2025-07-20
6919,386,1008,4,919.81 ,2025-07-20
6920,96,1145,2,168.18,2025-07-20
6921,432,,2,398.64,2025-07-20
6922,211,300,1,527.98,2025-07-20
6923,8,558,10,335.13,2025-07-20
6924,377,2071,5,588.92,2025-07-20
6925,113,,10,159.84,2025-07-20
6926,54 ,461,3,472.78,2025-07-20
6927,298,17,1,162.53,2025-07-20
6928,62,508,1,864.4,2025-07-20
6929,308,2269??,3,281.83,2025-07-21
6930,179,1430,1,355.87,2025-07-21
6931,456,1722,5,528.57,2025-07-21
6932,356,2869,,511.55,2025-07-21
6933,155,2407 ,1,657.22,2025-07-21
6934,,2428,2,860.43,2025-07-21
6935,348,258,5,393.07,2025-07-21
6936,230,841,1,193.39,2025-07-21
6937,397,506,4,637.91,2025-07-21
6938,442,1355,2,914.26,2025-07-21
6939,9,1184,2,606.63,2025-07-21
6940,423,823,1,712.19,2025-07-21
6941,163,1622,3??,435.68,2025-07-21
6942,286,818---,1,775.93,2025-07-21
6943,,1930,2,558.84,2025-07-21
6944,494,1732,1,510.63,2025-07-21
6945,227,1547,3,309.72,2025-07-21
6946,215,2453,1,,2025-07-21
6947,347,2417,1,280.08,2025-07-21
6948,284,198,2,564.02,2025-07-21
6949,63,,5,,2025-07-21
6950,172,2876,1,927.62,2025-07-21
6951,227,1335,,309.72,2025-07-21
6952,284,734,1,564.02,2025-07-21
6953,,1071,,392.48,2025-07-21
6954,168,1176,5,,2025-07-21
6955,362,1210,3,763.92,2025-07-21
6956,218,145,3,736.29,2025-07-21
6957,375,2043,20,360.24,2025-07-21
6958,308,711,2,281.83,2025-07-21
6959,213,2608,3,932.88,2025-07-21
6960,481,1671,5,479.02,2025-07-21
6961,231??,2,2,585.37,2025-07-21
6962,432,1850,1??,398.64,2025-07-21
6963,267,2723,2,839.54,2025-07-21
6964,383,1440,1,682.42,2025-07-21
6965,358,2681,2,186.46,2025-07-21
6966,56,1071,3,336.23,2025-07-21
6967,410,478,4,81.87,2025-07-21
6968,81,2778,3,427.72,2025-07-21
6969,65,502,3,508.17??,2025-07-21
6970,137,1899,3,247.12,2025-07-21
6971,357,2231,1,159.21,2025-07-21
6972,158,1041,5,872.08,2025-07-21
6973,305,1859,1,398.85,2025-07-21
6974,342,283,1,882.83,2025-07-21
6975,216,1651,5,465.22,2025-07-21
6976,346,1035,,555.77,2025-07-21
6977,29,2639??,2,361.73,2025-07-21
6978,333,155,1,418.84,2025-07-21
6979,199,800,4,559.88---,2025-07-21
6980,78,433,,555.77,2025-07-21
6981,187,1685,3,592.25,2025-07-21
6982,486,1627,4,860.43,2025-07-21
6983,60,2784??,4,606.21,2025-07-21
6984,319,1282,1,690.64,2025-07-21
6985,116,1835,10,280.21,2025-07-21
6986,15,497,5,815.2,2025-07-21
6987,66,695,2,604.37,2025-07-21
6988,95,2391---,1,1027.63,2025-07-21
6989,258,180,1,689.11,2025-07-21
6990,96,1476,3,168.18,2025-07-21
6991,67,1814,1,123.92,2025-07-21
6992,451,987,5,442.94,2025-07-21
6993,,413,3,,2025-07-21
6994,184,1676,2,707.97,2025-07-21
6995,183,229,3,386.71,2025-07-21
6996,408,,1,643.91,2025-07-21
6997,456,2613,20,528.57,2025-07-21
6998,245,2120,1,676.36,2025-07-21
6999,487,1627---,3,237.09,2025-07-21
7000,39,1893,1,228.38,2025-07-21
7001,177,2457,5,652.82,2025-07-21
7002,320,1933,5,438.03,2025-07-21
7003,499,1762,1,1011.56 ,2025-07-21
7004,384,1178,1,855.34,2025-07-21
7005,5,1952,5,201.09,2025-07-21
7006,172,1887,1,927.62,2025-07-21
7007,215,1737,2,498.59,2025-07-21
7008,261,12,3,982.83,2025-07-21
7009,127,102 ,1,190.88,2025-07-21
7010,441,863,,773.78,2025-07-21
7011,178,1284,1 ,934.32,2025-07-21
7012,148,1142,2,,2025-07-21
7013,244,2487,1,951.6,2025-07-21
7014,419,2240,3,138.89,2025-07-21
7015,242,645,1,732.54??,2025-07-21
7016,253,61,1,550.0,2025-07-21
7017,151,2424,1,603.39,2025-07-21
7018,323,1572,1,347.62,2025-07-21
7019,372,2650,3,616.97 ,2025-07-21
7020,101,1350,1,76.75,2025-07-21
7021,52,2602??,5,782.67,2025-07-21
7022,468,61,3,388.65,2025-07-21
7023,,2890,4,868.35 ,2025-07-21
7024,307,2622---,4,432.28,2025-07-21
7025,235,194---,5,475.17,2025-07-21
7026,125---,1215,3,186.6,2025-07-21
7027,96,1027,1,168.18,2025-07-21
7028,,2214,2,225.33,2025-07-21
7029,450,83,4??,325.2,2025-07-21
7030,,282,5,186.79,2025-07-21
7031,356,677,5,511.55,2025-07-21
7032,313,2432,3,256.73,2025-07-21
7033,32,280,1,478.74,2025-07-21
7034,192,2545,1 ,595.75,2025-07-21
7035,201,102,1,199.44,2025-07-21
7036,469,64,1,953.09,2025-07-21
7037,255,516??,2,246.39,2025-07-21
7038,320,,5,438.03??,2025-07-21
7039,41,,5,120.07,2025-07-21
7040,326,693,1,648.98,2025-07-22
7041,176,223,1,475.79,2025-07-22
7042,380,2726,1,728.24,2025-07-22
7043,405,457,2,290.54,2025-07-22
7044,,1615,2,914.26,2025-07-22
7045,249,305 ,1,386.0,2025-07-22
7046,428,867,4,856.4,2025-07-22
7047,286,2618,3,775.93,2025-07-22
7048,186,2107,3,873.65,2025-07-22
7049,445,815 ,1,365.38,2025-07-22
7050,154,2725,1,730.08,2025-07-22
7051,100,116,2,,2025-07-22
7052,478,1998,,537.53,2025-07-22
7053,401,733,1,457.8,2025-07-22
7054,295,2943,1,368.63,2025-07-22
7055,285,2400,3,535.38,2025-07-22
7056,,1943,1,566.23,2025-07-22
7057,112,2225,,110.65,2025-07-22
7058,85,1258,,181.5,2025-07-22
7059,446,1599,3 ,85.62,2025-07-22
7060,277,668,2,840.11??,2025-07-22
7061,430,2529,3,815.38,2025-07-22
7062,498,,2,369.08,2025-07-22
7063,54,1224,1,472.78,2025-07-22
7064,420,1963,10,694.13,2025-07-22
7065,93,1523,1---,,2025-07-22
7066,212,1038,10,952.19,2025-07-22
7067,206,,2,401.24,2025-07-22
7068,188,260,1,908.84,2025-07-22
7069,476,2605,5,234.47 ,2025-07-22
7070,257,2460,2,,2025-07-22
7071,13,2092,1,548.34,2025-07-22
7072,192,195,3,,2025-07-22
7073,,1730,3??,509.11,2025-07-22
7074,261,558,2,982.83,2025-07-22
7075,422,1023,,312.04,2025-07-22
7076,128,1242,5,816.32,2025-07-22
7077,60,958,1,606.21,2025-07-22
7078,181,1367,3??,508.98---,2025-07-22
7079,378,1276,1,305.61,2025-07-22
7080,332,1854,3 ,104.65,2025-07-22
7081,232,1042,1 ,860.62??,2025-07-22
7082,385,1074,2,509.11,2025-07-22
7083,329,84,20,589.72,2025-07-22
7084,446,1434,2,85.62,2025-07-22
7085,314 ,2226,5,785.07,2025-07-22
7086,433,1632,,494.44,2025-07-22
7087,,1069,1,618.46,2025-07-22
7088,18,39,1,467.06,2025-07-22
7089,149,1107,2,487.7,2025-07-22
7090,467,1577,1,943.44,2025-07-22
7091,243,2500,2---,435.09,2025-07-22
7092,62,2117,2,,2025-07-22
7093,453,2276 ,5,,2025-07-22
7094,5,2046,4,201.09,2025-07-22
7095,321,800,1,200.36,2025-07-22
7096,295,1835,3,368.63,2025-07-22
7097,,2173,,904.53,2025-07-22
7098,,1222,1,925.4,2025-07-22
7099,379,850,2??,614.34,2025-07-22
7100,321,1138,5,200.36,2025-07-22
7101,369,2505,1,410.57,2025-07-22
7102,25,2272,1,357.09,2025-07-22
7103,153,642,2,118.03,2025-07-22
7104,137,2669,4,247.12,2025-07-22
7105,29,,2,361.73,2025-07-22
7106,189,2290,1,1027.84,2025-07-22
7107,101,236,4,76.75,2025-07-22
7108,327,1357,3,,2025-07-22
7109,214,1211,1,225.33,2025-07-22
7110,204,2879,1,,2025-07-22
7111,231,2845,2,585.37,2025-07-22
7112,373,2833,1,186.09,2025-07-22
7113,257,366,1,528.85,2025-07-22
7114,133,1626,2,572.29,2025-07-22
7115,,371,1,186.79,2025-07-22
7116,307,2060,1,432.28,2025-07-22
7117,241,61,1,218.0,2025-07-22
7118,59,2245,1,474.39,2025-07-22
7119,401,2474,5,457.8,2025-07-22
7120,461,1748,3,292.66,2025-07-22
7121,193,4,,217.33,2025-07-22
7122,337,2720??,1,600.31,2025-07-22
7123,356,128,4,511.55,2025-07-22
7124,264,864,,758.53,2025-07-22
7125,16,904,3,376.78,2025-07-22
7126,248,1311,,452.25,2025-07-22
7127,439,268,3,,2025-07-22
7128,198,,3,213.46,2025-07-22
7129,425,721,3,99.98,2025-07-22
7130,33,1727,5,153.28,2025-07-22
7131,342,1245,1,882.83,2025-07-22
7132,29,1176,3,361.73??,2025-07-22
7133,143,2515,3,181.27,2025-07-22
7134,40,2777,2,727.08,2025-07-22
7135,114,2739,5,583.63,2025-07-22
7136,378,1494,1,305.61??,2025-07-22
7137,156,2179,2,399.02,2025-07-22
7138,153,605,,118.03,2025-07-22
7139,130??,2214,3,839.05 ,2025-07-22
7140,384,1313,20,855.34,2025-07-22
7141,69,2212,4,373.1,2025-07-22
7142,201,1085,1,199.44,2025-07-22
7143,387,2201,1,680.0,2025-07-22
7144,230,530,1,193.39,2025-07-22
7145,412,847,2,628.74,2025-07-22
7146,428,961,,856.4,2025-07-22
7147,496,2907,4,660.1,2025-07-22
7148,45,1452,5,,2025-07-22
7149,353---,690,2,709.75,2025-07-22
7150,114,2500,1 ,583.63,2025-07-22
7151,,11,1,607.96,2025-07-23
7152,434,2182,3,911.31,2025-07-23
7153,53,1548,2,552.85,2025-07-23
7154,477,2367,2,168.82,2025-07-23
7155,44,2475,1,460.78,2025-07-23
7156,204,1387,2,,2025-07-23
7157,143,2191,1,181.27,2025-07-23
7158,243,2852,3,435.09,2025-07-23
7159,369,657,4,410.57,2025-07-23
7160,214,2050,10,225.33,2025-07-23
7161,195,1549,1,410.16,2025-07-23
7162,171,1565,,914.96,2025-07-23
7163,,394,2,872.08,2025-07-23
7164,455,1334,1,167.11,2025-07-23
7165,,1547,3,196.75,2025-07-23
7166,380,570,2,728.24,2025-07-23
7167,291,1671,,722.08,2025-07-23
7168,,42,2,85.62,2025-07-23
7169,69,727,20,373.1,2025-07-23
7170,234,583,2,604.44,2025-07-23
7171,440,680,1,None ,2025-07-23
7172,25,1042,,,2025-07-23
7173,218,2016,5,736.29,2025-07-23
7174,432,1705,1,398.64,2025-07-23
7175,476,2537,2,234.47,2025-07-23
7176,317??,2097,,432.9,2025-07-23
7177,382,106,1,,2025-07-23
7178,132,900,20,240.09??,2025-07-23
7179,108,1182,3,528.81,2025-07-23
7180,276,1324,5,404.73,2025-07-23
7181,253,1607,1,550.0,2025-07-23
7182,6,1488,2,284.23,2025-07-23
7183,260,340,20,517.98 ,2025-07-23
7184,203,252,2,897.73,2025-07-23
7185,370,741,1,604.48,2025-07-23
7186,369,2412,2,410.57,2025-07-23
7187,158,2939,2,872.08,2025-07-23
7188,219,1354,3,604.87,2025-07-23
7189,84,1964,2,468.69,2025-07-23
7190,278,367---,2,349.92,2025-07-23
7191,38,1638,2,147.85,2025-07-23
7192,328,2835,20,,2025-07-23
7193,230,666,2,193.39,2025-07-23
7194,488,2616,1,721.8,2025-07-23
7195,54,2166,1,472.78,2025-07-23
7196,376,1639,1,884.87,2025-07-23
7197,470 ,1385,4,998.68,2025-07-23
7198,15,2770,1,815.2,2025-07-23
7199,424,1222,1,607.96,2025-07-23
7200,498,169,2,369.08,2025-07-23
7201,470,1706,1,998.68,2025-07-23
7202,164,377??,1,373.42??,2025-07-23
7203,475,646,1,626.39,2025-07-23
7204,260,672,5,517.98 ,2025-07-23
7205,15,1522,2,815.2,2025-07-23
7206,165,2248,5,709.09,2025-07-23
7207,373,1091,2,186.09,2025-07-23
7208,289,1830---,4,,2025-07-23
7209,254,1811 ,3,935.96,2025-07-23
7210,396,1024,20,629.9,2025-07-23
7211,275,864,2,270.69,2025-07-23
7212,42,1625,3,372.32,2025-07-23
7213,433,61,1,494.44,2025-07-23
7214,303,2498,1,261.07,2025-07-23
7215,487,646,1,237.09,2025-07-23
7216,471,2593,1,766.82,2025-07-23
7217,361,2235,1,319.21,2025-07-23
7218,72,125,1,,2025-07-23
7219,141,2371,2,602.55,2025-07-23
7220,428,418,4,856.4,2025-07-23
7221,255,513,4,246.39,2025-07-23
7222,119,2774,5,,2025-07-23
7223,51,2229,5,79.43,2025-07-23
7224,431,1969,1,272.8,2025-07-23
7225,142,2036,4,858.79,2025-07-23
7226,262,27,3,75.74,2025-07-23
7227,153,944,3,118.03,2025-07-23
7228,111,1312,3,629.21,2025-07-23
7229,277,970,,840.11,2025-07-23
7230,435 ,295,2,972.91,2025-07-23
7231,265,2816,1,754.56,2025-07-23
7232,390,738,2,,2025-07-23
7233,128,524,2 ,816.32,2025-07-23
7234,171,1164,5,914.96,2025-07-23
7235,480,934,3,702.9,2025-07-23
7236,305,1088,3---,398.85,2025-07-23
7237,484,2273,1,816.36,2025-07-23
7238,144,461,2,699.06,2025-07-23
7239,209,160,4,748.09,2025-07-23
7240,402,852,1,851.77,2025-07-23
7241,316,1776,2,466.97,2025-07-23
7242,95,1720,4,1027.63,2025-07-23
7243,78,1847,1,555.77,2025-07-23
7244,386??,,4,919.81 ,2025-07-23
7245,,505,3,,2025-07-23
7246,257,1900,2---,528.85,2025-07-23
7247,,181,,105.77,2025-07-23
7248,225,2555,1,711.78,2025-07-23
7249,318,657,1,,2025-07-23
7250,296,2257??,1,871.21,2025-07-23
7251,269,734,4,617.46,2025-07-23
7252,87 ,1599,3,379.38,2025-07-23
7253,472,494,1,105.21,2025-07-23
7254,66,1287,3,604.37,2025-07-23
7255,35,1033,20,198.91,2025-07-23
7256,134,2377,1,,2025-07-23
7257,26,1478,,,2025-07-23
7258,196,1656,3 ,806.34,2025-07-23
7259,232,2525,3,860.62??,2025-07-23
7260,142,2992,4,858.79,2025-07-23
7261,205,2676,1,589.26,2025-07-23
7262,406,2091,2,532.33,2025-07-24
7263,6,1840,5,,2025-07-24
7264,382,132,1,,2025-07-24
7265,217,1863,3,,2025-07-24
7266,365,934,1,776.68,2025-07-24
7267,371,2572,3,348.36,2025-07-24
7268,334,541,,202.93,2025-07-24
7269,46,1879,2,745.3,2025-07-24
7270,122,2345,1,392.48,2025-07-24
7271,222,1233,3,681.73,2025-07-24
7272,380,1962,2,728.24,2025-07-24
7273,,634,3,488.56---,2025-07-24
7274,393,1185,3,704.08,2025-07-24
7275,408,1792 ,1,643.91,2025-07-24
7276,175,1673,2,842.59,2025-07-24
7277,381,928,1,65.2,2025-07-24
7278,181,1492,5,508.98,2025-07-24
7279,376,2463,3,884.87,2025-07-24
7280,337,1337,5,600.31---,2025-07-24
7281,172,1352,1,927.62,2025-07-24
7282,101,267,3,76.75,2025-07-24
7283,15,2062,2,815.2,2025-07-24
7284,240??,189,5 ,841.37,2025-07-24
7285,475,2681,3,626.39,2025-07-24
7286,273---,2482,3,84.32,2025-07-24
7287,332,2039,10,104.65,2025-07-24
7288,80,2352 ,2,402.48,2025-07-24
7289,227,2746,2,,2025-07-24
7290,182,1008,2,378.55,2025-07-24
7291,491??,426,5,874.7,2025-07-24
7292,202,1672,5,480.12,2025-07-24
7293,287,1303,2,365.42,2025-07-24
7294,433,2030,3,,2025-07-24
7295,340,1346,1,575.1---,2025-07-24
7296,229,978??,5,657.87,2025-07-24
7297,315,2942,2,727.37,2025-07-24
7298,102,2228,1,873.82,2025-07-24
7299,256,488,4,418.38,2025-07-24
7300,51,1799,1,79.43,2025-07-24
7301,332,1128,4,104.65,2025-07-24
7302,76,2322,5,157.63,2025-07-24
7303,26,1006,2,,2025-07-24
7304,165,2804,1,709.09,2025-07-24
7305,106,,2,207.59,2025-07-24
7306,82,227,1??,535.76,2025-07-24
7307,,640,5,116.62,2025-07-24
7308,410,124---,3,81.87,2025-07-24
7309,164,2723??,1,373.42??,2025-07-24
7310,116,1316,3,280.21,2025-07-24
7311,407,555,3,323.97,2025-07-24
7312,196,2878,2---,806.34,2025-07-24
7313,305,2274,1,398.85,2025-07-24
7314,112,2671,3,110.65,2025-07-24
7315,,1976,1,270.69,2025-07-24
7316,396,535,2,629.9,2025-07-24
7317,432,2170,3,398.64,2025-07-24
7318,357,2165,2,159.21,2025-07-24
7319,192,605,1,595.75??,2025-07-24
7320,432,2980,1,398.64,2025-07-24
7321,330,2302,2,558.84,2025-07-24
7322,120,2310,1,,2025-07-24
7323,84,1599,3,468.69,2025-07-24
7324,45,172,1,,2025-07-24
7325,275,1401,4,270.69,2025-07-24
7326,442,,1,914.26,2025-07-24
7327,357,1348,1,159.21,2025-07-24
7328,104,1486,5,855.17,2025-07-24
7329,449,1193,1---,944.0,2025-07-24
7330,403,866,2,426.25,2025-07-24
7331,92,1013,2,261.06,2025-07-24
7332,340,2560,1,,2025-07-24
7333,171,1063,10,914.96,2025-07-24
7334,177,1798,2,652.82,2025-07-24
7335,447,735,3,,2025-07-24
7336,234,368,1,604.44,2025-07-24
7337,179,729,,355.87,2025-07-24
7338,415,1614,5,649.87,2025-07-24
7339,190,1511,3,461.29 ,2025-07-24
7340,191,2327,5,493.52,2025-07-24
7341,186,1242,1,873.65,2025-07-24
7342,383,1020??,1,682.42,2025-07-24
7343,251,2481,1,511.82,2025-07-24
7344,373,1449,5,186.09,2025-07-24
7345,93,426,2,,2025-07-24
7346,271,1032,4,590.56,2025-07-24
7347,132,1686,5,240.09??,2025-07-24
7348,418,1115,1,394.38,2025-07-24
7349,132,2862,3,240.09??,2025-07-24
7350,468,2846,2,388.65,2025-07-24
7351,244,,1,951.6,2025-07-24
7352,,1085,5,231.74,2025-07-24
7353,7,2115---,5,378.16,2025-07-24
7354,117,2257 ,2,,2025-07-24
7355,459,1014,3,621.08,2025-07-24
7356,322,1136,3,253.21,2025-07-24
7357,174,2484,2,503.59,2025-07-24
7358,348,2086,4,393.07,2025-07-24
7359,74,2839,1??,1024.02,2025-07-24
7360,,180 ,1,817.14,2025-07-24
7361,180,1439,1??,262.7,2025-07-24
7362,431,206,2,272.8,2025-07-24
7363,119,2939,1,1025.32 ,2025-07-24
7364,94,181,1,996.96,2025-07-24
7365,3,451,1,311.35---,2025-07-24
7366,79,1690,3,,2025-07-24
7367,496,746,1,660.1,2025-07-24
7368,311,2722,3---,,2025-07-24
7369,198,2434,1,213.46,2025-07-24
7370,485,70,4,306.85,2025-07-24
7371,272,,5,196.75,2025-07-24
7372,172,,2,927.62,2025-07-24
7373,16,1302,1,376.78,2025-07-25
7374,434,705,3,911.31,2025-07-25
7375,168,264,2,79.14,2025-07-25
7376,325,,5,661.39,2025-07-25
7377,,2759,1,228.38,2025-07-25
7378,80,2231,3,402.48,2025-07-25
7379,152,2808,3,,2025-07-25
7380,435,2071,2,972.91,2025-07-25
7381,286,1927,1,775.93,2025-07-25
7382,397,768,2,637.91,2025-07-25
7383,474,679,1,,2025-07-25
7384,205,1628,2,589.26,2025-07-25
7385,327,542,2,,2025-07-25
7386,494,1094,1,510.63,2025-07-25
7387,,1886,5,722.08,2025-07-25
7388,93,2873,1,None??,2025-07-25
7389,165,767---,1,709.09,2025-07-25
7390,76,277,3,157.63,2025-07-25
7391,34,589??,3,378.62,2025-07-25
7392,185,835,1,,2025-07-25
7393,45,2445,1,,2025-07-25
7394,416,1261,4,227.15,2025-07-25
7395,450,1202,5 ,325.2,2025-07-25
7396,204,2526,2---,,2025-07-25
7397,341,2640,4,389.03,2025-07-25
7398,191,125,2,493.52,2025-07-25
7399,391,1422,1,537.68,2025-07-25
7400,4,228,3,,2025-07-25
7401,399,670,,773.65,2025-07-25
7402,131,402,4,554.81,2025-07-25
7403,327,1004,1,,2025-07-25
7404,301,526,1,256.11,2025-07-25
7405,,982,1,624.95,2025-07-25
7406,309,2199,2,645.12,2025-07-25
7407,308,877,10,281.83,2025-07-25
7408,360---,2192,1,315.18,2025-07-25
7409,24,,5,891.92,2025-07-25
7410,328,1142,,413.2,2025-07-25
7411,271---,2596,2,590.56,2025-07-25
7412,105,1592,2,589.73,2025-07-25
7413,,1597---,3,914.26,2025-07-25
7414,42,2609,5,372.32,2025-07-25
7415,316,1460??,4,466.97,2025-07-25
7416,444,2484,3,1036.18,2025-07-25
7417,73,2941,1,831.62,2025-07-25
7418,459,1061,5,621.08,2025-07-25
7419,42,2498,3,372.32,2025-07-25
7420,476,2222 ,1,234.47??,2025-07-25
7421,164,1425,2 ,373.42??,2025-07-25
7422,221,1552,2,981.95,2025-07-25
7423,297,1727,3---,745.77,2025-07-25
7424,116,1746,3,280.21,2025-07-25
7425,386,264,2??,919.81 ,2025-07-25
7426,24,2641,,891.92,2025-07-25
7427,469,2100,10,953.09,2025-07-25
7428,179,61,5,355.87,2025-07-25
7429,,160,1,120.07,2025-07-25
7430,272,768,5,196.75,2025-07-25
7431,43,880,3,152.82,2025-07-25
7432,312,624,2,692.62,2025-07-25
7433,327,195,3,,2025-07-25
7434,264,907,5,758.53,2025-07-25
7435,101,818,2,76.75,2025-07-25
7436,418,2327,2,394.38,2025-07-25
7437,447,2927 ,1,,2025-07-25
7438,337 ,2246,,600.31,2025-07-25
7439,489,2011,1,334.81,2025-07-25
7440,457,2061,1,353.85,2025-07-25
7441,257,2411,2,528.85,2025-07-25
7442,65,2855,2,508.17,2025-07-25
7443,5,2824,1,201.09,2025-07-25
7444,,1411,10,,2025-07-25
7445,121,1737,2,653.67,2025-07-25
7446,107,1631,3,585.54,2025-07-25
7447,113,,3,159.84,2025-07-25
7448,422,95,1,312.04,2025-07-25
7449,10,,2---,173.6,2025-07-25
7450,309,2252,4,645.12,2025-07-25
7451,81---,1825,5,427.72??,2025-07-25
7452,408,2876,3,643.91,2025-07-25
7453,236,2684,2,589.35,2025-07-25
7454,30,766,1,334.63,2025-07-25
7455,301,1526,20,256.11,2025-07-25
7456,437,1473,,873.74,2025-07-25
7457,405,910,2---,290.54,2025-07-25
7458,408,2876,1,643.91,2025-07-25
7459,79,1408,5,567.8,2025-07-25
7460,208,1655,1,529.71??,2025-07-25
7461,29,1820,2,361.73,2025-07-25
7462,469,1288,3,953.09,2025-07-25
7463,88,2015,1,211.51,2025-07-25
7464,,178,2,1027.84,2025-07-25
7465,233,768,3,896.34,2025-07-25
7466,178,2208,1,934.32,2025-07-25
7467,128,2709,,816.32,2025-07-25
7468,434,2273,2,911.31,2025-07-25
7469,318,795 ,10,311.94,2025-07-25
7470,329,2329,5,589.72,2025-07-25
7471,157,19,,290.7,2025-07-25
7472,248,1308,,452.25,2025-07-25
7473,308,2080,2,,2025-07-25
7474,443,72,2,933.58,2025-07-25
7475,306,1320,5,132.33,2025-07-25
7476,138,1893,,641.47,2025-07-25
7477,,2413,1,715.23,2025-07-25
7478,454,33,4,690.74---,2025-07-25
7479,,,2,637.91,2025-07-25
7480,370,1320,1,604.48,2025-07-25
7481,301,2463,1,256.11,2025-07-25
7482,427,1385,2---,522.79,2025-07-25
7483,364,598,1,531.62,2025-07-25
7484,371,1719 ,10,,2025-07-26
7485,120,,1,None ,2025-07-26
7486,495,2931,1,533.13,2025-07-26
7487,199,1240,5,559.88,2025-07-26
7488,185,1265,2,542.3,2025-07-26
7489,8,995,3,335.13,2025-07-26
7490,466,1685,1,760.02??,2025-07-26
7491,56,1579,5,336.23,2025-07-26
7492,120,136,1,,2025-07-26
7493,89,2328---,2,105.77,2025-07-26
7494,321,1947,1,200.36,2025-07-26
7495,18,2734,1,467.06,2025-07-26
7496,238,1319,2,875.47,2025-07-26
7497,459,2894,1,621.08,2025-07-26
7498,248,1319,1,452.25,2025-07-26
7499,136,1693,2,787.54---,2025-07-26
7500,7,2424,2,378.16,2025-07-26
7501,439,1212,2---,884.89,2025-07-26
7502,48,2305,4,,2025-07-26
7503,203,1664,1,897.73,2025-07-26
7504,83,1476,3,706.86,2025-07-26
7505,117,2529,,232.36,2025-07-26
7506,,2455,1,218.0,2025-07-26
7507,,123,4,325.2,2025-07-26
7508,88,2527,2,211.51,2025-07-26
7509,495,2748,3,533.13,2025-07-26
7510,285,535,1,535.38??,2025-07-26
7511,216,748,,465.22,2025-07-26
7512,20,,3,100.09,2025-07-26
7513,70,845,,624.95,2025-07-26
7514,303,1917,5,261.07,2025-07-26
7515,265,1908,2,754.56,2025-07-26
7516,104,1994,2,855.17,2025-07-26
7517,135,1014,10,1010.19,2025-07-26
7518,209,2996,4,748.09,2025-07-26
7519,227,22,2,309.72,2025-07-26
7520,3,277,4??,311.35---,2025-07-26
7521,175,910,2 ,842.59 ,2025-07-26
7522,496,1907,1,660.1,2025-07-26
7523,133,821,1,572.29,2025-07-26
7524,270,1502,2---,298.5,2025-07-26
7525,337,1534,1,600.31,2025-07-26
7526,236,1840,2,589.35,2025-07-26
7527,279,2714,5,833.88,2025-07-26
7528,,1746,4,766.82,2025-07-26
7529,361,1216,2,319.21,2025-07-26
7530,432,1790,3,398.64,2025-07-26
7531,56,287,2,,2025-07-26
7532,132,196,2,240.09??,2025-07-26
7533,465,1179,2,441.81 ,2025-07-26
7534,305,1329,4,398.85,2025-07-26
7535,95,821,1,1027.63 ,2025-07-26
7536,333,1981,2,418.84,2025-07-26
7537,250,542,1,119.79,2025-07-26
7538,107,2243,1---,585.54,2025-07-26
7539,346,2458,5,555.77,2025-07-26
7540,402,1596,5,851.77,2025-07-26
7541,299,1614,1,840.59,2025-07-26
7542,355,237---,1,336.39,2025-07-26
7543,392,463,1,,2025-07-26
7544,168,,,79.14,2025-07-26
7545,203,1095,20,897.73,2025-07-26
7546,131,975,3,554.81,2025-07-26
7547,278,2904,20,349.92,2025-07-26
7548,43,,3,152.82,2025-07-26
7549,282,1213,,,2025-07-26
7550,409,2026,2,845.34,2025-07-26
7551,314,1023,1,785.07,2025-07-26
7552,404,1950,1,,2025-07-26
7553,160,662,1,924.03,2025-07-26
7554,464,2628??,3,967.59,2025-07-26
7555,257,1766,1,528.85,2025-07-26
7556,62,635,3,864.4,2025-07-26
7557,463,97,3,927.87---,2025-07-26
7558,369,346,5 ,410.57,2025-07-26
7559,3,267,1,311.35---,2025-07-26
7560,268,604,2,,2025-07-26
7561,254,565,1,935.96,2025-07-26
7562,310,2688,3,723.09 ,2025-07-26
7563,272,2402,3,196.75,2025-07-26
7564,47,242,1,,2025-07-26
7565,107,,3,585.54,2025-07-26
7566,10,2810,2,173.6---,2025-07-26
7567,269,1858??,1,617.46,2025-07-26
7568,467,2645,1,943.44,2025-07-26
7569,49,1999,1,,2025-07-26
7570,359,934,2,93.44,2025-07-26
7571,18,904,5,467.06,2025-07-26
7572,249,2072,3,386.0,2025-07-26
7573,373,1259,10,186.09,2025-07-26
7574,66,1969,2,604.37,2025-07-26
7575,42,1874 ,1,372.32,2025-07-26
7576,218,2804,1,736.29,2025-07-26
7577,396??,2375,2,629.9,2025-07-26
7578,97,1144??,2,231.74,2025-07-26
7579,418,730,3 ,394.38,2025-07-26
7580,412,1167,2,628.74,2025-07-26
7581,277,,2,840.11,2025-07-26
7582,496,2171,2,660.1,2025-07-26
7583,481,649,3,479.02,2025-07-26
7584,448,2802,10 ,459.14,2025-07-26
7585,260,2133,3,,2025-07-26
7586,144,2383,1,699.06,2025-07-26
7587,447,2275,4,,2025-07-26
7588,421,2404,3,618.46,2025-07-26
7589,133,560,3,572.29,2025-07-26
7590,86,2208,2,903.56,2025-07-26
7591,499,1380,1,1011.56,2025-07-26
7592,103,2222,20,399.04,2025-07-26
7593,105,1002,1,589.73,2025-07-26
7594,33,203,2??,153.28,2025-07-26
7595,22,723,2,85.88,2025-07-27
7596,27---,2412,1,463.93,2025-07-27
7597,408,1582,1,643.91,2025-07-27
7598,73,52,10,831.62,2025-07-27
7599,357,2769,4,159.21,2025-07-27
7600,46,1078,1,745.3,2025-07-27
7601,336,2224,5,914.9,2025-07-27
7602,152,1150,3,,2025-07-27
7603,242,2410,2---,732.54,2025-07-27
7604,257,713,2,528.85,2025-07-27
7605,83,299,1,706.86,2025-07-27
7606,389,,5,,2025-07-27
7607,321,1911---,4,200.36,2025-07-27
7608,235,,1,475.17,2025-07-27
7609,,1260??,1,588.92,2025-07-27
7610,213,158??,3,932.88,2025-07-27
7611,274,2538,3,186.15,2025-07-27
7612,245,1313,1,676.36,2025-07-27
7613,56,1542,4,336.23,2025-07-27
7614,63,92,1,,2025-07-27
7615,452,152,1,985.54,2025-07-27
7616,404,2939,4,,2025-07-27
7617,62,2199,2---,864.4,2025-07-27
7618,228,468,2,496.54,2025-07-27
7619,34,532,4,378.62,2025-07-27
7620,251,363,1,511.82,2025-07-27
7621,466,2388,2,760.02,2025-07-27
7622,94,55??,10,996.96,2025-07-27
7623,447,1865,5,,2025-07-27
7624,102,2474 ,2,873.82,2025-07-27
7625,132,2648,1,240.09??,2025-07-27
7626,439,533,2,884.89,2025-07-27
7627,157,1806,5,290.7,2025-07-27
7628,36,,5,752.87,2025-07-27
7629,402,410,1,851.77,2025-07-27
7630,,1689,1,,2025-07-27
7631,12,1110,3,810.58,2025-07-27
7632,491,736,,874.7,2025-07-27
7633,22,1010,,85.88,2025-07-27
7634,35,2476,3,198.91,2025-07-27
7635,332,1205,1,104.65,2025-07-27
7636,481,1885,1,479.02,2025-07-27
7637,473,2439,20,123.99,2025-07-27
7638,119,152,3,1025.32,2025-07-27
7639,131,1610,4,554.81,2025-07-27
7640,437,1435,1,873.74,2025-07-27
7641,99,,4,328.52,2025-07-27
7642,469,1633,1,,2025-07-27
7643,248,666,4,452.25,2025-07-27
7644,382,2690,2,427.52,2025-07-27
7645,237,1046,2,57.57??,2025-07-27
7646,366,2135,3,773.63,2025-07-27
7647,442,1692,1,914.26,2025-07-27
7648,395 ,656,5,167.39??,2025-07-27
7649,166,94 ,3,906.51,2025-07-27
7650,304,1724,3,375.79,2025-07-27
7651,318,2831,1,311.94,2025-07-27
7652,125,438,5,186.6,2025-07-27
7653,,2997,,782.67,2025-07-27
7654,398,2384,3,229.92,2025-07-27
7655,499,155,1---,1011.56,2025-07-27
7656,274,882,3,186.15 ,2025-07-27
7657,,1170,2,232.36,2025-07-27
7658,122,2571,2,392.48,2025-07-27
7659,243---,1341,1,435.09,2025-07-27
7660,71??,691,3,116.08,2025-07-27
7661,248,1868,4,452.25,2025-07-27
7662,330,1851,2,558.84,2025-07-27
7663,196,793,3,806.34,2025-07-27
7664,264,619,2,758.53,2025-07-27
7665,341,2125,2,389.03,2025-07-27
7666,243,2987---,2,435.09,2025-07-27
7667,284,385,2,564.02??,2025-07-27
7668,369,2558,5,410.57,2025-07-27
7669,20,2215,1,100.09,2025-07-27
7670,,1097,2,261.07,2025-07-27
7671,247,75,2,,2025-07-27
7672,,1686,5,737.58,2025-07-27
7673,485,1109,1,306.85,2025-07-27
7674,339,721,1,910.33,2025-07-27
7675,255,2808,2,246.39---,2025-07-27
7676,246,1885,20,108.35,2025-07-27
7677,337,901??,20,600.31,2025-07-27
7678,448,1516,20,459.14,2025-07-27
7679,25,650,5,357.09,2025-07-27
7680,33??,1488 ,4,153.28,2025-07-27
7681,220,2754,4,222.79---,2025-07-27
7682,319,2729,2,690.64,2025-07-27
7683,183,526,,386.71,2025-07-27
7684,454,2223---,4,690.74,2025-07-27
7685,210,2560---,,928.31,2025-07-27
7686,80,723,1,402.48,2025-07-27
7687,482,1032,1,411.28,2025-07-27
7688,451,2994,1,442.94,2025-07-27
7689,207,1273,,771.97,2025-07-27
7690,61,2154,3,,2025-07-27
7691,157,13,1,290.7,2025-07-27
7692,67,1507,3,123.92,2025-07-27
7693,302,1342,4,467.1,2025-07-27
7694,89,1641,5,105.77,2025-07-27
7695,432,1655,20,398.64,2025-07-27
7696,,2456,4,116.08,2025-07-27
7697,159,1529,10,237.25,2025-07-27
7698,,33,2,153.28,2025-07-27
7699,27---,1302,1,463.93,2025-07-27
7700,74,1063,3,1024.02,2025-07-27
7701,14,424,2,546.15,2025-07-27
7702,306,2433,5,132.33,2025-07-27
7703,1,1937,1,715.23,2025-07-27
7704,,1760,4,766.82,2025-07-27
7705,251,139,1,511.82,2025-07-27
7706,36,745,1,752.87,2025-07-28
7707,405,1827,3,290.54,2025-07-28
7708,304,2111,2,,2025-07-28
7709,245,2740,1,676.36,2025-07-28
7710,183,702,20,386.71,2025-07-28
7711,448,88,1,459.14,2025-07-28
7712,486,1333,1,860.43,2025-07-28
7713,191,1148,1,493.52,2025-07-28
7714,119,,1??,1025.32,2025-07-28
7715,137,265,2,247.12,2025-07-28
7716,,393,1,280.21,2025-07-28
7717,170,1580,1,700.59,2025-07-28
7718,472,1744,1,105.21,2025-07-28
7719,193,1160,5,217.33,2025-07-28
7720,246,2305---,1,108.35,2025-07-28
7721,96,1075,4,168.18,2025-07-28
7722,42,1157,2,372.32,2025-07-28
7723,44,524,1,460.78,2025-07-28
7724,,424,5,231.74,2025-07-28
7725,442,2734,2,914.26,2025-07-28
7726,55,231,1,182.86,2025-07-28
7727,476,2379,1,234.47,2025-07-28
7728,348,701,3,393.07,2025-07-28
7729,300,292,5,783.08---,2025-07-28
7730,464,2943,3,967.59,2025-07-28
7731,,1216,,679.14,2025-07-28
7732,480,2620,3,702.9,2025-07-28
7733,120,1424,5,,2025-07-28
7734,351??,2604,4,787.87,2025-07-28
7735,373,1473 ,1,186.09,2025-07-28
7736,270,2404,1,298.5---,2025-07-28
7737,32,1190,2,478.74 ,2025-07-28
7738,42,1870,2,372.32,2025-07-28
7739,340,402,3,575.1---,2025-07-28
7740,3,1167,3,311.35---,2025-07-28
7741,256,1198,1,418.38,2025-07-28
7742,411,3000,5,128.07---,2025-07-28
7743,,1710,2,567.8,2025-07-28
7744,53,1201,1,552.85,2025-07-28
7745,366,,,773.63,2025-07-28
7746,184,606,4,707.97,2025-07-28
7747,467,1023 ,1,943.44,2025-07-28
7748,136,868,5---,787.54,2025-07-28
7749,15,369,2,815.2,2025-07-28
7750,108,1494,3,528.81,2025-07-28
7751,280,1003,2,234.31??,2025-07-28
7752,39,2762,3,228.38,2025-07-28
7753,356,797,2,,2025-07-28
7754,413,2125,4,488.56,2025-07-28
7755,260,2590,2---,517.98 ,2025-07-28
7756,463,2663,5,927.87---,2025-07-28
7757,285,1966,4,535.38,2025-07-28
7758,470,1166,1,998.68---,2025-07-28
7759,210,2624,1,928.31,2025-07-28
7760,454,2338,1,690.74,2025-07-28
7761,103,2705,2,399.04,2025-07-28
7762,384---,343,2,855.34,2025-07-28
7763,430,1993,1,815.38,2025-07-28
7764,,941,1---,896.34,2025-07-28
7765,74,2799,10,1024.02,2025-07-28
7766,229,2346,2,657.87,2025-07-28
7767,316,,,466.97,2025-07-28
7768,404,2234,1,,2025-07-28
7769,469,2554,4,953.09,2025-07-28
7770,110,845,5,704.9??,2025-07-28
7771,383,2340,20,682.42,2025-07-28
7772,,572,3??,280.08,2025-07-28
7773,491,2026,2,874.7,2025-07-28
7774,265,984,2,754.56,2025-07-28
7775,381,116,2,65.2,2025-07-28
7776,408,1177,4,643.91,2025-07-28
7777,388,2411,10,379.24??,2025-07-28
7778,208,21,2,529.71??,2025-07-28
7779,312,1032,10,692.62,2025-07-28
7780,45,1463,4,,2025-07-28
7781,351,1073,3,787.87,2025-07-28
7782,44,1457,2,460.78,2025-07-28
7783,443,2136,5,933.58,2025-07-28
7784,174,601,3,503.59,2025-07-28
7785,46,660,5,745.3,2025-07-28
7786,424,1946,1---,607.96,2025-07-28
7787,277,,5,840.11,2025-07-28
7788,392,275,2??,,2025-07-28
7789,43,2294,3,152.82,2025-07-28
7790,338,873,5,187.05,2025-07-28
7791,151,122,3,,2025-07-28
7792,80,2393,2,402.48,2025-07-28
7793,390,259,4---,,2025-07-28
7794,442,1093,1,914.26,2025-07-28
7795,389,1320,1,499.35,2025-07-28
7796,251,1565,20,511.82,2025-07-28
7797,270,2729,2,298.5,2025-07-28
7798,150,245,2,719.4,2025-07-28
7799,294??,2648,1,739.48,2025-07-28
7800,49,895,1,,2025-07-28
7801,208,2375,3,529.71??,2025-07-28
7802,446,1269,3,85.62,2025-07-28
7803,15,724,1,815.2,2025-07-28
7804,65,2282,2,508.17,2025-07-28
7805,70,2668,4,624.95,2025-07-28
7806,248,453,2,452.25,2025-07-28
7807,104,210??,1,855.17,2025-07-28
7808,379??,474,2 ,614.34,2025-07-28
7809,131,2578,3,554.81,2025-07-28
7810,15,1514,3,815.2,2025-07-28
7811,50,2646,2,1007.57,2025-07-28
7812,237,8,2,,2025-07-28
7813,72,403,1 ,163.35,2025-07-28
7814,,1702 ,3,657.22,2025-07-28
7815,357,1762,2,159.21,2025-07-28
7816,269,53,1,617.46,2025-07-28
7817,358,1654,2,186.46 ,2025-07-28
7818,436,2242,1,544.14,2025-07-29
7819,454,282,1,690.74??,2025-07-29
7820,306,2161,1,132.33,2025-07-29
7821,29,642,1,361.73,2025-07-29
7822,166,302,3 ,906.51,2025-07-29
7823,324,629,1,829.29,2025-07-29
7824,276,653,3,404.73,2025-07-29
7825,478,752??,5,537.53,2025-07-29
7826,286,2959,2,775.93,2025-07-29
7827,379,1088,1,614.34,2025-07-29
7828,439,,2,884.89,2025-07-29
7829,363??,2233,1,92.9,2025-07-29
7830,186,466,1,873.65,2025-07-29
7831,386,1428,1,919.81 ,2025-07-29
7832,50,2266,1,1007.57,2025-07-29
7833,241??,2823,2,218.0,2025-07-29
7834,455,2230,1,167.11,2025-07-29
7835,424,1380,1,607.96,2025-07-29
7836,,968,3??,776.68,2025-07-29
7837,317,2401,1,432.9,2025-07-29
7838,,2029,2,998.68,2025-07-29
7839,370??,1436,1,604.48,2025-07-29
7840,315,1225,1,727.37,2025-07-29
7841,138,2767,4,641.47,2025-07-29
7842,393,2699,3,704.08,2025-07-29
7843,128,1969,,816.32,2025-07-29
7844,190,1880,1,,2025-07-29
7845,378,1804,2,305.61,2025-07-29
7846,108,2019,1,528.81,2025-07-29
7847,127,2318,1,190.88,2025-07-29
7848,432,1190,3,398.64,2025-07-29
7849,469,675,2,953.09,2025-07-29
7850,267,1298,2,839.54,2025-07-29
7851,324,31,2,829.29,2025-07-29
7852,370,70,,604.48,2025-07-29
7853,212,2831,1,952.19,2025-07-29
7854,466,1602,,760.02,2025-07-29
7855,119,781,3,,2025-07-29
7856,204,428,2,,2025-07-29
7857,107,2783,1,585.54,2025-07-29
7858,,615,3,537.53,2025-07-29
7859,431,1138,1---,272.8,2025-07-29
7860,482,1494,1,411.28,2025-07-29
7861,199,2187,4,559.88,2025-07-29
7862,474,1592,2,None??,2025-07-29
7863,395,1303,5,167.39?? ,2025-07-29
7864,409,917,1,845.34,2025-07-29
7865,472,2137,1,105.21,2025-07-29
7866,364,,4,531.62,2025-07-29
7867,450,2482,,325.2,2025-07-29
7868,,438,2,508.17,2025-07-29
7869,299,279,3,840.59,2025-07-29
7870,190,964---,2,461.29,2025-07-29
7871,9,2558,2,606.63,2025-07-29
7872,326,,5,648.98,2025-07-29
7873,156,771,3,399.02,2025-07-29
7874,145,2302,3,349.01,2025-07-29
7875,300,1891,2,783.08---,2025-07-29
7876,38,515---,1,147.85,2025-07-29
7877,295??,202,3,368.63,2025-07-29
7878,348,1318,1,393.07,2025-07-29
7879,,,,369.08,2025-07-29
7880,385,2378,2,509.11,2025-07-29
7881,165,906,,709.09,2025-07-29
7882,158,971,2,872.08,2025-07-29
7883,137,2977,3,,2025-07-29
7884,401,2138,1,457.8,2025-07-29
7885,21,2652,3,374.08,2025-07-29
7886,276,1655,2,404.73,2025-07-29
7887,155,1608,1,657.22,2025-07-29
7888,439 ,715,,884.89,2025-07-29
7889,409,1807,2,845.34,2025-07-29
7890,356,1502,2,511.55,2025-07-29
7891,477,93,1,168.82,2025-07-29
7892,72,2487,1,163.35,2025-07-29
7893,325,2611,3,661.39,2025-07-29
7894,388,981,4,379.24,2025-07-29
7895,172,2349,1,927.62,2025-07-29
7896,4,718,1??,587.27,2025-07-29
7897,241,1478,2,218.0,2025-07-29
7898,44,,10,460.78,2025-07-29
7899,474,2244,2,,2025-07-29
7900,56,1956,2??,336.23,2025-07-29
7901,311,2861,2 ,713.33,2025-07-29
7902,365,2233,3,776.68,2025-07-29
7903,317,1616,2,432.9,2025-07-29
7904,371,2018,1,348.36,2025-07-29
7905,342,1900,4,882.83,2025-07-29
7906,364,1302,3,,2025-07-29
7907,292,2400,2,160.65,2025-07-29
7908,454,,3,690.74,2025-07-29
7909,265,1917,1,754.56,2025-07-29
7910,236,2130,2,589.35,2025-07-29
7911,319,2120,2,690.64 ,2025-07-29
7912,500,2135,5,932.15,2025-07-29
7913,131,2953,10,,2025-07-29
7914,113,788,1,159.84,2025-07-29
7915,71,844,1,116.08,2025-07-29
7916,253,505,2,550.0,2025-07-29
7917,427,2540,3,522.79,2025-07-29
7918,382,1367,10,427.52,2025-07-29
7919,243,1034,1---,435.09??,2025-07-29
7920,134,991,4,,2025-07-29
7921,24,1666,2,891.92,2025-07-29
7922,455,2139,3,167.11,2025-07-29
7923,268,1861,2,,2025-07-29
7924,349,2821,2,464.38 ,2025-07-29
7925,210,2222,3,928.31,2025-07-29
7926,178,1790,3,934.32,2025-07-29
7927,442,735,3 ,914.26,2025-07-29
7928,78,,2,555.77,2025-07-29
7929,374,2605,10,711.19,2025-07-30
7930,113,2261,2,159.84,2025-07-30
7931,163,2001,2,435.68,2025-07-30
7932,1,1355,1,715.23,2025-07-30
7933,356,1900,4,511.55---,2025-07-30
7934,52,1838,,782.67,2025-07-30
7935,425,926,2,99.98,2025-07-30
7936,390??,2739,5,,2025-07-30
7937,412---,1826,3,628.74,2025-07-30
7938,468,42,5,388.65,2025-07-30
7939,160,1410,3---,924.03,2025-07-30
7940,255??,1290,3,246.39,2025-07-30
7941,,1101,4,897.73,2025-07-30
7942,429,1405,2,299.59,2025-07-30
7943,163,1068,1,435.68,2025-07-30
7944,382,850,1,427.52,2025-07-30
7945,336,1540,2,914.9,2025-07-30
7946,224,1522,4,835.41,2025-07-30
7947,22,1365,1,85.88,2025-07-30
7948,335,254,3,242.79,2025-07-30
7949,268,176,4,,2025-07-30
7950,120,2360,1,,2025-07-30
7951,436,372,1,544.14,2025-07-30
7952,471,469,3,766.82,2025-07-30
7953,240,562,3,841.37,2025-07-30
7954,197,1588,10,570.36,2025-07-30
7955,375,882,2,360.24,2025-07-30
7956,220,1389,1,222.79,2025-07-30
7957,221,,2,981.95,2025-07-30
7958,154,841,5 ,730.08,2025-07-30
7959,197,,1,570.36,2025-07-30
7960,108---,1723,1,528.81,2025-07-30
7961,14,2162,1,546.15,2025-07-30
7962,89,2470,1,105.77,2025-07-30
7963,224,1552,2,835.41,2025-07-30
7964,380,2902,1,728.24,2025-07-30
7965,29,335,2,361.73,2025-07-30
7966,477,203,5,168.82,2025-07-30
7967,355,444,20,336.39,2025-07-30
7968,248,439,2,452.25,2025-07-30
7969,70,1621,1,624.95,2025-07-30
7970,154,2391,2,730.08,2025-07-30
7971,,1382,1,723.09 ,2025-07-30
7972,159,2193,1,237.25,2025-07-30
7973,168,2263,1,79.14,2025-07-30
7974,443,2643,3,933.58,2025-07-30
7975,346,1892,1,555.77,2025-07-30
7976,373,1589,5,186.09,2025-07-30
7977,,406,3,855.17,2025-07-30
7978,272,2548,1,196.75,2025-07-30
7979,,266---,20 ,116.62,2025-07-30
7980,353,1426,1,709.75,2025-07-30
7981,176,1753,1,475.79,2025-07-30
7982,7,280,,378.16,2025-07-30
7983,279,1226,4 ,833.88,2025-07-30
7984,338,2785,1,187.05,2025-07-30
7985,484,1392,1,816.36,2025-07-30
7986,234??,2128,1,604.44,2025-07-30
7987,236,1982,5,589.35,2025-07-30
7988,397,2452,,637.91,2025-07-30
7989,450,1495,1,325.2,2025-07-30
7990,262,2798,1,75.74,2025-07-30
7991,411,644,1 ,128.07,2025-07-30
7992,409,2806,1,,2025-07-30
7993,271,2274,10,590.56,2025-07-30
7994,378,2046,1,305.61,2025-07-30
7995,294,54,1,739.48,2025-07-30
7996,,1402,1 ,912.05---,2025-07-30
7997,404,1212,1,,2025-07-30
7998,338,1775,1,187.05,2025-07-30
7999,329,687,1,589.72,2025-07-30
8000,78,1304,1,555.77 ,2025-07-30
8001,108,333,5,528.81,2025-07-30
8002,303,1286,2,261.07,2025-07-30
8003,234,206,1,604.44,2025-07-30
8004,342,2144,4,882.83,2025-07-30
8005,231,2545,3,585.37,2025-07-30
8006,277,848---,20,840.11,2025-07-30
8007,478,760,2,537.53,2025-07-30
8008,29,252,2,361.73,2025-07-30
8009,134,2565,1,,2025-07-30
8010,34,2596,2,378.62,2025-07-30
8011,475,2881,2,626.39,2025-07-30
8012,210,613,2 ,928.31 ,2025-07-30
8013,72,776,10,163.35,2025-07-30
8014,,1358,1,418.38,2025-07-30
8015,273,1001,1,84.32,2025-07-30
8016,379,484,2,614.34,2025-07-30
8017,136,1827,2,787.54,2025-07-30
8018,498,873,1,369.08,2025-07-30
8019,475,1068,1,626.39,2025-07-30
8020,187,,3,592.25,2025-07-30
8021,279,,5,833.88,2025-07-30
8022,1,1238,2,,2025-07-30
8023,225,1178,20,711.78,2025-07-30
8024,422,815,10,312.04,2025-07-30
8025,233,2118,1,896.34,2025-07-30
8026,293??,118,1,619.01,2025-07-30
8027,220,1254,2,222.79,2025-07-30
8028,242,2261,1,732.54,2025-07-30
8029,325,542,2,661.39??,2025-07-30
8030,171,2578,2,914.96,2025-07-30
8031,130,810,2,839.05,2025-07-30
8032,42,561,5,372.32,2025-07-30
8033,104,1735,4,855.17,2025-07-30
8034,374,,1,711.19,2025-07-30
8035,387,1261,2,680.0,2025-07-30
8036,54,2077,10,472.78,2025-07-30
8037,382,1371,3,,2025-07-30
8038,225,140,3,711.78,2025-07-30
8039,248,1176,5,452.25,2025-07-30
8040,455,1025,2,167.11,2025-07-31
8041,207,2057,1,771.97,2025-07-31
8042,247,1579,1,,2025-07-31
8043,14,1997,4,546.15,2025-07-31
8044,427,596,1,522.79,2025-07-31
8045,410,2615,2,81.87,2025-07-31
8046,21,1783,1,374.08,2025-07-31
8047,477,2842,1,168.82,2025-07-31
8048,52,,3,782.67,2025-07-31
8049,374,1589??,5??,711.19,2025-07-31
8050,339,1015??,1,910.33,2025-07-31
8051,99,909,1,328.52,2025-07-31
8052,123,1015 ,1,365.2,2025-07-31
8053,,56,4,975.6,2025-07-31
8054,431,839,2,272.8,2025-07-31
8055,15,2221,1,815.2,2025-07-31
8056,469,1972,,953.09,2025-07-31
8057,,1903,3,85.62,2025-07-31
8058,191,1003,3,493.52,2025-07-31
8059,59,239,4,474.39,2025-07-31
8060,,10---,2,120.07,2025-07-31
8061,,1729,1,1011.56,2025-07-31
8062,208,2021,2,529.71??,2025-07-31
8063,218,1961,5 ,736.29,2025-07-31
8064,449,,3,944.0,2025-07-31
8065,25,1647,3,357.09,2025-07-31
8066,,2750,5,715.23,2025-07-31
8067,477,2322,1,168.82,2025-07-31
8068,132,261??,2,240.09??,2025-07-31
8069,388,2029,1,379.24,2025-07-31
8070,172,266,1,927.62,2025-07-31
8071,472 ,2840,1,105.21,2025-07-31
8072,288,995,2,448.78,2025-07-31
8073,142,2994,,858.79,2025-07-31
8074,69,370,4,373.1,2025-07-31
8075,230,511,1,193.39,2025-07-31
8076,169,1871,4,257.94,2025-07-31
8077,385,578,4??,,2025-07-31
8078,140,56,5,822.22,2025-07-31
8079,293,1623,1,619.01,2025-07-31
8080,30,981,2,334.63,2025-07-31
8081,130,195,3,839.05,2025-07-31
8082,393,2193,3,704.08,2025-07-31
8083,,866,4,160.65,2025-07-31
8084,121,1189,3,653.67,2025-07-31
8085,4,2886,2,587.27,2025-07-31
8086,478,,1 ,537.53,2025-07-31
8087,136,,2,787.54,2025-07-31
8088,370,2864,4,604.48,2025-07-31
8089,44,1510,5,460.78,2025-07-31
8090,482,1836,5,411.28,2025-07-31
8091,215,323,2,498.59,2025-07-31
8092,225,1178,2,711.78,2025-07-31
8093,477,966,4,168.82,2025-07-31
8094,344,2094,1 ,925.4,2025-07-31
8095,441,1162,1,773.78,2025-07-31
8096,219,596,1,604.87,2025-07-31
8097,,2775,1,,2025-07-31
8098,178,2731,3,934.32,2025-07-31
8099,144,2987,5,699.06,2025-07-31
8100,353,1289,3,709.75,2025-07-31
8101,122??,174,5,392.48,2025-07-31
8102,13,1193,5,,2025-07-31
8103,444,1156,1,1036.18,2025-07-31
8104,160,2168,2,924.03,2025-07-31
8105,33,2342,3,153.28,2025-07-31
8106,60,2690,3,606.21,2025-07-31
8107,65,511,4,508.17,2025-07-31
8108,401,651,1,457.8,2025-07-31
8109,421,2132,1,618.46,2025-07-31
8110,483,1117,2,259.65,2025-07-31
8111,169,228,2,257.94,2025-07-31
8112,70,,1,624.95,2025-07-31
8113,258,2825,1,689.11,2025-07-31
8114,440,210,4,,2025-07-31
8115,14??,1341,2,546.15,2025-07-31
8116,31,668,2,79.99,2025-07-31
8117,9,498,2,606.63,2025-07-31
8118,330,448,3,558.84,2025-07-31
8119,289,2615,2,,2025-07-31
8120,152,1323,3,,2025-07-31
8121,274,353??,1,,2025-07-31
8122,436,2963??,2,544.14,2025-07-31
8123,383,603,3,682.42,2025-07-31
8124,335,2295,1,242.79,2025-07-31
8125,,2043,2,897.73,2025-07-31
8126,298,298,2,162.53,2025-07-31
8127,271,729,4,590.56,2025-07-31
8128,379,2746,1,614.34,2025-07-31
8129,352,883,1 ,638.9 ,2025-07-31
8130,37,1445,2,,2025-07-31
8131,234,2752,5,604.44,2025-07-31
8132,48,771,1,,2025-07-31
8133,497,742,5,513.71,2025-07-31
8134,,552,5,509.11,2025-07-31
8135,491,421,5,874.7,2025-07-31
8136,120,380,1,,2025-07-31
8137,10,1265,3,173.6,2025-07-31
8138,225,2529,2,711.78,2025-07-31
8139,158,617,20,872.08,2025-07-31
8140,239,1066,4,,2025-07-31
8141,147,145,1,755.36,2025-07-31
8142,244,2532,3,951.6,2025-07-31
8143,255,1219,3,246.39,2025-07-31
8144,156,519,1,399.02,2025-07-31
8145,430,739,1,815.38,2025-07-31
8146,475,351,1,626.39,2025-07-31
8147,246,173,1,108.35,2025-07-31
8148,367---,1717---,3,503.81,2025-07-31
8149,45,1581,5,,2025-07-31
8150,282,2946,2,514.12,2025-07-31
8151,,1916,2,488.56??,2025-08-01
8152,377,1830,2,588.92,2025-08-01
8153,128,1122,1,816.32,2025-08-01
8154,182,218,20,378.55,2025-08-01
8155,147,2884,1,755.36,2025-08-01
8156,55,752,2,,2025-08-01
8157,141,1889,5,602.55,2025-08-01
8158,286,2555,2,775.93,2025-08-01
8159,459,2888,,621.08,2025-08-01
8160,6,2532,1,284.23,2025-08-01
8161,123,2799??,1,365.2,2025-08-01
8162,348,1828,2,393.07,2025-08-01
8163,36,2196,10,752.87,2025-08-01
8164,489,2479,2,334.81,2025-08-01
8165,233,1595,2,,2025-08-01
8166,261---,804,2,982.83,2025-08-01
8167,249,1499,1,386.0,2025-08-01
8168,86,1686,,903.56??,2025-08-01
8169,86,1202,1,903.56,2025-08-01
8170,197,2881,1,570.36,2025-08-01
8171,376,77,2,884.87,2025-08-01
8172,262,2490,1,75.74,2025-08-01
8173,45,,1,,2025-08-01
8174,126,1283,2,373.76 ,2025-08-01
8175,316,2236,1,466.97,2025-08-01
8176,357,481,4,159.21,2025-08-01
8177,428,2037,2,856.4,2025-08-01
8178,249,1149??,2,386.0,2025-08-01
8179,249,1379,10,386.0,2025-08-01
8180,247,2783,2,,2025-08-01
8181,396,1829,5,629.9---,2025-08-01
8182,362,,4,763.92,2025-08-01
8183,406,2638,5,532.33,2025-08-01
8184,308,1260,2,281.83,2025-08-01
8185,407,1787,1,323.97,2025-08-01
8186,436,1744,2,544.14,2025-08-01
8187,253,279,1,550.0,2025-08-01
8188,48,366,1,,2025-08-01
8189,31,1469,3,79.99,2025-08-01
8190,389,1381,1,499.35,2025-08-01
8191,216,2003,2,465.22,2025-08-01
8192,35,850,3,198.91,2025-08-01
8193,95,2843,1,1027.63,2025-08-01
8194,429,1830,2,299.59,2025-08-01
8195,319,,2,690.64,2025-08-01
8196,93,1987,1,,2025-08-01
8197,156,1260,1---,399.02,2025-08-01
8198,442,2560,2,914.26,2025-08-01
8199,254,2111,2,935.96,2025-08-01
8200,114,2794,4,583.63,2025-08-01
8201,313,165,4,256.73,2025-08-01
8202,30,492,1,334.63,2025-08-01
8203,240,1860,2,841.37,2025-08-01
8204,73,1126,5,831.62,2025-08-01
8205,375,2005,1,360.24,2025-08-01
8206,171,272,2,914.96,2025-08-01
8207,98,1014,1,332.9 ,2025-08-01
8208,375,2114,5,360.24,2025-08-01
8209,170 ,,1,,2025-08-01
8210,71,1712,2,116.08,2025-08-01
8211,250,1624,1,119.79,2025-08-01
8212,447,211,1,,2025-08-01
8213,153,250,5,118.03,2025-08-01
8214,262,1825,1,75.74,2025-08-01
8215,,2748,2??,603.39,2025-08-01
8216,112,262,,110.65---,2025-08-01
8217,185,971,3,542.3,2025-08-01
8218,304,2917,2,375.79,2025-08-01
8219,223,2643,1,679.14,2025-08-01
8220,396,345,1,629.9,2025-08-01
8221,275,1046,5,270.69,2025-08-01
8222,161,259,1,480.94,2025-08-01
8223,171,881,3,914.96,2025-08-01
8224,102??,2892,1,873.82,2025-08-01
8225,157,2344,5,290.7,2025-08-01
8226,55,640,1,182.86,2025-08-01
8227,,2244,3,829.29,2025-08-01
8228,444,2358,1,1036.18,2025-08-01
8229,448,,1,459.14,2025-08-01
8230,283 ,805,3,363.65,2025-08-01
8231,409,1648,2,845.34??,2025-08-01
8232,198,2130,1,213.46,2025-08-01
8233,309,51,1,645.12---,2025-08-01
8234,245,2505,1,676.36,2025-08-01
8235,351,2199,2,787.87,2025-08-01
8236,374,1747,2,711.19,2025-08-01
8237,470,209,2,998.68,2025-08-01
8238,,2142,1,186.79,2025-08-01
8239,323,1091,4,347.62,2025-08-01
8240,176,2777,5,475.79,2025-08-01
8241,42,2427,5,372.32,2025-08-01
8242,406,759,1,532.33,2025-08-01
8243,260,748,2,517.98 ,2025-08-01
8244,187,1884,2,592.25,2025-08-01
8245,426,584,4,904.53,2025-08-01
8246,209,1296,1,748.09,2025-08-01
8247,160,,1,924.03,2025-08-01
8248,342,2059,2,882.83,2025-08-01
8249,285,1461,2,535.38,2025-08-01
8250,462,2434,4,754.85,2025-08-01
8251,209,1439,2,748.09,2025-08-01
8252,322,1305,1,253.21,2025-08-01
8253,220,998,1,222.79,2025-08-01
8254,64,1135,3,149.34,2025-08-01
8255,,1449,1,168.18,2025-08-01
8256,454,2287,1,690.74,2025-08-01
8257,101,2374,4,76.75,2025-08-01
8258,371,493,4,348.36,2025-08-01
8259,268,1953,1,,2025-08-01
8260,179,378,3,355.87,2025-08-01
8261,182,767,3,378.55,2025-08-01
8262,126,1054,5,373.76  ,2025-08-02
8263,284,2166,1,564.02,2025-08-02
8264,163,165---,5,435.68,2025-08-02
8265,387,126,4,680.0,2025-08-02
8266,243,2582,2,435.09,2025-08-02
8267,429,1087,3,299.59,2025-08-02
8268,396---,585,1,629.9,2025-08-02
8269,435,,2,972.91,2025-08-02
8270,485,1081,2,306.85,2025-08-02
8271,495,,1,,2025-08-02
8272,109,1699,2,731.8,2025-08-02
8273,165,499,1,709.09,2025-08-02
8274,242,2343,5,732.54,2025-08-02
8275,,2284,1,,2025-08-02
8276,217,10,4,710.49,2025-08-02
8277,218,1428,1,736.29,2025-08-02
8278,,1849,,,2025-08-02
8279,356,1774,1,511.55,2025-08-02
8280,300,2189---,10,783.08---,2025-08-02
8281,271,419,2,590.56,2025-08-02
8282,479,1054,5,361.65,2025-08-02
8283,124,2588,2,,2025-08-02
8284,249??,482,4,386.0,2025-08-02
8285,74,2872,2,1024.02,2025-08-02
8286,386,2810,2,919.81 ,2025-08-02
8287,255,1512,10,246.39,2025-08-02
8288,408,1777,3,643.91,2025-08-02
8289,147,2983,,755.36,2025-08-02
8290,163,22,3,435.68,2025-08-02
8291,166,2467,2,906.51,2025-08-02
8292,271,2008,3,590.56,2025-08-02
8293,,433,3,393.07,2025-08-02
8294,317,2365---,1,432.9,2025-08-02
8295,386,1907,10,919.81 ,2025-08-02
8296,205,2140,2??,589.26,2025-08-02
8297,147,990,1,755.36,2025-08-02
8298,,2742,5,659.64,2025-08-02
8299,245,403,1,676.36,2025-08-02
8300,96,1337,5,168.18,2025-08-02
8301,,964,2,652.82,2025-08-02
8302,498,1245,1,369.08,2025-08-02
8303,240,2408,20,841.37,2025-08-02
8304,242,1096 ,,,2025-08-02
8305,222,1265,4,681.73,2025-08-02
8306,198,420---,2,213.46,2025-08-02
8307,,1484 ,2,544.14,2025-08-02
8308,251,866,1,511.82,2025-08-02
8309,,2298,2,186.6 ,2025-08-02
8310,69,2517,4,373.1,2025-08-02
8311,373,683,1,186.09,2025-08-02
8312,495,2000,20,533.13,2025-08-02
8313,151,1544,3,603.39,2025-08-02
8314,91,627,1,230.02,2025-08-02
8315,38,191,1,147.85,2025-08-02
8316,442,2524,,,2025-08-02
8317,243,1216,,435.09,2025-08-02
8318,202,162,1,480.12,2025-08-02
8319,384,2364,2,855.34,2025-08-02
8320,352,2336,2,638.9,2025-08-02
8321,232,260,2,860.62??,2025-08-02
8322,203,2187,2,897.73,2025-08-02
8323,454,1141,1,690.74,2025-08-02
8324,499,2644 ,2,1011.56,2025-08-02
8325,426,106,,904.53,2025-08-02
8326,419,1391,3,138.89,2025-08-02
8327,207,219,2,771.97,2025-08-02
8328,454,835,1,690.74,2025-08-02
8329,223,2223,2,679.14,2025-08-02
8330,89,2073,2,105.77,2025-08-02
8331,104,,20,855.17,2025-08-02
8332,159,1344,2,237.25,2025-08-02
8333,470,1117,2,998.68,2025-08-02
8334,396??,557,4,629.9,2025-08-02
8335,141,2297,3,602.55,2025-08-02
8336,44,,1,460.78,2025-08-02
8337,126,1485,1,373.76 ,2025-08-02
8338,,2553,10,509.11,2025-08-02
8339,440,676 ,3,,2025-08-02
8340,439,46,3,884.89,2025-08-02
8341,337,910,,600.31,2025-08-02
8342,231,2700,2,585.37,2025-08-02
8343,206,1944,1,401.24,2025-08-02
8344,4,819,4,587.27,2025-08-02
8345,65,2943,2,508.17,2025-08-02
8346,256,2238,3,418.38,2025-08-02
8347,277,566,3---,840.11,2025-08-02
8348,245,2520,1,676.36,2025-08-02
8349,133,2920,2 ,572.29,2025-08-02
8350,433,1399,20,494.44,2025-08-02
8351,260,598,2,517.98 ,2025-08-02
8352,215,,3,498.59,2025-08-02
8353,322,1877,4,253.21,2025-08-02
8354,189,976,2,1027.84,2025-08-02
8355,89,,4,105.77,2025-08-02
8356,40,1649,2,727.08,2025-08-02
8357,353,666,1,709.75,2025-08-02
8358,4,193,1,587.27,2025-08-02
8359,327,2454,2,,2025-08-02
8360,443,459,4,933.58,2025-08-02
8361,162,1227,1,669.67,2025-08-02
8362,25,2229,5,357.09,2025-08-02
8363,368,574,3,614.3,2025-08-02
8364,418,23,2,394.38,2025-08-02
8365,295,,4,368.63,2025-08-02
8366,4,2568,2,587.27,2025-08-02
8367,66,349,1,604.37,2025-08-02
8368,174,2516,1,503.59,2025-08-02
8369,292,794,1,160.65,2025-08-02
8370,390,2657,1 ,,2025-08-02
8371,150,2927,2,719.4,2025-08-02
8372,132,2367,1,240.09??,2025-08-02
8373,58,2687,4,994.69,2025-08-03
8374,367,1947,1,503.81,2025-08-03
8375,365,1820,10,776.68,2025-08-03
8376,431,1116,20,272.8,2025-08-03
8377,82,1389,1,535.76,2025-08-03
8378,208,1606,4,529.71??,2025-08-03
8379,142,840,1,858.79,2025-08-03
8380,466,1211,,760.02,2025-08-03
8381,405,810,20,290.54,2025-08-03
8382,113,2805,1,159.84,2025-08-03
8383,235,2285,4,475.17,2025-08-03
8384,392,2505,10,,2025-08-03
8385,296,1685,1,871.21,2025-08-03
8386,166,834,3,906.51,2025-08-03
8387,307,542,1,432.28,2025-08-03
8388,157,433,1,290.7,2025-08-03
8389,97,451,2,231.74,2025-08-03
8390,482,237,5,411.28,2025-08-03
8391,195,1149,1 ,410.16,2025-08-03
8392,413,512,1,488.56,2025-08-03
8393,141,1986,1,602.55,2025-08-03
8394,467,255,3,943.44,2025-08-03
8395,320,2261,1,438.03,2025-08-03
8396,397,2475,2,637.91,2025-08-03
8397,67,1287,5,123.92,2025-08-03
8398,298,1138,,162.53,2025-08-03
8399,52,2480,1,782.67,2025-08-03
8400,435,2574,1,972.91,2025-08-03
8401,154,1402,5,730.08,2025-08-03
8402,31,1263,1,79.99??,2025-08-03
8403,235,1010---,1,475.17,2025-08-03
8404,290,637,4,774.21,2025-08-03
8405,316,591,3,466.97,2025-08-03
8406,89,675,4,,2025-08-03
8407,372,571,3,616.97,2025-08-03
8408,292,1399,2,160.65,2025-08-03
8409,190,361,3,461.29,2025-08-03
8410,378,918,1,305.61,2025-08-03
8411,56---,,,,2025-08-03
8412,143,1828,4,181.27,2025-08-03
8413,320,2575,1,438.03,2025-08-03
8414,307 ,778,20,432.28,2025-08-03
8415,29,2883,2,361.73,2025-08-03
8416,59,419,1,474.39,2025-08-03
8417,59,1353,5,474.39,2025-08-03
8418,208,1771,20,529.71??,2025-08-03
8419,,6,3,,2025-08-03
8420,140,1726,2,822.22,2025-08-03
8421,79,2758,1,567.8,2025-08-03
8422,59,,1,474.39,2025-08-03
8423,235,2949,2,475.17??,2025-08-03
8424,266,308,2,401.69,2025-08-03
8425,387,175,1,680.0,2025-08-03
8426,141,540,1,602.55,2025-08-03
8427,399,2243,,773.65,2025-08-03
8428,441,730,1,773.78,2025-08-03
8429,260??,1356,1,517.98 ,2025-08-03
8430,101 ,627,5,76.75,2025-08-03
8431,38,1355,,147.85,2025-08-03
8432,311,2097,1,713.33,2025-08-03
8433,402,70,5,851.77,2025-08-03
8434,341,2982,2,389.03,2025-08-03
8435,312,2380,1,692.62,2025-08-03
8436,336,2169,1,914.9,2025-08-03
8437,399,398,2,773.65,2025-08-03
8438,172,959,,927.62,2025-08-03
8439,257,680,2,528.85,2025-08-03
8440,460,1670,3,895.71,2025-08-03
8441,276,1480,4,404.73,2025-08-03
8442,282,1874,1,514.12,2025-08-03
8443,,102,4,616.97,2025-08-03
8444,344,672,4,925.4,2025-08-03
8445,184,46,4,707.97,2025-08-03
8446,45,1343,5??,,2025-08-03
8447,398,251,4,229.92,2025-08-03
8448,57,2342,1,222.83,2025-08-03
8449,485,1507,5,306.85,2025-08-03
8450,41,1838,1,120.07,2025-08-03
8451,,1073,5,116.08,2025-08-03
8452,35,1275,4,,2025-08-03
8453,91,1832,3,,2025-08-03
8454,445,1184,4,365.38,2025-08-03
8455,240,943,1,841.37,2025-08-03
8456,243,1179,1,435.09,2025-08-03
8457,377,1211,1,588.92,2025-08-03
8458,4,1465,2,587.27,2025-08-03
8459,316,,3,466.97,2025-08-03
8460,,1564??,2,365.42,2025-08-03
8461,238,955,1,875.47,2025-08-03
8462,196,2969---,1,806.34,2025-08-03
8463,127,2922,1,190.88,2025-08-03
8464,217,1674,1,710.49,2025-08-03
8465,328,1277,5,413.2,2025-08-03
8466,423,1811,1,712.19,2025-08-03
8467,490??,404,2,,2025-08-03
8468,25,2990,1,357.09,2025-08-03
8469,54,1690,1 ,472.78,2025-08-03
8470,176,1855,,475.79,2025-08-03
8471,372,2125,4,616.97,2025-08-03
8472,297,,1,745.77,2025-08-03
8473,447,2568,3,,2025-08-03
8474,149,1477,3,487.7??,2025-08-03
8475,16,929,1,376.78,2025-08-03
8476,244,2941,1,951.6,2025-08-03
8477,92,1837,1,261.06,2025-08-03
8478,208,975,1,529.71??,2025-08-03
8479,44,1332,2,460.78,2025-08-03
8480,112,1846,5,110.65 ,2025-08-03
8481,212,2535,1,952.19,2025-08-03
8482,383,1818,3---,682.42,2025-08-03
8483,434,1419,3,911.31,2025-08-03
8484,157,181,1,290.7,2025-08-04
8485,287,756,2??,365.42,2025-08-04
8486,21,93,1,,2025-08-04
8487,172,1633,5,927.62,2025-08-04
8488,380,861,1,728.24,2025-08-04
8489,388,1283,1,379.24,2025-08-04
8490,363,977,5,92.9,2025-08-04
8491,177,2251,3,652.82,2025-08-04
8492,376,1400,5,884.87,2025-08-04
8493,126,2394,2,373.76 ,2025-08-04
8494,22,1645,2,85.88,2025-08-04
8495,211,942,5,,2025-08-04
8496,164---,95,1,373.42??,2025-08-04
8497,8,1245,2,335.13 ,2025-08-04
8498,218,1345,2,736.29,2025-08-04
8499,222,1666,3,681.73,2025-08-04
8500,63,798,1,,2025-08-04
8501,21,233,,374.08,2025-08-04
8502,191,504,2,493.52,2025-08-04
8503,205,699,3,589.26,2025-08-04
8504,143,2995,2,181.27,2025-08-04
8505,257,1464??,2,528.85,2025-08-04
8506,172,2347,2,927.62,2025-08-04
8507,363,322,3,92.9,2025-08-04
8508,426,1245,3,904.53,2025-08-04
8509,104,1427,1,,2025-08-04
8510,303,806,1,261.07,2025-08-04
8511,312,2727,3,692.62,2025-08-04
8512,390,89,1,,2025-08-04
8513,419,15,3,138.89,2025-08-04
8514,224,2041,1,835.41,2025-08-04
8515,136,2657,3,787.54,2025-08-04
8516,164,1084,1,,2025-08-04
8517,271,2305,4,590.56,2025-08-04
8518,487,2408,1,237.09??,2025-08-04
8519,,567,2,595.75,2025-08-04
8520,58,2384??,5,994.69,2025-08-04
8521,132,1835,1,240.09??,2025-08-04
8522,377,2475,4,588.92,2025-08-04
8523,208,2962,1,,2025-08-04
8524,163,245,,435.68,2025-08-04
8525,403,2849,1,426.25,2025-08-04
8526,331,1147,1,468.72,2025-08-04
8527,220,1141,1 ,222.79,2025-08-04
8528,111,2043,2,629.21,2025-08-04
8529,282,1715---,1,514.12,2025-08-04
8530,209,120,3,,2025-08-04
8531,365,1612---,2,776.68,2025-08-04
8532,39,631,1,228.38,2025-08-04
8533,329,371,2,589.72,2025-08-04
8534,334,311,3,202.93,2025-08-04
8535,86,2102,3,903.56,2025-08-04
8536,57,284,2,222.83,2025-08-04
8537,125,1087,2,186.6,2025-08-04
8538,323,1262,1,347.62,2025-08-04
8539,94,567,1,996.96,2025-08-04
8540,158,,1,872.08,2025-08-04
8541,241,,1,218.0??,2025-08-04
8542,299,2759,3,840.59,2025-08-04
8543,105,2360,2,589.73,2025-08-04
8544,251,,2,511.82,2025-08-04
8545,6,1877,,284.23,2025-08-04
8546,162,1139,1,669.67,2025-08-04
8547,10,38,4,173.6,2025-08-04
8548,300,1132,2,783.08---,2025-08-04
8549,2,1557,3,566.23,2025-08-04
8550,309,1482,1,645.12,2025-08-04
8551,497,988,2,513.71,2025-08-04
8552,105,2658,10,589.73,2025-08-04
8553,289,1851,1,,2025-08-04
8554,300,2194,2,783.08---,2025-08-04
8555,498,1614,,369.08,2025-08-04
8556,145??,917,1,349.01,2025-08-04
8557,211,,4,527.98,2025-08-04
8558,6,1831,1,284.23,2025-08-04
8559,,1984,4,,2025-08-04
8560,101,1418,5,76.75,2025-08-04
8561,285,1185,1,535.38,2025-08-04
8562,499,1985,1,1011.56,2025-08-04
8563,432,,4,398.64,2025-08-04
8564,101,2416---,,76.75,2025-08-04
8565,137,1100,2,247.12,2025-08-04
8566,208,2366,4,529.71??,2025-08-04
8567,306,,2,132.33,2025-08-04
8568,425,,5??,99.98,2025-08-04
8569,133,454,2,572.29,2025-08-04
8570,336,1793,,914.9,2025-08-04
8571,56,2168,1,336.23 ,2025-08-04
8572,65,544,,508.17,2025-08-04
8573,137,423,1,247.12,2025-08-04
8574,368,1289,2,614.3,2025-08-04
8575,359,2869,5,93.44,2025-08-04
8576,,2749,1,256.73,2025-08-04
8577,100,433---,4,,2025-08-04
8578,377,1761,3---,588.92,2025-08-04
8579,423,2753,1,,2025-08-04
8580,101,2751,1,76.75,2025-08-04
8581,153,2459,4,118.03,2025-08-04
8582,,700,10,657.87,2025-08-04
8583,429,2833,1,299.59,2025-08-04
8584,64,614,10,149.34,2025-08-04
8585,171,2315,1,914.96,2025-08-04
8586,277,779,1,840.11,2025-08-04
8587,473,2674,3,123.99 ,2025-08-04
8588,43,1930,3,152.82,2025-08-04
8589,60,1213,2,606.21,2025-08-04
8590,136,2955,1,787.54,2025-08-04
8591,423,892,1,712.19,2025-08-04
8592,168,600,10,79.14,2025-08-04
8593,251,902,1,511.82,2025-08-04
8594,46,2024,1,745.3---,2025-08-04
8595,209,256,1,748.09,2025-08-05
8596,157,565,1??,290.7,2025-08-05
8597,261,165,2,982.83,2025-08-05
8598,141,,1,602.55,2025-08-05
8599,283,1794,1,363.65,2025-08-05
8600,432,1648,2,398.64,2025-08-05
8601,222,,1,681.73,2025-08-05
8602,495,1624,4??,533.13,2025-08-05
8603,231,1506,5,585.37,2025-08-05
8604,25,1593,5,357.09,2025-08-05
8605,243,329,4,435.09,2025-08-05
8606,437,2087,1,873.74---,2025-08-05
8607,149,1350,2,487.7,2025-08-05
8608,354,,10,520.29,2025-08-05
8609,368,2348,1,614.3,2025-08-05
8610,301,13,1,256.11,2025-08-05
8611,259,1581,1,89.55,2025-08-05
8612,151,2653,3,603.39,2025-08-05
8613,100,1873,1,,2025-08-05
8614,462,2674,3,754.85,2025-08-05
8615,252,2959,4,836.52,2025-08-05
8616,348,1799,1,393.07,2025-08-05
8617,106??,2162,1,207.59,2025-08-05
8618,106,2625??,2,,2025-08-05
8619,159,752,5,237.25,2025-08-05
8620,120,1685,1,,2025-08-05
8621,80,2081,3,402.48,2025-08-05
8622,130,1438,3,839.05,2025-08-05
8623,408,1905,1,643.91 ,2025-08-05
8624,343,2368,3,806.55,2025-08-05
8625,179,626,,355.87,2025-08-05
8626,215,50,2,498.59,2025-08-05
8627,227,1143,2,309.72,2025-08-05
8628,460,616,1,895.71,2025-08-05
8629,204??,2735,2,,2025-08-05
8630,68,2783,1,817.14,2025-08-05
8631,266,2330,20,401.69,2025-08-05
8632,72,720,3,163.35,2025-08-05
8633,105,1865,2,589.73,2025-08-05
8634,347,1359,2,280.08,2025-08-05
8635,368,2452,1,614.3,2025-08-05
8636,418,1520,4,394.38,2025-08-05
8637,493,,,103.44??,2025-08-05
8638,151,919,2,603.39,2025-08-05
8639,325??,1770,1,,2025-08-05
8640,244,,1,951.6,2025-08-05
8641,359,1230,1,93.44,2025-08-05
8642,438,639??,4,825.65,2025-08-05
8643,338,2750,2,187.05---,2025-08-05
8644,482,1268,2,411.28,2025-08-05
8645,46,125,1,745.3,2025-08-05
8646,110,1890,1,704.9??,2025-08-05
8647,340,421,2,,2025-08-05
8648,235,863,,475.17,2025-08-05
8649,233,1235,3---,,2025-08-05
8650,345,2643,1,838.18,2025-08-05
8651,416,1473,5,227.15,2025-08-05
8652,158,1923,2,872.08,2025-08-05
8653,134,31,2,,2025-08-05
8654,,2120,1,222.79,2025-08-05
8655,149,2889,1,487.7,2025-08-05
8656,452,1909,2,985.54,2025-08-05
8657,328,2117,,413.2,2025-08-05
8658,467,,1,943.44,2025-08-05
8659,30,2708,1,334.63,2025-08-05
8660,126,675,1,373.76 ,2025-08-05
8661,411,3,,128.07,2025-08-05
8662,416,1356,1,227.15,2025-08-05
8663,,2263,2,533.13,2025-08-05
8664,85,839,4,181.5,2025-08-05
8665,9,2001,1,606.63,2025-08-05
8666,424,1635,1,607.96,2025-08-05
8667,39,937,2,228.38,2025-08-05
8668,18,779,10,467.06---,2025-08-05
8669,457---,572??,5,353.85,2025-08-05
8670,487,2369,1,237.09,2025-08-05
8671,289---,1419,4,,2025-08-05
8672,327,1452,1,,2025-08-05
8673,369,2809,5,410.57,2025-08-05
8674,339,2673,1,910.33,2025-08-05
8675,444,2259,3,1036.18,2025-08-05
8676,201,1686,1,199.44,2025-08-05
8677,364,1531,10,531.62,2025-08-05
8678,455,2135,3,167.11,2025-08-05
8679,204,864,1,,2025-08-05
8680,,2354,3,,2025-08-05
8681,402,2180,1 ,851.77,2025-08-05
8682,194,215,3,154.3,2025-08-05
8683,357,1809,5,159.21,2025-08-05
8684,125,2007,2,186.6,2025-08-05
8685,104,2928,2,855.17,2025-08-05
8686,,2768,,754.56,2025-08-05
8687,373,550,5,186.09,2025-08-05
8688,471,961,2,,2025-08-05
8689,349,666,2,464.38,2025-08-05
8690,86,1127,1,903.56,2025-08-05
8691,214,1851,1,225.33,2025-08-05
8692,399,1978,2,773.65,2025-08-05
8693,274,330,3,186.15,2025-08-05
8694,318,,5,311.94,2025-08-05
8695,135,1042,3,1010.19,2025-08-05
8696,152---,1627,3,None---,2025-08-05
8697,59,1092,3,474.39,2025-08-05
8698,30,,3,334.63,2025-08-05
8699,226,2565,1,209.79,2025-08-05
8700,437,92,1,873.74,2025-08-05
8701,361,934,1,319.21,2025-08-05
8702,,397,1,163.35,2025-08-05
8703,213,1367,1,932.88,2025-08-05
8704,,769,1,648.98,2025-08-05
8705,250,687,5,119.79,2025-08-05
8706,106,2639,2,,2025-08-06
8707,304,2283,4,375.79,2025-08-06
8708,418,568,1,394.38,2025-08-06
8709,242,2942,3,732.54,2025-08-06
8710,174,323,3,503.59,2025-08-06
8711,154,2024,2,730.08,2025-08-06
8712,29,2103,3,361.73,2025-08-06
8713,109,711,1,731.8,2025-08-06
8714,251,1551,1,511.82,2025-08-06
8715,49,2565,2,,2025-08-06
8716,417,852,2,195.05,2025-08-06
8717,86,1990,1,903.56,2025-08-06
8718,,1870---,,699.64,2025-08-06
8719,151 ,75,4,603.39,2025-08-06
8720,323,363,3,347.62,2025-08-06
8721,367,1258,1,503.81,2025-08-06
8722,202 ,2704,,480.12,2025-08-06
8723,13,1921,3,548.34,2025-08-06
8724,25,2896,5,357.09,2025-08-06
8725,254,1628??,3,935.96,2025-08-06
8726,218,1407,,736.29,2025-08-06
8727,,1826,,707.97,2025-08-06
8728,182,1771,1,378.55,2025-08-06
8729,419,2015,2,138.89,2025-08-06
8730,166,86,2,906.51,2025-08-06
8731,139,1496,1,868.35,2025-08-06
8732,420,375,1,694.13,2025-08-06
8733,360,694,20,315.18,2025-08-06
8734,340,,20,575.1---,2025-08-06
8735,36,1121,1,752.87,2025-08-06
8736,365,1799,10,776.68,2025-08-06
8737,264,2665,3,758.53,2025-08-06
8738,11,2676??,2,,2025-08-06
8739,276,1092,2??,404.73,2025-08-06
8740,246,2506,1,108.35,2025-08-06
8741,38,186,2,147.85,2025-08-06
8742,245,1296,1,676.36,2025-08-06
8743,,,2,653.67,2025-08-06
8744,342,1595,1,882.83,2025-08-06
8745,445,2390,2,365.38,2025-08-06
8746,211,2560,4,527.98,2025-08-06
8747,417,2271,3,195.05,2025-08-06
8748,456,364??,2,528.57,2025-08-06
8749,28,2764,10,699.64,2025-08-06
8750,488,958,1,721.8,2025-08-06
8751,46,1603??,3,745.3,2025-08-06
8752,85,,1,181.5,2025-08-06
8753,422,1005,2,312.04,2025-08-06
8754,189,1557,2,,2025-08-06
8755,286,1305,1,,2025-08-06
8756,452,2745,2??,985.54,2025-08-06
8757,417,1872,3,195.05,2025-08-06
8758,149,,1,487.7,2025-08-06
8759,341,,3,389.03,2025-08-06
8760,114,1694,1,583.63,2025-08-06
8761,9,1733,4,,2025-08-06
8762,310,1391,2,723.09 ,2025-08-06
8763,178,2483,1,934.32,2025-08-06
8764,464,1688,1---,967.59,2025-08-06
8765,276,1767,4,404.73,2025-08-06
8766,357,157,4,159.21,2025-08-06
8767,249,1985,3,386.0,2025-08-06
8768,108,565,1,,2025-08-06
8769,101,1792,1,76.75,2025-08-06
8770,376,2017,2,884.87,2025-08-06
8771,9,1821,1,,2025-08-06
8772,100 ,2408,1,,2025-08-06
8773,335,398,1,242.79,2025-08-06
8774,369,2215,2,410.57,2025-08-06
8775,112,2247,2,110.65,2025-08-06
8776,406,567,5,532.33,2025-08-06
8777,,1537,3,401.24,2025-08-06
8778,353,2951,2,709.75,2025-08-06
8779,36,,2,752.87,2025-08-06
8780,491,263,3,874.7,2025-08-06
8781,181 ,1781,4,508.98,2025-08-06
8782,11---,1983,20,491.64,2025-08-06
8783,412,310,1,628.74,2025-08-06
8784,15,1148,1,815.2,2025-08-06
8785,475,1801,3,626.39,2025-08-06
8786,54,2905,3,472.78,2025-08-06
8787,100,157,1,,2025-08-06
8788,335,2871,1,242.79,2025-08-06
8789,499,1691,5,,2025-08-06
8790,70,2363,2,624.95,2025-08-06
8791,230,2346,1,193.39,2025-08-06
8792,63,1603,5,,2025-08-06
8793,364,185,3,531.62,2025-08-06
8794,276,1923,2,404.73,2025-08-06
8795,17,1999,,1024.6,2025-08-06
8796,152,2860,5,,2025-08-06
8797,353,2655,1,709.75,2025-08-06
8798,481,2121,4,479.02---,2025-08-06
8799,465,2719,2 ,441.81 ,2025-08-06
8800,117,2448,1,232.36,2025-08-06
8801,93,220,,,2025-08-06
8802,5,2809,3,201.09,2025-08-06
8803,137,802,1,247.12,2025-08-06
8804,213,2801---,4,932.88,2025-08-06
8805,46,648,1,745.3,2025-08-06
8806,488,2445,5,721.8,2025-08-06
8807,50,2501,2,1007.57---,2025-08-06
8808,386,916,,919.81 ,2025-08-06
8809,430,665,5,815.38,2025-08-06
8810,267,362,3,,2025-08-06
8811,127,303,1,190.88,2025-08-06
8812,124,1771,1,887.58,2025-08-06
8813,239,699,3,311.41,2025-08-06
8814,,2025,1,660.1,2025-08-06
8815,236,2540,2 ,,2025-08-06
8816,,717,1,309.72,2025-08-06
8817,458,1773,1,912.05---,2025-08-06
8818,186,2076,1,873.65,2025-08-07
8819,487,2345,1,237.09,2025-08-07
8820,499,547,1,1011.56,2025-08-07
8821,247,2209,4---,,2025-08-07
8822,371,1560,1,348.36,2025-08-07
8823,262,505,5,75.74,2025-08-07
8824,128,2549,2,816.32,2025-08-07
8825,89,128,1,105.77,2025-08-07
8826,113,1039,2,,2025-08-07
8827,204,431,2,,2025-08-07
8828,313,1385,1,256.73,2025-08-07
8829,59,636 ,2,474.39,2025-08-07
8830,131,2379,2,554.81,2025-08-07
8831,100,502,3,,2025-08-07
8832,151,520,3,603.39,2025-08-07
8833,407,1124,1,323.97,2025-08-07
8834,355,1807,1,336.39,2025-08-07
8835,385,2559,3,509.11,2025-08-07
8836,20,757,5,100.09,2025-08-07
8837,142,2486,,858.79,2025-08-07
8838,354,2852,1,520.29,2025-08-07
8839,341,316,1,389.03??,2025-08-07
8840,53,1878,5,552.85,2025-08-07
8841,319,168,5,690.64,2025-08-07
8842,44,227,3,460.78,2025-08-07
8843,73,875,1,831.62,2025-08-07
8844,449---,486,2,944.0,2025-08-07
8845,186,,4,873.65,2025-08-07
8846,179,2905,1,355.87,2025-08-07
8847,426,2153,1,904.53,2025-08-07
8848,11,2098,2,491.64,2025-08-07
8849,86,550,2,903.56,2025-08-07
8850,348,1009,2,393.07,2025-08-07
8851,,2368,1,721.8,2025-08-07
8852,428,137,4,856.4,2025-08-07
8853,27,742,1,463.93,2025-08-07
8854,151,1179,,603.39,2025-08-07
8855,420,1898,1,694.13,2025-08-07
8856,430,2084,3,815.38,2025-08-07
8857,60,1049,3,606.21,2025-08-07
8858,203---,2597,,897.73,2025-08-07
8859,49,1807,2,,2025-08-07
8860,223,2973,1,679.14,2025-08-07
8861,111,1525,1,629.21??,2025-08-07
8862,66,2900,1,604.37,2025-08-07
8863,68 ,1606,2,817.14,2025-08-07
8864,436,829,1,544.14,2025-08-07
8865,320,2337,1,438.03,2025-08-07
8866,461,2887,1,292.66,2025-08-07
8867,83,2149,1 ,,2025-08-07
8868,279,2848,1,833.88,2025-08-07
8869,494,2930,1,510.63,2025-08-07
8870,293,881,1,619.01,2025-08-07
8871,257,680---,1,528.85,2025-08-07
8872,194,2750,1,154.3,2025-08-07
8873,126,120,5,373.76 ,2025-08-07
8874,211,908,1,527.98,2025-08-07
8875,165,2959,3,709.09,2025-08-07
8876,245---,1688,2,676.36,2025-08-07
8877,173,620 ,1,722.69,2025-08-07
8878,259,1919,1,89.55,2025-08-07
8879,229,614??,4,657.87,2025-08-07
8880,450,2397,3,325.2,2025-08-07
8881,382,641,1,427.52,2025-08-07
8882,360,2292,,315.18,2025-08-07
8883,244,2899,1,951.6??,2025-08-07
8884,301,1995,1,256.11,2025-08-07
8885,310,990 ,3 ,723.09 ,2025-08-07
8886,101,2115,,76.75,2025-08-07
8887,,766,1,312.04,2025-08-07
8888,84,2517,1,468.69,2025-08-07
8889,249,292,1,386.0,2025-08-07
8890,263??,235,1,541.16,2025-08-07
8891,120,597,1,,2025-08-07
8892,340,104,4,575.1---,2025-08-07
8893,122,1663,1,392.48,2025-08-07
8894,,427,2,435.68,2025-08-07
8895,357,2530,2,159.21,2025-08-07
8896,63,1844,3,,2025-08-07
8897,173,2195,1,722.69,2025-08-07
8898,448,1382,2,459.14,2025-08-07
8899,414,65,3,245.35,2025-08-07
8900,275,2202,,270.69,2025-08-07
8901,209,1860,1,748.09,2025-08-07
8902,191,1646,1,493.52,2025-08-07
8903,46,1689,1,745.3,2025-08-07
8904,150,2650,1,719.4,2025-08-07
8905,67??,2725,3,123.92,2025-08-07
8906,112,1298,2,110.65,2025-08-07
8907,178,2097,2,934.32,2025-08-07
8908,30,301,3,334.63,2025-08-07
8909,377,2870,1,588.92,2025-08-07
8910,368,804,5,614.3,2025-08-07
8911,139,265,5,868.35,2025-08-07
8912,283 ,2440,2,363.65,2025-08-07
8913,186,2078,1,873.65,2025-08-07
8914,480,2516,1,702.9,2025-08-07
8915,43,891,5,152.82,2025-08-07
8916,3,2389,3,311.35---,2025-08-07
8917,433,2081,3---,494.44,2025-08-07
8918,201,352,2,199.44,2025-08-07
8919,482,2954,2,411.28,2025-08-07
8920,333,756,2,418.84,2025-08-07
8921,94,2809 ,,996.96,2025-08-07
8922,416,2689,3,227.15,2025-08-07
8923,54,2250,3---,472.78,2025-08-07
8924,422,301,4,312.04,2025-08-07
8925,357,970,1,159.21,2025-08-07
8926,109 ,2023,5,731.8,2025-08-07
8927,241,2972,1,218.0,2025-08-07
8928,431,489,2,272.8,2025-08-07
8929,399,2502,2,,2025-08-08
8930,247,470---,,,2025-08-08
8931,419,1990,3,138.89,2025-08-08
8932,351,1559,2,,2025-08-08
8933,243,461,1,,2025-08-08
8934,178,2953,2,934.32,2025-08-08
8935,263,620,2,541.16,2025-08-08
8936,294,1976,1,739.48,2025-08-08
8937,409,2657,1,845.34 ,2025-08-08
8938,,2457,1,213.46,2025-08-08
8939,174,1104,2,503.59,2025-08-08
8940,492,714,1,847.03,2025-08-08
8941,17,874,1,1024.6,2025-08-08
8942,140,1349,2,822.22,2025-08-08
8943,368,2918,1,614.3,2025-08-08
8944,440,1192,1,,2025-08-08
8945,391,2493,3,537.68,2025-08-08
8946,55,782,1,182.86,2025-08-08
8947,120,1620,5,,2025-08-08
8948,103,2958,2,399.04,2025-08-08
8949,304,328,1,375.79 ,2025-08-08
8950,100,511,5,,2025-08-08
8951,359,1919,4,93.44,2025-08-08
8952,453,1448,2,,2025-08-08
8953,204,481,5??,,2025-08-08
8954,307,718,5,432.28,2025-08-08
8955,320,1363,1,438.03,2025-08-08
8956,251,764,1,511.82,2025-08-08
8957,137,1467??,1,247.12,2025-08-08
8958,390,1261,20,,2025-08-08
8959,338,1345,,187.05 ,2025-08-08
8960,360??,2306,1,315.18,2025-08-08
8961,259,1560,1,89.55,2025-08-08
8962,222,,2,681.73,2025-08-08
8963,332,1723,5,104.65,2025-08-08
8964,339,2458,3,910.33,2025-08-08
8965,130,279,3,839.05,2025-08-08
8966,444,1172,2,1036.18??,2025-08-08
8967,386,2006,3,919.81 ,2025-08-08
8968,475,2171,10,626.39,2025-08-08
8969,332,1810,1,104.65,2025-08-08
8970,221,365,2,981.95,2025-08-08
8971,210,1449,3,928.31,2025-08-08
8972,288,394,2,448.78,2025-08-08
8973,162,1016,1,669.67,2025-08-08
8974,290,772,3,774.21,2025-08-08
8975,490,897,,,2025-08-08
8976,467,2344 ,5,943.44,2025-08-08
8977,58,2428,2,994.69,2025-08-08
8978,21??,1232,3,374.08,2025-08-08
8979,319,1551,1,690.64,2025-08-08
8980,120,1162,4 ,,2025-08-08
8981,284 ,684,1,564.02,2025-08-08
8982,373,1710,2 ,186.09,2025-08-08
8983,146,2316,1,266.77??,2025-08-08
8984,222,1540,,681.73,2025-08-08
8985,10,184 ,1,173.6,2025-08-08
8986,263,31,2,541.16,2025-08-08
8987,99,,1,328.52,2025-08-08
8988,403,2988,2,426.25,2025-08-08
8989,176,1203,3,475.79,2025-08-08
8990,464,1134,4,967.59 ,2025-08-08
8991,287,1974,1,365.42,2025-08-08
8992,271,1466,5,590.56,2025-08-08
8993,216,2235,5,,2025-08-08
8994,183,1023,3,386.71,2025-08-08
8995,243,2120,3,435.09,2025-08-08
8996,333,260,1,418.84,2025-08-08
8997,163,757,1,435.68,2025-08-08
8998,254,2732,2,935.96,2025-08-08
8999,210,1189,2,928.31,2025-08-08
9000,280,1286,,234.31??,2025-08-08
9001,286,657,3,775.93,2025-08-08
9002,334,609,1,202.93,2025-08-08
9003,498,840,1,369.08,2025-08-08
9004,118,2894,2,737.58,2025-08-08
9005,441,41,1,773.78,2025-08-08
9006,460,85,2,895.71,2025-08-08
9007,64,2681,5,149.34,2025-08-08
9008,148,1987,3,,2025-08-08
9009,223,813,2,679.14,2025-08-08
9010,241,2454 ,2,218.0,2025-08-08
9011,62,1443,5,864.4,2025-08-08
9012,120,2797,3,,2025-08-08
9013,377,1858,2,588.92,2025-08-08
9014,265 ,2615,3,754.56,2025-08-08
9015,462,1270,1,754.85,2025-08-08
9016,424,203,4,607.96,2025-08-08
9017,324,160---,3,829.29,2025-08-08
9018,102,1711,5,873.82,2025-08-08
9019,20,1332,3,100.09,2025-08-08
9020,49,2853,2,,2025-08-08
9021,437,2185,2,,2025-08-08
9022,428,140,2,856.4??,2025-08-08
9023,286,40,2,775.93,2025-08-08
9024,131,1875,1,554.81,2025-08-08
9025,92 ,1720,2,261.06,2025-08-08
9026,297,1157,2,745.77,2025-08-08
9027,116,2304,1,280.21,2025-08-08
9028,114,1087,3,583.63,2025-08-08
9029,145??,2480,2---,349.01??,2025-08-08
9030,26,1526,3??,,2025-08-08
9031,24,2531,2,891.92,2025-08-08
9032,302,2602,5,467.1,2025-08-08
9033,455,2290,4,167.11,2025-08-08
9034,344,1513,3,925.4,2025-08-08
9035,6,1543,4,284.23,2025-08-08
9036,173,,1,722.69,2025-08-08
9037,125,1164,3,186.6,2025-08-08
9038,51,2575,2,79.43,2025-08-08
9039,467,2360,1,943.44,2025-08-08
9040,481,1481---,1,479.02,2025-08-09
9041,175,2805,4,842.59,2025-08-09
9042,128,1776,2,,2025-08-09
9043,469,2233---,1,953.09,2025-08-09
9044,76,335,1,157.63,2025-08-09
9045,90,422,4,191.16,2025-08-09
9046,463,1796,5,927.87---,2025-08-09
9047,427??,700,2,522.79,2025-08-09
9048,403,,1,426.25,2025-08-09
9049,35,571,1,198.91,2025-08-09
9050,195,2932,,410.16,2025-08-09
9051,467,952,4,943.44,2025-08-09
9052,318,2191,2,311.94,2025-08-09
9053,478,998,1,537.53,2025-08-09
9054,190,496,3,461.29,2025-08-09
9055,61,574,1,116.62---,2025-08-09
9056,76,922,3,157.63,2025-08-09
9057,335,1823,3,242.79,2025-08-09
9058,365,1876,1,776.68,2025-08-09
9059,316,2601,2,466.97,2025-08-09
9060,160,905,1,924.03,2025-08-09
9061,204,1733,2,,2025-08-09
9062,241,1702,2,218.0,2025-08-09
9063,404,1883,3,,2025-08-09
9064,403,2008,,426.25,2025-08-09
9065,59,614,1,474.39,2025-08-09
9066,12,2236,10,810.58,2025-08-09
9067,331,2828,2,468.72,2025-08-09
9068,15,2974,1,815.2,2025-08-09
9069,391,825,3,537.68,2025-08-09
9070,,2444,3,319.21,2025-08-09
9071,18,2430,3,467.06,2025-08-09
9072,457,2017,3,353.85,2025-08-09
9073,253,1029,3,550.0,2025-08-09
9074,390,2719,2,,2025-08-09
9075,487,1495,1,237.09,2025-08-09
9076,36,1786,1,752.87,2025-08-09
9077,164,845,1,373.42??,2025-08-09
9078,488,1414,3,721.8,2025-08-09
9079,185,2491,2,,2025-08-09
9080,,1165,5,261.07,2025-08-09
9081,,360??,5,,2025-08-09
9082,272,2642,5,196.75,2025-08-09
9083,487,1174,1,237.09,2025-08-09
9084,188,158,1,908.84,2025-08-09
9085,456,653,2,528.57---,2025-08-09
9086,13,1520,10,548.34,2025-08-09
9087,21,1977,2,374.08,2025-08-09
9088,405,419,5,290.54,2025-08-09
9089,442,1928,3,914.26,2025-08-09
9090,464 ,424,1,967.59,2025-08-09
9091,8,1005,1,335.13,2025-08-09
9092,275,1282,3,270.69,2025-08-09
9093,102,2225,4,873.82,2025-08-09
9094,488,,10,721.8,2025-08-09
9095,297,1977,2,745.77,2025-08-09
9096,77---,1004,1,975.6,2025-08-09
9097,236,738,1,589.35,2025-08-09
9098,218,1845,1,736.29,2025-08-09
9099,11,647,5,491.64,2025-08-09
9100,213,1160,3,932.88,2025-08-09
9101,99,2281,,328.52,2025-08-09
9102,141,,1,602.55,2025-08-09
9103,493,1495,1,103.44??,2025-08-09
9104,279,1412,1,833.88,2025-08-09
9105,378,2810,2,305.61,2025-08-09
9106,222,2035,3,681.73,2025-08-09
9107,,,1,,2025-08-09
9108,59,1899,5,474.39,2025-08-09
9109,65,2876,3,508.17,2025-08-09
9110,66,1187,2,604.37,2025-08-09
9111,240,1674,3,841.37,2025-08-09
9112,500,2088,3,932.15,2025-08-09
9113,42,678,1,372.32 ,2025-08-09
9114,442,595,1,914.26,2025-08-09
9115,322,1254,3,253.21,2025-08-09
9116,240,606,3,841.37,2025-08-09
9117,74,280,2,1024.02,2025-08-09
9118,331,4,4,468.72---,2025-08-09
9119,254,,3,935.96,2025-08-09
9120,287,,1,365.42,2025-08-09
9121,211,2314,2,527.98,2025-08-09
9122,258,2526,1,689.11,2025-08-09
9123,347??,1796,1,280.08,2025-08-09
9124,322,2663,3,253.21,2025-08-09
9125,426,,3,904.53,2025-08-09
9126,435,1641,2,972.91,2025-08-09
9127,224,1132,2,835.41,2025-08-09
9128,203,1341,10,897.73,2025-08-09
9129,98,2262,4,332.9,2025-08-09
9130,348,703,10,393.07,2025-08-09
9131,143??,1555??,4,181.27---,2025-08-09
9132,411,380,1,128.07,2025-08-09
9133,95,,3,1027.63,2025-08-09
9134,390,780,1,,2025-08-09
9135,158,175,1,872.08,2025-08-09
9136,41??,2776,1,120.07,2025-08-09
9137,114,711,2,583.63,2025-08-09
9138,100,2250,2,,2025-08-09
9139,191,1866,4---,493.52,2025-08-09
9140,81,178,1,427.72,2025-08-09
9141,219,2010,4,604.87,2025-08-09
9142,105,1454,3,589.73,2025-08-09
9143,403,859,2,426.25,2025-08-09
9144,419,2865,3,138.89,2025-08-09
9145,244 ,2320,4,951.6,2025-08-09
9146,340,1840,2,575.1---,2025-08-09
9147,491,2946,2,874.7,2025-08-09
9148,347,663---,1,280.08,2025-08-09
9149,342,114,1,882.83,2025-08-09
9150,,1129,4,427.52,2025-08-09
9151,385,2501,5,509.11---,2025-08-10
9152,315,850,1,727.37,2025-08-10
9153,346,1638,2,555.77,2025-08-10
9154,136,2586,2,787.54,2025-08-10
9155,155,793,3,657.22,2025-08-10
9156,458,1462,1,912.05--- ,2025-08-10
9157,,152,1,379.38,2025-08-10
9158,375,,3,360.24,2025-08-10
9159,432,1351,1,398.64,2025-08-10
9160,379,477,2 ,614.34,2025-08-10
9161,419,494,1,138.89,2025-08-10
9162,174,2760??,2,503.59,2025-08-10
9163,141,270,2,602.55,2025-08-10
9164,50,2887,1 ,1007.57,2025-08-10
9165,479,841,3,361.65,2025-08-10
9166,278,2173,20,349.92,2025-08-10
9167,193,2586,4,217.33,2025-08-10
9168,199,2954,2,559.88,2025-08-10
9169,444 ,,10,1036.18,2025-08-10
9170,,718,1,207.59,2025-08-10
9171,91,1396,1,230.02,2025-08-10
9172,69,2620,1,373.1,2025-08-10
9173,118,2891,1,737.58,2025-08-10
9174,134,134,4,,2025-08-10
9175,148,2144,1,,2025-08-10
9176,437,2155,2,873.74,2025-08-10
9177,47,650,4,979.1,2025-08-10
9178,275,1908,2,270.69,2025-08-10
9179,443,2692,3,933.58,2025-08-10
9180,416,1674,10,227.15,2025-08-10
9181,333,2049,,418.84,2025-08-10
9182,338,2751,,187.05??,2025-08-10
9183,163,2820,,435.68,2025-08-10
9184,9,2942,10,606.63,2025-08-10
9185,421,129,3,618.46,2025-08-10
9186,433,546,20,494.44,2025-08-10
9187,76,1922,2,157.63,2025-08-10
9188,60,1522,2??,606.21,2025-08-10
9189,314,2317,1,785.07,2025-08-10
9190,354,2665,1,520.29??,2025-08-10
9191,38---,590,1,147.85,2025-08-10
9192,118,2437,2,737.58,2025-08-10
9193,400,2444,5,503.19,2025-08-10
9194,209,925,1,748.09,2025-08-10
9195,65,1584,1,508.17,2025-08-10
9196,58,1716??,3,994.69,2025-08-10
9197,175,2688,1,842.59,2025-08-10
9198,69,2859,4---,373.1,2025-08-10
9199,62,342,2,864.4,2025-08-10
9200,156,2399,4,399.02,2025-08-10
9201,189,1998,5,1027.84,2025-08-10
9202,,479,1,467.06,2025-08-10
9203,305,2206??,3,,2025-08-10
9204,354,2972,2,520.29,2025-08-10
9205,338,1442,1,187.05,2025-08-10
9206,76---,96,1,157.63,2025-08-10
9207,4,106,2,587.27,2025-08-10
9208,149,630,1,487.7,2025-08-10
9209,,2609,1,503.59,2025-08-10
9210,340,1919,2,,2025-08-10
9211,420,131,1---,694.13,2025-08-10
9212,475,610,5,626.39,2025-08-10
9213,143,502,1,181.27,2025-08-10
9214,444,1413,1,1036.18,2025-08-10
9215,423,1069,2,712.19,2025-08-10
9216,1,1150,20,715.23,2025-08-10
9217,181---,1459,4,508.98---,2025-08-10
9218,333,507,5,418.84,2025-08-10
9219,341,1586,2,389.03??,2025-08-10
9220,415,,1,649.87,2025-08-10
9221,31,2941,3,79.99,2025-08-10
9222,50,612,5,1007.57??,2025-08-10
9223,492,2406,2,,2025-08-10
9224,108,2799,1,528.81,2025-08-10
9225,109,2103,1,731.8,2025-08-10
9226,124,585,,887.58 ,2025-08-10
9227,377,2395,3,588.92,2025-08-10
9228,414,2020,2,245.35,2025-08-10
9229,101,2070,1,76.75,2025-08-10
9230,103,321,1,399.04,2025-08-10
9231,74,1602,1,1024.02,2025-08-10
9232,69,1209 ,1,373.1,2025-08-10
9233,,1208,2,787.87,2025-08-10
9234,216??,,3,465.22,2025-08-10
9235,14,,2,546.15??,2025-08-10
9236,429 ,931,2,299.59,2025-08-10
9237,300,2564,3,783.08---,2025-08-10
9238,387,1821,5,680.0,2025-08-10
9239,183,1261,1,386.71,2025-08-10
9240,361,2474,2,319.21,2025-08-10
9241,153,1555,4,118.03,2025-08-10
9242,486??,2890---,,860.43,2025-08-10
9243,268,675 ,2,,2025-08-10
9244,24,1064,3??,891.92,2025-08-10
9245,228,1763,1,496.54,2025-08-10
9246,,2110,1,951.6,2025-08-10
9247,43,2398,2,152.82,2025-08-10
9248,,441,5,459.14,2025-08-10
9249,397,2327,1,637.91,2025-08-10
9250,197,262,10,570.36,2025-08-10
9251,64,1502,1 ,149.34,2025-08-10
9252,193,118,1,217.33,2025-08-10
9253,367,,2,503.81,2025-08-10
9254,190,2695,1,461.29,2025-08-10
9255,109,124,4,731.8,2025-08-10
9256,44,1481,5,460.78,2025-08-10
9257,80,2917,4,402.48,2025-08-10
9258,437 ,2161,3,873.74,2025-08-10
9259,194,2931,5,154.3,2025-08-10
9260,310,2037,2,723.09 ,2025-08-10
9261,228,2816,1,496.54 ,2025-08-10
9262,247,2892,3,,2025-08-11
9263,136,901,2,787.54,2025-08-11
9264,376,2699,1,884.87,2025-08-11
9265,149,998,2,487.7,2025-08-11
9266,180,502,2,262.7,2025-08-11
9267,198,1881,1,213.46,2025-08-11
9268,,1912,3,1024.02,2025-08-11
9269,443,1647??,1,933.58,2025-08-11
9270,278,632,3,349.92,2025-08-11
9271,114,231,1,583.63,2025-08-11
9272,56,117,2,336.23,2025-08-11
9273,483,738,4,259.65,2025-08-11
9274,268,2100,3,,2025-08-11
9275,269,2813,2,617.46,2025-08-11
9276,171??,142,1,914.96,2025-08-11
9277,446 ,48,1,85.62,2025-08-11
9278,273,2135,5,84.32,2025-08-11
9279,235??,1675,1,475.17,2025-08-11
9280,380,1848,3,728.24,2025-08-11
9281,149,14,2,487.7,2025-08-11
9282,219,123,4,604.87,2025-08-11
9283,485,2874,5,,2025-08-11
9284,448,2997,,,2025-08-11
9285,161,2794,2,480.94,2025-08-11
9286,143,776,3,181.27,2025-08-11
9287,239,743,1,311.41,2025-08-11
9288,226,2416,10,209.79,2025-08-11
9289,78,1508,3,,2025-08-11
9290,334,2479,1 ,202.93,2025-08-11
9291,,2828,3,606.21,2025-08-11
9292,391,2723---,3,537.68,2025-08-11
9293,135,917,20 ,1010.19??,2025-08-11
9294,87,1945,4,379.38,2025-08-11
9295,419,1623,20,138.89,2025-08-11
9296,146,1584,3,266.77,2025-08-11
9297,488,1945,1,721.8,2025-08-11
9298,495,1457,1,533.13??,2025-08-11
9299,299,607,1,840.59,2025-08-11
9300,470,2234,2??,998.68---,2025-08-11
9301,271,912,3,,2025-08-11
9302,282??,886,2,514.12,2025-08-11
9303,425,2390,,99.98,2025-08-11
9304,183,1211,5,386.71,2025-08-11
9305,366,2404,1,773.63,2025-08-11
9306,425,2417,1,99.98,2025-08-11
9307,287,2104,1,365.42,2025-08-11
9308,248,235,2,452.25,2025-08-11
9309,389,2208,1,499.35,2025-08-11
9310,327,385,3,,2025-08-11
9311,295---,2632,3,368.63,2025-08-11
9312,454,1849,3,690.74---,2025-08-11
9313,377,1928,3,588.92,2025-08-11
9314,134---,522,5,,2025-08-11
9315,,1935,4,,2025-08-11
9316,15,913,1,815.2,2025-08-11
9317,221,2041,2,981.95,2025-08-11
9318,99,1359,10,328.52,2025-08-11
9319,324,907,5,829.29,2025-08-11
9320,500,1221,1,932.15,2025-08-11
9321,222??,211,1,681.73 ,2025-08-11
9322,245,512,2,676.36,2025-08-11
9323,151,1247,1,603.39,2025-08-11
9324,62,650,1,864.4,2025-08-11
9325,163,2243,2,435.68,2025-08-11
9326,401,165,2,457.8,2025-08-11
9327,310,2530,,723.09 ,2025-08-11
9328,3,470,4,311.35---,2025-08-11
9329,174,371,1 ,503.59,2025-08-11
9330,487,1204,2,237.09,2025-08-11
9331,373,1372,5,186.09,2025-08-11
9332,425,2216,,99.98,2025-08-11
9333,3,2046,3,311.35---,2025-08-11
9334,297,509,5,745.77,2025-08-11
9335,379,1021,2,614.34,2025-08-11
9336,57,2468,5,222.83,2025-08-11
9337,290,1618,5,774.21,2025-08-11
9338,92,2848,,261.06,2025-08-11
9339,151,1805,2,603.39,2025-08-11
9340,207,1454,1,771.97,2025-08-11
9341,148,406,1,,2025-08-11
9342,412,1967,,628.74,2025-08-11
9343,182,384,1,378.55,2025-08-11
9344,53 ,2608,2,552.85,2025-08-11
9345,333,2221,10,418.84,2025-08-11
9346,243,963,2,435.09,2025-08-11
9347,285,1247,3,535.38,2025-08-11
9348,476,1727---,2,234.47,2025-08-11
9349,229,2960,3,657.87,2025-08-11
9350,420,1332,1,694.13,2025-08-11
9351,400,1994,1,503.19,2025-08-11
9352,333,1036,2,418.84,2025-08-11
9353,98,2867,1,332.9,2025-08-11
9354,315,1870---,5,727.37,2025-08-11
9355,187,2307 ,3,592.25,2025-08-11
9356,452,2859,3,,2025-08-11
9357,377,2423,1,588.92,2025-08-11
9358,155,1049,4,657.22,2025-08-11
9359,230,2751,1,193.39,2025-08-11
9360,433,211,5,494.44,2025-08-11
9361,33,552,1,153.28,2025-08-11
9362,29,1592,5,361.73,2025-08-11
9363,137,2946,2,247.12,2025-08-11
9364,261,,,982.83,2025-08-11
9365,474,1328,1,,2025-08-11
9366,139,2262,1,,2025-08-11
9367,446,487,1,85.62,2025-08-11
9368,345,1470,1,838.18,2025-08-11
9369,117,1756,1,232.36,2025-08-11
9370,314,2941??,3,785.07,2025-08-11
9371,184,2194,3,707.97,2025-08-11
9372,413,2502,1,488.56,2025-08-11
9373,174,850,5,,2025-08-12
9374,182,1968,1,378.55,2025-08-12
9375,330,2047,1,558.84,2025-08-12
9376,130,1241,2,839.05,2025-08-12
9377,370,917,5,604.48,2025-08-12
9378,159,2755,2,237.25,2025-08-12
9379,457,388,2,353.85,2025-08-12
9380,159,2714,2,237.25??,2025-08-12
9381,2,1121,1,566.23,2025-08-12
9382,116,277,3,280.21,2025-08-12
9383,206,1075,2,401.24,2025-08-12
9384,119,171,1,1025.32,2025-08-12
9385,435,1074,1,,2025-08-12
9386,180,2662,2,262.7,2025-08-12
9387,166,2056,1,906.51,2025-08-12
9388,464,1369,,967.59,2025-08-12
9389,386,,1,919.81  ,2025-08-12
9390,27,1164,1,463.93,2025-08-12
9391,150,2369,1,719.4??,2025-08-12
9392,,2555,1,57.57??,2025-08-12
9393,214,2348,1,225.33,2025-08-12
9394,67??,1934,4,123.92,2025-08-12
9395,310??,2104,1,723.09 ,2025-08-12
9396,261,1743,2,982.83,2025-08-12
9397,331,805,2,468.72,2025-08-12
9398,458,974,2,912.05---,2025-08-12
9399,415,570,1,649.87---,2025-08-12
9400,320,2981,20,438.03,2025-08-12
9401,189,539,3,1027.84,2025-08-12
9402,396,1118,4,,2025-08-12
9403,213,2409,2,932.88,2025-08-12
9404,27,2770 ,1,463.93,2025-08-12
9405,223,1516,2,679.14,2025-08-12
9406,223,1641,1,679.14,2025-08-12
9407,80,376,1,402.48,2025-08-12
9408,393,1197,3,704.08,2025-08-12
9409,,569,2,719.34,2025-08-12
9410,198,2813,2,213.46,2025-08-12
9411,159,437,4,237.25,2025-08-12
9412,74,1843,2,1024.02,2025-08-12
9413,497,426,1,513.71,2025-08-12
9414,413,55,4,,2025-08-12
9415,68,1172,2,817.14,2025-08-12
9416,304,639,4,375.79,2025-08-12
9417,363,250,2??,92.9,2025-08-12
9418,64,1132,3,149.34,2025-08-12
9419,42,1914,20,372.32,2025-08-12
9420,334,2842,4,202.93,2025-08-12
9421,24,2492??,3,891.92,2025-08-12
9422,430,1282,5,815.38,2025-08-12
9423,97,2946,5,231.74,2025-08-12
9424,305,634,2,398.85,2025-08-12
9425,364,1062,2,531.62,2025-08-12
9426,105,,3,589.73,2025-08-12
9427,151,965,4,603.39,2025-08-12
9428,302,2666,1,467.1,2025-08-12
9429,221,1530,3,981.95,2025-08-12
9430,426,1185,5,904.53,2025-08-12
9431,387??,2364,5,680.0,2025-08-12
9432,202,2706,2,480.12,2025-08-12
9433,489,2039,1,334.81,2025-08-12
9434,305,2472,1,398.85,2025-08-12
9435,33,1605,1,153.28,2025-08-12
9436,47---,1273,2,,2025-08-12
9437,289,2538,1,,2025-08-12
9438,141,1267,4,602.55,2025-08-12
9439,356,2445,10,511.55,2025-08-12
9440,304,1576,1,375.79,2025-08-12
9441,57,2773,1,222.83,2025-08-12
9442,339,1330,5,910.33,2025-08-12
9443,472,59,1,105.21,2025-08-12
9444,336,1380,1,914.9,2025-08-12
9445,282,2447,2,514.12,2025-08-12
9446,295,2644,4,368.63,2025-08-12
9447,434,2664,1,911.31,2025-08-12
9448,378,1836,5,305.61,2025-08-12
9449,83,2079 ,2,706.86,2025-08-12
9450,170,1498,3,700.59,2025-08-12
9451,492,2522,2,847.03,2025-08-12
9452,205,412,2,589.26,2025-08-12
9453,129,378,3,392.23,2025-08-12
9454,339,429,4,910.33,2025-08-12
9455,184,1391,3,707.97,2025-08-12
9456,281,1289,1,186.79,2025-08-12
9457,419---,166,1,138.89,2025-08-12
9458,392,348??,2,,2025-08-12
9459,105,2552,,589.73,2025-08-12
9460,377,260,1,588.92,2025-08-12
9461,5,807,2,201.09,2025-08-12
9462,337,738,2,600.31,2025-08-12
9463,158,1007---,2,872.08,2025-08-12
9464,181,2949,3,508.98,2025-08-12
9465,127,437,1,190.88,2025-08-12
9466,66,218,1,604.37,2025-08-12
9467,119---,902,2,1025.32,2025-08-12
9468,206,1337,1---,401.24,2025-08-12
9469,398,605,2,229.92,2025-08-12
9470,311,396,5,713.33,2025-08-12
9471,196,1542,4,806.34,2025-08-12
9472,242,1536??,3,732.54,2025-08-12
9473,30,2757,4---,334.63,2025-08-12
9474,318,882,1,311.94,2025-08-12
9475,325,1130,20,661.39,2025-08-12
9476,493,973,20,,2025-08-12
9477,90,1695,3,191.16,2025-08-12
9478,91,2247,2,230.02,2025-08-12
9479,18,2344,4,467.06,2025-08-12
9480,,1847,3,187.05,2025-08-12
9481,427,1558,1,,2025-08-12
9482,304,286,3,375.79,2025-08-12
9483,284,1571,1,564.02,2025-08-12
9484,96,,2,168.18,2025-08-13
9485,390,616,5,,2025-08-13
9486,232,740,1,860.62??,2025-08-13
9487,62,2920,2,864.4,2025-08-13
9488,433---,2978,2,494.44,2025-08-13
9489,270,2535,10,298.5,2025-08-13
9490,222,1414 ,2,681.73,2025-08-13
9491,195,442,1,410.16,2025-08-13
9492,4,1830,2,587.27,2025-08-13
9493,178,,1,934.32,2025-08-13
9494,,269,4,641.47,2025-08-13
9495,494,1748,1,510.63,2025-08-13
9496,489,2699,3,334.81??,2025-08-13
9497,99,669,1,328.52,2025-08-13
9498,282,1028,1,514.12,2025-08-13
9499,291,786,3,722.08,2025-08-13
9500,95,1891,3,1027.63,2025-08-13
9501,383,1074,1,682.42,2025-08-13
9502,,24,1,739.48,2025-08-13
9503,439,1255---,1,884.89,2025-08-13
9504,458,948,2,912.05---,2025-08-13
9505,439,2963,1,884.89,2025-08-13
9506,238,1177,4,875.47,2025-08-13
9507,270,1341,1,298.5,2025-08-13
9508,276,1716,1,404.73,2025-08-13
9509,,1016,2,284.23,2025-08-13
9510,75,1435,5,,2025-08-13
9511,315,238,1,727.37,2025-08-13
9512,23 ,2334,1,719.34,2025-08-13
9513,437,628,,873.74,2025-08-13
9514,204,254,1,,2025-08-13
9515,30,1430,2,334.63,2025-08-13
9516,309,832,1,645.12,2025-08-13
9517,360,1556??,5,315.18,2025-08-13
9518,127,1768,1,190.88,2025-08-13
9519,182,1102,2,,2025-08-13
9520,202,2389,4,480.12,2025-08-13
9521,84,2516,1,468.69,2025-08-13
9522,,1911,1---,475.17,2025-08-13
9523,310---,355,5,723.09 ,2025-08-13
9524,384,1874,3,855.34,2025-08-13
9525,188,361,1,908.84,2025-08-13
9526,318,1025,2,311.94,2025-08-13
9527,202,178,2,480.12,2025-08-13
9528,128,495,4,816.32,2025-08-13
9529,96,1391,4,168.18,2025-08-13
9530,347,289,3,280.08,2025-08-13
9531,308??,866,20,281.83??,2025-08-13
9532,74,863,1,1024.02,2025-08-13
9533,162,2913,,669.67,2025-08-13
9534,340,2448,1,575.1---,2025-08-13
9535,410,224,1,81.87,2025-08-13
9536,170,1865,1,700.59,2025-08-13
9537,225,1279,1,711.78,2025-08-13
9538,33,688,1,153.28,2025-08-13
9539,374,1500,3,,2025-08-13
9540,396 ,49---,20,629.9,2025-08-13
9541,35,2902,4,198.91,2025-08-13
9542,374---,1800,4,711.19,2025-08-13
9543,281,1538,,186.79,2025-08-13
9544,57,1890,3,,2025-08-13
9545,438,1058,5,825.65??,2025-08-13
9546,14,2807,5,546.15,2025-08-13
9547,91,42,1,230.02,2025-08-13
9548,252,1813,5,836.52,2025-08-13
9549,63,2270,2??,,2025-08-13
9550,439,16,1,,2025-08-13
9551,391,1080,10,537.68,2025-08-13
9552,496,262,1,660.1,2025-08-13
9553,226,174,3,209.79,2025-08-13
9554,487,288,5,,2025-08-13
9555,382,1675,4,,2025-08-13
9556,468,705,3,388.65,2025-08-13
9557,399,274,1,,2025-08-13
9558,255,938,1,246.39,2025-08-13
9559,384,2217,10,855.34,2025-08-13
9560,495,2659,3,533.13,2025-08-13
9561,398,2371,20,229.92,2025-08-13
9562,268,2070,1,,2025-08-13
9563,258,1280,1,689.11,2025-08-13
9564,471,77,4,766.82,2025-08-13
9565,380,1535,1,728.24,2025-08-13
9566,67,62,2,123.92,2025-08-13
9567,386,2755,1,919.81 ,2025-08-13
9568,454,657,5,690.74,2025-08-13
9569,184,305,1,707.97,2025-08-13
9570,384,2762,1,855.34,2025-08-13
9571,294,1193,2,739.48,2025-08-13
9572,2,1924,2,566.23,2025-08-13
9573,166,418,3,906.51,2025-08-13
9574,313,1691,3,256.73,2025-08-13
9575,171,451,5,914.96,2025-08-13
9576,33,,1,153.28,2025-08-13
9577,177,1345,3,652.82,2025-08-13
9578,368,390,1,614.3,2025-08-13
9579,418,661,1,394.38,2025-08-13
9580,162,2732,4,669.67,2025-08-13
9581,42,127,2,372.32,2025-08-13
9582,264,1833,1,758.53,2025-08-13
9583,,821,10,479.02,2025-08-13
9584,114,2635,5,583.63,2025-08-13
9585,11,718,2,491.64,2025-08-13
9586,326---,435,1,648.98,2025-08-13
9587,10,2203,1,173.6,2025-08-13
9588,236,1164,1,589.35,2025-08-13
9589,319,670,1,690.64,2025-08-13
9590,375,521,5,360.24,2025-08-13
9591,353,2191,2,709.75,2025-08-13
9592,432,2888,1,398.64,2025-08-13
9593,319,,,690.64,2025-08-13
9594,39,814,4,228.38,2025-08-13
9595,493,1991,3,103.44??,2025-08-14
9596,250,780,3,119.79,2025-08-14
9597,298,1507,,162.53,2025-08-14
9598,446,323??,4,85.62,2025-08-14
9599,254,2638,2,935.96,2025-08-14
9600,,390,2,196.75,2025-08-14
9601,236,2051,5,589.35,2025-08-14
9602,96,2443,2,168.18,2025-08-14
9603,291,2252 ,3,722.08,2025-08-14
9604,220,534??,1,222.79,2025-08-14
9605,273,172,3,84.32,2025-08-14
9606,364,53,10,531.62,2025-08-14
9607,6,1097,2,284.23,2025-08-14
9608,462,2370,1,754.85,2025-08-14
9609,374,2243,,711.19,2025-08-14
9610,9,2521,3,606.63,2025-08-14
9611,476,1596,2,234.47,2025-08-14
9612,357,1134,5,159.21,2025-08-14
9613,110??,1526,1,704.9??,2025-08-14
9614,17,1991,2,1024.6,2025-08-14
9615,282,2942,20,514.12---,2025-08-14
9616,261,2332??,1,982.83,2025-08-14
9617,495,1097,1,533.13,2025-08-14
9618,124,671,10,887.58,2025-08-14
9619,472,1538,4,,2025-08-14
9620,36,878,2,752.87,2025-08-14
9621,,245,2,272.8,2025-08-14
9622,180,1841,4---,262.7,2025-08-14
9623,394,1900,2,554.78,2025-08-14
9624,376,2871,3,884.87,2025-08-14
9625,90,1671,3,191.16,2025-08-14
9626,238,437,2,875.47,2025-08-14
9627,245,1510,4,676.36,2025-08-14
9628,55,1549,5,182.86,2025-08-14
9629,209,2658,2,748.09,2025-08-14
9630,357,1079,1,159.21,2025-08-14
9631,455---,1855,1,167.11,2025-08-14
9632,34,703,3,,2025-08-14
9633,251,591,1,511.82 ,2025-08-14
9634,267,,5,839.54,2025-08-14
9635,137,1272,2,247.12,2025-08-14
9636,441,435,2,773.78,2025-08-14
9637,142,1063,3,,2025-08-14
9638,154,2506,1,730.08,2025-08-14
9639,93,422,3,,2025-08-14
9640,97,1928,20,231.74,2025-08-14
9641,447,1760,4,None---,2025-08-14
9642,283,2272,3,363.65,2025-08-14
9643,253,539,2,550.0,2025-08-14
9644,233,906,5,896.34,2025-08-14
9645,46,178,1,745.3,2025-08-14
9646,5---,2345,2,201.09,2025-08-14
9647,156,2732,3,399.02,2025-08-14
9648,382,579---,3,427.52,2025-08-14
9649,16,364,1,376.78,2025-08-14
9650,495,2088,2,,2025-08-14
9651,383,1379,1,682.42,2025-08-14
9652,497,2678,4,513.71,2025-08-14
9653,240,2110,2,841.37,2025-08-14
9654,237,,2,57.57??,2025-08-14
9655,193,2998,2,217.33,2025-08-14
9656,330,939,3,558.84,2025-08-14
9657,53,2993,3,552.85,2025-08-14
9658,104,2412,1,855.17,2025-08-14
9659,479,651,2,361.65,2025-08-14
9660,330,406,3,558.84,2025-08-14
9661,244,2999,1,951.6,2025-08-14
9662,,1516,4,555.77,2025-08-14
9663,,941??,1,242.79 ,2025-08-14
9664,258 ,2011,1,689.11,2025-08-14
9665,475,2540,10,626.39,2025-08-14
9666,94,2483,10,996.96,2025-08-14
9667,141---,1343,1,602.55,2025-08-14
9668,,1956,1,57.57??,2025-08-14
9669,437---,1953,1,873.74,2025-08-14
9670,493,2270,1,103.44??,2025-08-14
9671,238,1459,1,875.47,2025-08-14
9672,460,262,1 ,895.71,2025-08-14
9673,248,1034,5,452.25,2025-08-14
9674,171,2754,3,914.96,2025-08-14
9675,408,1642,1??,643.91,2025-08-14
9676,469,2403,2,953.09,2025-08-14
9677,317,1443,1,432.9,2025-08-14
9678,174 ,1845,2,503.59,2025-08-14
9679,140,1028,1,822.22,2025-08-14
9680,460,1830,1---,895.71,2025-08-14
9681,447,657,1,,2025-08-14
9682,122,1012---,1,392.48,2025-08-14
9683,54,1638,1,472.78,2025-08-14
9684,230,1512,2,193.39,2025-08-14
9685,209,2071,,748.09,2025-08-14
9686,52,1383,3 ,782.67,2025-08-14
9687,248,2862,1,452.25,2025-08-14
9688,206---,177---,4,401.24,2025-08-14
9689,114??,2087,5,583.63,2025-08-14
9690,297,2167,1,745.77,2025-08-14
9691,82,560,,535.76,2025-08-14
9692,254,1935,4,935.96,2025-08-14
9693,168,964,10??,79.14,2025-08-14
9694,186,157,3,873.65,2025-08-14
9695,412,2928,2,628.74,2025-08-14
9696,289,51,1,,2025-08-14
9697,27,341,1,,2025-08-14
9698,9,,1,606.63,2025-08-14
9699,479,913,2,361.65,2025-08-14
9700,48,609,20,None---,2025-08-14
9701,385,1095,1,509.11,2025-08-14
9702,435,2365,1,972.91,2025-08-14
9703,316,1970,2,466.97,2025-08-14
9704,242,316,4,732.54,2025-08-14
9705,212,1520,1,952.19,2025-08-14
9706,164,2881,1,373.42??,2025-08-15
9707,92,1651,1,261.06,2025-08-15
9708,322,293,5,253.21,2025-08-15
9709,274,1958,2,186.15---,2025-08-15
9710,162,2800,2,669.67,2025-08-15
9711,150,2785,2,719.4,2025-08-15
9712,281,2075,2,186.79,2025-08-15
9713,177,81,1,652.82---,2025-08-15
9714,243,2017,3,435.09,2025-08-15
9715,74,,1,,2025-08-15
9716,475,889??,2,626.39,2025-08-15
9717,184,775,,,2025-08-15
9718,38,218,20,147.85,2025-08-15
9719,242---,857,1,732.54,2025-08-15
9720,,1933,1,628.74,2025-08-15
9721,121,,4,,2025-08-15
9722,,2866,4,604.87,2025-08-15
9723,236,1712,1,,2025-08-15
9724,357,1855,,159.21,2025-08-15
9725,313,2561,,,2025-08-15
9726,73,1962,1,831.62,2025-08-15
9727,367,,1,503.81,2025-08-15
9728,341,2771,1,389.03,2025-08-15
9729,352,1410,4,638.9,2025-08-15
9730,431---,1277,1,272.8,2025-08-15
9731,305,1602,1,,2025-08-15
9732,246,1025---,1,108.35,2025-08-15
9733,472,2728,1,105.21,2025-08-15
9734,400 ,114,3,503.19,2025-08-15
9735,132,2207,1,240.09??,2025-08-15
9736,84,123,2,,2025-08-15
9737,118,623,,737.58,2025-08-15
9738,430,2446,2,815.38 ,2025-08-15
9739,46,1484,1,745.3,2025-08-15
9740,362,2511,1,763.92,2025-08-15
9741,196,2605,2,806.34,2025-08-15
9742,303 ,1856,2??,261.07,2025-08-15
9743,191,1791,2,493.52,2025-08-15
9744,374,969,2,711.19,2025-08-15
9745,372,,1,616.97,2025-08-15
9746,306,2321,5,132.33,2025-08-15
9747,361,932,4,319.21,2025-08-15
9748,366,1299,1,773.63,2025-08-15
9749,133,2387,1,572.29,2025-08-15
9750,325,1390,1,661.39,2025-08-15
9751,401,791,1,457.8,2025-08-15
9752,481,467,10,479.02,2025-08-15
9753,42,483,5,372.32,2025-08-15
9754,113,1587,3,159.84,2025-08-15
9755,247,2917,3,,2025-08-15
9756,296,2621---,,871.21,2025-08-15
9757,141 ,783,3,602.55,2025-08-15
9758,37,2146,1,786.8,2025-08-15
9759,414,597,1,245.35,2025-08-15
9760,333,2508,1,418.84,2025-08-15
9761,278,2589,1,349.92,2025-08-15
9762,51,592,1,79.43,2025-08-15
9763,304,1019,2,375.79,2025-08-15
9764,283,2791,4,363.65,2025-08-15
9765,209,168,4,748.09,2025-08-15
9766,494,1431,,,2025-08-15
9767,475,932,5,626.39??,2025-08-15
9768,458,1345,1,912.05---,2025-08-15
9769,25??,1617,2,357.09,2025-08-15
9770,493 ,237,1,103.44??,2025-08-15
9771,420,722??,20,694.13,2025-08-15
9772,46,1445,5---,745.3,2025-08-15
9773,241,2731,1,218.0??,2025-08-15
9774,65,109,5,508.17,2025-08-15
9775,207,593,1,771.97,2025-08-15
9776,395,2369,2,167.39??,2025-08-15
9777,415,372,5,649.87,2025-08-15
9778,72,,1,163.35,2025-08-15
9779,,325,3,748.09,2025-08-15
9780,,208,5,775.93,2025-08-15
9781,365,335,3,,2025-08-15
9782,281,1315,,186.79??,2025-08-15
9783,424,2323,3,607.96,2025-08-15
9784,81,1622,2,427.72,2025-08-15
9785,283,2576,1,363.65??,2025-08-15
9786,306,1834,2,132.33,2025-08-15
9787,377,2642,1,588.92,2025-08-15
9788,472,2469,5,105.21,2025-08-15
9789,95,2281,1,,2025-08-15
9790,321,2189,1,200.36,2025-08-15
9791,18,1537,4,467.06,2025-08-15
9792,261,366,1,982.83,2025-08-15
9793,,2466,3,836.52,2025-08-15
9794,451,2361,5,442.94,2025-08-15
9795,474,841,2,,2025-08-15
9796,474,714,1---,,2025-08-15
9797,10,985,1,173.6,2025-08-15
9798,213,2905,4,932.88??,2025-08-15
9799,252,743,4,836.52,2025-08-15
9800,397,2276,5,637.91,2025-08-15
9801,27,1429,4,463.93,2025-08-15
9802,90,2800,5,191.16,2025-08-15
9803,,336,,719.34,2025-08-15
9804,,2616,4,972.91,2025-08-15
9805,472,700,3,105.21,2025-08-15
9806,69,1307,1,373.1,2025-08-15
9807,56,398,4,336.23,2025-08-15
9808,42,653,2,372.32,2025-08-15
9809,1,2882,3,715.23,2025-08-15
9810,,2626,1,81.87,2025-08-15
9811,91,,2,230.02,2025-08-15
9812,284,1404,3,564.02,2025-08-15
9813,247,362,1,,2025-08-15
9814,288 ,1650,1,448.78,2025-08-15
9815,,206??,1,933.58,2025-08-15
9816,298,2644,3,162.53,2025-08-15
9817,96,1336,3,168.18,2025-08-16
9818,456,325,3,528.57,2025-08-16
9819,54,1848,1,472.78,2025-08-16
9820,119,2746,2,1025.32,2025-08-16
9821,,2496,,1024.02,2025-08-16
9822,484,2483,4,816.36,2025-08-16
9823,111---,1409,2,629.21,2025-08-16
9824,48,220,1,,2025-08-16
9825,122,2355,4,392.48,2025-08-16
9826,402,2603,1,,2025-08-16
9827,494,1453,3,510.63,2025-08-16
9828,153,669,2---,118.03,2025-08-16
9829,239,1112,1,311.41,2025-08-16
9830,145,1948,2,349.01,2025-08-16
9831,,879---,2,508.98,2025-08-16
9832,,300,2??,92.9,2025-08-16
9833,3,1288,1,311.35---,2025-08-16
9834,5,1993,2,201.09,2025-08-16
9835,415,2529,1,649.87,2025-08-16
9836,499,2186,1,1011.56,2025-08-16
9837,164,2866,1,373.42??,2025-08-16
9838,112,1686,1,,2025-08-16
9839,282,268,2,514.12,2025-08-16
9840,404,471,3,,2025-08-16
9841,65,115,1,508.17,2025-08-16
9842,300,2957,3,783.08---,2025-08-16
9843,,1842,1---,855.34,2025-08-16
9844,127 ,741,1,190.88,2025-08-16
9845,145,1735,3,349.01,2025-08-16
9846,255,84,4,246.39,2025-08-16
9847,321,1515,1 ,200.36,2025-08-16
9848,377 ,775,1,588.92,2025-08-16
9849,148,2226,3,,2025-08-16
9850,323,601,1,347.62,2025-08-16
9851,30,224,1,334.63,2025-08-16
9852,483,2369,2,259.65,2025-08-16
9853,428,2987,,856.4,2025-08-16
9854,153,676,1,118.03,2025-08-16
9855,197,915,1,570.36,2025-08-16
9856,410,2418,1,81.87 ,2025-08-16
9857,220,201,5,222.79,2025-08-16
9858,83,997,1,706.86,2025-08-16
9859,166??,963,3,906.51,2025-08-16
9860,,2058,5,399.02,2025-08-16
9861,1,1379,1,715.23,2025-08-16
9862,53,1419,3,552.85,2025-08-16
9863,213,1435,2,932.88,2025-08-16
9864,124,2282,2,887.58---,2025-08-16
9865,146??,1243,2,266.77,2025-08-16
9866,9,2400,1,606.63,2025-08-16
9867,,2729,3,629.21,2025-08-16
9868,198,1102,2,213.46,2025-08-16
9869,437,2350,2,873.74,2025-08-16
9870,96,1121,3,168.18,2025-08-16
9871,249,2247,2,386.0,2025-08-16
9872,306,268,10,132.33,2025-08-16
9873,233,1018,1,896.34,2025-08-16
9874,89,1207,10,105.77,2025-08-16
9875,408,2002,2,643.91,2025-08-16
9876,431,780,1,272.8,2025-08-16
9877,461,967,3,292.66,2025-08-16
9878,228,379,1,496.54,2025-08-16
9879,311,1802,1,713.33,2025-08-16
9880,151,1571,2,603.39,2025-08-16
9881,449,2146,2,944.0,2025-08-16
9882,110,576,1,704.9??,2025-08-16
9883,281,2834,1,186.79,2025-08-16
9884,55,1222,5,182.86,2025-08-16
9885,416,1323,2,,2025-08-16
9886,267,1999,1,839.54,2025-08-16
9887,393,1914,2,704.08,2025-08-16
9888,431,1412,3,272.8,2025-08-16
9889,214,,10,225.33,2025-08-16
9890,23,878,2,719.34,2025-08-16
9891,422,97,3,312.04,2025-08-16
9892,182,428,2,,2025-08-16
9893,,890,4,290.7,2025-08-16
9894,232,2921,1,860.62??,2025-08-16
9895,469,604,1,953.09,2025-08-16
9896,55,607,2,182.86 ,2025-08-16
9897,408,367,5,643.91,2025-08-16
9898,240,1398,1,,2025-08-16
9899,59,2360,5,474.39,2025-08-16
9900,146,2612,3,,2025-08-16
9901,29,859,3,361.73,2025-08-16
9902,283,588,,363.65,2025-08-16
9903,342,1826,,882.83,2025-08-16
9904,25,2587,,357.09,2025-08-16
9905,308,1549,1,281.83,2025-08-16
9906,347,978,3,280.08,2025-08-16
9907,50,1913,2,1007.57,2025-08-16
9908,135,1062,1,1010.19,2025-08-16
9909,130,1889,3,839.05,2025-08-16
9910,7,1178,2,378.16,2025-08-16
9911,77,886,1,975.6,2025-08-16
9912,,1168,4,81.87,2025-08-16
9913,460,1953,2,895.71,2025-08-16
9914,295,1190,1,368.63,2025-08-16
9915,439,2309,3,884.89,2025-08-16
9916,290,875 ,2,774.21,2025-08-16
9917,416,247,5,227.15,2025-08-16
9918,12,64,1,810.58,2025-08-16
9919,418,,1,394.38,2025-08-16
9920,344,2014,1,925.4,2025-08-16
9921,76,1467,2,157.63,2025-08-16
9922,156,1878,4,399.02,2025-08-16
9923,424,1076,5,607.96,2025-08-16
9924,253,2673,1,550.0,2025-08-16
9925,210,2739,5,928.31,2025-08-16
9926,2,2928,2,566.23,2025-08-16
9927,122,2313,3,392.48,2025-08-16
9928,56,917,1,336.23,2025-08-16
9929,160,2548,1,924.03,2025-08-17
9930,171,2830,3,914.96,2025-08-17
9931,362,851,4,763.92,2025-08-17
9932,465,2020,2 ,441.81 ,2025-08-17
9933,452,1834,1,985.54,2025-08-17
9934,298,915,20,162.53,2025-08-17
9935,35,1759,1,198.91,2025-08-17
9936,473,2697,3,123.99,2025-08-17
9937,414,1368,1,245.35,2025-08-17
9938,206,2507,5,401.24,2025-08-17
9939,162,2331---,4,669.67,2025-08-17
9940,54,1252,,472.78---,2025-08-17
9941,,2153,5 ,815.2,2025-08-17
9942,484,1189,1,816.36,2025-08-17
9943,404,1868,3,,2025-08-17
9944,237,,5---,57.57??,2025-08-17
9945,59,2627,1,474.39,2025-08-17
9946,275,1059,4---,270.69,2025-08-17
9947,434,2364,1,911.31,2025-08-17
9948,342,2573,1,882.83,2025-08-17
9949,81,2725,3,427.72,2025-08-17
9950,466,1858,4,760.02,2025-08-17
9951,74,1582,1,1024.02,2025-08-17
9952,183,1050,2,386.71,2025-08-17
9953,289,1257,,,2025-08-17
9954,295,1334---,3,368.63,2025-08-17
9955,52,894,2,782.67,2025-08-17
9956,214,1679,2,225.33,2025-08-17
9957,197,2609,3,570.36,2025-08-17
9958,471,90,5,766.82,2025-08-17
9959,182 ,313,2,378.55,2025-08-17
9960,165,2750,1,709.09,2025-08-17
9961,323,211,2,347.62,2025-08-17
9962,174,1955,1,503.59,2025-08-17
9963,415,1297,20,649.87,2025-08-17
9964,390,925---,3,,2025-08-17
9965,94,2088---,4,,2025-08-17
9966,351,1704,2,787.87,2025-08-17
9967,57,1228---,4,222.83,2025-08-17
9968,342,2024,3,882.83,2025-08-17
9969,282,1403,1,514.12,2025-08-17
9970,303,1849,1,261.07,2025-08-17
9971,202,1357,3,480.12,2025-08-17
9972,461,263,3,292.66,2025-08-17
9973,499,853,2,,2025-08-17
9974,205,2874,1,589.26,2025-08-17
9975,437,49,10,873.74,2025-08-17
9976,338,1547,4,187.05,2025-08-17
9977,419,231,1,138.89,2025-08-17
9978,230,4,3---,193.39,2025-08-17
9979,120??,265---,,,2025-08-17
9980,297,1708,5,745.77,2025-08-17
9981,,25---,3,732.54 ,2025-08-17
9982,481,1253,4,479.02??,2025-08-17
9983,56,1745,2,336.23,2025-08-17
9984,469,2436,5,953.09 ,2025-08-17
9985,71,2744,5,116.08,2025-08-17
9986,474,847,2??,,2025-08-17
9987,495,1661,2,533.13,2025-08-17
9988,403,1934,1,426.25,2025-08-17
9989,439,894,1,884.89,2025-08-17
9990,109,335,1,731.8,2025-08-17
9991,477,691,2,168.82,2025-08-17
9992,52,2902,1,782.67 ,2025-08-17
9993,417,1768,1,195.05,2025-08-17
9994,13,1230,1,548.34,2025-08-17
9995,90,90,1,191.16,2025-08-17
9996,123,1238,1,,2025-08-17
9997,167,629,1,321.07,2025-08-17
9998,78,690,3,555.77,2025-08-17
9999,195,1222,1,410.16,2025-08-17
10000,57,794,5 ,222.83,2025-08-17
10001,145,670,10,349.01,2025-08-17
10002,473,,3 ,123.99,2025-08-17
10003,347,1421,3,280.08,2025-08-17
10004,156---,1829,1,399.02,2025-08-17
10005,361,1226,5,319.21,2025-08-17
10006,,2907,2,985.54,2025-08-17
10007,36,2338,2,752.87,2025-08-17
10008,76,494,5,157.63,2025-08-17
10009,297,343,2,745.77,2025-08-17
10010,179,879,4,355.87,2025-08-17
10011,69,2293,2,373.1,2025-08-17
10012,17,2346,1,1024.6,2025-08-17
10013,428,255,1,856.4,2025-08-17
10014,15,1095,3,815.2 ,2025-08-17
10015,424,1188,1,607.96 ,2025-08-17
10016,217,2184,4,710.49,2025-08-17
10017,468,68,2,388.65,2025-08-17
10018,423,831,3,712.19,2025-08-17
10019,384,1836,1??,855.34,2025-08-17
10020,155,1192,2,657.22,2025-08-17
10021,294,,1,739.48,2025-08-17
10022,35,1481---,1,198.91,2025-08-17
10023,367,1371,2,503.81,2025-08-17
10024,407,2204,,323.97,2025-08-17
10025,100,2654,2,,2025-08-17
10026,168,1916,3,79.14,2025-08-17
10027,204,1842??,1,,2025-08-17
10028,436,191,2---,544.14,2025-08-17
10029,106,2579,2??,207.59,2025-08-17
10030,212,1452,3,952.19,2025-08-17
10031,313,2856,2,256.73,2025-08-17
10032,462,469,1,754.85,2025-08-17
10033,421,1236,2,618.46,2025-08-17
10034,329,1464,1??,589.72,2025-08-17
10035,240,2899,2,841.37,2025-08-17
10036,372,542,1,616.97,2025-08-17
10037,122,430,2,392.48,2025-08-17
10038,209,1248,2,748.09 ,2025-08-17
10039,368,715,5,614.3??,2025-08-17
10040,22,2399,4,85.88,2025-08-18
10041,11,1392,4,,2025-08-18
10042,365,66,2,776.68,2025-08-18
10043,79,,2,,2025-08-18
10044,317,2295,4,432.9,2025-08-18
10045,205,1328,5,589.26 ,2025-08-18
10046,41,1395,5,120.07,2025-08-18
10047,165,1836,1,709.09,2025-08-18
10048,471,1409,4,766.82,2025-08-18
10049,56,2389,2,336.23,2025-08-18
10050,412,,3,628.74??,2025-08-18
10051,401,1898,1,457.8,2025-08-18
10052,46,2576,3,745.3,2025-08-18
10053,153,1636 ,,118.03,2025-08-18
10054,286,2406,1,775.93,2025-08-18
10055,437,2116,2,873.74,2025-08-18
10056,319,2632,1 ,690.64,2025-08-18
10057,239,751,2,311.41,2025-08-18
10058,210,2263,2,928.31,2025-08-18
10059,59,2109,1,474.39,2025-08-18
10060,159,1730,3,237.25,2025-08-18
10061,116,1708,4,280.21,2025-08-18
10062,82,1379,20,535.76,2025-08-18
10063,304,426,3,375.79,2025-08-18
10064,445,2085,20,365.38,2025-08-18
10065,182,2894,3,378.55,2025-08-18
10066,304,2369,1,375.79,2025-08-18
10067,117,61,5,232.36,2025-08-18
10068,217,1016,1,710.49 ,2025-08-18
10069,371,1147,1,348.36,2025-08-18
10070,96,2062,3,168.18,2025-08-18
10071,219,2022,1,604.87,2025-08-18
10072,490,598,4,,2025-08-18
10073,112,1811,1??,110.65,2025-08-18
10074,143,2746,5,181.27,2025-08-18
10075,276,602,1,404.73,2025-08-18
10076,206,2925,2,401.24,2025-08-18
10077,460,830,1,895.71,2025-08-18
10078,294,477,2,739.48,2025-08-18
10079,480,2381,2,702.9,2025-08-18
10080,,62,2,503.19,2025-08-18
10081,425,556,20,99.98,2025-08-18
10082,164,,2,373.42??,2025-08-18
10083,372,698,2,616.97,2025-08-18
10084,18 ,278,4,467.06,2025-08-18
10085,49,2194,2,,2025-08-18
10086,65,2891---,3,508.17,2025-08-18
10087,293,2240---,10,619.01,2025-08-18
10088,463,1938,1,927.87---,2025-08-18
10089,460,2546,2,895.71??,2025-08-18
10090,5,1907,1,201.09,2025-08-18
10091,487,1611,4,237.09 ,2025-08-18
10092,334,662,,202.93,2025-08-18
10093,172,40,1,927.62??,2025-08-18
10094,30,,5,334.63,2025-08-18
10095,18,2317,2,467.06,2025-08-18
10096,445,335,4,365.38,2025-08-18
10097,193,1261,2,217.33,2025-08-18
10098,411,2418,1,128.07,2025-08-18
10099,,2719 ,3,460.78,2025-08-18
10100,299,2404,3,840.59,2025-08-18
10101,,947,,616.97,2025-08-18
10102,444,2641,5,1036.18,2025-08-18
10103,183,1134??,2,386.71,2025-08-18
10104,340,1986,2,,2025-08-18
10105,163,2728??,,435.68,2025-08-18
10106,101,2998,4,76.75---,2025-08-18
10107,497,2993,1,513.71,2025-08-18
10108,271,141,1,590.56,2025-08-18
10109,223,808,1,679.14,2025-08-18
10110,228,2103,4,496.54,2025-08-18
10111,208,2586,3,529.71??,2025-08-18
10112,112,1378,2 ,110.65,2025-08-18
10113,400,2331,3,503.19,2025-08-18
10114,429,140,3,299.59,2025-08-18
10115,472 ,1462,1,105.21,2025-08-18
10116,45,978,1,,2025-08-18
10117,475,677,3,626.39 ,2025-08-18
10118,41,2503,3,120.07,2025-08-18
10119,197,2341,1,570.36,2025-08-18
10120,18,858,5,467.06,2025-08-18
10121,208,2109,3,529.71??,2025-08-18
10122,228,2467,2,496.54,2025-08-18
10123,408,1031,,643.91,2025-08-18
10124,436,662,10,544.14,2025-08-18
10125,179,1542,1,355.87,2025-08-18
10126,349,1377,4,464.38,2025-08-18
10127,451 ,1986,4,442.94,2025-08-18
10128,76 ,798,1,157.63,2025-08-18
10129,267??,890,1,839.54,2025-08-18
10130,245,,2,676.36,2025-08-18
10131,413,2098,1,488.56,2025-08-18
10132,134,1820,1,,2025-08-18
10133,18,1209 ,10,467.06,2025-08-18
10134,409,652,2,845.34,2025-08-18
10135,42,1077,1,372.32,2025-08-18
10136,,1842,1,,2025-08-18
10137,238??,1451,2,875.47,2025-08-18
10138,135,784,1,1010.19,2025-08-18
10139,437,2431,1,873.74,2025-08-18
10140,246,2965,20,108.35,2025-08-18
10141,246,714,5,108.35,2025-08-18
10142,296,568,1,871.21,2025-08-18
10143,324,1825,2,829.29,2025-08-18
10144,438,245,2,825.65,2025-08-18
10145,322,1222,5,,2025-08-18
10146,479,552,,361.65,2025-08-18
10147,254,1417,4,935.96,2025-08-18
10148,477,626,5,168.82,2025-08-18
10149,256??,292,1---,418.38,2025-08-18
10150,138,1950 ,2,641.47,2025-08-18
10151,252,2161,1,836.52,2025-08-19
10152,15,2347,4,815.2,2025-08-19
10153,379,2250,2,614.34,2025-08-19
10154,119,2258,5,1025.32??,2025-08-19
10155,46,309,2,745.3,2025-08-19
10156,163,730,1,435.68,2025-08-19
10157,297,1811,2,745.77,2025-08-19
10158,376,1581,1,884.87,2025-08-19
10159,448---,878,1,459.14,2025-08-19
10160,479,790,3,361.65,2025-08-19
10161,105,749,2,589.73,2025-08-19
10162,483 ,1678,2,259.65,2025-08-19
10163,168,1805,3,79.14,2025-08-19
10164,282,2421,5,514.12,2025-08-19
10165,239??,1793,1,311.41,2025-08-19
10166,,,1,336.39,2025-08-19
10167,215,2407,3,498.59,2025-08-19
10168,199,2850,2,559.88,2025-08-19
10169,266,852,2,401.69,2025-08-19
10170,34,2558,4,378.62,2025-08-19
10171,126,1189,20,,2025-08-19
10172,43,1068,3,152.82,2025-08-19
10173,64,622,4,149.34,2025-08-19
10174,500,2307,10,932.15,2025-08-19
10175,104 ,1006,1,855.17,2025-08-19
10176,499,2501,20,1011.56 ,2025-08-19
10177,233,330,4,896.34,2025-08-19
10178,390,1206,2,,2025-08-19
10179,65,1640---,5,508.17,2025-08-19
10180,54,2086,1,472.78,2025-08-19
10181,178,29,1,934.32,2025-08-19
10182,215,1234,1,498.59,2025-08-19
10183,307,339,2,432.28,2025-08-19
10184,44,1257,3,460.78,2025-08-19
10185,374,534,3,711.19,2025-08-19
10186,160,1223,3,924.03,2025-08-19
10187,446,,1,85.62,2025-08-19
10188,274,,5,186.15,2025-08-19
10189,139,894,1,868.35,2025-08-19
10190,295,522,4,368.63,2025-08-19
10191,351,1246,2,787.87,2025-08-19
10192,44,1854,5,460.78,2025-08-19
10193,460,595,1,895.71 ,2025-08-19
10194,58,1004,,,2025-08-19
10195,487,412,2,237.09,2025-08-19
10196,369,249,,410.57??,2025-08-19
10197,122,2985,3,392.48,2025-08-19
10198,74,2578,1,1024.02,2025-08-19
10199,122,1728,2,392.48,2025-08-19
10200,142,310,1,858.79,2025-08-19
10201,347,1059,20,280.08,2025-08-19
10202,34,1095,1 ,378.62,2025-08-19
10203,410 ,341,1,81.87,2025-08-19
10204,232,1642,1,860.62??,2025-08-19
10205,428,2719,4,856.4,2025-08-19
10206,277,2719,1,840.11,2025-08-19
10207,491,1963,2,874.7,2025-08-19
10208,287,154,2,365.42,2025-08-19
10209,66,1893,3,604.37,2025-08-19
10210,136,1721,4,787.54,2025-08-19
10211,250,563,3,119.79---,2025-08-19
10212,214,2937,2,225.33,2025-08-19
10213,281,1714,2 ,186.79,2025-08-19
10214,354,2145,1,520.29,2025-08-19
10215,62,758,4,864.4,2025-08-19
10216,65,94,4,508.17,2025-08-19
10217,294,1546,5,,2025-08-19
10218,24,868,4,891.92,2025-08-19
10219,,568,1,739.48,2025-08-19
10220,274,198 ,5,186.15,2025-08-19
10221,416,141,3,227.15,2025-08-19
10222,166,2639,4,906.51,2025-08-19
10223,418,1347,1,394.38,2025-08-19
10224,250,1542,3,,2025-08-19
10225,461,294,1,292.66,2025-08-19
10226,121,2898,,653.67,2025-08-19
10227,333,467,,418.84??,2025-08-19
10228,397,2390,2,637.91,2025-08-19
10229,166,2847,1,906.51,2025-08-19
10230,225,1969,1,711.78,2025-08-19
10231,469,726,3,953.09,2025-08-19
10232,382,2289,1,427.52,2025-08-19
10233,,,1,84.32---,2025-08-19
10234,312,1010,3,692.62,2025-08-19
10235,469,2492,2,953.09,2025-08-19
10236,,743,1,,2025-08-19
10237,46,2970,2,745.3,2025-08-19
10238,154,2521,1,730.08,2025-08-19
10239,44,2323,2,,2025-08-19
10240,184,865,4,707.97,2025-08-19
10241,275,2900,1,270.69,2025-08-19
10242,96,726,2,168.18,2025-08-19
10243,495,2431---,1,533.13,2025-08-19
10244,8,1327,1,335.13 ,2025-08-19
10245,414,1462,10,245.35,2025-08-19
10246,103,538,3,399.04,2025-08-19
10247,346,2207,2,555.77,2025-08-19
10248,63,1204,1,,2025-08-19
10249,349,1526,2,464.38,2025-08-19
10250,,2993,3,699.64,2025-08-19
10251,266,2938,1,401.69,2025-08-19
10252,83,34,2,706.86,2025-08-19
10253,339,1373,3,910.33,2025-08-19
10254,482,2550,2,411.28,2025-08-19
10255,172,2178,1,927.62,2025-08-19
10256,6,2962,10,284.23,2025-08-19
10257,311,46,2,713.33,2025-08-19
10258,453,1451,3,,2025-08-19
10259,482,26,3,411.28,2025-08-19
10260,8,1865,1,335.13,2025-08-19
10261,222,530,20,681.73,2025-08-19
10262,288---,878,4,448.78,2025-08-20
10263,23---,1278,2,719.34---,2025-08-20
10264,200,2343,4,,2025-08-20
10265,103,2403,,399.04,2025-08-20
10266,24,2731,2,891.92,2025-08-20
10267,42,1232,4,372.32,2025-08-20
10268,368,,3,614.3,2025-08-20
10269,106---,373,5,207.59,2025-08-20
10270,,425,10,99.98,2025-08-20
10271,240,2394??,5,841.37,2025-08-20
10272,104,2712,1,855.17,2025-08-20
10273,239---,166,4,311.41 ,2025-08-20
10274,293,2772,1,619.01,2025-08-20
10275,338,1181,1,187.05,2025-08-20
10276,30,917,2,334.63,2025-08-20
10277,331,1757,2,468.72,2025-08-20
10278,301,2617,5,256.11,2025-08-20
10279,476,1685,3,234.47,2025-08-20
10280,199,2709,5,559.88,2025-08-20
10281,,1420,1,198.91,2025-08-20
10282,,875,3,657.22,2025-08-20
10283,180,357,2,262.7,2025-08-20
10284,17,883,,1024.6,2025-08-20
10285,59,2922,5,474.39,2025-08-20
10286,281,693,2,186.79,2025-08-20
10287,433,1758,2,494.44,2025-08-20
10288,60,2713,,606.21,2025-08-20
10289,195,2465,2,,2025-08-20
10290,424,2449,,607.96,2025-08-20
10291,72,606,1,163.35,2025-08-20
10292,468,1185,2,388.65,2025-08-20
10293,204,955,1,,2025-08-20
10294,419,707,,138.89,2025-08-20
10295,292,2234,,160.65,2025-08-20
10296,,1193,3,123.99,2025-08-20
10297,26,2472,1,,2025-08-20
10298,56,33,4,336.23,2025-08-20
10299,485,77,2,,2025-08-20
10300,170,2265,2,700.59,2025-08-20
10301,42,2855,3,372.32,2025-08-20
10302,,1401??,1??,393.07,2025-08-20
10303,419,139,20,138.89,2025-08-20
10304,118,711,3,737.58,2025-08-20
10305,220,2713,2,222.79,2025-08-20
10306,365,1103,3,776.68,2025-08-20
10307,333,463,1,418.84,2025-08-20
10308,140??,1390,1,822.22,2025-08-20
10309,332,1715,1,104.65,2025-08-20
10310,246,1530,1,108.35,2025-08-20
10311,28,312,4,,2025-08-20
10312,439---,1694,2,884.89,2025-08-20
10313,344,2567 ,2,925.4,2025-08-20
10314,80,2804,1,402.48,2025-08-20
10315,201,2430??,1,199.44,2025-08-20
10316,,1455,2,932.88---,2025-08-20
10317,285,2396,,535.38,2025-08-20
10318,250,1453,5,119.79,2025-08-20
10319,162,2179,2,669.67,2025-08-20
10320,366---,1481,4,773.63,2025-08-20
10321,488,980,1,721.8,2025-08-20
10322,7,69,1,378.16,2025-08-20
10323,,2778,10,508.17,2025-08-20
10324,313,,5,256.73,2025-08-20
10325,367,1863,4,503.81,2025-08-20
10326,205,68,2,589.26,2025-08-20
10327,39,1239,1,228.38,2025-08-20
10328,382,1385,2,427.52,2025-08-20
10329,495,361,4,533.13,2025-08-20
10330,,707,5,,2025-08-20
10331,126,988,4,373.76 ,2025-08-20
10332,156,448,20,,2025-08-20
10333,365---,2489,2,776.68,2025-08-20
10334,230,2446,1,193.39 ,2025-08-20
10335,118,2338,4,737.58,2025-08-20
10336,462,,2,754.85,2025-08-20
10337,102,2519---,2,873.82,2025-08-20
10338,29,2296,2,361.73,2025-08-20
10339,413,2670,1,488.56,2025-08-20
10340,1,2287,1,715.23,2025-08-20
10341,214 ,2422,10,225.33,2025-08-20
10342,307,2359,1,432.28,2025-08-20
10343,241,2028,3,218.0??,2025-08-20
10344,,78??,1,427.52,2025-08-20
10345,499,384,2,1011.56,2025-08-20
10346,,481,2,,2025-08-20
10347,500,2156,2,932.15,2025-08-20
10348,126,1239,4,373.76 ,2025-08-20
10349,91,2490,10,230.02---,2025-08-20
10350,301,1547,2,256.11,2025-08-20
10351,29,972,2??,361.73,2025-08-20
10352,192,460,2,595.75,2025-08-20
10353,177,1992 ,1,652.82,2025-08-20
10354,143,1107,1,,2025-08-20
10355,13,366,2,548.34,2025-08-20
10356,299---,1749,2,840.59,2025-08-20
10357,28,1480,3,699.64,2025-08-20
10358,423,1586,2,712.19,2025-08-20
10359,469,2463,4,953.09,2025-08-20
10360,500,2899,1,932.15,2025-08-20
10361,339,2858,3,910.33,2025-08-20
10362,384,1589,3,855.34,2025-08-20
10363,195,934,20,,2025-08-20
10364,90,2148,2,191.16,2025-08-20
10365,46,2350??,5,745.3,2025-08-20
10366,396,2283,3,629.9,2025-08-20
10367,181,167,2,508.98,2025-08-20
10368,416,2179,1,227.15,2025-08-20
10369,180,1840??,3,262.7,2025-08-20
10370,377,1561,10,588.92,2025-08-20
10371,122,1150,2,392.48,2025-08-20
10372,,2499,5,491.64,2025-08-20
10373,195,2518,3,410.16,2025-08-21
10374,236,2576,1,589.35,2025-08-21
10375,484,1391,2,816.36,2025-08-21
10376,74,2822,3,1024.02,2025-08-21
10377,104,1961,10,855.17,2025-08-21
10378,376,770,2,884.87,2025-08-21
10379,82,1362,1,535.76,2025-08-21
10380,,2177,1,875.47,2025-08-21
10381,423,527,1,712.19,2025-08-21
10382,223,2384,2,679.14,2025-08-21
10383,373,1116,4,186.09,2025-08-21
10384,428,2881,,856.4,2025-08-21
10385,,2906,,465.22,2025-08-21
10386,487,848,4,237.09,2025-08-21
10387,,1259,1,910.33,2025-08-21
10388,465,1093,4,,2025-08-21
10389,273,695,5,84.32??,2025-08-21
10390,327??,788,1,,2025-08-21
10391,387,899,2,680.0,2025-08-21
10392,,314,3,496.54,2025-08-21
10393,,154,3,643.91,2025-08-21
10394,243,498,2,435.09,2025-08-21
10395,,973,2---,,2025-08-21
10396,83,62,1,706.86,2025-08-21
10397,255,296,5,246.39,2025-08-21
10398,281,2202,3,186.79,2025-08-21
10399,126,2401,3,373.76 ,2025-08-21
10400,185---,1436,1,542.3,2025-08-21
10401,133,604,2,572.29,2025-08-21
10402,321,2771,5,200.36,2025-08-21
10403,208,,1,529.71??,2025-08-21
10404,381,1244,,65.2,2025-08-21
10405,291,2819,2,722.08,2025-08-21
10406,28,2013 ,1,699.64,2025-08-21
10407,211---,761,5,527.98,2025-08-21
10408,199,1823,1,559.88,2025-08-21
10409,167,1612,1,321.07,2025-08-21
10410,146,1326,,266.77,2025-08-21
10411,254,2377,4,935.96,2025-08-21
10412,490,2694,2,,2025-08-21
10413,291,501 ,2,722.08,2025-08-21
10414,497,1626,1,513.71,2025-08-21
10415,206,2063,3,401.24??,2025-08-21
10416,492,739??,4,847.03,2025-08-21
10417,414,720,3,245.35,2025-08-21
10418,245,52??,1,676.36,2025-08-21
10419,302,1315,1,467.1,2025-08-21
10420,303,2898,2,261.07,2025-08-21
10421,337,459,1,600.31,2025-08-21
10422,130,2448,4,839.05,2025-08-21
10423,351,2814,3,787.87,2025-08-21
10424,405,2643,2,290.54,2025-08-21
10425,176,2164,1,475.79,2025-08-21
10426,260,1805,1,517.98 ,2025-08-21
10427,295,1850,2,368.63,2025-08-21
10428,78,117,2,555.77,2025-08-21
10429,229,1929,5,657.87,2025-08-21
10430,,996,1,292.66,2025-08-21
10431,235,835,1,475.17,2025-08-21
10432,296,2690,2,871.21,2025-08-21
10433,39,2592,3,228.38,2025-08-21
10434,104,768,1,855.17,2025-08-21
10435,64,2454,2,149.34,2025-08-21
10436,329,975,1,589.72,2025-08-21
10437,131,1861,4,554.81,2025-08-21
10438,399,2219,4,773.65,2025-08-21
10439,344,1770,1,925.4,2025-08-21
10440,15,2521,1??,815.2,2025-08-21
10441,294,2625---,4,739.48,2025-08-21
10442,368,747 ,3,614.3,2025-08-21
10443,478,2298,4,537.53,2025-08-21
10444,240,1779,2,841.37,2025-08-21
10445,,1694,5,542.3,2025-08-21
10446,10,645,4,173.6,2025-08-21
10447,209,274,3,748.09,2025-08-21
10448,279,650,2,833.88,2025-08-21
10449,,1556,4,919.81 ,2025-08-21
10450,242,701,4,732.54,2025-08-21
10451,31,1252,20,79.99,2025-08-21
10452,218---,2007,5,736.29,2025-08-21
10453,73,1533,3---,831.62,2025-08-21
10454,107---,990,,585.54,2025-08-21
10455,129,1732,4,392.23,2025-08-21
10456,82,1133,2,535.76,2025-08-21
10457,374,904,1,711.19,2025-08-21
10458,398,897,4,229.92,2025-08-21
10459,279,1335,1,833.88,2025-08-21
10460,370,341,1,604.48,2025-08-21
10461,419,2019,2,138.89,2025-08-21
10462,373??,2054,1,186.09,2025-08-21
10463,148,1755,2---,,2025-08-21
10464,424,957,2,607.96,2025-08-21
10465,,242,3,315.18,2025-08-21
10466,26,2365,20,,2025-08-21
10467,8,2142,20,335.13,2025-08-21
10468,422,2930,2,312.04,2025-08-21
10469,69,1264,3??,373.1,2025-08-21
10470,244,576,,951.6,2025-08-21
10471,19,2035,4,,2025-08-21
10472,113,1105,5,159.84,2025-08-21
10473,425,1151,4,99.98,2025-08-21
10474,185??,75,4,542.3,2025-08-21
10475,85,953??,3,,2025-08-21
10476,,662,1,699.06??,2025-08-21
10477,475,2359,1,626.39,2025-08-21
10478,23,2078,1,719.34,2025-08-21
10479,438,2213,5,825.65,2025-08-21
10480,362,2583,3,763.92,2025-08-21
10481,403,2082,4,426.25,2025-08-21
10482,,2070,3,979.1,2025-08-21
10483,157,2776??,1,290.7,2025-08-21
10484,6,2270,1,284.23,2025-08-22
10485,366,,2,773.63,2025-08-22
10486,468,1568,3,388.65,2025-08-22
10487,195,1472,,410.16,2025-08-22
10488,390,1068,2,None ,2025-08-22
10489,,2074,4,305.61,2025-08-22
10490,310,1360,2,723.09 ,2025-08-22
10491,9,514,2,606.63,2025-08-22
10492,63,1091,3,None??,2025-08-22
10493,85,1959,20,181.5,2025-08-22
10494,159,1568,5,237.25,2025-08-22
10495,129,2757,,392.23,2025-08-22
10496,282,,1,514.12,2025-08-22
10497,297,780,,745.77,2025-08-22
10498,499,1776,,,2025-08-22
10499,15,110,2,815.2,2025-08-22
10500,106,1234,2,207.59,2025-08-22
10501,449,1361,2,944.0,2025-08-22
10502,480,2808,1,702.9,2025-08-22
10503,,1460,1,378.16,2025-08-22
10504,293,2530,1,619.01,2025-08-22
10505,136,2100,5 ,787.54,2025-08-22
10506,8,2718,4,335.13,2025-08-22
10507,346,678,1,555.77,2025-08-22
10508,320,2613??,2,,2025-08-22
10509,126,1412,,373.76 ,2025-08-22
10510,237,178,2,57.57??,2025-08-22
10511,418,955---,1,394.38,2025-08-22
10512,255,1081,2,246.39,2025-08-22
10513,93,1925,1,,2025-08-22
10514,168,2113,2,79.14,2025-08-22
10515,487,127,1,237.09,2025-08-22
10516,499,2671,3??,1011.56,2025-08-22
10517,281,2057,3,186.79,2025-08-22
10518,354,2477,2---,520.29,2025-08-22
10519,375,1896,2,360.24,2025-08-22
10520,458,1100,2,912.05---,2025-08-22
10521,236,,1,589.35,2025-08-22
10522,124,825,1,887.58,2025-08-22
10523,289,2634,5,,2025-08-22
10524,170,2449,3,700.59,2025-08-22
10525,319,1764,1,690.64,2025-08-22
10526,468 ,51,1,,2025-08-22
10527,127,666,5,190.88---,2025-08-22
10528,190,1970,5,461.29,2025-08-22
10529,243,670,5,435.09,2025-08-22
10530,285,,1,535.38,2025-08-22
10531,467,1880,1,943.44,2025-08-22
10532,224,157,2,835.41,2025-08-22
10533,193,826,3,217.33,2025-08-22
10534,114,2868,3,583.63---,2025-08-22
10535,155,1000,3,657.22,2025-08-22
10536,485,2191,1,306.85,2025-08-22
10537,189,1778,4,1027.84,2025-08-22
10538,14,117,1,546.15,2025-08-22
10539,181,1001,1,508.98,2025-08-22
10540,136,1890,1,787.54,2025-08-22
10541,140,1048,1,822.22,2025-08-22
10542,327,135,10,,2025-08-22
10543,286,1464,1,775.93,2025-08-22
10544,73,2678,10,831.62,2025-08-22
10545,85,2082,10,181.5,2025-08-22
10546,432,2500,1,398.64,2025-08-22
10547,336,945,1,914.9,2025-08-22
10548,296,147,1,871.21,2025-08-22
10549,336,1870,2,914.9,2025-08-22
10550,320,,1,438.03,2025-08-22
10551,402,2198,3,,2025-08-22
10552,176,1165,3,475.79 ,2025-08-22
10553,55,431,4,182.86,2025-08-22
10554,34,1863,4,378.62,2025-08-22
10555,122,192,1,392.48,2025-08-22
10556,373,235,5,186.09,2025-08-22
10557,298,1195,1,,2025-08-22
10558,,,1,386.73,2025-08-22
10559,130 ,688,5,839.05,2025-08-22
10560,454,2962,1 ,690.74,2025-08-22
10561,175,2211,3,842.59,2025-08-22
10562,326,1342,1,648.98,2025-08-22
10563,133,2897,3,572.29,2025-08-22
10564,473,1195,2,123.99,2025-08-22
10565,499,2579,1,1011.56,2025-08-22
10566,266,858,3,401.69??,2025-08-22
10567,402,895,2,,2025-08-22
10568,135,311,1,1010.19,2025-08-22
10569,86,1247,,903.56,2025-08-22
10570,356,1940,,511.55,2025-08-22
10571,3,1677??,1,311.35---,2025-08-22
10572,229,1238,1,657.87,2025-08-22
10573,4,2448,2??,587.27,2025-08-22
10574,430,2849,1,815.38,2025-08-22
10575,304,1383,5,375.79,2025-08-22
10576,335,2339,2,242.79,2025-08-22
10577,40,329,,727.08,2025-08-22
10578,141,163,1,602.55??,2025-08-22
10579,271,2330,10,590.56,2025-08-22
10580,319,230,5 ,690.64,2025-08-22
10581,185,2383,5,542.3,2025-08-22
10582,168,296,1,79.14,2025-08-22
10583,213,2194,2,932.88,2025-08-22
10584,186,1556,3,,2025-08-22
10585,395,249,20,167.39?? ,2025-08-22
10586,231,1124,1,585.37,2025-08-22
10587,133,2043,20,,2025-08-22
10588,150,994,10,719.4,2025-08-22
10589,498,1539,2,369.08,2025-08-22
10590,354,1951,1,520.29,2025-08-22
10591,96,167,3,,2025-08-22
10592,27,1897,1,463.93,2025-08-22
10593,26,2891,1,,2025-08-22
10594,,1980??,4,487.7,2025-08-22
10595,145,1856,3,349.01,2025-08-23
10596,269,1925,3---,617.46,2025-08-23
10597,202,2781,1,480.12,2025-08-23
10598,39,839,5,228.38,2025-08-23
10599,119,2917,,1025.32,2025-08-23
10600,423,212,5,712.19,2025-08-23
10601,55,2088,1,,2025-08-23
10602,236,1140 ,5,589.35,2025-08-23
10603,55,2464,2,182.86,2025-08-23
10604,134,2459,5,,2025-08-23
10605,445,1017,2,365.38,2025-08-23
10606,484,1537,2,816.36,2025-08-23
10607,424,2424,3,607.96,2025-08-23
10608,98,1571,1,332.9,2025-08-23
10609,173,1372,4,722.69,2025-08-23
10610,178,590,2,934.32,2025-08-23
10611,147,871,1,755.36,2025-08-23
10612,322,101,1,253.21,2025-08-23
10613,289,1479,1,,2025-08-23
10614,55,2008,1,182.86,2025-08-23
10615,,2146,,,2025-08-23
10616,30,2618??,4,334.63,2025-08-23
10617,51,530,2,79.43,2025-08-23
10618,378,1973,1,305.61,2025-08-23
10619,58,2902,,994.69,2025-08-23
10620,109,2131,1,731.8,2025-08-23
10621,222,1286,2,681.73,2025-08-23
10622,88,671,2,211.51,2025-08-23
10623,427,953,2,522.79,2025-08-23
10624,478,2788,10,537.53,2025-08-23
10625,231 ,205,1,585.37,2025-08-23
10626,500,1091,3,932.15??,2025-08-23
10627,42,1124,1,372.32,2025-08-23
10628,297 ,611,2,745.77,2025-08-23
10629,42,1175,1,372.32,2025-08-23
10630,317,790,1,432.9,2025-08-23
10631,273,1878,1,84.32,2025-08-23
10632,89,970,2,105.77,2025-08-23
10633,114??,842,5,583.63,2025-08-23
10634,189,551,1??,1027.84,2025-08-23
10635,23,1444,2,719.34,2025-08-23
10636,360 ,623,1,315.18,2025-08-23
10637,492,1023,1,847.03,2025-08-23
10638,237,1466,10,57.57??,2025-08-23
10639,493,219---,2,,2025-08-23
10640,291,2055,1,722.08,2025-08-23
10641,293,2761,3,619.01,2025-08-23
10642,388,1862,2,379.24,2025-08-23
10643,446,32,1,85.62,2025-08-23
10644,237,2638,2,57.57??,2025-08-23
10645,487,2651,2,237.09,2025-08-23
10646,414,2035,3,245.35,2025-08-23
10647,113,1732,2,159.84,2025-08-23
10648,143,2811??,,181.27,2025-08-23
10649,485,1571,1,306.85,2025-08-23
10650,303 ,627,2,261.07,2025-08-23
10651,199,2029,1,559.88 ,2025-08-23
10652,,2749,1,845.34,2025-08-23
10653,314,195,2,785.07,2025-08-23
10654,498,1055,1,369.08,2025-08-23
10655,426,349,2,,2025-08-23
10656,345,277,3,838.18,2025-08-23
10657,380,611,2,728.24 ,2025-08-23
10658,,2633---,3 ,335.13,2025-08-23
10659,350,1810,3---,659.64,2025-08-23
10660,446,1085,4,85.62,2025-08-23
10661,6,497 ,4,284.23,2025-08-23
10662,229,907,2,657.87,2025-08-23
10663,238,1190,5,875.47,2025-08-23
10664,201,979,5,199.44,2025-08-23
10665,81,2879,2,427.72,2025-08-23
10666,330,,1,558.84,2025-08-23
10667,447,897,1,,2025-08-23
10668,391,1250,4,537.68,2025-08-23
10669,248,82,3,452.25,2025-08-23
10670,110,1971,2,704.9??,2025-08-23
10671,405,2336,1,290.54,2025-08-23
10672,256,161,2,418.38---,2025-08-23
10673,328,2270,3,413.2,2025-08-23
10674,308,1928,3,281.83,2025-08-23
10675,332,2372,1,104.65,2025-08-23
10676,317,2684??,3,432.9,2025-08-23
10677,306,737,1,132.33,2025-08-23
10678,89,2916??,1,105.77,2025-08-23
10679,155,109,1,657.22,2025-08-23
10680,229,2862??,5,657.87,2025-08-23
10681,139,1632 ,5,868.35,2025-08-23
10682,117,,,232.36,2025-08-23
10683,456,239,2,528.57,2025-08-23
10684,174,1873,1,503.59,2025-08-23
10685,,2989,3,719.4,2025-08-23
10686,,2896,1,292.66,2025-08-23
10687,320,994,1,,2025-08-23
10688,291,896,2,722.08,2025-08-23
10689,94,1048,3,996.96---,2025-08-23
10690,301,1183,2,256.11,2025-08-23
10691,145,2868,3,349.01,2025-08-23
10692,374,2458,2,711.19,2025-08-23
10693,76,88,1,157.63 ,2025-08-23
10694,45,2276,4,,2025-08-23
10695,402,78,1,851.77,2025-08-23
10696,138,1254,20,641.47,2025-08-23
10697,387??,1551,5,,2025-08-23
10698,391,891,1,537.68,2025-08-23
10699,87,1110,2,379.38,2025-08-23
10700,319,1146,1,690.64,2025-08-23
10701,171,1025,1,914.96,2025-08-23
10702,339,102,1,910.33,2025-08-23
10703,218,1976,3,736.29,2025-08-23
10704,251,2785,3,511.82,2025-08-23
10705,494,2376---,2,510.63,2025-08-23
10706,106,413,2 ,207.59,2025-08-24
10707,66,865,1,604.37,2025-08-24
10708,359,6,2,93.44,2025-08-24
10709,338,1993,2,187.05,2025-08-24
10710,387,50,1 ,680.0,2025-08-24
10711,,2034,20,232.36,2025-08-24
10712,159,779,4,237.25,2025-08-24
10713,268,2768,1,,2025-08-24
10714,89,1287,3,105.77 ,2025-08-24
10715,177,2363,3,652.82---,2025-08-24
10716,278,708,1,349.92,2025-08-24
10717,113,,1,159.84,2025-08-24
10718,,891,1,398.85,2025-08-24
10719,152,1645,3,,2025-08-24
10720,418,1573,1,,2025-08-24
10721,20,147 ,2,100.09,2025-08-24
10722,130,1868,1,839.05,2025-08-24
10723,244,2012---,2,951.6,2025-08-24
10724,5,364,4,201.09,2025-08-24
10725,352,565,,638.9,2025-08-24
10726,,1862,2,533.13,2025-08-24
10727,410,1995,2,81.87,2025-08-24
10728,242,2590,2,732.54,2025-08-24
10729,109,2191,5,731.8,2025-08-24
10730,451,161 ,1,,2025-08-24
10731,459,2194,10,621.08,2025-08-24
10732,44,45,1,460.78,2025-08-24
10733,37,1569,2,786.8,2025-08-24
10734,93,106,1,,2025-08-24
10735,115??,463,1---,971.71---,2025-08-24
10736,,132,3,669.67,2025-08-24
10737,95,1724,2,1027.63,2025-08-24
10738,12 ,629,2---,810.58,2025-08-24
10739,351,1226,3,787.87,2025-08-24
10740,476,2774,,234.47,2025-08-24
10741,356,1659,2,511.55,2025-08-24
10742,297,2680,,745.77,2025-08-24
10743,276,2919,1,404.73,2025-08-24
10744,137,2719,5,247.12,2025-08-24
10745,217,2487,1,710.49,2025-08-24
10746,180,2487 ,3,262.7,2025-08-24
10747,258,2337,3,689.11,2025-08-24
10748,217,1298,4,710.49,2025-08-24
10749,186,260,1,873.65,2025-08-24
10750,200,2938,1,,2025-08-24
10751,235,372,3??,475.17 ,2025-08-24
10752,395,851,2,167.39??,2025-08-24
10753,367,952??,2,503.81,2025-08-24
10754,485,,2,306.85,2025-08-24
10755,64,976,5,149.34,2025-08-24
10756,416,1215,1,227.15,2025-08-24
10757,81,1909,1,427.72,2025-08-24
10758,26,2451,1,,2025-08-24
10759,456,325,3,528.57,2025-08-24
10760,137,2985,5,247.12,2025-08-24
10761,169,422,3---,,2025-08-24
10762,484,2538,2,,2025-08-24
10763,322,2396,1,253.21,2025-08-24
10764,270,1924,1,298.5??,2025-08-24
10765,486,,1,860.43,2025-08-24
10766,94,571---,2,996.96,2025-08-24
10767,211,2805,4,527.98,2025-08-24
10768,484,638,5,816.36,2025-08-24
10769,,1127,1,292.66,2025-08-24
10770,107,1928,2,585.54,2025-08-24
10771,7,740,2,378.16,2025-08-24
10772,433,2995,1,494.44,2025-08-24
10773,257,1785---,5,528.85,2025-08-24
10774,347,1885,1 ,280.08,2025-08-24
10775,48,2188,1,,2025-08-24
10776,40,2360,3,727.08,2025-08-24
10777,402??,390,4,851.77,2025-08-24
10778,179,382,1,355.87??,2025-08-24
10779,275,257,3,270.69,2025-08-24
10780,313,1646,1,256.73,2025-08-24
10781,133,1275,2,572.29,2025-08-24
10782,62,1026,2,864.4,2025-08-24
10783,234,2901,2,604.44,2025-08-24
10784,342,627,1,882.83,2025-08-24
10785,,2221,1,783.08---,2025-08-24
10786,355,,2,336.39,2025-08-24
10787,75,2736,1,899.45,2025-08-24
10788,475,1263,4,626.39,2025-08-24
10789,178,516,3,934.32,2025-08-24
10790,280,1764,1,234.31??,2025-08-24
10791,58,465,2,994.69,2025-08-24
10792,465,,3,441.81 ,2025-08-24
10793,422,,3,312.04,2025-08-24
10794,78,2501,2 ,555.77,2025-08-24
10795,,1549,20,168.18,2025-08-24
10796,,2069,2,488.56---,2025-08-24
10797,257,891,1---,,2025-08-24
10798,198,,2,213.46,2025-08-24
10799,434,1478,1,911.31,2025-08-24
10800,292,1654,3,160.65,2025-08-24
10801,316,635,1,466.97,2025-08-24
10802,70,937,4,624.95,2025-08-24
10803,251,1945,10,511.82,2025-08-24
10804,129,365,10,392.23,2025-08-24
10805,194,2927,2,154.3,2025-08-24
10806,149,1519,2,487.7,2025-08-24
10807,60,570,2,606.21,2025-08-24
10808,191,1069,2,493.52,2025-08-24
10809,450,1601,1,325.2,2025-08-24
10810,478,2792,1,,2025-08-24
10811,323,743,5,347.62,2025-08-24
10812,410,2988,1,81.87,2025-08-24
10813,357,1678,1,159.21,2025-08-24
10814,171,1479,5,914.96,2025-08-24
10815,211,2706,3,527.98,2025-08-24
10816,127,1470,1??,190.88,2025-08-24
10817,379,2504,5,614.34,2025-08-25
10818,60,2834,5,606.21,2025-08-25
10819,465,512,5,441.81 ,2025-08-25
10820,12,442,1,810.58,2025-08-25
10821,413,1250,1,488.56,2025-08-25
10822,48,1196,3,,2025-08-25
10823,194,1255,1,154.3,2025-08-25
10824,,861,5,944.0 ,2025-08-25
10825,,2692,5,,2025-08-25
10826,271,2556,5,590.56,2025-08-25
10827,486,2897,3,860.43,2025-08-25
10828,171,2354,3,914.96,2025-08-25
10829,254,2582,3,935.96,2025-08-25
10830,469 ,2623,2,953.09,2025-08-25
10831,397---,630,,637.91,2025-08-25
10832,165,1682,3,709.09,2025-08-25
10833,,2741,3,182.86,2025-08-25
10834,65,2686,5,508.17,2025-08-25
10835,256,460,2,418.38,2025-08-25
10836,138,2742,3,641.47 ,2025-08-25
10837,28,2563,1,699.64,2025-08-25
10838,143,842,1,181.27,2025-08-25
10839,410,695,2,81.87,2025-08-25
10840,498,2602,5,369.08,2025-08-25
10841,406,2017,20,532.33,2025-08-25
10842,202,2297,3,480.12 ,2025-08-25
10843,457,997,3,353.85,2025-08-25
10844,318,2386,4,311.94,2025-08-25
10845,316,283,3,466.97,2025-08-25
10846,231,740,2,585.37,2025-08-25
10847,452,550,2,985.54,2025-08-25
10848,274,1057,1,186.15,2025-08-25
10849,16,822,1,376.78,2025-08-25
10850,16,2577,4,376.78,2025-08-25
10851,437,629,4,873.74,2025-08-25
10852,218,1307,3,736.29,2025-08-25
10853,494,2999,1,510.63,2025-08-25
10854,83,2030,2,706.86,2025-08-25
10855,264,2981---,1,758.53,2025-08-25
10856,109,2879,,731.8,2025-08-25
10857,318,95,2,,2025-08-25
10858,70,2275,3,624.95,2025-08-25
10859,398,2393,3,229.92,2025-08-25
10860,323,2958,2,347.62,2025-08-25
10861,241,1659,10,218.0,2025-08-25
10862,196,2880,5,806.34,2025-08-25
10863,136,2976,4??,787.54,2025-08-25
10864,32,1398,1,478.74,2025-08-25
10865,75,69,5,899.45,2025-08-25
10866,355,1102---,1,336.39,2025-08-25
10867,309,47,2,645.12,2025-08-25
10868,137,880,1,,2025-08-25
10869,320,602,3,438.03,2025-08-25
10870,56,539,4,336.23,2025-08-25
10871,326,1084,1,648.98,2025-08-25
10872,453,462,5,,2025-08-25
10873,207,244,1,771.97,2025-08-25
10874,218,1968,5,736.29,2025-08-25
10875,161,321,1,480.94,2025-08-25
10876,283,,3,363.65,2025-08-25
10877,495,,10,533.13,2025-08-25
10878,461,1437,5,292.66,2025-08-25
10879,303,,4,261.07,2025-08-25
10880,224,2067,2,835.41,2025-08-25
10881,86,1592,2,903.56 ,2025-08-25
10882,26,420,1,,2025-08-25
10883,143,128,2,181.27,2025-08-25
10884,341,2380,3,389.03,2025-08-25
10885,304,666,2,375.79,2025-08-25
10886,100,1185,1,,2025-08-25
10887,293,931,4,619.01,2025-08-25
10888,94,1830,3,996.96,2025-08-25
10889,73,1469,5,831.62,2025-08-25
10890,369,1247,3,410.57 ,2025-08-25
10891,404,315,4,,2025-08-25
10892,71,625,1,116.08,2025-08-25
10893,336,117,1,914.9,2025-08-25
10894,81,305,4,427.72,2025-08-25
10895,13,855,1,548.34,2025-08-25
10896,394,1494,3,554.78,2025-08-25
10897,169,2943,1,257.94,2025-08-25
10898,461,2442,1??,292.66,2025-08-25
10899,190,2480,2,461.29,2025-08-25
10900,406,2152,5,532.33,2025-08-25
10901,213,852,,932.88---,2025-08-25
10902,304,218,3,375.79,2025-08-25
10903,241,510,1,218.0,2025-08-25
10904,390,1353,3,,2025-08-25
10905,382,313,2,427.52,2025-08-25
10906,286,1408,3,775.93,2025-08-25
10907,254,2372,1,935.96,2025-08-25
10908,205,1028,4,589.26,2025-08-25
10909,467,2901,1,943.44,2025-08-25
10910,247,2964,5,,2025-08-25
10911,16,1420,,376.78,2025-08-25
10912,193,1579,2 ,217.33,2025-08-25
10913,154,35,3,730.08,2025-08-25
10914,439,1452??,2,884.89,2025-08-25
10915,186,2675,5,873.65,2025-08-25
10916,192,2807,1,,2025-08-25
10917,459,1685,1,621.08,2025-08-25
10918,254,2419,1,935.96,2025-08-25
10919,13,320,2---,548.34,2025-08-25
10920,390,353,3,,2025-08-25
10921,72,261 ,1,163.35,2025-08-25
10922,54,2015,2,472.78,2025-08-25
10923,307,1350,2,432.28,2025-08-25
10924,454,254,10---,690.74,2025-08-25
10925,446,1683,1,85.62,2025-08-25
10926,77,1108,5,975.6,2025-08-25
10927,391,1625,,537.68,2025-08-25
10928,,227,,418.38,2025-08-25
10929,121,2482,2,653.67,2025-08-26
10930,432??,2944 ,2,,2025-08-26
10931,459,2684,2,621.08,2025-08-26
10932,73,2138,1,,2025-08-26
10933,16,403,2,376.78,2025-08-26
10934,168,1139,,79.14,2025-08-26
10935,333,2257,2,418.84,2025-08-26
10936,167,2200,1,321.07,2025-08-26
10937,60,490,2,606.21,2025-08-26
10938,282,1921,5,514.12,2025-08-26
10939,450,1665,1,325.2,2025-08-26
10940,405,639,3,290.54,2025-08-26
10941,116,2756 ,5,280.21,2025-08-26
10942,293,2677,3,619.01,2025-08-26
10943,350,353,3,659.64,2025-08-26
10944,448,508,2---,459.14,2025-08-26
10945,405,2069,1,290.54,2025-08-26
10946,306,1380,1,132.33,2025-08-26
10947,399,1749,10,773.65,2025-08-26
10948,66,966,1,604.37,2025-08-26
10949,146,1896,1,266.77,2025-08-26
10950,172,123,4,927.62,2025-08-26
10951,329,484,2,589.72??,2025-08-26
10952,54??,2795,20,472.78,2025-08-26
10953,435,1462,4,972.91,2025-08-26
10954,291,447,2,722.08,2025-08-26
10955,459,2252,2,621.08,2025-08-26
10956,,484,2,899.45,2025-08-26
10957,370,1556,1,604.48,2025-08-26
10958,103,1335,1,399.04,2025-08-26
10959,486,1911,1,860.43,2025-08-26
10960,491,977,2---,,2025-08-26
10961,276,1807,5,,2025-08-26
10962,235,1719,3,,2025-08-26
10963,46,1831 ,3,745.3,2025-08-26
10964,478,563,3,537.53,2025-08-26
10965,231,890,2,585.37,2025-08-26
10966,305,1199,1,398.85,2025-08-26
10967,175,750,1,842.59,2025-08-26
10968,12,417,2,810.58,2025-08-26
10969,487,2622,5,237.09,2025-08-26
10970,10,,1,173.6,2025-08-26
10971,204,287,2,,2025-08-26
10972,467,2005,3,943.44,2025-08-26
10973,84,803,4,468.69,2025-08-26
10974,,1108,10,952.19,2025-08-26
10975,241,2800,5,218.0,2025-08-26
10976,313---,2820,1,256.73,2025-08-26
10977,64,631,4,149.34,2025-08-26
10978,255,567,1,246.39,2025-08-26
10979,158,1090,2,872.08,2025-08-26
10980,423,1642,1,712.19,2025-08-26
10981,113,316,20,159.84,2025-08-26
10982,457,1703,1,353.85,2025-08-26
10983,362,254,1,763.92,2025-08-26
10984,266,2311,2,401.69,2025-08-26
10985,140,226,1,822.22,2025-08-26
10986,90,2071,1,191.16,2025-08-26
10987,,1017,10??,,2025-08-26
10988,476---,47---,1,234.47,2025-08-26
10989,385,188,3,509.11,2025-08-26
10990,269,495,2---,617.46,2025-08-26
10991,80,396,2,402.48,2025-08-26
10992,48,840,3,,2025-08-26
10993,30,2983,2,334.63,2025-08-26
10994,366,2566,4,773.63,2025-08-26
10995,322,1582,1,,2025-08-26
10996,428,572 ,2,856.4,2025-08-26
10997,425,1560,3,99.98,2025-08-26
10998,69,1526,1,373.1,2025-08-26
10999,96,2085,1,168.18,2025-08-26
11000,293,1389,1,619.01,2025-08-26
11001,319,1203,1,690.64,2025-08-26
11002,265,1723,1,754.56,2025-08-26
11003,155,977,3---,657.22,2025-08-26
11004,325,,2,661.39,2025-08-26
11005,209,2091,1,748.09,2025-08-26
11006,40---,1466,1,727.08,2025-08-26
11007,251,510,2,511.82,2025-08-26
11008,85,447,1,181.5,2025-08-26
11009,492,943,5,847.03,2025-08-26
11010,52,1147,2,782.67,2025-08-26
11011,285,2733,10,535.38,2025-08-26
11012,257,1510,3,528.85,2025-08-26
11013,191,,1,493.52,2025-08-26
11014,,2498,2,,2025-08-26
11015,499,2805,4,1011.56,2025-08-26
11016,220,1356,4,222.79,2025-08-26
11017,335,578---,2,242.79,2025-08-26
11018,116,769,1,280.21,2025-08-26
11019,214,614,1,,2025-08-26
11020,245,2541,3,676.36,2025-08-26
11021,219??,236,4,604.87,2025-08-26
11022,136,2978,2??,787.54,2025-08-26
11023,24,2287,1,891.92,2025-08-26
11024,351,2303,1,787.87,2025-08-26
11025,434,212,1,911.31,2025-08-26
11026,92,2468,3,261.06,2025-08-26
11027,193,58,2,217.33,2025-08-26
11028,19,2815,1,,2025-08-26
11029,171,,5,914.96,2025-08-26
11030,410,,1,81.87,2025-08-26
11031,,1129,2,659.64,2025-08-26
11032,177,1099,2,652.82,2025-08-26
11033,94,1115,1,996.96,2025-08-26
11034,485,2841,2,306.85,2025-08-26
11035,104,1114,1,855.17,2025-08-26
11036,341,1004,2,389.03,2025-08-26
11037,428,239,2,856.4,2025-08-26
11038,125,,1,186.6,2025-08-26
11039,288,882,4,448.78,2025-08-26
11040,263,,1,541.16,2025-08-27
11041,94,387,,996.96,2025-08-27
11042,366---,,2,773.63,2025-08-27
11043,282,,4,514.12,2025-08-27
11044,50,1021,3,1007.57,2025-08-27
11045,248,80,2,452.25,2025-08-27
11046,496,1781,5,,2025-08-27
11047,418,533,1,394.38,2025-08-27
11048,434,63,3,911.31,2025-08-27
11049,258,716,1,689.11,2025-08-27
11050,422,1337,1,312.04,2025-08-27
11051,399,1538,1??,773.65,2025-08-27
11052,185,788,1,542.3,2025-08-27
11053,433,1977,1,494.44,2025-08-27
11054,269,1325,1,617.46,2025-08-27
11055,,827,1,392.48,2025-08-27
11056,453,253,5,,2025-08-27
11057,,535,3,899.45,2025-08-27
11058,17,2143,,1024.6,2025-08-27
11059,420,1675,3,694.13??,2025-08-27
11060,286,937,5,775.93,2025-08-27
11061,293,2910,2,619.01,2025-08-27
11062,46,2250---,1,745.3,2025-08-27
11063,404,2559,4,,2025-08-27
11064,37,150,3,786.8,2025-08-27
11065,241,2020 ,2,218.0,2025-08-27
11066,249,898,4,386.0,2025-08-27
11067,58,,4,994.69,2025-08-27
11068,152,2550,4,,2025-08-27
11069,411,1555,2,128.07,2025-08-27
11070,67,1787,10,123.92,2025-08-27
11071,498 ,83,1,369.08,2025-08-27
11072,382,2379,,427.52,2025-08-27
11073,236,172,1??,,2025-08-27
11074,90,1095,5,191.16,2025-08-27
11075,390 ,2816,5,,2025-08-27
11076,238,2444,2,875.47,2025-08-27
11077,296,375,5,,2025-08-27
11078,237,332,2,57.57??,2025-08-27
11079,192,1357,2,595.75,2025-08-27
11080,,2980,2,558.84,2025-08-27
11081,493,579,3,103.44??,2025-08-27
11082,,870,,681.73,2025-08-27
11083,292,1554,1---,,2025-08-27
11084,499---,2477??,1,1011.56,2025-08-27
11085,231,1601,2,585.37,2025-08-27
11086,242,1963,2,732.54,2025-08-27
11087,149,605,4,487.7,2025-08-27
11088,15,2933,1,815.2,2025-08-27
11089,179,1110,3,355.87,2025-08-27
11090,11,1697,1,491.64,2025-08-27
11091,248,1839,5,452.25,2025-08-27
11092,84,2705,5,468.69??,2025-08-27
11093,262,933,1,75.74,2025-08-27
11094,444,2341,2,1036.18,2025-08-27
11095,110,1750,2,704.9??,2025-08-27
11096,463,1685,1,927.87---,2025-08-27
11097,349,27,1,464.38,2025-08-27
11098,17,2969,1,1024.6,2025-08-27
11099,223,1865,1,679.14,2025-08-27
11100,289,675,2,,2025-08-27
11101,378,1598,3,305.61,2025-08-27
11102,282,2568,3 ,514.12,2025-08-27
11103,181,2477,4,508.98,2025-08-27
11104,,2154,5,441.81 ,2025-08-27
11105,167,1777,2,321.07,2025-08-27
11106,100,1461,2,,2025-08-27
11107,340,1657,2,575.1---,2025-08-27
11108,277,1442,4,840.11,2025-08-27
11109,251,451,,511.82,2025-08-27
11110,48,2262,2,,2025-08-27
11111,386,2852,4,919.81 ,2025-08-27
11112,358,2631,2,186.46,2025-08-27
11113,216,1434,1,465.22,2025-08-27
11114,163,1460,5,435.68,2025-08-27
11115,186,20,1,873.65,2025-08-27
11116,16,225,4,376.78,2025-08-27
11117,418 ,1056,1,394.38,2025-08-27
11118,397,735,10 ,637.91,2025-08-27
11119,84,2114,1,468.69---,2025-08-27
11120,,254,5,785.07,2025-08-27
11121,243,1137,3,435.09,2025-08-27
11122,21,2014,3,374.08,2025-08-27
11123,393,526,2,704.08,2025-08-27
11124,181,2490,1,508.98,2025-08-27
11125,23,634,1,719.34,2025-08-27
11126,19,518,4,,2025-08-27
11127,332,48,2,104.65---,2025-08-27
11128,168---,377,2,79.14,2025-08-27
11129,254,43,1,935.96,2025-08-27
11130,286,1822,2,775.93,2025-08-27
11131,280,2097,20,234.31??,2025-08-27
11132,327,,1,,2025-08-27
11133,311,1661,1,713.33,2025-08-27
11134,66,2227---,,604.37,2025-08-27
11135,209,2951,4,748.09,2025-08-27
11136,243,126,3,435.09,2025-08-27
11137,341,1616,1,389.03,2025-08-27
11138,280,1233,5,234.31??,2025-08-27
11139,201,2514,2,199.44 ,2025-08-27
11140,318,1602---,5,311.94,2025-08-27
11141,382,1783,2,427.52,2025-08-27
11142,78,1501,1,555.77,2025-08-27
11143,362,707,2,763.92,2025-08-27
11144,250,1722,4,119.79,2025-08-27
11145,155 ,773,,657.22,2025-08-27
11146,149,2309,3---,487.7,2025-08-27
11147,181,812,1,508.98,2025-08-27
11148,337,2543,4,600.31,2025-08-27
11149,225,1328,2,711.78,2025-08-27
11150,16,822,5,376.78,2025-08-27
11151,317,159,2,432.9,2025-08-28
11152,178,,3 ,934.32,2025-08-28
11153,471,2278,1,766.82,2025-08-28
11154,104,2315,2,855.17,2025-08-28
11155,42,1045,2,,2025-08-28
11156,489---,1377,1,334.81,2025-08-28
11157,446,206,4,85.62,2025-08-28
11158,484,923,4,816.36,2025-08-28
11159,297,1903,5,745.77,2025-08-28
11160,,916,5,858.79,2025-08-28
11161,132,1965??,10,240.09??,2025-08-28
11162,255,1558,1,246.39,2025-08-28
11163,401,2944 ,5,457.8 ,2025-08-28
11164,357,1596,4,159.21,2025-08-28
11165,464??,2454,4,967.59 ,2025-08-28
11166,231,,10---,585.37,2025-08-28
11167,88,2577,2,211.51,2025-08-28
11168,267,,2,839.54,2025-08-28
11169,246,173,1,108.35,2025-08-28
11170,,2584,1,168.18,2025-08-28
11171,,2180,4,,2025-08-28
11172,100,926,2,,2025-08-28
11173,446,2260,5,,2025-08-28
11174,135,2798,4,1010.19,2025-08-28
11175,198,1925,3,213.46,2025-08-28
11176,318,47,4---,,2025-08-28
11177,355,2036,3,336.39,2025-08-28
11178,279,1590,1,833.88,2025-08-28
11179,233,,1,896.34,2025-08-28
11180,228,2168,4,496.54,2025-08-28
11181,264,538,1,758.53,2025-08-28
11182,409,1953,10,845.34,2025-08-28
11183,229,244,1,657.87,2025-08-28
11184,212---,2147,2,952.19,2025-08-28
11185,18,2306,1,467.06,2025-08-28
11186,,,5,,2025-08-28
11187,32,1700,5,478.74,2025-08-28
11188,142,2783,1,858.79,2025-08-28
11189,189,1193,2,1027.84---,2025-08-28
11190,418,,2,394.38,2025-08-28
11191,468,1524,2,,2025-08-28
11192,138,891,4,641.47,2025-08-28
11193,475,455,2,626.39,2025-08-28
11194,,1933,2,132.33,2025-08-28
11195,392,1714,2,None---,2025-08-28
11196,100,1309,1,,2025-08-28
11197,373,2917,2,186.09,2025-08-28
11198,234,1204,1,604.44,2025-08-28
11199,425,1895 ,1,99.98,2025-08-28
11200,183,977??,2,386.71,2025-08-28
11201,27,1807,4,463.93,2025-08-28
11202,9---,2660---,1,606.63,2025-08-28
11203,201,1423,1,199.44,2025-08-28
11204,267,1535,1,839.54,2025-08-28
11205,297,855,5??,745.77,2025-08-28
11206,221,498 ,1,,2025-08-28
11207,442,1562,1,,2025-08-28
11208,260,1547,2,517.98 ,2025-08-28
11209,426,1970,1??,,2025-08-28
11210,279,1087,5,833.88,2025-08-28
11211,130,2356,3,839.05,2025-08-28
11212,270,2311,4,,2025-08-28
11213,213,1495,2,932.88,2025-08-28
11214,390,369,4,,2025-08-28
11215,133,2388,5,572.29,2025-08-28
11216,46,1097,20,745.3,2025-08-28
11217,419,384,3,138.89,2025-08-28
11218,38,2019,,,2025-08-28
11219,130,1272,4,839.05??,2025-08-28
11220,459,788,5,621.08,2025-08-28
11221,3,107,10,311.35--- ,2025-08-28
11222,250,1817,5,119.79,2025-08-28
11223,329,1669,4,589.72,2025-08-28
11224,,2758,3,105.21,2025-08-28
11225,254,142,3,935.96,2025-08-28
11226,459,1514,1,621.08,2025-08-28
11227,441,534,5,773.78,2025-08-28
11228,119,1881,2,,2025-08-28
11229,473,885,2,123.99,2025-08-28
11230,60,1421,5,606.21,2025-08-28
11231,,,1,868.35,2025-08-28
11232,253,2499,1,550.0,2025-08-28
11233,,44,2,897.73,2025-08-28
11234,35,464,1??,198.91,2025-08-28
11235,373,291,2,186.09,2025-08-28
11236,125,,3,186.6,2025-08-28
11237,,242,4,754.56,2025-08-28
11238,500,1871,1 ,932.15,2025-08-28
11239,9,2301,2,606.63,2025-08-28
11240,461,1551,3,292.66,2025-08-28
11241,61,1663,2,116.62,2025-08-28
11242,415,2416,10,649.87,2025-08-28
11243,2,969,1,566.23,2025-08-28
11244,298,2726,1,162.53,2025-08-28
11245,164,185,2,373.42??,2025-08-28
11246,49,146,3,,2025-08-28
11247,410,1659,1,81.87,2025-08-28
11248,208,2854,2,529.71??,2025-08-28
11249,79,794,1,567.8,2025-08-28
11250,199,1704,3,559.88,2025-08-28
11251,450,2691,2,325.2,2025-08-28
11252,23,1307,3,,2025-08-28
11253,412,993,4,628.74,2025-08-28
11254,218,1704,4,736.29,2025-08-28
11255,130,230,1,839.05,2025-08-28
11256,21,2538,10??,374.08,2025-08-28
11257,266,2446,1,401.69,2025-08-28
11258,483,1075,1,259.65,2025-08-28
11259,253,1495,1,550.0,2025-08-28
11260,269,1149,2,617.46,2025-08-28
11261,53,327,1??,552.85,2025-08-28
11262,197,2403,1,570.36,2025-08-29
11263,78,2942,1,555.77,2025-08-29
11264,165,1935,1,709.09,2025-08-29
11265,331,,4,468.72,2025-08-29
11266,,2540,4,831.62,2025-08-29
11267,322,728,1,253.21,2025-08-29
11268,297,1303,10,745.77,2025-08-29
11269,59,543,1 ,474.39---,2025-08-29
11270,358??,179,1,186.46,2025-08-29
11271,464,1768,2,967.59,2025-08-29
11272,,265 ,3,187.05,2025-08-29
11273,358,983,4,186.46,2025-08-29
11274,106,601,1,,2025-08-29
11275,177,1360,2,652.82,2025-08-29
11276,100,,2,,2025-08-29
11277,115,555,1,971.71---,2025-08-29
11278,406,2281,4,532.33,2025-08-29
11279,123,306,1 ,365.2,2025-08-29
11280,156,277??,1,399.02,2025-08-29
11281,394,2753,2,554.78,2025-08-29
11282,13,2272,5,548.34,2025-08-29
11283,165,1821,1,709.09,2025-08-29
11284,312,1639,5,692.62,2025-08-29
11285,21,143,1,374.08,2025-08-29
11286,237,2821,4,57.57??,2025-08-29
11287,60,1456,4,606.21,2025-08-29
11288,147,2019,5,755.36,2025-08-29
11289,462,782,10,754.85,2025-08-29
11290,428,477,2??,856.4,2025-08-29
11291,250,1514,5,119.79,2025-08-29
11292,84,1896,4,468.69,2025-08-29
11293,32,614,1,478.74,2025-08-29
11294,106,92,5,207.59,2025-08-29
11295,70,2124,5,624.95 ,2025-08-29
11296,72,2535,5---,163.35,2025-08-29
11297,125,2577,20??,186.6,2025-08-29
11298,81,634,1,427.72,2025-08-29
11299,398,932,3,229.92,2025-08-29
11300,60,1227,1,606.21,2025-08-29
11301,166,,1,906.51,2025-08-29
11302,279,2538 ,1,833.88,2025-08-29
11303,452,1948,2,985.54,2025-08-29
11304,458,294,5,912.05---,2025-08-29
11305,491 ,2097,4,874.7,2025-08-29
11306,438,686,4,825.65,2025-08-29
11307,468,792,3,388.65,2025-08-29
11308,206,13,5,401.24,2025-08-29
11309,358,1654,1,186.46,2025-08-29
11310,307,2876,1,432.28,2025-08-29
11311,209 ,574,,,2025-08-29
11312,214,638,3,225.33,2025-08-29
11313,159,2755,20,237.25 ,2025-08-29
11314,9,355,1,606.63,2025-08-29
11315,78,109 ,3,555.77,2025-08-29
11316,212,784,2,,2025-08-29
11317,32,2651,2,478.74,2025-08-29
11318,204,146,5,None ,2025-08-29
11319,38,2196,2 ,147.85,2025-08-29
11320,41,305,5,120.07,2025-08-29
11321,9,656,4,606.63,2025-08-29
11322,372,461,2,616.97,2025-08-29
11323,405,509,1,290.54,2025-08-29
11324,245,443,1,,2025-08-29
11325,236,2016,5,589.35---,2025-08-29
11326,76,522,2,157.63,2025-08-29
11327,177,2728,2,652.82,2025-08-29
11328,313,2924,3---,256.73,2025-08-29
11329,106,2546,2,207.59,2025-08-29
11330,281,,2,186.79,2025-08-29
11331,498,2968,2,,2025-08-29
11332,343,,4,,2025-08-29
11333,299,1208,1,840.59??,2025-08-29
11334,459,1595,5,621.08,2025-08-29
11335,412,2345,2,,2025-08-29
11336,366,28,4??,773.63,2025-08-29
11337,237,2275,2,57.57??,2025-08-29
11338,371,692,1,348.36,2025-08-29
11339,153,2172,2,118.03,2025-08-29
11340,27,2550,1,463.93,2025-08-29
11341,17,1262,1,1024.6,2025-08-29
11342,41,476,10,120.07,2025-08-29
11343,289,2792,1,,2025-08-29
11344,131,2101,1,554.81,2025-08-29
11345,235,1719,1,475.17,2025-08-29
11346,479,,2,361.65,2025-08-29
11347,,1189 ,2,570.36,2025-08-29
11348,25,2014,2,357.09,2025-08-29
11349,207,1794,3,771.97,2025-08-29
11350,61,44,4,116.62,2025-08-29
11351,397 ,1319,2,637.91,2025-08-29
11352,228,131,1,496.54,2025-08-29
11353,222,2509,2,681.73,2025-08-29
11354,227,1267,3,309.72,2025-08-29
11355,22,1252,5,,2025-08-29
11356,118,2607,2,737.58,2025-08-29
11357,287,1809,4,365.42,2025-08-29
11358,454,2004,5,690.74,2025-08-29
11359,370,86,4,604.48,2025-08-29
11360,303,653,5,261.07,2025-08-29
11361,301,,1,256.11,2025-08-29
11362,21,246 ,1,374.08,2025-08-29
11363,104,205,2,855.17,2025-08-29
11364,248,1569,5,452.25,2025-08-29
11365,207,2408,,771.97,2025-08-29
11366,441,1535,2,773.78,2025-08-29
11367,386,1631,2,919.81 ,2025-08-29
11368,330,1450,1,558.84,2025-08-29
11369,188,2096,5,908.84,2025-08-29
11370,286,2780,5,775.93,2025-08-29
11371,307 ,1594,3,432.28,2025-08-29
11372,291,2586,2,722.08,2025-08-29
11373,475,2456,1,626.39,2025-08-30
11374,300,244,3,783.08---,2025-08-30
11375,187,93,3,592.25,2025-08-30
11376,185,2731,20,542.3,2025-08-30
11377,465,2467,2,441.81 ,2025-08-30
11378,178,2691,1,934.32,2025-08-30
11379,,720,1,,2025-08-30
11380,60,1401,1,606.21,2025-08-30
11381,192,639,1,595.75,2025-08-30
11382,349,2285,,464.38,2025-08-30
11383,,921,2,994.69,2025-08-30
11384,20,871,5,100.09,2025-08-30
11385,130,386,1,839.05---,2025-08-30
11386,106,2367,1,207.59,2025-08-30
11387,101,401,2,76.75,2025-08-30
11388,247,226,1,,2025-08-30
11389,412,1587,2,628.74,2025-08-30
11390,358,2829,1,186.46,2025-08-30
11391,164 ,858,1,373.42??,2025-08-30
11392,155,1059,1,657.22,2025-08-30
11393,194,556,1,154.3,2025-08-30
11394,335,,2,242.79,2025-08-30
11395,285,635,5,535.38,2025-08-30
11396,110,1316,2,704.9??,2025-08-30
11397,481,2549,1,479.02,2025-08-30
11398,450,1813,2??,325.2,2025-08-30
11399,237,535,1,57.57??,2025-08-30
11400,232,1076,2,860.62??,2025-08-30
11401,390,,1,,2025-08-30
11402,299,1083 ,1,,2025-08-30
11403,130,2946,4,839.05,2025-08-30
11404,151,2003,10,603.39,2025-08-30
11405,424,,1,607.96 ,2025-08-30
11406,413,1681,1,488.56,2025-08-30
11407,11,1715,10,491.64,2025-08-30
11408,392---,2095,4,,2025-08-30
11409,221,1527??,4,981.95,2025-08-30
11410,247,2780,1,,2025-08-30
11411,335,2288,2,242.79,2025-08-30
11412,55,2400,,182.86,2025-08-30
11413,390 ,1946,1,,2025-08-30
11414,408,1344,4,643.91,2025-08-30
11415,261,853,1,982.83,2025-08-30
11416,,1989,2,617.46,2025-08-30
11417,268,2272,1 ,,2025-08-30
11418,172,171,2,927.62,2025-08-30
11419,482,1297,5,411.28,2025-08-30
11420,221,2352,3,981.95,2025-08-30
11421,470,790,4,998.68,2025-08-30
11422,44,2200,1,460.78,2025-08-30
11423,250,1972,5,119.79,2025-08-30
11424,39,,1,228.38,2025-08-30
11425,46,798,5,745.3,2025-08-30
11426,139,1895,20,868.35,2025-08-30
11427,230,1992,4,193.39,2025-08-30
11428,396??,781,2,629.9,2025-08-30
11429,209,1652,1,748.09,2025-08-30
11430,80,2628,1,402.48,2025-08-30
11431,245,77,3,676.36,2025-08-30
11432,260,1420,2,517.98 ,2025-08-30
11433,190,1106,2,461.29,2025-08-30
11434,184,708,4,707.97,2025-08-30
11435,266,653,1,401.69,2025-08-30
11436,475,96,5,626.39,2025-08-30
11437,263,183??,4,541.16,2025-08-30
11438,394,2261,1,554.78,2025-08-30
11439,204,662,3,,2025-08-30
11440,335,329,1,242.79,2025-08-30
11441,10,169,10,173.6,2025-08-30
11442,313,2068,5,256.73,2025-08-30
11443,258,2739,1,689.11,2025-08-30
11444,145,2065,3,349.01---,2025-08-30
11445,,1597,1,,2025-08-30
11446,40,1095,4,727.08,2025-08-30
11447,313,268,10,256.73,2025-08-30
11448,258,2370,2,689.11,2025-08-30
11449,,2203,4,334.81,2025-08-30
11450,39,2386,1,228.38??,2025-08-30
11451,496,2058,2,660.1,2025-08-30
11452,219,1580,1,604.87,2025-08-30
11453,432,2380,5,398.64,2025-08-30
11454,466,2068,2,760.02,2025-08-30
11455,296,250,1,871.21,2025-08-30
11456,372,2800,4,616.97,2025-08-30
11457,422,1900,1,,2025-08-30
11458,456,1279,5,528.57,2025-08-30
11459,495,249,1,533.13,2025-08-30
11460,196,1733,3,,2025-08-30
11461,396,652,3,629.9,2025-08-30
11462,220,2752,4,222.79,2025-08-30
11463,101,331,2,76.75,2025-08-30
11464,379 ,2827,20---,614.34,2025-08-30
11465,,1952,4,621.08,2025-08-30
11466,398,1606,2,229.92,2025-08-30
11467,68,1240,4,817.14,2025-08-30
11468,277,739,2,840.11---,2025-08-30
11469,473,,4,123.99,2025-08-30
11470,71,1793,2,116.08,2025-08-30
11471,94,51,2,996.96,2025-08-30
11472,286,1053,1,775.93,2025-08-30
11473,30,2158,2,334.63,2025-08-30
11474,255,667,5,246.39,2025-08-30
11475,394,684,4,554.78,2025-08-30
11476,21---,2155,5,374.08,2025-08-30
11477,,33,1,657.22,2025-08-30
11478,91,752,1,230.02,2025-08-30
11479,466,2984,20,760.02,2025-08-30
11480,485,1113,5,306.85,2025-08-30
11481,311,,10,713.33,2025-08-30
11482,10,2004,2,173.6,2025-08-30
11483,86,562,1,903.56,2025-08-30
11484,322,2636,3,253.21,2025-08-31
11485,1,425,2,715.23,2025-08-31
11486,283,27,4,363.65,2025-08-31
11487,265,544,3,754.56,2025-08-31
11488,109,2976,3,731.8,2025-08-31
11489,140,448---,3,822.22,2025-08-31
11490,229,1322---,1,657.87,2025-08-31
11491,297,1862,1,745.77,2025-08-31
11492,140,2623,1,822.22,2025-08-31
11493,301,348,1,256.11,2025-08-31
11494,88,2081,2,211.51,2025-08-31
11495,51,864,2,79.43,2025-08-31
11496,134,2779,3,,2025-08-31
11497,167,1481,10,321.07,2025-08-31
11498,399,88,2,773.65,2025-08-31
11499,103,2758,3,399.04,2025-08-31
11500,30,1940,2 ,334.63,2025-08-31
11501,52,766,1,782.67,2025-08-31
11502,420,155,1,694.13,2025-08-31
11503,366,2273,,773.63,2025-08-31
11504,139,2394,1,868.35,2025-08-31
11505,139,187,1,868.35,2025-08-31
11506,426,2348??,2,904.53,2025-08-31
11507,354,2831,2,520.29,2025-08-31
11508,31,1300,2,79.99,2025-08-31
11509,238,1469,1,875.47,2025-08-31
11510,326,1326,3,648.98,2025-08-31
11511,380,2048,1,728.24,2025-08-31
11512,314,,1,785.07,2025-08-31
11513,27,315,2,463.93,2025-08-31
11514,314,2296,3,785.07,2025-08-31
11515,398,1274,2,229.92,2025-08-31
11516,474,780,2,,2025-08-31
11517,458,698,2,912.05---,2025-08-31
11518,257,2333,2---,528.85,2025-08-31
11519,478,2937,2,537.53,2025-08-31
11520,399,1714,1,773.65,2025-08-31
11521,26,2472,1,,2025-08-31
11522,422,2814,2,312.04,2025-08-31
11523,96,2280,1,168.18,2025-08-31
11524,230,2382,20,193.39,2025-08-31
11525,493??,2941,4,103.44??,2025-08-31
11526,494,2512,1,510.63,2025-08-31
11527,163,2027,1,435.68,2025-08-31
11528,443,39,3,933.58,2025-08-31
11529,,1119,1---,628.74,2025-08-31
11530,22,1449,3,85.88,2025-08-31
11531,234,1381,3,604.44 ,2025-08-31
11532,263,496,2,541.16,2025-08-31
11533,195,2058,2,410.16,2025-08-31
11534,353,2633,2,709.75,2025-08-31
11535,304,1319,20,375.79,2025-08-31
11536,306,2168,1,132.33,2025-08-31
11537,234,1430,1,604.44,2025-08-31
11538,153,735,4,118.03,2025-08-31
11539,53,1984,2,552.85,2025-08-31
11540,56,1487,2,336.23,2025-08-31
11541,465,313,5,441.81 ,2025-08-31
11542,353,1452,3,709.75,2025-08-31
11543,317,150,10,432.9,2025-08-31
11544,50,825,2,1007.57,2025-08-31
11545,479,1138,2,361.65,2025-08-31
11546,457,906,2,353.85,2025-08-31
11547,108,1170,3,528.81,2025-08-31
11548,,1900,1,637.91,2025-08-31
11549,,2340,1,810.58,2025-08-31
11550,43,15,3,152.82,2025-08-31
11551,111,,5,629.21,2025-08-31
11552,305,957,1,,2025-08-31
11553,308,2889,,281.83,2025-08-31
11554,134,,2,,2025-08-31
11555,7,178,2,378.16,2025-08-31
11556,4,2620,2,587.27,2025-08-31
11557,97,976,3,231.74,2025-08-31
11558,424,1476,1,607.96,2025-08-31
11559,92,2973??,2,261.06,2025-08-31
11560,19,633,2,386.73,2025-08-31
11561,301,2357,5,256.11,2025-08-31
11562,385,358---,4,509.11,2025-08-31
11563,391,307,1,537.68,2025-08-31
11564,371,1917---,5,348.36,2025-08-31
11565,135,1930,4,,2025-08-31
11566,185,1662,10,542.3,2025-08-31
11567,6,97,3,284.23,2025-08-31
11568,390,1826,4,,2025-08-31
11569,224,2574,3,835.41,2025-08-31
11570,298,89??,4,162.53,2025-08-31
11571,425,1124,1,99.98,2025-08-31
11572,220,110,4,222.79,2025-08-31
11573,150,2860,1,719.4,2025-08-31
11574,382,1698,1,427.52,2025-08-31
11575,144,2851,3,699.06,2025-08-31
11576,300,,5,783.08---,2025-08-31
11577,221,,4,981.95,2025-08-31
11578,497,2213,4,513.71,2025-08-31
11579,367,116,1,503.81,2025-08-31
11580,378,,1,305.61,2025-08-31
11581,58,,1,994.69,2025-08-31
11582,17,376,10,1024.6,2025-08-31
11583,199,916,10,559.88,2025-08-31
11584,429,319,2,299.59,2025-08-31
11585,269,2429,4,617.46,2025-08-31
11586,126,435---,2,373.76 ,2025-08-31
11587,219,1908,1,604.87,2025-08-31
11588,419,2353,1,138.89,2025-08-31
11589,235,519,1,475.17,2025-08-31
11590,478,2952,2,537.53,2025-08-31
11591,415,53---,1,649.87,2025-08-31
11592,456,787,2,528.57,2025-08-31
11593,455,,3,167.11,2025-08-31
11594,209,503,1,748.09 ,2025-08-31
11595,391,2540,10,537.68,2025-09-01
11596,297,2385,1,745.77,2025-09-01
11597,294,784,2,739.48,2025-09-01
11598,98,776,,332.9,2025-09-01
11599,68,483,20,817.14,2025-09-01
11600,131,2054,4,554.81,2025-09-01
11601,,2235,3,298.5,2025-09-01
11602,370,1651,1,604.48,2025-09-01
11603,73 ,,1,831.62,2025-09-01
11604,209,2738,3,748.09,2025-09-01
11605,441,2335,1,773.78,2025-09-01
11606,221,525,4,981.95,2025-09-01
11607,79,2613,3,567.8,2025-09-01
11608,181,2420,2,508.98,2025-09-01
11609,435,338,2,972.91,2025-09-01
11610,141,,10,602.55,2025-09-01
11611,214,,3,225.33,2025-09-01
11612,34,1886,1,378.62,2025-09-01
11613,,2581,20,851.77,2025-09-01
11614,141,1217,1,602.55,2025-09-01
11615,132,2488,5,240.09??,2025-09-01
11616,293,,2,619.01,2025-09-01
11617,76,1036,2,157.63,2025-09-01
11618,299,1313,4,840.59,2025-09-01
11619,396,1261,2,629.9,2025-09-01
11620,436,1723,1,544.14,2025-09-01
11621,143,2105,1,181.27,2025-09-01
11622,251,760,5,511.82,2025-09-01
11623,122,2608,1,392.48,2025-09-01
11624,406,2370,2??,532.33,2025-09-01
11625,135,2696,3,1010.19,2025-09-01
11626,1 ,886,1,715.23,2025-09-01
11627,248,525,10,452.25,2025-09-01
11628,314,754,1,785.07,2025-09-01
11629,163,2308,1,435.68,2025-09-01
11630,,869,10,616.97,2025-09-01
11631,441---,677??,1,773.78,2025-09-01
11632,91,147,5,230.02,2025-09-01
11633,443??,2227,2,,2025-09-01
11634,361,1391,3,319.21,2025-09-01
11635,274,1391,3,186.15,2025-09-01
11636,208,319,1,529.71??,2025-09-01
11637,42,2373,2,372.32??,2025-09-01
11638,95,2730,2,1027.63,2025-09-01
11639,309,195,3,645.12,2025-09-01
11640,404,1346,4,,2025-09-01
11641,84,2328,2,468.69,2025-09-01
11642,473,2117,2,123.99,2025-09-01
11643,480,1958,1,702.9,2025-09-01
11644,301,1406,5,256.11,2025-09-01
11645,260,378,,517.98 ,2025-09-01
11646,190,1339,5,461.29,2025-09-01
11647,55,463,4,182.86,2025-09-01
11648,162,2266,2,669.67,2025-09-01
11649,456,966,,528.57,2025-09-01
11650,186,2305,2,873.65,2025-09-01
11651,44---,1320,1,460.78,2025-09-01
11652,109,321---,2,731.8,2025-09-01
11653,443,,1,933.58,2025-09-01
11654,218,1638,1,736.29,2025-09-01
11655,351,2555,3,787.87,2025-09-01
11656,,,2,932.15,2025-09-01
11657,125,1274,2,186.6,2025-09-01
11658,472---,1122,5,105.21,2025-09-01
11659,436,2379,1,544.14,2025-09-01
11660,257,2366,3,528.85,2025-09-01
11661,447,556,2,None ,2025-09-01
11662,209,750,1,748.09,2025-09-01
11663,148,1833,1,,2025-09-01
11664,472,1748,4,105.21,2025-09-01
11665,37,1074,1,786.8,2025-09-01
11666,20,2348---,1,100.09,2025-09-01
11667,482 ,640,,411.28,2025-09-01
11668,25,622,2,357.09,2025-09-01
11669,72,220,3,163.35,2025-09-01
11670,84??,2265 ,1,468.69,2025-09-01
11671,351,1569,5,787.87,2025-09-01
11672,331,540,5,,2025-09-01
11673,305,517,20,398.85,2025-09-01
11674,198,1197,1,213.46,2025-09-01
11675,125,1212,2,186.6,2025-09-01
11676,232,1718,2,860.62??,2025-09-01
11677,482,480,3,411.28,2025-09-01
11678,351,541,2,787.87,2025-09-01
11679,255,753,1,246.39,2025-09-01
11680,348,2082,1,393.07,2025-09-01
11681,377,339,1,588.92,2025-09-01
11682,454,1287,3,690.74,2025-09-01
11683,155,2538,2,657.22,2025-09-01
11684,98,970,3,332.9,2025-09-01
11685,264,899,2,758.53,2025-09-01
11686,474,1498,4,,2025-09-01
11687,289,1112,4,,2025-09-01
11688,73,751,1,831.62,2025-09-01
11689,276,2088,1,404.73,2025-09-01
11690,144,2001,1,699.06,2025-09-01
11691,308,1632,1,281.83,2025-09-01
11692,117,1064,2,232.36,2025-09-01
11693,329,533,3,589.72,2025-09-01
11694,331,2156,,468.72,2025-09-01
11695,239,162,1,311.41,2025-09-01
11696,,2304,1,225.33,2025-09-01
11697,59,2601,5,474.39,2025-09-01
11698,423,130,2,712.19,2025-09-01
11699,369,1372,1,410.57---,2025-09-01
11700,107,1195,1---,585.54,2025-09-01
11701,386---,1951,1,919.81 ,2025-09-01
11702,153,19,5,118.03,2025-09-01
11703,59,2590,1,474.39,2025-09-01
11704,175,1833,1,842.59,2025-09-01
11705,355,2216,3,336.39,2025-09-01
11706,314,70,1,785.07,2025-09-02
11707,98---,697,1,332.9,2025-09-02
11708,27,2528---,3,463.93,2025-09-02
11709,386,2285,1,919.81 ,2025-09-02
11710,101,829,3,76.75,2025-09-02
11711,65,1414,1,508.17,2025-09-02
11712,140,285,1,822.22,2025-09-02
11713,,1581,20,163.35,2025-09-02
11714,101,1490,3,76.75,2025-09-02
11715,417,2668,2,195.05,2025-09-02
11716,20,2271,4,100.09,2025-09-02
11717,420,2176,1,694.13,2025-09-02
11718,396,1109,5,629.9,2025-09-02
11719,455,1913,1,167.11,2025-09-02
11720,462,2138,1,754.85,2025-09-02
11721,234,1780,5,604.44,2025-09-02
11722,203,1884,1,897.73,2025-09-02
11723,326,2610,3,648.98,2025-09-02
11724,448,2065,1,,2025-09-02
11725,406,2559,4,532.33,2025-09-02
11726,122,2903,,392.48,2025-09-02
11727,214,1919,5,225.33,2025-09-02
11728,,1110,4,699.64,2025-09-02
11729,68,931,5,817.14,2025-09-02
11730,480,186,5,702.9,2025-09-02
11731,79,591,3,567.8,2025-09-02
11732,488,1678,1,721.8,2025-09-02
11733,277,2087,1,840.11---,2025-09-02
11734,48,1937,4,,2025-09-02
11735,302,526,,467.1,2025-09-02
11736,,2836,3,550.0,2025-09-02
11737,170,1589,2,700.59,2025-09-02
11738,221,1427,1 ,981.95,2025-09-02
11739,278,2097,5,349.92,2025-09-02
11740,436,2977,1,544.14,2025-09-02
11741,493,2824,20,103.44??,2025-09-02
11742,447,2925,,,2025-09-02
11743,36,585,1,752.87,2025-09-02
11744,392,774,3,,2025-09-02
11745,85,670,2,181.5,2025-09-02
11746,,2095,1,855.17,2025-09-02
11747,103,1526,2---,399.04,2025-09-02
11748,485,2653,2,306.85,2025-09-02
11749,,1607---,2,85.62,2025-09-02
11750,6,2678,1,284.23,2025-09-02
11751,28,1858,4,699.64,2025-09-02
11752,62,2887,3,864.4,2025-09-02
11753,407,2909,1,323.97,2025-09-02
11754,440,2417,1,,2025-09-02
11755,224,771,3,835.41,2025-09-02
11756,234,747,2,604.44,2025-09-02
11757,268,2519---,4,,2025-09-02
11758,421,90,3,618.46,2025-09-02
11759,149,705,4,487.7,2025-09-02
11760,19,977,2,386.73,2025-09-02
11761,64,1895,1??,149.34,2025-09-02
11762,287,72---,1??,,2025-09-02
11763,265,2137,4??,754.56,2025-09-02
11764,326,2738,1,648.98,2025-09-02
11765,,1226---,4,585.54,2025-09-02
11766,312,1427,5,692.62,2025-09-02
11767,128,1293,1,816.32,2025-09-02
11768,324,1327,1,829.29,2025-09-02
11769,365,2183,5,776.68,2025-09-02
11770,377,845,3,588.92,2025-09-02
11771,67 ,1320,1---,123.92,2025-09-02
11772,,1349,2,575.1---,2025-09-02
11773,193,785,2,217.33,2025-09-02
11774,186,1982,10,873.65,2025-09-02
11775,455 ,356,3,167.11,2025-09-02
11776,202,2566,,480.12,2025-09-02
11777,397,1676,4,637.91,2025-09-02
11778,303,2743,1,261.07,2025-09-02
11779,446,1469,10,85.62,2025-09-02
11780,10,1869,,173.6,2025-09-02
11781,118,1297,1,737.58---,2025-09-02
11782,222,1216,2,681.73,2025-09-02
11783,454,1664,2,690.74,2025-09-02
11784,394,793,20,554.78,2025-09-02
11785,312,1417,3??,692.62,2025-09-02
11786,432,1412,1,398.64,2025-09-02
11787,279,2971,2,833.88,2025-09-02
11788,182,2833,4,378.55,2025-09-02
11789,191,733,2,493.52,2025-09-02
11790,270---,288,1,298.5,2025-09-02
11791,360,1552,5 ,315.18,2025-09-02
11792,424,956,2,,2025-09-02
11793,,1623,4,246.39,2025-09-02
11794,498,2603,1,369.08,2025-09-02
11795,278,2070,5,349.92,2025-09-02
11796,290,616,2,774.21,2025-09-02
11797,274,1783,3,186.15,2025-09-02
11798,328,185,1,413.2,2025-09-02
11799,,208,3,919.81 ,2025-09-02
11800,490,1340,2,,2025-09-02
11801,249,2898,5,386.0,2025-09-02
11802,40,1743,2,727.08,2025-09-02
11803,12,1371,1,810.58,2025-09-02
11804,123,1511,1,,2025-09-02
11805,383 ,1878,5,682.42,2025-09-02
11806,172,1249,3,927.62,2025-09-02
11807,174,2171,3,503.59,2025-09-02
11808,447,374,2,,2025-09-02
11809,38,1463,1,147.85,2025-09-02
11810,30,1892,4,334.63,2025-09-02
11811,387,2973,3,680.0,2025-09-02
11812,153,1327,5,118.03,2025-09-02
11813,49,2149,,,2025-09-02
11814,40,1119,1,727.08,2025-09-02
11815,260,1933,3,517.98 ,2025-09-02
11816,79,2891,1,567.8,2025-09-02
11817,341??,2170,,389.03,2025-09-03
11818,496,1592,1,660.1,2025-09-03
11819,340,2701,1,575.1---,2025-09-03
11820,178,2569,4,934.32,2025-09-03
11821,9,2029,1,606.63,2025-09-03
11822,196,,1,806.34,2025-09-03
11823,36,191,3,752.87,2025-09-03
11824,154,2543,5---,730.08,2025-09-03
11825,61,1586,2,116.62,2025-09-03
11826,50,334??,2,1007.57,2025-09-03
11827,209,2801,2,748.09,2025-09-03
11828,450,1719,4,325.2---,2025-09-03
11829,137,1537,2,247.12,2025-09-03
11830,459,1992 ,2,621.08,2025-09-03
11831,172,2348,1,927.62,2025-09-03
11832,419,2345,1,138.89,2025-09-03
11833,149,925,4,487.7,2025-09-03
11834,273,1976,5,84.32,2025-09-03
11835,235,252,5,475.17,2025-09-03
11836,1,2106,,715.23,2025-09-03
11837,73,873,2,831.62,2025-09-03
11838,314,937,1,785.07,2025-09-03
11839,210,2098,20,928.31,2025-09-03
11840,283,856,1---,363.65 ,2025-09-03
11841,465,549,1,441.81 ,2025-09-03
11842,387,2595,2,680.0,2025-09-03
11843,297,1289,2,745.77,2025-09-03
11844,172,2848,4,927.62,2025-09-03
11845,291,203,10,722.08,2025-09-03
11846,92,1336,3,261.06,2025-09-03
11847,304,1762??,4,375.79,2025-09-03
11848,499,1005,1,1011.56,2025-09-03
11849,177,985,10,652.82,2025-09-03
11850,178,,5,934.32,2025-09-03
11851,433,859,1,494.44,2025-09-03
11852,141,1738,2,602.55,2025-09-03
11853,40,703,1,,2025-09-03
11854,117,1912,2,232.36,2025-09-03
11855,302,2757,4,467.1,2025-09-03
11856,427,2038,1,522.79,2025-09-03
11857,497,2635,1??,,2025-09-03
11858,97,2556,1,231.74,2025-09-03
11859,317,1551,4,432.9---,2025-09-03
11860,386,555,2,919.81 ,2025-09-03
11861,71,1479,,116.08,2025-09-03
11862,467,1369,4,943.44,2025-09-03
11863,250,257,3,119.79,2025-09-03
11864,483,981,1,259.65,2025-09-03
11865,329,2646,4,589.72,2025-09-03
11866,8,569,2,,2025-09-03
11867,289,244,3,,2025-09-03
11868,10,302,2,173.6,2025-09-03
11869,75,2066,2,899.45,2025-09-03
11870,271,1553,4,590.56,2025-09-03
11871,,1575,3,766.82,2025-09-03
11872,22,381,,85.88,2025-09-03
11873,232,2152,3,860.62??,2025-09-03
11874,137,145,3,247.12,2025-09-03
11875,154,1245,2,730.08,2025-09-03
11876,134,2782,2,,2025-09-03
11877,475,2336,3,626.39,2025-09-03
11878,408,270,1,643.91,2025-09-03
11879,404,2634,1,,2025-09-03
11880,207,2131,4,771.97,2025-09-03
11881,22??,1141 ,4,85.88,2025-09-03
11882,181,2848,,508.98,2025-09-03
11883,94 ,234,1,996.96,2025-09-03
11884,,,1,256.73,2025-09-03
11885,333,1646,2,418.84,2025-09-03
11886,164,980,2---,373.42??,2025-09-03
11887,436,2318,5,544.14,2025-09-03
11888,435,2859,4,972.91,2025-09-03
11889,316,,1,466.97,2025-09-03
11890,297,1935,2,745.77,2025-09-03
11891,94,1031,2,996.96,2025-09-03
11892,29,1359,1,361.73,2025-09-03
11893,243,1853,2,435.09,2025-09-03
11894,59,1260,4,474.39,2025-09-03
11895,388,2309,3,379.24,2025-09-03
11896,82,1732,1,535.76,2025-09-03
11897,7,869,1,378.16,2025-09-03
11898,194,1153,1,154.3,2025-09-03
11899,415,718,1,649.87,2025-09-03
11900,359,628,4,93.44,2025-09-03
11901,193,614,4,217.33,2025-09-03
11902,145,2732,3,349.01,2025-09-03
11903,321,754,1,200.36,2025-09-03
11904,199,1261,1,559.88,2025-09-03
11905,89,544,,105.77,2025-09-03
11906,126,2421,,373.76 ,2025-09-03
11907,2,605,2,566.23,2025-09-03
11908,374,575,3,711.19,2025-09-03
11909,365,1041,5,776.68,2025-09-03
11910,301,,1,256.11,2025-09-03
11911,15 ,1660,1,815.2,2025-09-03
11912,419,1236,5,138.89,2025-09-03
11913,140,,3,822.22,2025-09-03
11914,302,742,,467.1,2025-09-03
11915,8,2139,1,335.13---,2025-09-03
11916,11,2967,2,491.64,2025-09-03
11917,185,2417,,542.3,2025-09-03
11918,158,2119,2,872.08 ,2025-09-03
11919,84,2680,5 ,468.69,2025-09-03
11920,62,2766,1---,864.4,2025-09-03
11921,160,1149,2,924.03,2025-09-03
11922,296,2243,1,871.21,2025-09-03
11923,252---,187,5,836.52,2025-09-03
11924,316,2376,2---,466.97,2025-09-03
11925,197,1202,2,,2025-09-03
11926,153,193,2,118.03,2025-09-03
11927,63,1057,1,,2025-09-03
11928,161,2831,2,480.94,2025-09-04
11929,404,735,3,,2025-09-04
11930,388,1309,,,2025-09-04
11931,272,1522,,196.75,2025-09-04
11932,143,2610,5,181.27,2025-09-04
11933,219,2182,2,604.87,2025-09-04
11934,282,803,2,514.12,2025-09-04
11935,81,1227,5,427.72,2025-09-04
11936,335,754,1,242.79??,2025-09-04
11937,233,1210,2,896.34,2025-09-04
11938,478,961,3,537.53,2025-09-04
11939,447,1652??,3,,2025-09-04
11940,231,1259,1,585.37,2025-09-04
11941,318,741,2,311.94,2025-09-04
11942,283,1560,1,363.65,2025-09-04
11943,38,,5,147.85,2025-09-04
11944,425,1210,,99.98,2025-09-04
11945,259,1740,4,89.55,2025-09-04
11946,490,,1 ,,2025-09-04
11947,,1537,10,520.29??,2025-09-04
11948,411,1155,2,128.07,2025-09-04
11949,155,2485,1 ,657.22,2025-09-04
11950,201,2574,4,,2025-09-04
11951,,2323,1,567.8,2025-09-04
11952,279,1702,4,833.88,2025-09-04
11953,399,1922,5,773.65,2025-09-04
11954,389,2234,4,499.35 ,2025-09-04
11955,431,600,2,272.8,2025-09-04
11956,365,2696,4,776.68,2025-09-04
11957,316,716,3,466.97,2025-09-04
11958,324,692,2,,2025-09-04
11959,226,2216,2,209.79,2025-09-04
11960,443,277,2,933.58,2025-09-04
11961,362,54,3,763.92,2025-09-04
11962,226,867,1,209.79,2025-09-04
11963,94,2948,2,996.96,2025-09-04
11964,,2682,1,378.55,2025-09-04
11965,352,1682,1,638.9,2025-09-04
11966,38,2000,3,147.85,2025-09-04
11967,44,1355,,460.78,2025-09-04
11968,143,2256,1,181.27,2025-09-04
11969,287,,1,365.42,2025-09-04
11970,435,960,1,972.91,2025-09-04
11971,89,781,1,105.77,2025-09-04
11972,263,623,4,541.16,2025-09-04
11973,293,109,1,619.01,2025-09-04
11974,21,276,20,374.08 ,2025-09-04
11975,226,,2,209.79,2025-09-04
11976,273,2958,1,84.32??,2025-09-04
11977,389,2669,20,499.35,2025-09-04
11978,304,282,3,375.79,2025-09-04
11979,209,2884,1,748.09,2025-09-04
11980,350,2041,,659.64,2025-09-04
11981,110??,215,2,704.9??,2025-09-04
11982,46,,2,745.3,2025-09-04
11983,100,545,3,,2025-09-04
11984,154,332,1,730.08,2025-09-04
11985,158,,1,872.08,2025-09-04
11986,262,1236,5,75.74,2025-09-04
11987,317,2007,1,432.9,2025-09-04
11988,102,1692,2,873.82---,2025-09-04
11989,,1749,1,932.15,2025-09-04
11990,455,640,1,167.11,2025-09-04
11991,233,422,1,896.34,2025-09-04
11992,202,,1,480.12,2025-09-04
11993,379,1675,2,614.34,2025-09-04
11994,306,766,3,132.33,2025-09-04
11995,,2218,1,182.86,2025-09-04
11996,171,342,1,914.96,2025-09-04
11997,286,1584,1,775.93,2025-09-04
11998,385,1530,3,509.11,2025-09-04
11999,474,1300,1,,2025-09-04
12000,493,1075,3,103.44??,2025-09-04
12001,496,1690,3,660.1,2025-09-04
12002,,2276,2,700.59,2025-09-04
12003,500 ,2767,2,932.15,2025-09-04
12004,176,750,1,475.79,2025-09-04
12005,189,2361,1??,1027.84,2025-09-04
12006,,2743,3,357.09,2025-09-04
12007,66,472,2,604.37,2025-09-04
12008,276,190 ,3,404.73,2025-09-04
12009,322,1233,4,253.21,2025-09-04
12010,162,513,1,669.67,2025-09-04
12011,318,1028,3,311.94,2025-09-04
12012,77,2253,3??,975.6,2025-09-04
12013,363,1407,2,92.9,2025-09-04
12014,300,2752,1,783.08---,2025-09-04
12015,94,2937,2,996.96,2025-09-04
12016,123,2366,3,365.2,2025-09-04
12017,42,2900,3,372.32,2025-09-04
12018,6,759,,284.23,2025-09-04
12019,107 ,507,10,585.54,2025-09-04
12020,17,1356,1,1024.6,2025-09-04
12021,373,,2,186.09,2025-09-04
12022,396,2913,2,629.9,2025-09-04
12023,142,2721,1,858.79---,2025-09-04
12024,247,1722,,,2025-09-04
12025,47??,2353,1,,2025-09-04
12026,476,523,4,234.47,2025-09-04
12027,380,2606,5,728.24,2025-09-04
12028,500,1781,4,932.15,2025-09-04
12029,173,1138,1,722.69,2025-09-04
12030,294,2907,1,739.48,2025-09-04
12031,40,1574---,,727.08,2025-09-04
12032,407,1336,4,323.97,2025-09-04
12033,416,802,1,227.15,2025-09-04
12034,67,1181,1,123.92,2025-09-04
12035,156,1018,3,399.02,2025-09-04
12036,77,819,4,975.6,2025-09-04
12037,225,859,1,711.78,2025-09-04
12038,17,355,2??,1024.6,2025-09-04
12039,208,1059,1,529.71??,2025-09-04
12040,345,,5,838.18,2025-09-05
12041,118,771,5,,2025-09-05
12042,108 ,1723,2,528.81,2025-09-05
12043,252,2143,4,836.52,2025-09-05
12044,335,2738,2,242.79,2025-09-05
12045,,1987,1,480.94,2025-09-05
12046,99,1423,2,328.52,2025-09-05
12047,277,575,2,840.11,2025-09-05
12048,,392,2,891.92,2025-09-05
12049,426,2152,2,904.53,2025-09-05
12050,197,,4,570.36,2025-09-05
12051,86,1588,1,903.56,2025-09-05
12052,170,2776,1,700.59---,2025-09-05
12053,85,364,,181.5??,2025-09-05
12054,357,1247,2---,159.21,2025-09-05
12055,326,2220,1,648.98,2025-09-05
12056,308,1756,2,281.83,2025-09-05
12057,155,,1,657.22,2025-09-05
12058,396,2282,1,,2025-09-05
12059,,555,2,491.64,2025-09-05
12060,,1572,1,57.57??,2025-09-05
12061,112,479,2,110.65,2025-09-05
12062,,800,1,84.32,2025-09-05
12063,406,242,3,532.33,2025-09-05
12064,35,533,1,198.91,2025-09-05
12065,466,2396,,760.02,2025-09-05
12066,312,1336,2,692.62,2025-09-05
12067,399,1872,1,773.65,2025-09-05
12068,42,205,1,372.32,2025-09-05
12069,338,2169,3,187.05,2025-09-05
12070,296,2151,1,871.21,2025-09-05
12071,334,2839,1,202.93,2025-09-05
12072,279,1335,3,833.88,2025-09-05
12073,336,,2,914.9,2025-09-05
12074,144,1825,1 ,699.06,2025-09-05
12075,135,1927,1,,2025-09-05
12076,109,75,1,731.8,2025-09-05
12077,141,1448,2,602.55,2025-09-05
12078,362,,1 ,763.92,2025-09-05
12079,75,1669,3,899.45,2025-09-05
12080,370,1833,1,604.48,2025-09-05
12081,206,319,1,401.24,2025-09-05
12082,,864,3,775.93,2025-09-05
12083,3,2081,1,311.35---,2025-09-05
12084,2,876,2,566.23,2025-09-05
12085,169,1900,5,257.94,2025-09-05
12086,14,2524,5,546.15,2025-09-05
12087,,1495,10,119.79,2025-09-05
12088,14,970,1,546.15,2025-09-05
12089,498,1290,2,,2025-09-05
12090,113,2194,1,159.84,2025-09-05
12091,,,10,659.64,2025-09-05
12092,425,1881,1,99.98,2025-09-05
12093,446,,2,85.62---,2025-09-05
12094,351,1532,5,,2025-09-05
12095,136,2628,2,787.54,2025-09-05
12096,290,331,1,774.21,2025-09-05
12097,419,2108,2,138.89,2025-09-05
12098,194,2410,2,154.3,2025-09-05
12099,498,,1,369.08,2025-09-05
12100,205,7,5,589.26,2025-09-05
12101,281,2789,3,186.79,2025-09-05
12102,290,2581,3,,2025-09-05
12103,83---,2694,1,706.86,2025-09-05
12104,296,1693,1,871.21,2025-09-05
12105,248,1757,5,452.25,2025-09-05
12106,246,2081,2,108.35,2025-09-05
12107,331,78,20---,468.72,2025-09-05
12108,97,2695,2,,2025-09-05
12109,186,362,2,873.65,2025-09-05
12110,396,664,3,629.9,2025-09-05
12111,236,2260,2,589.35,2025-09-05
12112,306,251,1,132.33,2025-09-05
12113,202,200,3,480.12,2025-09-05
12114,425,240,10,99.98,2025-09-05
12115,239,431,1,311.41,2025-09-05
12116,158,1915,5,,2025-09-05
12117,339,1772,1,910.33,2025-09-05
12118,212,6,4,952.19,2025-09-05
12119,463,2812,2,927.87---,2025-09-05
12120,379,2136,4,614.34,2025-09-05
12121,23---,157,2,719.34??,2025-09-05
12122,303,2884,5,261.07,2025-09-05
12123,459,2252,,621.08,2025-09-05
12124,464,324,1,967.59,2025-09-05
12125,470,,3,998.68,2025-09-05
12126,486,268,1,860.43,2025-09-05
12127,98,437,1,332.9---,2025-09-05
12128,270,630,1,298.5,2025-09-05
12129,15 ,1665,5,815.2,2025-09-05
12130,358,1652,3,186.46,2025-09-05
12131,178,618,5,934.32,2025-09-05
12132,448,302,4,459.14,2025-09-05
12133,177,2844,1,652.82 ,2025-09-05
12134,383,96,,682.42,2025-09-05
12135,381,173,2,65.2,2025-09-05
12136,214,1770,1,225.33,2025-09-05
12137,48---,1662,1,,2025-09-05
12138,305,2356,1,398.85,2025-09-05
12139,486,1559,,860.43,2025-09-05
12140,158,1239,1,872.08,2025-09-05
12141,242,1314 ,3,732.54,2025-09-05
12142,187,2869,1,592.25,2025-09-05
12143,415,1483 ,20,649.87,2025-09-05
12144,128,1604,5---,816.32,2025-09-05
12145,117,1450,4,232.36---,2025-09-05
12146,430,2615,10,815.38,2025-09-05
12147,169,,1,257.94,2025-09-05
12148,291,1245,1,722.08,2025-09-05
12149,263,1943,5,541.16,2025-09-05
12150,63,658,1,,2025-09-05
12151,23,1242,5,719.34,2025-09-06
12152,423,698,1,712.19,2025-09-06
12153,68,2125,3,817.14,2025-09-06
12154,330,135,1,558.84,2025-09-06
12155,308,224,4,281.83,2025-09-06
12156,150,2219,4,719.4,2025-09-06
12157,191,,4,493.52??,2025-09-06
12158,418,2861,5,394.38,2025-09-06
12159,156,1191,1,399.02,2025-09-06
12160,481,1218,,479.02,2025-09-06
12161,356,2447---,2,511.55??,2025-09-06
12162,370,2170,2,604.48,2025-09-06
12163,394,2793,5,554.78,2025-09-06
12164,229,160,3,657.87,2025-09-06
12165,42,1340,1,372.32,2025-09-06
12166,36,169,4,752.87,2025-09-06
12167,415,1831??,1,649.87,2025-09-06
12168,243,1135,3,435.09,2025-09-06
12169,173,2924,2,722.69,2025-09-06
12170,481,539,3,479.02,2025-09-06
12171,447---,61,3,,2025-09-06
12172,,,5,607.96,2025-09-06
12173,276,1941,3,404.73,2025-09-06
12174,55,2417,3,182.86,2025-09-06
12175,244,544,3,951.6,2025-09-06
12176,91,1103---,1,230.02,2025-09-06
12177,342,506,1,882.83,2025-09-06
12178,373,2186,2 ,186.09,2025-09-06
12179,123,1315,20,365.2,2025-09-06
12180,163,387??,1,435.68,2025-09-06
12181,417,2405,1,195.05 ,2025-09-06
12182,208,1674,1,529.71??,2025-09-06
12183,228,1627??,20,496.54,2025-09-06
12184,47,795,5,979.1,2025-09-06
12185,390,1809,5,,2025-09-06
12186,496,376,1,660.1,2025-09-06
12187,315,1498,1,727.37,2025-09-06
12188,171,1186,2??,914.96,2025-09-06
12189,30,2089,1,334.63,2025-09-06
12190,213,1401,3,932.88,2025-09-06
12191,226,1836,1,209.79,2025-09-06
12192,48,2326??,1,,2025-09-06
12193,226,742??,1,209.79,2025-09-06
12194,74,535,2,1024.02,2025-09-06
12195,297,1365,3,745.77,2025-09-06
12196,161,2308,10,480.94,2025-09-06
12197,357,,4,159.21,2025-09-06
12198,13,,5,548.34,2025-09-06
12199,53??,,2,552.85,2025-09-06
12200,4,1274,3,587.27,2025-09-06
12201,213,591,,932.88,2025-09-06
12202,284,448,3---,564.02,2025-09-06
12203,,621,4,259.65,2025-09-06
12204,54,139,5,472.78,2025-09-06
12205,137,682,2,247.12,2025-09-06
12206,111,2224,2,629.21,2025-09-06
12207,306,2226,2,132.33,2025-09-06
12208,,,5,448.78,2025-09-06
12209,130,226,2---,839.05,2025-09-06
12210,379,484,5,614.34,2025-09-06
12211,210,2352 ,,928.31,2025-09-06
12212,39,2358,2,,2025-09-06
12213,345,1440,1,838.18,2025-09-06
12214,277,1491,,840.11,2025-09-06
12215,232---,2883,5,860.62??,2025-09-06
12216,147,2458,5,755.36,2025-09-06
12217,493,1596,1,103.44??,2025-09-06
12218,63,1264,1,,2025-09-06
12219,266,,3 ,401.69,2025-09-06
12220,83,2131,10,706.86??,2025-09-06
12221,62,1198,2,864.4,2025-09-06
12222,395,1435 ,4,167.39??,2025-09-06
12223,230,70??,3,193.39,2025-09-06
12224,410,97,,81.87,2025-09-06
12225,74,783---,5,1024.02,2025-09-06
12226,360,1238,,315.18,2025-09-06
12227,31,2137,1,79.99,2025-09-06
12228,105,,3,589.73,2025-09-06
12229,41,2390,4,120.07,2025-09-06
12230,107,,2,585.54,2025-09-06
12231,99,2882,2,328.52,2025-09-06
12232,64,2303,4,149.34,2025-09-06
12233,397,411??,5,637.91,2025-09-06
12234,327,616,1,,2025-09-06
12235,327,2757,1,,2025-09-06
12236,193,2087,2,217.33,2025-09-06
12237,373,2295,3,186.09,2025-09-06
12238,362,2816,5,763.92,2025-09-06
12239,396,2623,1??,629.9,2025-09-06
12240,432,2238,2 ,398.64,2025-09-06
12241,283,1166,1,363.65,2025-09-06
12242,17,2914,3,1024.6,2025-09-06
12243,,2504,2,298.5,2025-09-06
12244,8,2324,2,335.13,2025-09-06
12245,456,1378,2,,2025-09-06
12246,68---,770??,2,817.14,2025-09-06
12247,16,1173,3,376.78,2025-09-06
12248,190,2074,3,461.29,2025-09-06
12249,113,1190,20??,159.84,2025-09-06
12250,32,409,20,478.74,2025-09-06
12251,4,1338,4,587.27,2025-09-06
12252,99,1155,1,,2025-09-06
12253,226,1088,3,209.79,2025-09-06
12254,284---,342,2,564.02,2025-09-06
12255,50,484,1,1007.57,2025-09-06
12256,121,2184,,653.67,2025-09-06
12257,162,725,5,669.67,2025-09-06
12258,331,2430,10,468.72,2025-09-06
12259,149,1295,1,487.7,2025-09-06
12260,470,2543,3,,2025-09-06
12261,149,,4,487.7,2025-09-06
12262,92,234,5,261.06,2025-09-07
12263,10,538---,4,173.6,2025-09-07
12264,131,2425,10,554.81,2025-09-07
12265,408??,2129,20,643.91,2025-09-07
12266,443,,1,933.58,2025-09-07
12267,229,134,1,657.87,2025-09-07
12268,238,32,,875.47,2025-09-07
12269,468,37,4,388.65,2025-09-07
12270,205---,870??,2,589.26,2025-09-07
12271,383,466,2,682.42,2025-09-07
12272,128,2312,,,2025-09-07
12273,369---,2490,2,410.57,2025-09-07
12274,167,152,1,321.07,2025-09-07
12275,218,432,5,736.29,2025-09-07
12276,,472,2,245.35,2025-09-07
12277,102??,778,,873.82,2025-09-07
12278,407,2679---,1,323.97,2025-09-07
12279,388,2263,3,379.24,2025-09-07
12280,180---,915,20,262.7,2025-09-07
12281,438,2200,2,825.65 ,2025-09-07
12282,400,482,1,503.19,2025-09-07
12283,265,1697 ,1,754.56,2025-09-07
12284,280,724,1,234.31??,2025-09-07
12285,374,721,3,711.19,2025-09-07
12286,224,845,1,835.41,2025-09-07
12287,267,2331,,839.54---,2025-09-07
12288,111,1259,1 ,629.21,2025-09-07
12289,434,153,3,911.31,2025-09-07
12290,60,99,1,606.21,2025-09-07
12291,331,2363,1,468.72,2025-09-07
12292,110,1089,4,704.9??,2025-09-07
12293,104,577,5,855.17,2025-09-07
12294,75,593,1,899.45,2025-09-07
12295,448,111,10,459.14,2025-09-07
12296,267,2248,4,839.54,2025-09-07
12297,118,2093,20,737.58,2025-09-07
12298,191,405,4,,2025-09-07
12299,84,2875,2,468.69,2025-09-07
12300,270,396,1,,2025-09-07
12301,427,659,1??,522.79,2025-09-07
12302,69,2271,2,373.1,2025-09-07
12303,244,1998,1,951.6,2025-09-07
12304,271,2853,4,590.56,2025-09-07
12305,,2326,2,542.3,2025-09-07
12306,41,2727,1,,2025-09-07
12307,392,41,1,,2025-09-07
12308,344,2165,3,925.4,2025-09-07
12309,18,2850,1,467.06,2025-09-07
12310,417,2991,3,195.05,2025-09-07
12311,192,1327 ,1,595.75,2025-09-07
12312,29,36,2,361.73,2025-09-07
12313,444??,891,2,1036.18,2025-09-07
12314,421,671,2,618.46,2025-09-07
12315,205,2232,2,589.26,2025-09-07
12316,,268,1,311.94,2025-09-07
12317,201,2993,1,199.44,2025-09-07
12318,489,2016,1,334.81,2025-09-07
12319,39??,157,4,,2025-09-07
12320,49,2843,2,,2025-09-07
12321,259,,5,89.55,2025-09-07
12322,164,1412,5,373.42??,2025-09-07
12323,336,1813,2,914.9,2025-09-07
12324,148,1120,1,,2025-09-07
12325,414,1795,4,245.35,2025-09-07
12326,321,1974,5,200.36,2025-09-07
12327,343,2747,2,806.55,2025-09-07
12328,185,962,3,542.3,2025-09-07
12329,87,1184,3,379.38,2025-09-07
12330,248,1520,5,452.25,2025-09-07
12331,119,748,1,1025.32,2025-09-07
12332,159,2887,10,237.25,2025-09-07
12333,226,119,3,209.79,2025-09-07
12334,62,130,5,864.4,2025-09-07
12335,188,694 ,1,908.84,2025-09-07
12336,318,142,,311.94,2025-09-07
12337,393,2587,1,704.08,2025-09-07
12338,319,1290,3,690.64,2025-09-07
12339,120,1756,1,None---,2025-09-07
12340,180,,3,262.7,2025-09-07
12341,85,759,4,,2025-09-07
12342,,739,1,452.25,2025-09-07
12343,419,2660,4,,2025-09-07
12344,321,1160,2,200.36,2025-09-07
12345,,817,1,895.71,2025-09-07
12346,457,494,1,353.85,2025-09-07
12347,434,2264,4,911.31,2025-09-07
12348,366,1619,20,773.63,2025-09-07
12349,291,1444,1,722.08,2025-09-07
12350,216,2206,2---,465.22,2025-09-07
12351,137,1678,2,,2025-09-07
12352,470,2882,1,998.68,2025-09-07
12353,79,2825,2,567.8,2025-09-07
12354,450,2063??,2,325.2,2025-09-07
12355,412,738,2,628.74,2025-09-07
12356,309,2895,,645.12,2025-09-07
12357,398,1236,5,229.92,2025-09-07
12358,371,2465,5,348.36,2025-09-07
12359,485,2279,2,306.85,2025-09-07
12360,462,2245,5,754.85,2025-09-07
12361,174,1677,2---,503.59,2025-09-07
12362,401,150,4,457.8,2025-09-07
12363,37,2652,2,786.8,2025-09-07
12364,204,196,4,,2025-09-07
12365,71,1007,4,116.08,2025-09-07
12366,307,2850,2,432.28,2025-09-07
12367,35,841,1,198.91,2025-09-07
12368,,507,1,118.03,2025-09-07
12369,190 ,29,1,461.29,2025-09-07
12370,296,1664,2,871.21,2025-09-07
12371,494,,2,510.63,2025-09-07
12372,339,468,1,910.33,2025-09-07
12373,12,827,4,810.58,2025-09-08
12374,,425,2,541.16,2025-09-08
12375,293,1412,1,619.01,2025-09-08
12376,416,551,1,227.15,2025-09-08
12377,401,294,3,,2025-09-08
12378,25,581,4,357.09,2025-09-08
12379,98,1692,1,332.9,2025-09-08
12380,294,518,3,739.48,2025-09-08
12381,117,153,4,232.36,2025-09-08
12382,113,320,4,159.84,2025-09-08
12383,416,2338,1,227.15,2025-09-08
12384,405,3,3,290.54,2025-09-08
12385,20,185,4,100.09,2025-09-08
12386,146,2966,1,266.77,2025-09-08
12387,186,,1,873.65,2025-09-08
12388,266,2322,3,401.69,2025-09-08
12389,67,2207,2??,123.92,2025-09-08
12390,224,,1,835.41,2025-09-08
12391,315,588,4,,2025-09-08
12392,45,1588---,1,,2025-09-08
12393,,2480,20,376.78,2025-09-08
12394,352,2918,3,638.9,2025-09-08
12395,,2972,1,727.37,2025-09-08
12396,223---,253,1,679.14,2025-09-08
12397,54,1467,1,472.78,2025-09-08
12398,383,934,,682.42,2025-09-08
12399,298,2324,2,162.53,2025-09-08
12400,455,2388,1,167.11,2025-09-08
12401,346,1353,2,555.77,2025-09-08
12402,301,858,3,256.11,2025-09-08
12403,76,1771,2,157.63,2025-09-08
12404,489,151,1---,334.81,2025-09-08
12405,412,817,3,628.74,2025-09-08
12406,240,2215,,841.37,2025-09-08
12407,190,2747,3,461.29 ,2025-09-08
12408,252,365,2,836.52,2025-09-08
12409,387,1919,2,680.0,2025-09-08
12410,112,2038,5,110.65,2025-09-08
12411,294,693,5,739.48,2025-09-08
12412,349,2061,1,464.38,2025-09-08
12413,89,2333,1,105.77,2025-09-08
12414,139,142??,1,868.35,2025-09-08
12415,310,838,4,723.09 ,2025-09-08
12416,316??,14,1,466.97,2025-09-08
12417,414,2629,1 ,245.35,2025-09-08
12418,359,2356,4,93.44,2025-09-08
12419,497---,2379,1,513.71,2025-09-08
12420,272,2356,2,196.75,2025-09-08
12421,226,58,1,209.79,2025-09-08
12422,,1708,1,873.82,2025-09-08
12423,320,2800,5,438.03,2025-09-08
12424,70,2769,2,624.95,2025-09-08
12425,423,664,5,712.19---,2025-09-08
12426,386,,2,919.81 ,2025-09-08
12427,184,668,2,707.97,2025-09-08
12428,,,3,488.56,2025-09-08
12429,419,2044,,138.89,2025-09-08
12430,112,2243,1,110.65,2025-09-08
12431,280,58,1,234.31??,2025-09-08
12432,303,1351,2,261.07,2025-09-08
12433,458,651,1,912.05---,2025-09-08
12434,63,1487,1,,2025-09-08
12435,198,16,5,213.46,2025-09-08
12436,426,2239,1,,2025-09-08
12437,437,84,1,873.74,2025-09-08
12438,471,378,1,766.82,2025-09-08
12439,212,462,2---,952.19,2025-09-08
12440,441,1501,5,773.78,2025-09-08
12441,56,1978,1,336.23??,2025-09-08
12442,45 ,1446,1,,2025-09-08
12443,328,1271,1,,2025-09-08
12444,275,1097,3,270.69,2025-09-08
12445,20,1680,1,100.09,2025-09-08
12446,326,216,2,648.98,2025-09-08
12447,178,2283,1,934.32,2025-09-08
12448,482,131,4,411.28,2025-09-08
12449,262,2473,2,75.74,2025-09-08
12450,22,1217,5,85.88---,2025-09-08
12451,136,1728,4,787.54,2025-09-08
12452,175,193,2,,2025-09-08
12453,392,1249,1,,2025-09-08
12454,426,358,5,,2025-09-08
12455,3,207,2,311.35---,2025-09-08
12456,178,1991,2,934.32,2025-09-08
12457,101,1000,3,76.75,2025-09-08
12458,282,1640,1??,514.12,2025-09-08
12459,21,173,4,374.08,2025-09-08
12460,285,529,3,,2025-09-08
12461,200,1592,3,,2025-09-08
12462,376,2909,1,884.87,2025-09-08
12463,427,657,1,522.79,2025-09-08
12464,327,2992,20,,2025-09-08
12465,255,2205,3,246.39,2025-09-08
12466,28,1878,1,699.64,2025-09-08
12467,484,1476,1,816.36,2025-09-08
12468,19,1918,3,386.73,2025-09-08
12469,,2859,1,153.28,2025-09-08
12470,21,2378,1,374.08,2025-09-08
12471,323,2522---,3,347.62,2025-09-08
12472,191,857,4,493.52,2025-09-08
12473,123,1311,4??,365.2,2025-09-08
12474,128,2049,4,816.32,2025-09-08
12475,,380,2,737.58,2025-09-08
12476,151,1953,3,603.39,2025-09-08
12477,284,1621,2,564.02,2025-09-08
12478,185,2845,5,542.3,2025-09-08
12479,202,1341,1 ,480.12,2025-09-08
12480,450,218,1,325.2,2025-09-08
12481,106,1284,5,207.59,2025-09-08
12482,194,553,,154.3,2025-09-08
12483,62,2045,2,864.4,2025-09-08
12484,440,2928,2,None ,2025-09-09
12485,407---,2282,2,323.97,2025-09-09
12486,410,453 ,10,81.87,2025-09-09
12487,,567,2,234.47,2025-09-09
12488,131,,2,554.81,2025-09-09
12489,450,2157,1,325.2,2025-09-09
12490,465,642,1,441.81 ,2025-09-09
12491,62,319,5,864.4,2025-09-09
12492,225,1198,2,711.78,2025-09-09
12493,93,2164,1,,2025-09-09
12494,404,2694,5,,2025-09-09
12495,25,1082,2,357.09,2025-09-09
12496,56,1162,2,336.23,2025-09-09
12497,370,896,4,604.48 ,2025-09-09
12498,291,1555,5,722.08,2025-09-09
12499,346,527,5,,2025-09-09
12500,8,758,2,335.13,2025-09-09
12501,252,423,1,836.52,2025-09-09
12502,465,2430,3,441.81 ,2025-09-09
12503,394,2122---,4,554.78,2025-09-09
12504,81,1439,3,427.72---,2025-09-09
12505,141,1445,2,,2025-09-09
12506,342,1115,1,882.83,2025-09-09
12507,137,2381,1,247.12,2025-09-09
12508,375,11,1,,2025-09-09
12509,382,2538,2,427.52,2025-09-09
12510,105,1587,1,589.73,2025-09-09
12511,353,1453,10,709.75,2025-09-09
12512,139,1478,2,868.35,2025-09-09
12513,381,881,1,65.2,2025-09-09
12514,34,308 ,4,,2025-09-09
12515,331,2667,1,468.72,2025-09-09
12516,353,2941,4,709.75,2025-09-09
12517,497,1640,2,513.71 ,2025-09-09
12518,,111,5,537.53,2025-09-09
12519,426,1541,2,904.53,2025-09-09
12520,214,153,2,225.33,2025-09-09
12521,24,1522,1,891.92,2025-09-09
12522,173,2419,2,722.69,2025-09-09
12523,444,172,4,1036.18,2025-09-09
12524,159,523??,3,237.25,2025-09-09
12525,155,561,2,657.22,2025-09-09
12526,61??,2599,2,116.62,2025-09-09
12527,156,408,4,399.02,2025-09-09
12528,480,1906,4,702.9,2025-09-09
12529,324,2143,1,829.29,2025-09-09
12530,180,2369,5,262.7,2025-09-09
12531,,1537,3,860.62??,2025-09-09
12532,430,1560 ,5,815.38,2025-09-09
12533,379,1084,3,614.34,2025-09-09
12534,,517,1,522.79,2025-09-09
12535,,454,1,234.47,2025-09-09
12536,245,447 ,2,676.36,2025-09-09
12537,,,1,585.54,2025-09-09
12538,315,2845,,727.37,2025-09-09
12539,458,420,1,912.05---,2025-09-09
12540,,512,1,402.48,2025-09-09
12541,409,99,1,845.34,2025-09-09
12542,6,747,1,284.23,2025-09-09
12543,223,1540,4??,679.14,2025-09-09
12544,401,2024,1,457.8,2025-09-09
12545,59,1118,3,474.39,2025-09-09
12546,81,1362,1,427.72,2025-09-09
12547,207,1535,2---,771.97,2025-09-09
12548,33,2766,1,,2025-09-09
12549,471,1095,1,766.82,2025-09-09
12550,26,2827,1,,2025-09-09
12551,421,1752,3,618.46,2025-09-09
12552,9,1662,3,606.63,2025-09-09
12553,66,1777,3,604.37,2025-09-09
12554,269,1305,3,617.46,2025-09-09
12555,95,1505,10,1027.63,2025-09-09
12556,270,711,1,298.5,2025-09-09
12557,115,1074,2,971.71---,2025-09-09
12558,200,1768,2,,2025-09-09
12559,110,,1,,2025-09-09
12560,24,1295,2,891.92,2025-09-09
12561,19,1336,4---,386.73,2025-09-09
12562,362,2186??,3,,2025-09-09
12563,90,887,1,191.16,2025-09-09
12564,23,2459,1,719.34,2025-09-09
12565,438,1730,1,825.65??,2025-09-09
12566,483,940,4,259.65,2025-09-09
12567,480,,5,702.9,2025-09-09
12568,263,2295,4,541.16,2025-09-09
12569,369,2129,3,410.57,2025-09-09
12570,439,311,1,884.89 ,2025-09-09
12571,280,1070,5,,2025-09-09
12572,327,690,,,2025-09-09
12573,210,164,3,928.31,2025-09-09
12574,382,2243,1,427.52,2025-09-09
12575,246,2569,,108.35,2025-09-09
12576,492,2497,4,847.03,2025-09-09
12577,47,39,3,979.1,2025-09-09
12578,301,,1,256.11,2025-09-09
12579,33??,609---,4,153.28,2025-09-09
12580,56,1143,1,336.23,2025-09-09
12581,335,2186,2,242.79,2025-09-09
12582,442,562,3,914.26,2025-09-09
12583,207,2150,3---,771.97,2025-09-09
12584,352,2767,2,638.9,2025-09-09
12585,500,491,2,932.15,2025-09-09
12586,129,,5,392.23??,2025-09-09
12587,155,1049,1,657.22,2025-09-09
12588,208,800,4,529.71??,2025-09-09
12589,371,1310,1,348.36,2025-09-09
12590,121,2491,2,653.67,2025-09-09
12591,59,1467,1,474.39,2025-09-09
12592,73,1257,3,831.62,2025-09-09
12593,479,2631,3,361.65,2025-09-09
12594,424,984,1,607.96,2025-09-09
12595,436,881,1,544.14,2025-09-10
12596,427,105,3,522.79,2025-09-10
12597,190,2920,3,461.29,2025-09-10
12598,267,87---,2,839.54,2025-09-10
12599,306,1535,3,132.33,2025-09-10
12600,253,759??,2,550.0,2025-09-10
12601,211,2381---,1,527.98,2025-09-10
12602,289,1286,2,,2025-09-10
12603,478,1569,2,537.53,2025-09-10
12604,133,157,1,572.29,2025-09-10
12605,318,1099,3,311.94,2025-09-10
12606,469,,5,953.09,2025-09-10
12607,90,2352,1,191.16,2025-09-10
12608,110,664,4---,704.9??,2025-09-10
12609,471,265,1,766.82??,2025-09-10
12610,262,668,3,75.74,2025-09-10
12611,34,2642,5,378.62,2025-09-10
12612,,1457,2,629.21,2025-09-10
12613,465,94,1,441.81 ,2025-09-10
12614,6,1957,2,284.23,2025-09-10
12615,178,1228,4,934.32,2025-09-10
12616,251,1798,1,511.82,2025-09-10
12617,390,1398,5,,2025-09-10
12618,146,2904,1,266.77,2025-09-10
12619,9 ,2962??,1,606.63,2025-09-10
12620,472,723,1,105.21,2025-09-10
12621,27,1596,1,463.93,2025-09-10
12622,155,2941,1,657.22,2025-09-10
12623,330,2661---,3,558.84,2025-09-10
12624,140,122---,3,822.22,2025-09-10
12625,306---,2157 ,3,132.33,2025-09-10
12626,141,2343,1,602.55,2025-09-10
12627,71,296,1,116.08,2025-09-10
12628,,2252,2??,168.18,2025-09-10
12629,120,1550,1,,2025-09-10
12630,446,2147??,1,85.62,2025-09-10
12631,482,1582,4,411.28,2025-09-10
12632,152,1872,,,2025-09-10
12633,153,1496,,118.03,2025-09-10
12634,311,595,2,713.33,2025-09-10
12635,263,509,10,541.16---,2025-09-10
12636,366,1629---,3,773.63,2025-09-10
12637,149,501,1,487.7,2025-09-10
12638,91,1395,1,230.02,2025-09-10
12639,74,1263,1,1024.02,2025-09-10
12640,163,840,2,435.68,2025-09-10
12641,,2080,2,899.45,2025-09-10
12642,70,1909,1,624.95,2025-09-10
12643,474,,1 ,,2025-09-10
12644,247,2017,1,,2025-09-10
12645,443,517,2,,2025-09-10
12646,169,2348,4,257.94,2025-09-10
12647,73??,156,1---,831.62,2025-09-10
12648,270,1725,4,298.5 ,2025-09-10
12649,14 ,612,3,546.15,2025-09-10
12650,32,726,2,478.74,2025-09-10
12651,67,2979,2---,123.92,2025-09-10
12652,291,2340,,722.08 ,2025-09-10
12653,34,1355,2,378.62,2025-09-10
12654,43,2781,10,152.82,2025-09-10
12655,339,727 ,4,910.33,2025-09-10
12656,302,,2,467.1,2025-09-10
12657,220,84,3,222.79,2025-09-10
12658,461,2450,2,292.66,2025-09-10
12659,319,1703??,4,690.64,2025-09-10
12660,152,2169,3,,2025-09-10
12661,229,1162,,657.87,2025-09-10
12662,181,996,1,508.98,2025-09-10
12663,424,1447,1,607.96,2025-09-10
12664,300,312,3,783.08---,2025-09-10
12665,413,1846,3,488.56,2025-09-10
12666,273,2965,2,84.32,2025-09-10
12667,353 ,767,5,,2025-09-10
12668,236,2984,3,589.35,2025-09-10
12669,335,401,,242.79,2025-09-10
12670,401,200,,457.8---,2025-09-10
12671,111,2225,2,629.21,2025-09-10
12672,280,,1,234.31??,2025-09-10
12673,76,2923,2,157.63,2025-09-10
12674,409,2343,1,845.34---,2025-09-10
12675,76,2692,3,157.63??,2025-09-10
12676,81,2132,5,427.72,2025-09-10
12677,,1461,1,499.35,2025-09-10
12678,345,1964,4,838.18,2025-09-10
12679,128,2858,3,816.32,2025-09-10
12680,167,816,1,321.07,2025-09-10
12681,191,2556,,493.52,2025-09-10
12682,249,678,1,386.0,2025-09-10
12683,490,1898,2,,2025-09-10
12684,485,,20,306.85,2025-09-10
12685,489,2423,1,334.81,2025-09-10
12686,223,475 ,,679.14,2025-09-10
12687,272,38,1,196.75,2025-09-10
12688,353,,,709.75,2025-09-10
12689,246,433,2,108.35,2025-09-10
12690,321,2502,4,200.36,2025-09-10
12691,499,179,2,1011.56,2025-09-10
12692,290,433,2,774.21,2025-09-10
12693,25,1404,5,357.09,2025-09-10
12694,136,1644,1,787.54,2025-09-10
12695,477,446,1,168.82,2025-09-10
12696,60,2030,3,606.21,2025-09-10
12697,155,2672,2,657.22,2025-09-10
12698,456,2965,2,528.57,2025-09-10
12699,460,48,1,895.71,2025-09-10
12700,189 ,1827,1,1027.84,2025-09-10
12701,286,1427,1,775.93??,2025-09-10
12702,,676,1,373.76 ,2025-09-10
12703,89,1318,1,105.77,2025-09-10
12704,3,1955,2,311.35---,2025-09-10
12705,,1830,1,237.25,2025-09-10
12706,113,2751,2,159.84---,2025-09-11
12707,303,2883,1,261.07,2025-09-11
12708,431,529,2,272.8,2025-09-11
12709,393,454,,704.08,2025-09-11
12710,179,2294,1,355.87,2025-09-11
12711,360,483,1,,2025-09-11
12712,254,781,2,935.96,2025-09-11
12713,287,2505,5,365.42,2025-09-11
12714,389,1169,20,499.35,2025-09-11
12715,145,53,,349.01,2025-09-11
12716,443,1263,3,933.58 ,2025-09-11
12717,498,1659,3,369.08,2025-09-11
12718,345,526,5,838.18,2025-09-11
12719,62,1477,4,864.4,2025-09-11
12720,,951,2,555.77,2025-09-11
12721,204,1227,1,,2025-09-11
12722,263,2305,1,541.16,2025-09-11
12723,,2071,3,899.45,2025-09-11
12724,25,250,5,357.09,2025-09-11
12725,273,2819,1,84.32,2025-09-11
12726,467,2028,2,943.44,2025-09-11
12727,215,2325,2,498.59,2025-09-11
12728,218,2248,,736.29,2025-09-11
12729,81,1991,1,427.72,2025-09-11
12730,357,2983,5,159.21,2025-09-11
12731,85,719,,181.5,2025-09-11
12732,397,1538,1,637.91,2025-09-11
12733,53,1843,2,552.85,2025-09-11
12734,101,2630,3,76.75,2025-09-11
12735,74,2189,10,1024.02,2025-09-11
12736,477,554,5,168.82,2025-09-11
12737,307,2688,1,432.28,2025-09-11
12738,190,754,4,461.29,2025-09-11
12739,241,705,2,218.0---,2025-09-11
12740,,2267??,2,261.07,2025-09-11
12741,83,2255,1,706.86,2025-09-11
12742,186,1991,3,873.65,2025-09-11
12743,103??,1118,2,399.04,2025-09-11
12744,251,1856,4,511.82,2025-09-11
12745,118,197,10,737.58,2025-09-11
12746,52,406,3,782.67??,2025-09-11
12747,36 ,1248,1,752.87---,2025-09-11
12748,314,2232??,1,785.07,2025-09-11
12749,70,2904,3,624.95,2025-09-11
12750,300,655,10,783.08---,2025-09-11
12751,193,2793,1,217.33,2025-09-11
12752,240,1520,1,841.37,2025-09-11
12753,77,,4,975.6,2025-09-11
12754,131,1168,,554.81,2025-09-11
12755,382,1992,1,427.52,2025-09-11
12756,84,1352,4,468.69,2025-09-11
12757,457,1942,1,353.85,2025-09-11
12758,490,697,5,,2025-09-11
12759,349,872,10,464.38,2025-09-11
12760,44,,3,,2025-09-11
12761,325,1345,2,661.39,2025-09-11
12762,,2202,,363.65,2025-09-11
12763,500,1805,1,932.15,2025-09-11
12764,140,321,3,822.22,2025-09-11
12765,476,,1,234.47,2025-09-11
12766,279,1664,3,833.88,2025-09-11
12767,380,768,1,728.24,2025-09-11
12768,493,2783,3,103.44??,2025-09-11
12769,166,1314---,3,,2025-09-11
12770,442,1112,4,914.26,2025-09-11
12771,364,2733,2,531.62,2025-09-11
12772,427,1206,2,522.79,2025-09-11
12773,,2125,1,661.39,2025-09-11
12774,232,888---,2,860.62??,2025-09-11
12775,365,539,1,776.68,2025-09-11
12776,420,2588,1,694.13,2025-09-11
12777,460,1296,,895.71,2025-09-11
12778,249,1876??,1,386.0,2025-09-11
12779,276,812,1,404.73,2025-09-11
12780,226,805,3,209.79,2025-09-11
12781,230,2157,5,193.39,2025-09-11
12782,92,400,1,261.06,2025-09-11
12783,314,2217,1,785.07,2025-09-11
12784,409,1912,2,,2025-09-11
12785,15,1517,1,,2025-09-11
12786,37,2154,20,786.8,2025-09-11
12787,91,2173,1,230.02,2025-09-11
12788,53,85,1??,552.85,2025-09-11
12789,420,2986,1,694.13,2025-09-11
12790,189,1461,10,1027.84,2025-09-11
12791,296,1736,2,,2025-09-11
12792,287,2899,1,,2025-09-11
12793,239,584,4,311.41,2025-09-11
12794,128,930,5,816.32,2025-09-11
12795,300,,1,783.08---,2025-09-11
12796,59,2904,1,474.39??,2025-09-11
12797,416,832,1,227.15,2025-09-11
12798,56,354,5,336.23,2025-09-11
12799,317,1783 ,5,432.9,2025-09-11
12800,443,1289,5,,2025-09-11
12801,445,2686,5,,2025-09-11
12802,184,1590,20,707.97,2025-09-11
12803,134,1527,2,,2025-09-11
12804,294,1637,3,739.48,2025-09-11
12805,261,1801,2,982.83,2025-09-11
12806,102,2131,20,873.82,2025-09-11
12807,284,892,1,,2025-09-11
12808,489,762,1,334.81,2025-09-11
12809,346,2164,3,,2025-09-11
12810,83,2615,2,706.86,2025-09-11
12811,479,2580,4,361.65,2025-09-11
12812,141,68,3,602.55,2025-09-11
12813,,1285,,336.23,2025-09-11
12814,71,1999,2,116.08,2025-09-11
12815,58,990,1,994.69,2025-09-11
12816,266,1994,3,401.69,2025-09-11
12817,474,1165,2,,2025-09-12
12818,317,2983,1,432.9,2025-09-12
12819,28,2343,2,699.64,2025-09-12
12820,86 ,2318,2,903.56,2025-09-12
12821,235,631,1,475.17,2025-09-12
12822,365,,1---,776.68,2025-09-12
12823,441,2139,2,773.78,2025-09-12
12824,118,2063,2,737.58,2025-09-12
12825,251,2745,20,511.82,2025-09-12
12826,133,1875,4,572.29,2025-09-12
12827,308,879,3,,2025-09-12
12828,,2934 ,4,874.7,2025-09-12
12829,359,1485,4,93.44,2025-09-12
12830,452,164??,5,985.54,2025-09-12
12831,318,1063,2,311.94,2025-09-12
12832,72,2991,,163.35,2025-09-12
12833,173,1583,1,722.69,2025-09-12
12834,147,719,3,755.36,2025-09-12
12835,145,2405,,349.01,2025-09-12
12836,134,1495,2,,2025-09-12
12837,361,1415,2,319.21,2025-09-12
12838,135,2893,1,,2025-09-12
12839,217,,2,710.49,2025-09-12
12840,349,444,5,464.38,2025-09-12
12841,107,931,3,585.54,2025-09-12
12842,7,538,1,378.16,2025-09-12
12843,302,200,1,467.1,2025-09-12
12844,303,1413,3---,261.07,2025-09-12
12845,368,1916,2,614.3,2025-09-12
12846,133,62 ,1,572.29,2025-09-12
12847,51,2629,2,79.43,2025-09-12
12848,105,2724,2,589.73,2025-09-12
12849,12,171,1,810.58,2025-09-12
12850,368,724,1,614.3,2025-09-12
12851,433,1391,2,494.44,2025-09-12
12852,158,887,1,872.08,2025-09-12
12853,490,788,1,None ,2025-09-12
12854,194??,2107,20,154.3,2025-09-12
12855,472,1902,,,2025-09-12
12856,254,474,2,935.96,2025-09-12
12857,244,,2,951.6,2025-09-12
12858,99,2580,1,328.52,2025-09-12
12859,208,2797,3,529.71??,2025-09-12
12860,7,857,4,378.16,2025-09-12
12861,19,1689,1,386.73,2025-09-12
12862,252,2022,,836.52,2025-09-12
12863,281,2931,2,186.79,2025-09-12
12864,482,1665,3,411.28,2025-09-12
12865,241,962,2,218.0,2025-09-12
12866,33,2364,3,153.28,2025-09-12
12867,67,79,2,123.92,2025-09-12
12868,421,2401,2,618.46,2025-09-12
12869,,1900,1,817.14,2025-09-12
12870,55,1394,1,182.86,2025-09-12
12871,408,2956,5,643.91,2025-09-12
12872,104,2180,2,855.17,2025-09-12
12873,336,934,2,914.9,2025-09-12
12874,420,89,5---,694.13,2025-09-12
12875,373,2627,10,186.09,2025-09-12
12876,287,1617,5,365.42,2025-09-12
12877,386,,1,919.81 ,2025-09-12
12878,168,1054,4,79.14,2025-09-12
12879,12,209,2,810.58,2025-09-12
12880,139,2977,3,868.35,2025-09-12
12881,284,471,2,564.02,2025-09-12
12882,240,2831,1,841.37,2025-09-12
12883,333,502,5,418.84,2025-09-12
12884,418,1314,5,394.38,2025-09-12
12885,80,458,1,402.48,2025-09-12
12886,119,2309,3,1025.32,2025-09-12
12887,306,2396---,1,132.33,2025-09-12
12888,392,2739 ,1,,2025-09-12
12889,86,2702,10,,2025-09-12
12890,,663,5,,2025-09-12
12891,192,2157,2,595.75,2025-09-12
12892,25,2061 ,1---,357.09,2025-09-12
12893,145,436,3,349.01,2025-09-12
12894,399,1672,4??,773.65 ,2025-09-12
12895,206,14,4,401.24,2025-09-12
12896,102,111,4,873.82,2025-09-12
12897,6,745,10,284.23,2025-09-12
12898,210---,2939,4,928.31,2025-09-12
12899,423,2658,2,712.19,2025-09-12
12900,106,1423,2,207.59,2025-09-12
12901,490,,1,,2025-09-12
12902,97,826,,231.74,2025-09-12
12903,444,1871,4,1036.18,2025-09-12
12904,71,2444,2,116.08,2025-09-12
12905,456,1287 ,4 ,528.57,2025-09-12
12906,297 ,514,2,745.77,2025-09-12
12907,5---,57,2??,201.09,2025-09-12
12908,454,49,2,690.74,2025-09-12
12909,181,2294,2,508.98,2025-09-12
12910,239,156,3,,2025-09-12
12911,401,2469,1,457.8,2025-09-12
12912,281,1444,2,186.79,2025-09-12
12913,132,2438,2,,2025-09-12
12914,446,2494,5,85.62,2025-09-12
12915,20,976,1,100.09,2025-09-12
12916,418,2106,1,394.38,2025-09-12
12917,375,1348,2,360.24,2025-09-12
12918,456,2735,1,528.57,2025-09-12
12919,419,310,1,138.89,2025-09-12
12920,461,2194,5,292.66,2025-09-12
12921,441,2406,2,773.78,2025-09-12
12922,383,318,4,682.42,2025-09-12
12923,245,1047---,1,,2025-09-12
12924,100,2107 ,1,,2025-09-12
12925,255,1530,,246.39,2025-09-12
12926,7,116,2,378.16,2025-09-12
12927,144,2427,3,699.06,2025-09-12
12928,304,2415,3,375.79,2025-09-13
12929,50,2676,5,1007.57,2025-09-13
12930,176,2439,2,475.79,2025-09-13
12931,173,1997,1,722.69,2025-09-13
12932,7,2822,2---,378.16,2025-09-13
12933,236,,3---,589.35,2025-09-13
12934,204,1955,1,,2025-09-13
12935,401,1040,1,457.8,2025-09-13
12936,123,427,3,365.2,2025-09-13
12937,410,,3,81.87,2025-09-13
12938,362,2346,1,763.92,2025-09-13
12939,473,732,10,123.99,2025-09-13
12940,242,287,5,732.54,2025-09-13
12941,188,262,,908.84,2025-09-13
12942,374,355,1,711.19,2025-09-13
12943,270,753,5,298.5---,2025-09-13
12944,333,510,1,418.84,2025-09-13
12945,200,2617,1,,2025-09-13
12946,358,872,1 ,186.46,2025-09-13
12947,342,1239,3,882.83,2025-09-13
12948,323,1627,3,347.62,2025-09-13
12949,381,236,20,65.2,2025-09-13
12950,,783,3,160.65,2025-09-13
12951,305,2420,2,398.85,2025-09-13
12952,54,477,4,472.78,2025-09-13
12953,331,768,3,468.72,2025-09-13
12954,419,1293,2,138.89,2025-09-13
12955,396,763,20,629.9,2025-09-13
12956,297,490,5,745.77,2025-09-13
12957,493,1100,2,103.44??,2025-09-13
12958,447,2595,1,,2025-09-13
12959,133,,2,572.29,2025-09-13
12960,341,2292,,389.03---,2025-09-13
12961,194,981,1,154.3,2025-09-13
12962,299,2149,2,840.59,2025-09-13
12963,177,420,,652.82,2025-09-13
12964,98,1600,4,332.9,2025-09-13
12965,280,1075,4,234.31??,2025-09-13
12966,147,117,4,755.36,2025-09-13
12967,109,658,1,731.8,2025-09-13
12968,434,1166,3,911.31 ,2025-09-13
12969,8,,4,335.13,2025-09-13
12970,315,923 ,5,727.37,2025-09-13
12971,206,39??,3,401.24,2025-09-13
12972,,2557,4,79.43,2025-09-13
12973,279,107,3,833.88,2025-09-13
12974,210---,1513,1,928.31,2025-09-13
12975,158,,2,872.08,2025-09-13
12976,,2495,5,103.44??,2025-09-13
12977,344,8,10,925.4,2025-09-13
12978,447,1315,3,,2025-09-13
12979,422,625,3,312.04,2025-09-13
12980,5,2990,3,201.09,2025-09-13
12981,450,437,3---,,2025-09-13
12982,251,1246,4,511.82,2025-09-13
12983,,1394 ,2,465.22,2025-09-13
12984,397,2173,3,637.91,2025-09-13
12985,454,538,4,690.74,2025-09-13
12986,477,1215,1,168.82,2025-09-13
12987,,810,4,199.44,2025-09-13
12988,199,1958,5,559.88,2025-09-13
12989,14,18,,546.15,2025-09-13
12990,216,2504,5,465.22??,2025-09-13
12991,385,1349,4,509.11,2025-09-13
12992,489,430,3,334.81,2025-09-13
12993,410,1860,1,81.87,2025-09-13
12994,56,1231,2,336.23,2025-09-13
12995,423,85,1,712.19,2025-09-13
12996,51,2347,1,79.43,2025-09-13
12997,148,2778,5,,2025-09-13
12998,69,,1,373.1,2025-09-13
12999,452,2681 ,5,985.54---,2025-09-13
13000,438,458,3,825.65,2025-09-13
13001,267,1370,3??,839.54,2025-09-13
13002,265,1306,2,754.56??,2025-09-13
13003,85,618,3,181.5,2025-09-13
13004,340,720,5,575.1---,2025-09-13
13005,69,665,4,373.1,2025-09-13
13006,281,1284,4,186.79,2025-09-13
13007,6,864,5,284.23,2025-09-13
13008,66,2146,4,604.37,2025-09-13
13009,432,,2,398.64,2025-09-13
13010,67,981??,5,123.92,2025-09-13
13011,471,420---,2,766.82,2025-09-13
13012,478,1451---,1,537.53,2025-09-13
13013,37,1497,1,786.8,2025-09-13
13014,369,2879,1,410.57,2025-09-13
13015,446,2515,1,85.62,2025-09-13
13016,236,1571,3,589.35,2025-09-13
13017,360,1395,1,315.18,2025-09-13
13018,316,120,2,466.97,2025-09-13
13019,147,2125,,755.36,2025-09-13
13020,40,,1,727.08,2025-09-13
13021,336,87,1,914.9,2025-09-13
13022,401,1733---,1,457.8,2025-09-13
13023,332,304,1,104.65,2025-09-13
13024,189 ,2651,2,1027.84,2025-09-13
13025,,44,1,116.62,2025-09-13
13026,451,501,1,442.94,2025-09-13
13027,131,1068,1,554.81,2025-09-13
13028,356,2246---,5,,2025-09-13
13029,158,1961,4,872.08,2025-09-13
13030,374,1477,3,711.19,2025-09-13
13031,94,815,20,996.96,2025-09-13
13032,442,2755,1,914.26,2025-09-13
13033,52,1527,1,782.67,2025-09-13
13034,170??,78,2---,700.59,2025-09-13
13035,331,1277,2,468.72,2025-09-13
13036,135,634,1,1010.19,2025-09-13
13037,232,2096,3,860.62??,2025-09-13
13038,448,2767,,459.14,2025-09-13
13039,336,1867,1,914.9,2025-09-13
13040,499,1256,3,1011.56,2025-09-14
13041,169,1681,2,257.94,2025-09-14
13042,305,464,1,398.85,2025-09-14
13043,47,458,2,979.1,2025-09-14
13044,252,199,2,836.52,2025-09-14
13045,158,2618,2,872.08,2025-09-14
13046,413,2860,1,488.56,2025-09-14
13047,,2217,1,722.69,2025-09-14
13048,306 ,2945,5,132.33,2025-09-14
13049,387,2592,,680.0,2025-09-14
13050,145,890,2,,2025-09-14
13051,163,1634,3,435.68,2025-09-14
13052,108,924,3,528.81,2025-09-14
13053,114,2971,4,583.63,2025-09-14
13054,28,129,1,699.64,2025-09-14
13055,11,218,5,491.64,2025-09-14
13056,87,1371,1,379.38,2025-09-14
13057,203??,,2,897.73,2025-09-14
13058,342,1906,2,882.83,2025-09-14
13059,78,3000,2,555.77,2025-09-14
13060,474,2309,2,,2025-09-14
13061,88,2351,5,211.51,2025-09-14
13062,273,1152,2,84.32,2025-09-14
13063,390,71,3,,2025-09-14
13064,327,2072,1,,2025-09-14
13065,477,1521,2,168.82,2025-09-14
13066,406,1809---,10,532.33,2025-09-14
13067,184,1354,2,707.97,2025-09-14
13068,230,,1,193.39,2025-09-14
13069,447,,5,,2025-09-14
13070,253,955,3,550.0,2025-09-14
13071,309,2482,1,645.12,2025-09-14
13072,150,754,1,719.4,2025-09-14
13073,151,765,5,603.39,2025-09-14
13074,16,459,2,376.78,2025-09-14
13075,349,1072,4,464.38,2025-09-14
13076,6,1988,1,284.23 ,2025-09-14
13077,428,1837,1,856.4,2025-09-14
13078,166,1943,,906.51,2025-09-14
13079,336,2761,1,914.9 ,2025-09-14
13080,370,1541,1,604.48,2025-09-14
13081,114,1753,1,583.63,2025-09-14
13082,375 ,2518,2,360.24,2025-09-14
13083,117,320,2,232.36,2025-09-14
13084,202,635---,5,480.12,2025-09-14
13085,432,2394,3??,398.64,2025-09-14
13086,232,2631,5,860.62??,2025-09-14
13087,150,,1,719.4,2025-09-14
13088,163,,4,435.68,2025-09-14
13089,255,1038,2,246.39,2025-09-14
13090,298,385,1,162.53,2025-09-14
13091,455,1635,10,167.11,2025-09-14
13092,297,861,1,745.77,2025-09-14
13093,478,2813,5,537.53,2025-09-14
13094,312,1361,1,692.62,2025-09-14
13095,407,147,1---,323.97---,2025-09-14
13096,16,2036,1,376.78,2025-09-14
13097,272,1796,2,196.75,2025-09-14
13098,68,1800,3,817.14,2025-09-14
13099,444,1939,3 ,1036.18,2025-09-14
13100,259,1010,5,89.55,2025-09-14
13101,383,1333,5,682.42,2025-09-14
13102,348,1451,5,393.07,2025-09-14
13103,28,2822,1,699.64,2025-09-14
13104,493,533,1,103.44??,2025-09-14
13105,432,935,,,2025-09-14
13106,316,1305,5,466.97,2025-09-14
13107,46---,888,1,745.3,2025-09-14
13108,282,2568,2,514.12??,2025-09-14
13109,221,17,1,981.95,2025-09-14
13110,278,,3,349.92---,2025-09-14
13111,443,813---,1,933.58,2025-09-14
13112,356---,1270---,5,511.55,2025-09-14
13113,475,2743,5,626.39,2025-09-14
13114,393,338,1,704.08,2025-09-14
13115,223,744,2,679.14,2025-09-14
13116,207,1591,1,771.97,2025-09-14
13117,258,2106 ,,689.11,2025-09-14
13118,367,456,4,503.81,2025-09-14
13119,440,348,3,None??,2025-09-14
13120,,601,3,855.17,2025-09-14
13121,100,2810,5,,2025-09-14
13122,157,1014,1,290.7,2025-09-14
13123,,2672,4,213.46,2025-09-14
13124,438,1616,2,825.65,2025-09-14
13125,402,396,5,851.77,2025-09-14
13126,237,306,1,57.57??,2025-09-14
13127,388,2191,2,379.24,2025-09-14
13128,166,2928,4,906.51,2025-09-14
13129,306,1701,2,132.33,2025-09-14
13130,235,1490,4,475.17,2025-09-14
13131,212,1663,1,952.19,2025-09-14
13132,35,139,2,198.91,2025-09-14
13133,456,2654,,528.57,2025-09-14
13134,136,741,1,787.54,2025-09-14
13135,437,2450,3,,2025-09-14
13136,55,559,1,182.86,2025-09-14
13137,326,2578 ,2,648.98,2025-09-14
13138,108,,5,528.81,2025-09-14
13139,345,1873,5,838.18,2025-09-14
13140,184,663,,707.97,2025-09-14
13141,227,993,,,2025-09-14
13142,457,4,2,353.85,2025-09-14
13143,422,2893,5,312.04,2025-09-14
13144,431,1219,4,272.8,2025-09-14
13145,178,1284,2,934.32,2025-09-14
13146,121,242,2,653.67,2025-09-14
13147,270,96,,298.5,2025-09-14
13148,83,2630,4,706.86,2025-09-14
13149,104,999,3,855.17,2025-09-14
13150,418,2214,3,394.38,2025-09-14
13151,298,1813,3,162.53,2025-09-15
13152,163,1689,1,435.68,2025-09-15
13153,493,2183,5,103.44??,2025-09-15
13154,104,433---,2,,2025-09-15
13155,446,,2,85.62,2025-09-15
13156,225,1391,1,711.78,2025-09-15
13157,27,1120,1,463.93,2025-09-15
13158,308,2645,,281.83,2025-09-15
13159,322,2944,20,253.21,2025-09-15
13160,347,1419,2,280.08,2025-09-15
13161,156,1978,3,399.02,2025-09-15
13162,61,189,2,116.62??,2025-09-15
13163,256,549,2,418.38,2025-09-15
13164,133,,2,572.29,2025-09-15
13165,349,826,4,464.38,2025-09-15
13166,452,1843,2,985.54,2025-09-15
13167,397,1148,2,637.91,2025-09-15
13168,78,2226,,555.77,2025-09-15
13169,175,675,1,842.59,2025-09-15
13170,36,847,1,752.87,2025-09-15
13171,294,1431,1,739.48 ,2025-09-15
13172,,794,4,873.65,2025-09-15
13173,351 ,333,1,787.87,2025-09-15
13174,286,1310,1,775.93,2025-09-15
13175,137,181,2,247.12,2025-09-15
13176,289,1840,1,,2025-09-15
13177,99,2368,5,328.52,2025-09-15
13178,20,1220,3,100.09,2025-09-15
13179,210,570,20---,928.31,2025-09-15
13180,246,681,5,108.35,2025-09-15
13181,300,1491,20??,783.08---,2025-09-15
13182,429,1486,1??,299.59??,2025-09-15
13183,420,71,3,694.13,2025-09-15
13184,429,2289,1,299.59,2025-09-15
13185,347,5,4,280.08,2025-09-15
13186,320,972,4,438.03,2025-09-15
13187,194,786,2,154.3,2025-09-15
13188,70,1674,,624.95,2025-09-15
13189,385,2736,2,509.11,2025-09-15
13190,413,12,1,488.56,2025-09-15
13191,111,922,4,629.21,2025-09-15
13192,228,2516,3,496.54---,2025-09-15
13193,231,2273,5,585.37,2025-09-15
13194,261,15,5,982.83,2025-09-15
13195,428,26,2,856.4,2025-09-15
13196,213,633,3,932.88,2025-09-15
13197,28,722,1,699.64,2025-09-15
13198,246,1843,1---,108.35,2025-09-15
13199,19,2089,3---,386.73,2025-09-15
13200,220,2576,1,222.79,2025-09-15
13201,432,679---,1 ,398.64,2025-09-15
13202,354,2437,1,520.29,2025-09-15
13203,,1629,2,527.98,2025-09-15
13204,48,1688,3,None---,2025-09-15
13205,365,1550,1,776.68,2025-09-15
13206,157,,4??,290.7,2025-09-15
13207,29,,2---,361.73,2025-09-15
13208,467,1546,3??,943.44,2025-09-15
13209,62,1799,5,864.4,2025-09-15
13210,385,,2,509.11,2025-09-15
13211,276,248,1??,404.73,2025-09-15
13212,78,150,1,555.77,2025-09-15
13213,440,2723,1,,2025-09-15
13214,259,2320,1,89.55,2025-09-15
13215,342,2754,2,882.83,2025-09-15
13216,23,2966,1,719.34,2025-09-15
13217,211---,333,5,527.98,2025-09-15
13218,316,2847,2,466.97,2025-09-15
13219,409 ,1120,1,845.34,2025-09-15
13220,,1394,1,89.55,2025-09-15
13221,345,158,2,838.18,2025-09-15
13222,143,765,2,181.27,2025-09-15
13223,160,824,3,924.03,2025-09-15
13224,440,2657,1,,2025-09-15
13225,121,485,4,653.67,2025-09-15
13226,314,610,2,785.07,2025-09-15
13227,291,368,4,722.08,2025-09-15
13228,63,1277,2,,2025-09-15
13229,452,2864 ,5,985.54,2025-09-15
13230,396,646 ,2,629.9,2025-09-15
13231,348,2099,5,393.07 ,2025-09-15
13232,450,947,5,325.2,2025-09-15
13233,446,2822,,85.62,2025-09-15
13234,432,402,3,398.64,2025-09-15
13235,45,22??,2,,2025-09-15
13236,399,951,4,773.65,2025-09-15
13237,398,261,4,229.92,2025-09-15
13238,378,408,2,305.61,2025-09-15
13239,149,235,3,487.7,2025-09-15
13240,203 ,1567,3,897.73,2025-09-15
13241,317,202,4 ,432.9,2025-09-15
13242,150,2562,3,719.4,2025-09-15
13243,333,1375,3,418.84,2025-09-15
13244,117,,2,232.36,2025-09-15
13245,,735,20,261.06,2025-09-15
13246,334,297,1,202.93,2025-09-15
13247,485,2832,2,306.85,2025-09-15
13248,128,2314,1,816.32,2025-09-15
13249,115,2609,1,971.71---,2025-09-15
13250,245,2295,2,,2025-09-15
13251,50,95,1,1007.57,2025-09-15
13252,239,2506,1,311.41,2025-09-15
13253,391,1440---,,537.68,2025-09-15
13254,79,2720,1,567.8,2025-09-15
13255,19,2277,1,386.73,2025-09-15
13256,105,2251,4,589.73,2025-09-15
13257,393,32,1,704.08,2025-09-15
13258,366,2438,1,773.63,2025-09-15
13259,342,1336??,5,882.83,2025-09-15
13260,484??,453,2,816.36,2025-09-15
13261,444,2384,4,1036.18,2025-09-15
13262,82,14,2,535.76??,2025-09-16
13263,476,34,1,234.47,2025-09-16
13264,236,446,2,589.35,2025-09-16
13265,157,,3,290.7,2025-09-16
13266,344,385,5---,925.4,2025-09-16
13267,115,2129,3,971.71--- ,2025-09-16
13268,248,1438,4,452.25,2025-09-16
13269,103,2239,1,399.04,2025-09-16
13270,499,2478,2,1011.56,2025-09-16
13271,259,2269,1,89.55,2025-09-16
13272,33,730,1,153.28,2025-09-16
13273,147 ,484 ,1,755.36,2025-09-16
13274,295,2107,1,368.63,2025-09-16
13275,409,288,3,845.34,2025-09-16
13276,78,514,1,555.77,2025-09-16
13277,335,1932,2,242.79,2025-09-16
13278,8,,2 ,335.13??,2025-09-16
13279,175,1887,2,842.59,2025-09-16
13280,77,2608,3,975.6,2025-09-16
13281,262,2087,3,75.74,2025-09-16
13282,491,1927,5,874.7,2025-09-16
13283,215,2095,1,498.59,2025-09-16
13284,375,,20,360.24,2025-09-16
13285,359,1855,3,93.44,2025-09-16
13286,213,2075,3,932.88,2025-09-16
13287,155,1136,1??,657.22,2025-09-16
13288,1,1364,2,,2025-09-16
13289,374??,1310,2,,2025-09-16
13290,221,555,5,981.95,2025-09-16
13291,483??,1771,1,,2025-09-16
13292,186,1994,1,873.65,2025-09-16
13293,138,2724,3,641.47,2025-09-16
13294,205,2291,2,589.26,2025-09-16
13295,1,32,2,715.23---,2025-09-16
13296,126,1411,1,373.76 ,2025-09-16
13297,474,895,,,2025-09-16
13298,90,1528,5,191.16,2025-09-16
13299,281,654,1,186.79,2025-09-16
13300,142,,3,858.79,2025-09-16
13301,372,725,1,616.97,2025-09-16
13302,422,1116,20,312.04,2025-09-16
13303,417,2471,1,195.05,2025-09-16
13304,129,2691,1,392.23,2025-09-16
13305,57,2508,2,222.83 ,2025-09-16
13306,271,72,3,590.56,2025-09-16
13307,196,552,2,806.34,2025-09-16
13308,306,805,2,132.33,2025-09-16
13309,483,2893,1,259.65,2025-09-16
13310,227,2623,3,309.72,2025-09-16
13311,274,2494,3,186.15,2025-09-16
13312,373,2149,1,186.09,2025-09-16
13313,4,1537,3,587.27,2025-09-16
13314,270,2815,,298.5,2025-09-16
13315,440,1423,3,,2025-09-16
13316,138,689,2,641.47,2025-09-16
13317,376,1146,1,884.87,2025-09-16
13318,485,1688,4,306.85,2025-09-16
13319,310,988,2,,2025-09-16
13320,255,1498,5,246.39,2025-09-16
13321,109,352,1,731.8,2025-09-16
13322,240,2545,4,841.37,2025-09-16
13323,304 ,2108,20,375.79,2025-09-16
13324,,2359,5,855.17,2025-09-16
13325,159,2152,3,237.25,2025-09-16
13326,315,1779,2,727.37,2025-09-16
13327,272,806,4,196.75 ,2025-09-16
13328,287,2707,3,365.42??,2025-09-16
13329,345,508,2,838.18,2025-09-16
13330,143,952,10,181.27,2025-09-16
13331,134,2270,5,,2025-09-16
13332,150,1305,3,719.4,2025-09-16
13333,263,,3,541.16,2025-09-16
13334,98,1667,2,332.9,2025-09-16
13335,98,2529,,332.9,2025-09-16
13336,114---,753,,583.63,2025-09-16
13337,168 ,308,4,79.14,2025-09-16
13338,312,2953,2,692.62,2025-09-16
13339,90,2863,4,191.16,2025-09-16
13340,186,2491,4,873.65,2025-09-16
13341,,2011,3,,2025-09-16
13342,332,637,3,104.65,2025-09-16
13343,493,2582,2,,2025-09-16
13344,60,244,1,606.21,2025-09-16
13345,324,2199,2,829.29,2025-09-16
13346,142,,10,858.79,2025-09-16
13347,271,1135,2,590.56,2025-09-16
13348,,1735,2,147.85,2025-09-16
13349,110,2737,,704.9??,2025-09-16
13350,45,1258,2,,2025-09-16
13351,454,1477,2,690.74,2025-09-16
13352,402,2379,2,851.77,2025-09-16
13353,307,780---,2,432.28,2025-09-16
13354,102,1067,2,873.82,2025-09-16
13355,359,2046,3,93.44,2025-09-16
13356,319,1437,1,690.64,2025-09-16
13357,113,2206,5,159.84,2025-09-16
13358,32,612,2,478.74,2025-09-16
13359,130,2944,1,839.05,2025-09-16
13360,255,,5,246.39,2025-09-16
13361,258,2800,4,689.11??,2025-09-16
13362,9,2641,1,606.63,2025-09-16
13363,391,2004,1,537.68,2025-09-16
13364,465,80,4,441.81 ,2025-09-16
13365,120,1102,2,,2025-09-16
13366,366,889,,773.63,2025-09-16
13367,392,1225,5,,2025-09-16
13368,374,798,1,711.19,2025-09-16
13369,415,2740,1,649.87,2025-09-16
13370,285,241,4,535.38,2025-09-16
13371,70,,20,624.95,2025-09-16
13372,254,2857,1,935.96??,2025-09-16
13373,59,573 ,1,474.39,2025-09-17
13374,254,1428,1,935.96,2025-09-17
13375,263,2715 ,1,541.16,2025-09-17
13376,118,2376,2,737.58,2025-09-17
13377,,2175,,713.33,2025-09-17
13378,306,1348,2,132.33,2025-09-17
13379,78,415,1,555.77,2025-09-17
13380,319,1705,3,690.64,2025-09-17
13381,234,2520,2,604.44,2025-09-17
13382,269,823,2,617.46,2025-09-17
13383,272,881,3,196.75??,2025-09-17
13384,93,22,1,,2025-09-17
13385,85,97,2,181.5,2025-09-17
13386,145,2819 ,3,349.01,2025-09-17
13387,381,1473,1,65.2,2025-09-17
13388,157,481,2,,2025-09-17
13389,178,1825,4??,934.32,2025-09-17
13390,393,1443,1,704.08,2025-09-17
13391,404,705,3??,None??,2025-09-17
13392,358,2546,3,186.46,2025-09-17
13393,250,2147,2,119.79,2025-09-17
13394,294,929,1---,739.48,2025-09-17
13395,181,272,1,508.98,2025-09-17
13396,476,44,1,234.47,2025-09-17
13397,,1973,2,875.47,2025-09-17
13398,433,,3,494.44,2025-09-17
13399,185,,3,542.3,2025-09-17
13400,47,102,3,979.1,2025-09-17
13401,4,1562,20,587.27,2025-09-17
13402,380,2838,2,728.24,2025-09-17
13403,102,2131,1,,2025-09-17
13404,255,1323,2,246.39,2025-09-17
13405,469,2169,4,953.09,2025-09-17
13406,300,793,4,783.08---,2025-09-17
13407,17,146,3,1024.6,2025-09-17
13408,340,1602,2,575.1---,2025-09-17
13409,230,64,5,193.39,2025-09-17
13410,488,2158,3,721.8,2025-09-17
13411,369,2791,1,410.57,2025-09-17
13412,270---,2664,5,298.5,2025-09-17
13413,,530,2,167.11,2025-09-17
13414,387,806,5,680.0 ,2025-09-17
13415,240,274,3,,2025-09-17
13416,120,956,3,,2025-09-17
13417,93,2565,5,,2025-09-17
13418,175,1831,1,842.59,2025-09-17
13419,397,2359,1,637.91,2025-09-17
13420,306,24,2,132.33,2025-09-17
13421,314,96,5,785.07---,2025-09-17
13422,200,2896,2,,2025-09-17
13423,378,2204,1,305.61,2025-09-17
13424,408,1762,2,643.91,2025-09-17
13425,,1283,10---,347.62,2025-09-17
13426,226,375,4,,2025-09-17
13427,,1074,2,491.64,2025-09-17
13428,181,2633,2,508.98,2025-09-17
13429,404,2457---,2,,2025-09-17
13430,427,1572??,2,522.79,2025-09-17
13431,200,2629,2,,2025-09-17
13432,,1411,2,699.64,2025-09-17
13433,,1185,1,270.69,2025-09-17
13434,417??,2189,1,195.05,2025-09-17
13435,305,1258,20,398.85,2025-09-17
13436,376,842,1,884.87,2025-09-17
13437,372,1071,4,616.97,2025-09-17
13438,29,544,2,361.73,2025-09-17
13439,,385,1,231.74,2025-09-17
13440,290,,1,774.21??,2025-09-17
13441,305??,,1,398.85,2025-09-17
13442,106,1764,3,207.59,2025-09-17
13443,341,177,1,389.03,2025-09-17
13444,10,,1,173.6,2025-09-17
13445,240,926,1,841.37,2025-09-17
13446,251,2450,3,511.82,2025-09-17
13447,8,,,,2025-09-17
13448,249,1258,1,,2025-09-17
13449,,1023,1,319.21,2025-09-17
13450,214,1025,4,225.33,2025-09-17
13451,134,1502,4,,2025-09-17
13452,35 ,943,1,198.91,2025-09-17
13453,414,702,20,245.35,2025-09-17
13454,177,1376,3,652.82,2025-09-17
13455,91,,5,230.02,2025-09-17
13456,216,2941,2,465.22,2025-09-17
13457,229,2785,3,657.87,2025-09-17
13458,436 ,413 ,20,544.14,2025-09-17
13459,91,1666,3,230.02,2025-09-17
13460,453,2781,1,,2025-09-17
13461,198,1079,3,213.46,2025-09-17
13462,310,2091,1,723.09 ,2025-09-17
13463,,2875,5,682.42,2025-09-17
13464,320,238,5,438.03,2025-09-17
13465,275,1732,1,,2025-09-17
13466,232,2567,2,860.62??,2025-09-17
13467,327,1786,2,None ,2025-09-17
13468,287,1790,1 ,365.42,2025-09-17
13469,234,2811,10,604.44 ,2025-09-17
13470,256,2325,3,418.38,2025-09-17
13471,488,,1,721.8,2025-09-17
13472,,1326,,731.8,2025-09-17
13473,265,1952,2,754.56,2025-09-17
13474,35,2823,2,198.91,2025-09-17
13475,199,2433,1,559.88,2025-09-17
13476,439,1819,2,884.89,2025-09-17
13477,75,1134,1,899.45,2025-09-17
13478,26,2056,,,2025-09-17
13479,170---,1631,5,700.59,2025-09-17
13480,188,2729,2,908.84,2025-09-17
13481,402,2615,1,,2025-09-17
13482,240 ,327,1,841.37,2025-09-17
13483,471,1804,2,766.82??,2025-09-17
13484,63,2361,3 ,,2025-09-18
13485,102,1072,1,873.82,2025-09-18
13486,,2820,2,972.91,2025-09-18
13487,202,186,1,480.12,2025-09-18
13488,292,668,2,160.65,2025-09-18
13489,131,712,2,554.81,2025-09-18
13490,84,2352,1,468.69,2025-09-18
13491,339,2447---,1,910.33,2025-09-18
13492,132,369,1,240.09??,2025-09-18
13493,298,2330,4,162.53,2025-09-18
13494,117??,376,5,232.36,2025-09-18
13495,399,900,4,773.65,2025-09-18
13496,396,1579,3,,2025-09-18
13497,378,446,20,305.61,2025-09-18
13498,490,2607,1,,2025-09-18
13499,340 ,1322,1,,2025-09-18
13500,494,2983,1,510.63,2025-09-18
13501,10,960,2,173.6,2025-09-18
13502,259,2770,2,89.55,2025-09-18
13503,350,2703,,659.64,2025-09-18
13504,238,129,1,875.47,2025-09-18
13505,441,114,2,773.78,2025-09-18
13506,144,2985,1,699.06,2025-09-18
13507,301,305,1,256.11??,2025-09-18
13508,,2071,1,,2025-09-18
13509,49,1759,1,,2025-09-18
13510,8,2082,2,335.13,2025-09-18
13511,458,369,5,912.05---,2025-09-18
13512,83,1098,1,706.86,2025-09-18
13513,239??,2825,,311.41,2025-09-18
13514,224,591,2,835.41,2025-09-18
13515,235,1575,4,475.17,2025-09-18
13516,137,2023,3,247.12,2025-09-18
13517,192,43,2,595.75,2025-09-18
13518,3,1400,4,311.35---,2025-09-18
13519,438,2458,1,825.65,2025-09-18
13520,441,2533,1,773.78,2025-09-18
13521,126,202,2,373.76 ,2025-09-18
13522,431,1144---,1,272.8,2025-09-18
13523,469,673,2,953.09,2025-09-18
13524,178,948,3,934.32,2025-09-18
13525,194,910,2,154.3,2025-09-18
13526,114,2262,1,583.63,2025-09-18
13527,325,875,5,,2025-09-18
13528,275,262,1,270.69---,2025-09-18
13529,197,241,1,570.36,2025-09-18
13530,387,257,3,680.0,2025-09-18
13531,66,2440,4,604.37,2025-09-18
13532,76,2418,2,157.63,2025-09-18
13533,10,2477,1,173.6,2025-09-18
13534,467,1335,1,943.44,2025-09-18
13535,301,459,2,256.11,2025-09-18
13536,245,2135,3,676.36,2025-09-18
13537,491,37,5,874.7,2025-09-18
13538,430??,2207,5??,815.38,2025-09-18
13539,297,698,1,745.77,2025-09-18
13540,500,,3,932.15,2025-09-18
13541,462,2331,1,754.85,2025-09-18
13542,400,2846,1,503.19,2025-09-18
13543,145,,,349.01,2025-09-18
13544,58,2023,2,994.69---,2025-09-18
13545,82,1981,,535.76,2025-09-18
13546,340,1997,1,575.1---,2025-09-18
13547,311,1023,5,713.33,2025-09-18
13548,486,1779,5,,2025-09-18
13549,211,1851,5,527.98,2025-09-18
13550,131,1772,1,554.81,2025-09-18
13551,43,1397,2,152.82,2025-09-18
13552,317,,2,432.9,2025-09-18
13553,212,58,1,952.19,2025-09-18
13554,17---,2403,2,1024.6,2025-09-18
13555,438,1542,3,825.65,2025-09-18
13556,,1048??,4,838.18,2025-09-18
13557,492,2409,2,847.03,2025-09-18
13558,450,1229,1,325.2,2025-09-18
13559,371,,1,348.36,2025-09-18
13560,,2536,2,570.36??,2025-09-18
13561,384,2007,2,,2025-09-18
13562,184,70,3,707.97,2025-09-18
13563,399,1176,5,773.65 ,2025-09-18
13564,,1840,5,1024.6,2025-09-18
13565,,1914,5,906.51 ,2025-09-18
13566,159,1807,2,237.25,2025-09-18
13567,153,1358,2,118.03,2025-09-18
13568,4,2808??,1,587.27,2025-09-18
13569,460,533,4,895.71,2025-09-18
13570,196,1133,,806.34,2025-09-18
13571,403,2676,3,,2025-09-18
13572,51,2463,2,79.43,2025-09-18
13573,90,563,4,191.16,2025-09-18
13574,477,1896---,1,168.82 ,2025-09-18
13575,333,72,10,418.84,2025-09-18
13576,201,2070,20,199.44,2025-09-18
13577,35,1705,,198.91,2025-09-18
13578,294,1643,3??,739.48,2025-09-18
13579,204,1425,10,,2025-09-18
13580,216,2687,3,465.22,2025-09-18
13581,194,2236,1,154.3,2025-09-18
13582,194,333,3,154.3,2025-09-18
13583,389,1781,1,499.35,2025-09-18
13584,137,1664,10,247.12,2025-09-18
13585,341,1543,1,389.03,2025-09-18
13586,483,346,4,259.65,2025-09-18
13587,390??,2989,4---,,2025-09-18
13588,327,1754,1,,2025-09-18
13589,179,1833,2,355.87,2025-09-18
13590,123,2511,2,365.2,2025-09-18
13591,241,1697,,,2025-09-18
13592,395,,,167.39??,2025-09-18
13593,29,1224,20,361.73,2025-09-18
13594,458,2725,1,912.05---,2025-09-18
13595,187,338 ,2,592.25,2025-09-19
13596,35,2732,1,198.91,2025-09-19
13597,261,1136,20,982.83,2025-09-19
13598,41,896,3,120.07,2025-09-19
13599,130??,1854,1,839.05,2025-09-19
13600,139,1629,,868.35,2025-09-19
13601,,1704,2,,2025-09-19
13602,247,762,2,None---,2025-09-19
13603,243---,2447,,435.09,2025-09-19
13604,348,1813,4,393.07,2025-09-19
13605,271,595,2,590.56,2025-09-19
13606,424,2918,1 ,607.96,2025-09-19
13607,110,127,1---,704.9??,2025-09-19
13608,228,2806,3,496.54,2025-09-19
13609,481,,2,479.02,2025-09-19
13610,291,2014,3,722.08,2025-09-19
13611,134,1572,4,,2025-09-19
13612,28,2314,2,699.64,2025-09-19
13613,264,1443,4,758.53,2025-09-19
13614,239,1820,1,311.41,2025-09-19
13615,73,1178,3,831.62,2025-09-19
13616,442,2340,1,914.26,2025-09-19
13617,117---,892,,232.36,2025-09-19
13618,314,674,2,785.07,2025-09-19
13619,250,2284,5,119.79,2025-09-19
13620,20,1763,1,100.09,2025-09-19
13621,331,2400,1,468.72,2025-09-19
13622,,2456,3,None---,2025-09-19
13623,194,1186,1,154.3,2025-09-19
13624,338,275,1,187.05,2025-09-19
13625,239,,2,311.41??,2025-09-19
13626,179,2564,,355.87,2025-09-19
13627,272,402,2,196.75,2025-09-19
13628,422,255,3,312.04,2025-09-19
13629,272,1167,1,196.75,2025-09-19
13630,4,2284,4,587.27,2025-09-19
13631,124,40,2,887.58,2025-09-19
13632,283,1877,3,363.65,2025-09-19
13633,450,496,2,325.2,2025-09-19
13634,127---,2575,3,190.88,2025-09-19
13635,264,879,1 ,758.53,2025-09-19
13636,412,236,1,,2025-09-19
13637,90,1848,4,191.16,2025-09-19
13638,197,1478,1,570.36,2025-09-19
13639,180,2671,,262.7,2025-09-19
13640,238,901,2,875.47,2025-09-19
13641,238,1074,4,875.47,2025-09-19
13642,192,,2,595.75,2025-09-19
13643,63,2759,1,,2025-09-19
13644,299,1234---,1,840.59,2025-09-19
13645,130,1133,4,839.05,2025-09-19
13646,257,203,1,528.85,2025-09-19
13647,279,1908,4,,2025-09-19
13648,133,1705??,3,572.29,2025-09-19
13649,300 ,476,2,783.08---,2025-09-19
13650,132,1522,1,240.09??,2025-09-19
13651,52,1279,1,782.67,2025-09-19
13652,174,1757,1,503.59,2025-09-19
13653,204,2275,1,,2025-09-19
13654,454,1290??,1 ,690.74,2025-09-19
13655,328,2416,2,413.2,2025-09-19
13656,117,50,,232.36,2025-09-19
13657,395,,5,167.39??,2025-09-19
13658,245,,1,676.36,2025-09-19
13659,160,1921,2,924.03,2025-09-19
13660,,368,1,,2025-09-19
13661,93,2085,1,,2025-09-19
13662,442,28,,914.26,2025-09-19
13663,290,264,2,774.21,2025-09-19
13664,91,2255??,4,230.02,2025-09-19
13665,335,727,4,242.79,2025-09-19
13666,136,1516,1,787.54,2025-09-19
13667,273,878,1,84.32,2025-09-19
13668,130,415,3,,2025-09-19
13669,51,922,1,79.43,2025-09-19
13670,80,2176,1,402.48,2025-09-19
13671,480,814 ,5,702.9,2025-09-19
13672,269,549,1,617.46??,2025-09-19
13673,59,2626,5,474.39,2025-09-19
13674,236,2919??,1,589.35,2025-09-19
13675,377,133??,1,588.92,2025-09-19
13676,225,2656,3,711.78,2025-09-19
13677,85,525,2,,2025-09-19
13678,61,1088,1,116.62,2025-09-19
13679,474,899,1??,,2025-09-19
13680,437,2828,2,873.74,2025-09-19
13681,43,1404,2,152.82 ,2025-09-19
13682,470,485,3,998.68,2025-09-19
13683,376,1957,1,884.87---,2025-09-19
13684,143,1674,1,181.27 ,2025-09-19
13685,378,2479,1,305.61??,2025-09-19
13686,438,407,10,825.65,2025-09-19
13687,366,1695,3,773.63,2025-09-19
13688,202,2556,5,480.12 ,2025-09-19
13689,339,2911,1,910.33,2025-09-19
13690,408,506,1,643.91,2025-09-19
13691,264,654 ,1,,2025-09-19
13692,32,1077,5,478.74,2025-09-19
13693,137,907,2,247.12,2025-09-19
13694,378,1597,1,305.61,2025-09-19
13695,470,2233,2,998.68,2025-09-19
13696,303,2255,5,261.07,2025-09-19
13697,486,2823,2,860.43,2025-09-19
13698,139,1329,5,868.35,2025-09-19
13699,347,1724,4??,280.08,2025-09-19
13700,89,1868,1,105.77,2025-09-19
13701,314,682,1,,2025-09-19
13702,181,430,2,508.98,2025-09-19
13703,380,1512,3,728.24,2025-09-19
13704,489,1903,1,334.81,2025-09-19
13705,50,2498---,1,1007.57,2025-09-19
13706,106,2168,,,2025-09-20
13707,344,1211,3,925.4,2025-09-20
13708,370,2680,1,604.48,2025-09-20
13709,476 ,1478,20---,234.47,2025-09-20
13710,488,868,20,721.8,2025-09-20
13711,342,1886,1,882.83,2025-09-20
13712,174,1723,1,503.59,2025-09-20
13713,54,272,2,472.78,2025-09-20
13714,435,2051,2,972.91,2025-09-20
13715,53,1530,2,552.85,2025-09-20
13716,295,2713,2,368.63,2025-09-20
13717,188,58,4,908.84,2025-09-20
13718,407,1892,1,323.97,2025-09-20
13719,446,972,1---,85.62,2025-09-20
13720,63,2917,2,,2025-09-20
13721,21,470 ,3,374.08,2025-09-20
13722,375,1703,1,360.24,2025-09-20
13723,304,1696,1,375.79,2025-09-20
13724,491,2412,3,874.7,2025-09-20
13725,204,2504??,2,,2025-09-20
13726,244,470,2,951.6,2025-09-20
13727,489,299,2,334.81,2025-09-20
13728,,388,10,763.92,2025-09-20
13729,483,2326,1,259.65,2025-09-20
13730,49,1319,1,,2025-09-20
13731,37,998,4,786.8,2025-09-20
13732,1,2938,1,715.23,2025-09-20
13733,98,713,1,332.9,2025-09-20
13734,407,904---,3,323.97,2025-09-20
13735,139,84,2,868.35,2025-09-20
13736,178,961,1,934.32,2025-09-20
13737,240,762,,841.37---,2025-09-20
13738,398,,4,229.92,2025-09-20
13739,28,2115,20,,2025-09-20
13740,110,1033,2,704.9??,2025-09-20
13741,223,1039,2,679.14,2025-09-20
13742,173---,2609,1,722.69,2025-09-20
13743,83,2069,1,706.86,2025-09-20
13744,414,189,3,245.35,2025-09-20
13745,61,1234,,116.62,2025-09-20
13746,393,2005,2,704.08 ,2025-09-20
13747,191,913,1,493.52,2025-09-20
13748,461,849,2,292.66,2025-09-20
13749,20,2049,3,100.09,2025-09-20
13750,396,770,2,629.9,2025-09-20
13751,465,364,3,441.81 ,2025-09-20
13752,155,1495,5,657.22,2025-09-20
13753,342,2770,20,882.83,2025-09-20
13754,499,2666,5,1011.56,2025-09-20
13755,177,24,1,652.82,2025-09-20
13756,191,2990,4,493.52,2025-09-20
13757,342,2696,1,882.83,2025-09-20
13758,299,1281,1,840.59,2025-09-20
13759,370,1200,10,,2025-09-20
13760,275,498,4,270.69,2025-09-20
13761,50,2463,1,1007.57,2025-09-20
13762,13,1246,1??,548.34,2025-09-20
13763,345,1867,,838.18,2025-09-20
13764,498,1312,,369.08,2025-09-20
13765,145,928,5,349.01,2025-09-20
13766,414,2223,4 ,245.35,2025-09-20
13767,172,2800,2,927.62,2025-09-20
13768,93,1712,1,,2025-09-20
13769,125,2616,1,186.6---,2025-09-20
13770,350,1594,10,659.64,2025-09-20
13771,243,1196,10,435.09,2025-09-20
13772,25,226,5,357.09,2025-09-20
13773,342,572,2,882.83,2025-09-20
13774,351,1225,2,787.87,2025-09-20
13775,189,1546,2,1027.84,2025-09-20
13776,57,613,1,222.83,2025-09-20
13777,,943,2,542.3,2025-09-20
13778,13,539,4,548.34,2025-09-20
13779,114 ,980,1,583.63,2025-09-20
13780,309,1634,1,645.12,2025-09-20
13781,251,1853,2---,511.82,2025-09-20
13782,372,1590,,616.97,2025-09-20
13783,250,2887,1,119.79,2025-09-20
13784,350,1413,3,659.64,2025-09-20
13785,51,1244,1,79.43,2025-09-20
13786,57,1892,1,222.83,2025-09-20
13787,413,608,20,488.56,2025-09-20
13788,430 ,1541,3,815.38,2025-09-20
13789,173,2292,2---,722.69,2025-09-20
13790,115,87,20,,2025-09-20
13791,275,1660,2,270.69,2025-09-20
13792,,2182,1,105.21,2025-09-20
13793,477,1074,5,,2025-09-20
13794,307,,1,432.28,2025-09-20
13795,191,1593,3,493.52,2025-09-20
13796,177,2950,5,652.82,2025-09-20
13797,,495,3,229.92,2025-09-20
13798,236,2336,2,589.35,2025-09-20
13799,13,975,1,548.34,2025-09-20
13800,447,1452,3,,2025-09-20
13801,15,1305,3,,2025-09-20
13802,9,2698,3,606.63,2025-09-20
13803,421,1042,5,618.46,2025-09-20
13804,107,1124,2,585.54,2025-09-20
13805,334,2913,10,,2025-09-20
13806,418,1661,4,394.38,2025-09-20
13807,352,2483,2,638.9,2025-09-20
13808,482,2156,1,411.28,2025-09-20
13809,261,1811,2,982.83,2025-09-20
13810,,916,1,1025.32,2025-09-20
13811,232,1792,5,860.62??,2025-09-20
13812,188,2269,1,908.84,2025-09-20
13813,344 ,1513,4,925.4,2025-09-20
13814,442,2688,5,914.26,2025-09-20
13815,403,2159,2,426.25,2025-09-20
13816,378,1572,1,305.61,2025-09-20
13817,,2035??,2,629.9,2025-09-21
13818,351,1867,1,787.87,2025-09-21
13819,72,1829,3,163.35,2025-09-21
13820,,,,153.28 ,2025-09-21
13821,28,2883,3,699.64,2025-09-21
13822,80,884,1,402.48,2025-09-21
13823,499,608,1,1011.56,2025-09-21
13824,128,123,1,816.32,2025-09-21
13825,469,723,1,953.09,2025-09-21
13826,408,1399---,2,643.91,2025-09-21
13827,72,1970,3,163.35,2025-09-21
13828,77---,2829,1,975.6,2025-09-21
13829,,493,4,,2025-09-21
13830,177,2352,5,652.82,2025-09-21
13831,81,,5,427.72,2025-09-21
13832,430,2892,1,815.38,2025-09-21
13833,168,959,2,79.14,2025-09-21
13834,294---,255,1,739.48,2025-09-21
13835,123,92,4,365.2,2025-09-21
13836,247,2899,2,,2025-09-21
13837,391---,2119,,537.68,2025-09-21
13838,385,989,4,509.11,2025-09-21
13839,,1575,2,713.33,2025-09-21
13840,248,2379,1,452.25,2025-09-21
13841,380,1484,4 ,728.24,2025-09-21
13842,13,2536---,1,548.34,2025-09-21
13843,36,1079,5,752.87,2025-09-21
13844,408,326,1,643.91,2025-09-21
13845,353,1275,4,709.75,2025-09-21
13846,291,,5,722.08,2025-09-21
13847,152,818,1,,2025-09-21
13848,50,2598,1,1007.57,2025-09-21
13849,125,1325,2,186.6,2025-09-21
13850,245---,341,5,676.36,2025-09-21
13851,345,1807,3,838.18,2025-09-21
13852,96,1875,1,168.18,2025-09-21
13853,429,465,2,299.59,2025-09-21
13854,380,1959,2,728.24,2025-09-21
13855,446,320,1,85.62??,2025-09-21
13856,221,2703??,2,981.95,2025-09-21
13857,277,1892,2,840.11,2025-09-21
13858,215,1100---,2,498.59,2025-09-21
13859,288,2226,1,448.78,2025-09-21
13860,322,2643,2,253.21,2025-09-21
13861,241,1324,2,218.0,2025-09-21
13862,253,442,2,550.0,2025-09-21
13863,17,1749,1,1024.6,2025-09-21
13864,363,1552,5,92.9,2025-09-21
13865,56,739,1,336.23,2025-09-21
13866,176,2836,1,475.79,2025-09-21
13867,137,2498,3,247.12,2025-09-21
13868,324,1785,1,829.29,2025-09-21
13869,24,1649,2,891.92,2025-09-21
13870,183,2069,4,,2025-09-21
13871,432,3000,4,398.64,2025-09-21
13872,250,2612,3,119.79,2025-09-21
13873,297,2486,1,745.77,2025-09-21
13874,61,1278,3,116.62,2025-09-21
13875,248,1746,2,452.25,2025-09-21
13876,496,2337,1,660.1,2025-09-21
13877,499,2565,1,1011.56,2025-09-21
13878,165,2991,1,709.09,2025-09-21
13879,233,2042,1,896.34,2025-09-21
13880,205,184,3,589.26,2025-09-21
13881,474,2612,3,None??,2025-09-21
13882,38,2623,1,147.85,2025-09-21
13883,495,2226,3,533.13,2025-09-21
13884,344,1959,,,2025-09-21
13885,222,1207,2,681.73,2025-09-21
13886,310,2635,2,723.09 ,2025-09-21
13887,28,2573,5,699.64,2025-09-21
13888,290,22,2,774.21,2025-09-21
13889,22,1166,20,85.88,2025-09-21
13890,,2100,2,815.38,2025-09-21
13891,472,,1,105.21,2025-09-21
13892,27,1876,1,463.93??,2025-09-21
13893,472,1307,2,105.21,2025-09-21
13894,148??,224,2,,2025-09-21
13895,264,1079,2,758.53,2025-09-21
13896,268,2296,2,,2025-09-21
13897,205,1541,3,589.26,2025-09-21
13898,299,1083 ,3,840.59,2025-09-21
13899,291,1911,4,722.08,2025-09-21
13900,392,2804,,,2025-09-21
13901,329,1771,3,589.72,2025-09-21
13902,352,185,1,638.9,2025-09-21
13903,196,12,1,806.34,2025-09-21
13904,459---,2831,4,621.08,2025-09-21
13905,289,966,2,,2025-09-21
13906,442,320,3---,914.26??,2025-09-21
13907,42,435,2,372.32,2025-09-21
13908,441,1441,3,773.78,2025-09-21
13909,48,1111,1,,2025-09-21
13910,434,2554??,3,911.31,2025-09-21
13911,73,2493,1,831.62,2025-09-21
13912,357,1489,1,159.21,2025-09-21
13913,441,2081,1,773.78,2025-09-21
13914,368,1873,,614.3,2025-09-21
13915,278,130,5,349.92,2025-09-21
13916,337,588,,600.31,2025-09-21
13917,480,1312,3,702.9,2025-09-21
13918,442,2473,5,914.26,2025-09-21
13919,386,627,1,919.81 ,2025-09-21
13920,67,1854,2,123.92,2025-09-21
13921,224,2027,1,835.41,2025-09-21
13922,300,1642,2,783.08---,2025-09-21
13923,139,186,1,868.35,2025-09-21
13924,49,2949,1,,2025-09-21
13925,491,2409,1,874.7,2025-09-21
13926,368,227,1 ,614.3,2025-09-21
13927,153,1577,4,118.03,2025-09-21
13928,316,749,2,466.97,2025-09-22
13929,378,2389,2,305.61,2025-09-22
13930,295,408,1,368.63,2025-09-22
13931,303,1595,2,261.07,2025-09-22
13932,93,1102,5,,2025-09-22
13933,,323,2,555.77,2025-09-22
13934,89,1900,3,105.77,2025-09-22
13935,387,1662,1,680.0,2025-09-22
13936,441,2431,3,773.78,2025-09-22
13937,138,2069,,641.47,2025-09-22
13938,419,1236,1,138.89,2025-09-22
13939,395,2400,5,167.39??,2025-09-22
13940,221,837,10,981.95 ,2025-09-22
13941,237,2198,4,57.57??,2025-09-22
13942,209,2576,2,748.09,2025-09-22
13943,261,1720,1,982.83,2025-09-22
13944,469 ,2417,,953.09,2025-09-22
13945,327,1121,1,,2025-09-22
13946,4,2989,1,587.27,2025-09-22
13947,228,2380,3,496.54,2025-09-22
13948,,2416,5,427.52,2025-09-22
13949,332,226,3,104.65,2025-09-22
13950,361---,71,1,319.21,2025-09-22
13951,31,1646,2,79.99,2025-09-22
13952,196,79,3,806.34,2025-09-22
13953,92,1193,1,261.06,2025-09-22
13954,322,252,1,,2025-09-22
13955,160,2324,10,924.03,2025-09-22
13956,79,1776,4,567.8,2025-09-22
13957,,1127,3,503.59,2025-09-22
13958,283 ,432,1,363.65,2025-09-22
13959,208,2454,2,,2025-09-22
13960,190,1174,10,461.29,2025-09-22
13961,370,2879,2,604.48,2025-09-22
13962,,1540,2,520.29,2025-09-22
13963,420,2336,1,694.13,2025-09-22
13964,327,2442,3,None---,2025-09-22
13965,318,637,2,311.94,2025-09-22
13966,227,1029,3,309.72,2025-09-22
13967,114,1209,1,583.63,2025-09-22
13968,181,118,2,508.98,2025-09-22
13969,115,2970,,971.71---,2025-09-22
13970,200,2363,3,,2025-09-22
13971,164,2634,2,373.42??,2025-09-22
13972,208,2802,2,529.71??,2025-09-22
13973,423,2201,1,712.19,2025-09-22
13974,261,850,3,982.83,2025-09-22
13975,243,1996,3 ,435.09,2025-09-22
13976,59,845,5,474.39,2025-09-22
13977,174 ,2204,5,503.59,2025-09-22
13978,362,1618,5,763.92,2025-09-22
13979,424,800,10,607.96,2025-09-22
13980,233,424,10,896.34,2025-09-22
13981,356,2425,1,511.55,2025-09-22
13982,306,2878,1,132.33,2025-09-22
13983,322,718,5,253.21,2025-09-22
13984,400,1217,,503.19,2025-09-22
13985,289,117,5,None ,2025-09-22
13986,226,2333,3,209.79,2025-09-22
13987,142,2695,3,858.79,2025-09-22
13988,439,297,2,884.89,2025-09-22
13989,,1933,1,891.92,2025-09-22
13990,285,1996,1,535.38,2025-09-22
13991,225,1577,2,711.78,2025-09-22
13992,203,595,1,897.73,2025-09-22
13993,346,1907,2,555.77,2025-09-22
13994,61,1166,4,116.62,2025-09-22
13995,492,1432,4,,2025-09-22
13996,156,2076,1,399.02,2025-09-22
13997,375,820,5,360.24,2025-09-22
13998,136,248,10,787.54,2025-09-22
13999,375,1455,1,360.24,2025-09-22
14000,295,1494,1,368.63,2025-09-22
14001,,836??,3,157.63,2025-09-22
14002,16,2595,1,376.78,2025-09-22
14003,381,2044,1,65.2,2025-09-22
14004,406,28,3,532.33,2025-09-22
14005,465,2253,1,441.81 ,2025-09-22
14006,370,1591,1,604.48,2025-09-22
14007,155---,,,657.22,2025-09-22
14008,26,659 ,,,2025-09-22
14009,451,322---,1,442.94,2025-09-22
14010,348,2537,4,393.07,2025-09-22
14011,106,469,1,207.59,2025-09-22
14012,39,1870,20,228.38,2025-09-22
14013,495,1963,1,533.13,2025-09-22
14014,82,,,,2025-09-22
14015,464,833,4,967.59---,2025-09-22
14016,467,1952,2,943.44,2025-09-22
14017,418,285,5,394.38,2025-09-22
14018,489,1879,4,334.81,2025-09-22
14019,318,2424,2,311.94,2025-09-22
14020,,444,1 ,480.94,2025-09-22
14021,156,374,3,399.02,2025-09-22
14022,123,2422,1,365.2,2025-09-22
14023,239??,1362,5,311.41,2025-09-22
14024,349,1681,3,464.38,2025-09-22
14025,324,1310,4,829.29,2025-09-22
14026,315,1182 ,10,727.37,2025-09-22
14027,2,1143,5,566.23,2025-09-22
14028,199,1417,1,559.88,2025-09-22
14029,383,1741,1,682.42,2025-09-22
14030,12,2607,4,810.58,2025-09-22
14031,183,2118,1,386.71,2025-09-22
14032,5,2431,1,201.09,2025-09-22
14033,208,223,1,529.71??,2025-09-22
14034,203,1149,4,,2025-09-22
14035,134,1720,3,,2025-09-22
14036,364,,1,531.62,2025-09-22
14037,209,1140,1,748.09,2025-09-22
14038,437,1964,3,873.74,2025-09-22
14039,386,335,3,919.81 ,2025-09-23
14040,26,72,1,,2025-09-23
14041,343,2542,3,806.55---,2025-09-23
14042,468,780 ,1,388.65,2025-09-23
14043,339,1981,1??,910.33,2025-09-23
14044,332,1340,2,104.65,2025-09-23
14045,176,891,3,475.79,2025-09-23
14046,129??,1353,20,392.23,2025-09-23
14047,337,739,4,600.31,2025-09-23
14048,101,750,4,76.75,2025-09-23
14049,195,979,2,410.16,2025-09-23
14050,325,729,1,661.39,2025-09-23
14051,138,655,,641.47,2025-09-23
14052,,1260,2,379.38,2025-09-23
14053,133,2589,1,572.29,2025-09-23
14054,467,1002,5,943.44,2025-09-23
14055,431,1940 ,5,272.8,2025-09-23
14056,247,1097??,1??,,2025-09-23
14057,399,2779,4,773.65,2025-09-23
14058,142,1306,5,858.79,2025-09-23
14059,406,2206,1,532.33,2025-09-23
14060,331,2273,4,468.72,2025-09-23
14061,258,2741,,689.11,2025-09-23
14062,358,455,5,186.46,2025-09-23
14063,295,759,4,368.63,2025-09-23
14064,252,1644,2,836.52,2025-09-23
14065,415,785,1,649.87,2025-09-23
14066,480,439,1,702.9,2025-09-23
14067,391,657 ,1,537.68,2025-09-23
14068,,2804,1,487.7,2025-09-23
14069,429,101,4,299.59,2025-09-23
14070,98---,227,20,332.9,2025-09-23
14071,337,2838,2,600.31---,2025-09-23
14072,18,,2,467.06,2025-09-23
14073,345,1234,1,838.18,2025-09-23
14074,440,1082,1,,2025-09-23
14075,497,2572,1,513.71,2025-09-23
14076,363,,2,92.9,2025-09-23
14077,47,2187,2,979.1,2025-09-23
14078,424,1722,2,607.96,2025-09-23
14079,115,343,1---,,2025-09-23
14080,421,255,2,618.46,2025-09-23
14081,478,1519---,,537.53,2025-09-23
14082,270,1628---,3,298.5,2025-09-23
14083,218,2183,1,736.29,2025-09-23
14084,307,2405,1,432.28,2025-09-23
14085,41,916,1 ,120.07,2025-09-23
14086,420,2256,,694.13,2025-09-23
14087,159,2957,5,237.25,2025-09-23
14088,335,,1,242.79,2025-09-23
14089,11,1851,2,491.64,2025-09-23
14090,408,2098,1,643.91,2025-09-23
14091,119,590,4,1025.32,2025-09-23
14092,128,1127,1,,2025-09-23
14093,495,1639,1,533.13,2025-09-23
14094,367,2609,2??,503.81,2025-09-23
14095,115,244,2,971.71---,2025-09-23
14096,216,6,1,465.22,2025-09-23
14097,268,1549,2,,2025-09-23
14098,389,,1,499.35,2025-09-23
14099,227,2108,3,309.72,2025-09-23
14100,72,2054,2,163.35,2025-09-23
14101,37,1114,4,786.8,2025-09-23
14102,60,,4,606.21,2025-09-23
14103,218,217,1,736.29,2025-09-23
14104,294,1259,3??,,2025-09-23
14105,100,2293,,None ,2025-09-23
14106,35,2604,1,198.91,2025-09-23
14107,52,2287,1,782.67,2025-09-23
14108,383,89,3,682.42,2025-09-23
14109,252,2025,5,836.52,2025-09-23
14110,443,927,4,933.58,2025-09-23
14111,385,1570,1,509.11,2025-09-23
14112,208,1622,2,529.71??,2025-09-23
14113,242,1494,1,732.54,2025-09-23
14114,140,2611,1,822.22,2025-09-23
14115,264,1361,3 ,758.53,2025-09-23
14116,376,876,1,884.87,2025-09-23
14117,278,459,1,349.92,2025-09-23
14118,63,,5,,2025-09-23
14119,278,921,10,349.92,2025-09-23
14120,251,13,2,511.82,2025-09-23
14121,390,2110,2,,2025-09-23
14122,115,2506,5,971.71---,2025-09-23
14123,404,424---,1,,2025-09-23
14124,107,1983,2,585.54,2025-09-23
14125,417,857,1,195.05---,2025-09-23
14126,139,2278,3,868.35,2025-09-23
14127,144,2352,2,699.06,2025-09-23
14128,152,1170,3,,2025-09-23
14129,418,,3,394.38,2025-09-23
14130,306,1841,2,132.33,2025-09-23
14131,142,915,1,858.79,2025-09-23
14132,238,152,,,2025-09-23
14133,167,831,5,321.07,2025-09-23
14134,251,,2,511.82,2025-09-23
14135,499,2098,1,1011.56,2025-09-23
14136,117,555,3,232.36,2025-09-23
14137,206,2322,5,401.24,2025-09-23
14138,463,,1,927.87---,2025-09-23
14139,453,792,3,,2025-09-23
14140,372,2684,1,616.97,2025-09-23
14141,470,1283,2,998.68,2025-09-23
14142,399,1044,1,773.65,2025-09-23
14143,470,166,1,998.68,2025-09-23
14144,459,1563,3,621.08,2025-09-23
14145,421,183,2,618.46,2025-09-23
14146,235---,2512,2,475.17,2025-09-23
14147,56,415,,336.23,2025-09-23
14148,284,2918,1,564.02,2025-09-23
14149,112,1201,1,110.65,2025-09-23
14150,439,559,1,884.89,2025-09-23
14151,160,1465,2,924.03,2025-09-24
14152,361,1700,1,319.21,2025-09-24
14153,439,1139,4,884.89,2025-09-24
14154,126,573,1,373.76 ,2025-09-24
14155,267 ,211,5??,839.54,2025-09-24
14156,111,1962,3,629.21,2025-09-24
14157,311,1621,5,713.33,2025-09-24
14158,,1317,1,,2025-09-24
14159,71,1242,1,116.08,2025-09-24
14160,157,2830,3,290.7,2025-09-24
14161,211,1951,1,527.98,2025-09-24
14162,436,2867,1,544.14,2025-09-24
14163,9,1558,2,606.63,2025-09-24
14164,306,256,1,132.33,2025-09-24
14165,246,1504,5,108.35,2025-09-24
14166,491,2137,2,874.7,2025-09-24
14167,191 ,1612,1,493.52,2025-09-24
14168,447,1672,3 ,,2025-09-24
14169,204,602,1,,2025-09-24
14170,164,170,,373.42??,2025-09-24
14171,457,2407,2,353.85,2025-09-24
14172,175---,1608,4,842.59,2025-09-24
14173,91,608,1,,2025-09-24
14174,429,,3,299.59,2025-09-24
14175,136,38,10,787.54,2025-09-24
14176,24,1417---,2,891.92,2025-09-24
14177,88,2810,2,211.51,2025-09-24
14178,298,1202,,162.53,2025-09-24
14179,49,2066,3,,2025-09-24
14180,279,1312,2,833.88,2025-09-24
14181,432,1262,1,398.64 ,2025-09-24
14182,414,,2,245.35,2025-09-24
14183,238,990,3,875.47,2025-09-24
14184,,318,3,967.59,2025-09-24
14185,122,2728,2,392.48---,2025-09-24
14186,176,1266,3,475.79,2025-09-24
14187,51,1441,2,79.43,2025-09-24
14188,4,2429,1,587.27,2025-09-24
14189,476,2685,2,234.47,2025-09-24
14190,27,284,5,463.93,2025-09-24
14191,448,2062,3,459.14,2025-09-24
14192,5,1187,1,201.09,2025-09-24
14193,183,675,1,386.71,2025-09-24
14194,,,2,645.12,2025-09-24
14195,29,2131,2,361.73,2025-09-24
14196,2,1617,5,566.23,2025-09-24
14197,,,3,745.3,2025-09-24
14198,375,2944,2,360.24??,2025-09-24
14199,294,378,3,739.48,2025-09-24
14200,363,984,1,92.9,2025-09-24
14201,263,2223,,541.16,2025-09-24
14202,332,888,2,104.65,2025-09-24
14203,402,,2,851.77,2025-09-24
14204,331,1210,,468.72,2025-09-24
14205,453,1068,5,,2025-09-24
14206,449,461,2,944.0,2025-09-24
14207,208,1827,2,529.71??,2025-09-24
14208,56,1429,1,336.23,2025-09-24
14209,19,2998,1,386.73,2025-09-24
14210,302,1799,3,467.1,2025-09-24
14211,488,1164 ,3,721.8,2025-09-24
14212,150,2010,2,719.4,2025-09-24
14213,93,1650,1,,2025-09-24
14214,138,1860,3,641.47,2025-09-24
14215,379,2901,1,,2025-09-24
14216,408,1101,1,643.91,2025-09-24
14217,325,746,2,661.39,2025-09-24
14218,10,1106,1,173.6,2025-09-24
14219,305,1983,4,398.85,2025-09-24
14220,7,1173,1,378.16,2025-09-24
14221,414,1873,,245.35,2025-09-24
14222,210,1173,1,928.31,2025-09-24
14223,372,2286,4,616.97,2025-09-24
14224,346,536,5,555.77,2025-09-24
14225,11,2919,1,491.64,2025-09-24
14226,112,1441,3,110.65,2025-09-24
14227,365,429 ,,776.68,2025-09-24
14228,436,2828,1 ,544.14,2025-09-24
14229,306,2866 ,1,132.33,2025-09-24
14230,42,1732,1,372.32,2025-09-24
14231,383,1675,2,682.42,2025-09-24
14232,331,1009,4,468.72,2025-09-24
14233,451,141,2,442.94,2025-09-24
14234,,1618,1,365.38,2025-09-24
14235,12,1584,4,810.58,2025-09-24
14236,491,2699,1,874.7,2025-09-24
14237,347,,1,280.08,2025-09-24
14238,4,1775,1,587.27 ,2025-09-24
14239,452,405,1,985.54,2025-09-24
14240,486,757,1,860.43,2025-09-24
14241,456,,,528.57,2025-09-24
14242,362,1781,2,763.92,2025-09-24
14243,370,2169,1,604.48,2025-09-24
14244,288,2182,4,448.78,2025-09-24
14245,,364,1,588.92,2025-09-24
14246,370,1401,3,604.48,2025-09-24
14247,346,783,1,555.77,2025-09-24
14248,392,2041,1,,2025-09-24
14249,201,1400,3,199.44,2025-09-24
14250,338,1630,2 ,187.05,2025-09-24
14251,388,1816,1,379.24,2025-09-24
14252,454,2900,5,690.74,2025-09-24
14253,195,979,2,410.16,2025-09-24
14254,214,816,,225.33,2025-09-24
14255,473,1049,2,123.99,2025-09-24
14256,117---,2085,,232.36,2025-09-24
14257,323,1202,1,347.62,2025-09-24
14258,211,2046,1,527.98,2025-09-24
14259,371,302,10,348.36,2025-09-24
14260,,450,3,925.4,2025-09-24
14261,85,1608,2,181.5,2025-09-24
14262,420,1480,1,694.13,2025-09-25
14263,402,886,5,851.77,2025-09-25
14264,50,1168,1,,2025-09-25
14265,111,42,3,629.21,2025-09-25
14266,452,615,,985.54??,2025-09-25
14267,274,1799,3,186.15,2025-09-25
14268,373,453,10,186.09,2025-09-25
14269,64,1506,3,149.34??,2025-09-25
14270,224,264,1,835.41,2025-09-25
14271,138,2019,4,,2025-09-25
14272,302,85,4,467.1,2025-09-25
14273,464---,587,1,967.59,2025-09-25
14274,150,,1,719.4,2025-09-25
14275,73,1398,3,831.62---,2025-09-25
14276,92,900,2,261.06,2025-09-25
14277,250,1792,20,119.79,2025-09-25
14278,,1415,3,855.34,2025-09-25
14279,264,1248,2,758.53,2025-09-25
14280,47,,2,979.1,2025-09-25
14281,202,2496,,480.12,2025-09-25
14282,380,2491,2,728.24,2025-09-25
14283,15,932 ,1,815.2,2025-09-25
14284,478,897??,3,537.53,2025-09-25
14285,490,2223,10,,2025-09-25
14286,141,672,5,602.55,2025-09-25
14287,66,2162,5,604.37,2025-09-25
14288,481,2189,1,479.02,2025-09-25
14289,217,2599,10,710.49,2025-09-25
14290,352,1960,,638.9---,2025-09-25
14291,461,1088,2,292.66,2025-09-25
14292,263,477,,541.16,2025-09-25
14293,305,1222,1,398.85,2025-09-25
14294,58---,1733,1,994.69,2025-09-25
14295,311,1608,3,713.33,2025-09-25
14296,20,2006,1,100.09,2025-09-25
14297,390,1192,3,,2025-09-25
14298,163,1852,1,435.68,2025-09-25
14299,38,960,5,147.85,2025-09-25
14300,447---,2700,2,,2025-09-25
14301,177,1198,1,652.82,2025-09-25
14302,44,,1,460.78,2025-09-25
14303,154,1928,1,730.08 ,2025-09-25
14304,469,2743,3,953.09,2025-09-25
14305,386,1842,2,919.81 ,2025-09-25
14306,370,146,4,604.48,2025-09-25
14307,184,1507,1,707.97,2025-09-25
14308,,996,1,572.29,2025-09-25
14309,83,788,1,706.86,2025-09-25
14310,200,398,1,,2025-09-25
14311,95,2792,20,1027.63,2025-09-25
14312,283,601,1,363.65,2025-09-25
14313,351,1064,5,787.87,2025-09-25
14314,31,182,5,79.99,2025-09-25
14315,429,957,1,299.59,2025-09-25
14316,473,510,4,123.99,2025-09-25
14317,79,,3,567.8,2025-09-25
14318,15,2701,,815.2,2025-09-25
14319,,1607,,567.8,2025-09-25
14320,365,479,,776.68,2025-09-25
14321,222,1224,3,681.73,2025-09-25
14322,28,2332,1,699.64,2025-09-25
14323,140,325,20,822.22,2025-09-25
14324,366,,2,773.63,2025-09-25
14325,44,1353,1,460.78,2025-09-25
14326,209??,284,5,748.09,2025-09-25
14327,85,1215,1 ,181.5,2025-09-25
14328,348,139,2,393.07,2025-09-25
14329,431,2959,1,272.8,2025-09-25
14330,184,529,4,707.97,2025-09-25
14331,38,2360,,147.85??,2025-09-25
14332,232,1191,2,860.62??,2025-09-25
14333,343,1599,4,806.55,2025-09-25
14334,233,1304,4,896.34,2025-09-25
14335,10,1654,3,173.6,2025-09-25
14336,257,201,2,528.85,2025-09-25
14337,460,2052,3,895.71,2025-09-25
14338,428,487,4,856.4,2025-09-25
14339,498,310,1,369.08,2025-09-25
14340,484,1193,4,816.36,2025-09-25
14341,191,278,,493.52,2025-09-25
14342,,2147,,,2025-09-25
14343,480,442,1,702.9,2025-09-25
14344,314,1009,2,785.07,2025-09-25
14345,459,295,2,621.08,2025-09-25
14346,393,2826,4,704.08,2025-09-25
14347,171,17,4,914.96,2025-09-25
14348,279,629,5,833.88,2025-09-25
14349,392,1976,3,,2025-09-25
14350,294,2038,3,739.48,2025-09-25
14351,19,1331,3??,386.73,2025-09-25
14352,396,2137,2,629.9,2025-09-25
14353,249,555,2,386.0,2025-09-25
14354,223 ,1341,2,679.14---,2025-09-25
14355,492,733,5,847.03,2025-09-25
14356,208,1186,2,529.71??,2025-09-25
14357,,322,1,442.94,2025-09-25
14358,85,308,2,181.5,2025-09-25
14359,164??,1666,3,373.42??,2025-09-25
14360,388,1625,20---,379.24,2025-09-25
14361,106,792,1,207.59,2025-09-25
14362,349,126,2,464.38,2025-09-25
14363,117,,1,232.36,2025-09-25
14364,367,1169,1,503.81,2025-09-25
14365,148,1637,3,,2025-09-25
14366,88,2153,2,211.51,2025-09-25
14367,342,1633,,882.83,2025-09-25
14368,160,1087,3,924.03,2025-09-25
14369,258,2456,2,689.11,2025-09-25
14370,67,930,10,123.92,2025-09-25
14371,134,706,2,,2025-09-25
14372,257,1761,3,528.85,2025-09-25
14373,402,1572,5,851.77,2025-09-26
14374,264,2474,3,758.53,2025-09-26
14375,222---,2091 ,1,681.73,2025-09-26
14376,472,185,1---,105.21,2025-09-26
14377,263,907,5,541.16,2025-09-26
14378,472,2628,5,105.21,2025-09-26
14379,3,,5,311.35---,2025-09-26
14380,417,2195,2---,195.05,2025-09-26
14381,,652,2,202.93,2025-09-26
14382,451,2325,10??,442.94,2025-09-26
14383,8,1615,1,335.13,2025-09-26
14384,193,2764,1,217.33,2025-09-26
14385,225,2890,5,711.78,2025-09-26
14386,305,1086,1,398.85,2025-09-26
14387,,147,3,,2025-09-26
14388,378,44,3,305.61,2025-09-26
14389,269,2373,5,617.46,2025-09-26
14390,265,,3,754.56,2025-09-26
14391,231,2031,5,585.37,2025-09-26
14392,357,2854,1,159.21,2025-09-26
14393,419,1124,1,138.89,2025-09-26
14394,177,2282,1,652.82,2025-09-26
14395,167,2998,1,321.07,2025-09-26
14396,107,1287??,2,585.54,2025-09-26
14397,211,1046,1,527.98,2025-09-26
14398,65,1502,3,508.17,2025-09-26
14399,17,2697,1,1024.6,2025-09-26
14400,286,521,2,775.93,2025-09-26
14401,286,441,3,775.93 ,2025-09-26
14402,24,2258,3,891.92,2025-09-26
14403,203,1754,1,897.73,2025-09-26
14404,134,899,2,,2025-09-26
14405,114,768,4,583.63,2025-09-26
14406,67,2486,2,123.92,2025-09-26
14407,208,657,2,529.71??,2025-09-26
14408,268,2314,1,,2025-09-26
14409,136,616,,787.54,2025-09-26
14410,28,547,2,699.64,2025-09-26
14411,414,1576,,245.35,2025-09-26
14412,109,2406,2,731.8,2025-09-26
14413,386,1602,4,919.81 ??,2025-09-26
14414,350,1426,5,659.64,2025-09-26
14415,159,2979,3,237.25,2025-09-26
14416,102,2388,1---,873.82,2025-09-26
14417,161,2740 ,2,480.94,2025-09-26
14418,162,1871,2,669.67,2025-09-26
14419,357,1240,2,159.21,2025-09-26
14420,156,2040??,3,399.02,2025-09-26
14421,21,1168,1,374.08,2025-09-26
14422,144,2877,1,699.06,2025-09-26
14423,182,862,3---,378.55,2025-09-26
14424,463,2020,5,927.87---,2025-09-26
14425,222,1353,3,681.73,2025-09-26
14426,42,2089,5,372.32,2025-09-26
14427,29,1096,2,361.73,2025-09-26
14428,48,330,3,,2025-09-26
14429,365,251,1,776.68,2025-09-26
14430,274,933,1,186.15,2025-09-26
14431,27,2852,1,463.93,2025-09-26
14432,261,1876,2,982.83,2025-09-26
14433,85,2657,10,181.5,2025-09-26
14434,444,2231,1,1036.18,2025-09-26
14435,329,324,1??,589.72,2025-09-26
14436,309,496,3,645.12,2025-09-26
14437,398,1624,3,,2025-09-26
14438,189,90,1,1027.84,2025-09-26
14439,,1175,3,315.18,2025-09-26
14440,,1137 ,1,,2025-09-26
14441,480,1422,10,702.9,2025-09-26
14442,15,672,3,815.2,2025-09-26
14443,315,1572,3,727.37,2025-09-26
14444,180,337,1,262.7,2025-09-26
14445,91 ,495,1,230.02,2025-09-26
14446,374,2943,5,711.19,2025-09-26
14447,264,1732,4,758.53,2025-09-26
14448,273,465,2,84.32,2025-09-26
14449,476---,794,1,234.47,2025-09-26
14450,245,538,,676.36,2025-09-26
14451,189,,2,1027.84,2025-09-26
14452,447,1410,1,,2025-09-26
14453,474,1685,1,,2025-09-26
14454,328,1149,1,413.2,2025-09-26
14455,375,1629,5,360.24,2025-09-26
14456,476,1096,2,234.47,2025-09-26
14457,,1706,3,468.72,2025-09-26
14458,275,2167,3,270.69,2025-09-26
14459,494,2180,1,510.63,2025-09-26
14460,25,2517,,357.09,2025-09-26
14461,376,566,3,884.87,2025-09-26
14462,378,2042,1,305.61,2025-09-26
14463,82,1528,4,,2025-09-26
14464,21,,1,374.08,2025-09-26
14465,268,967,1,,2025-09-26
14466,201,2082,1,199.44,2025-09-26
14467,364,2251,2,531.62,2025-09-26
14468,367,,1,503.81,2025-09-26
14469,416,2509,2,227.15,2025-09-26
14470,169,391,5,257.94,2025-09-26
14471,3,569,1,311.35---,2025-09-26
14472,105,68,2,589.73,2025-09-26
14473,402,2419,1,851.77,2025-09-26
14474,,1682,5,207.59,2025-09-26
14475,,2565,4,75.74,2025-09-26
14476,81,74,1,427.72,2025-09-26
14477,7,157,1,378.16,2025-09-26
14478,109,2926,1,731.8,2025-09-26
14479,380,1353,1,728.24,2025-09-26
14480,148,1064,2,,2025-09-26
14481,66,179---,2,604.37,2025-09-26
14482,337,304,1,600.31,2025-09-26
14483,153,1671,2,118.03,2025-09-26
14484,146,318,3,,2025-09-27
14485,96,1258,5,,2025-09-27
14486,122,,5,392.48,2025-09-27
14487,87,355,1,379.38,2025-09-27
14488,215,1605,3,498.59,2025-09-27
14489,196,1471,1,806.34,2025-09-27
14490,54,155,2,472.78,2025-09-27
14491,201,21,10,199.44,2025-09-27
14492,160,1150,2,924.03,2025-09-27
14493,425,818,3,99.98,2025-09-27
14494,429,,3,299.59,2025-09-27
14495,344,1482,4,925.4,2025-09-27
14496,229,2973,10,,2025-09-27
14497,434,192,3,911.31,2025-09-27
14498,235,2393,3,475.17,2025-09-27
14499,221,676,,981.95,2025-09-27
14500,405,2082,3,290.54,2025-09-27
14501,62,2929,4,864.4,2025-09-27
14502,168,2719,2,79.14,2025-09-27
14503,152,1320,5,,2025-09-27
14504,62,1790,3,864.4,2025-09-27
14505,470??,1266,20,998.68,2025-09-27
14506,368,392,1,614.3,2025-09-27
14507,,2336,3,927.87---,2025-09-27
14508,41,50,2,120.07,2025-09-27
14509,425,870,1,99.98,2025-09-27
14510,168,1786,2,79.14,2025-09-27
14511,284---,851,1,564.02,2025-09-27
14512,422,1658,1,312.04,2025-09-27
14513,61,1006,1,116.62,2025-09-27
14514,183,695,3,386.71,2025-09-27
14515,356,1438,2,511.55,2025-09-27
14516,265,2562,4,754.56,2025-09-27
14517,19,807,2,386.73 ,2025-09-27
14518,172,395,3,927.62,2025-09-27
14519,53,87,2,552.85,2025-09-27
14520,61,,4,116.62,2025-09-27
14521,150,664,1,719.4,2025-09-27
14522,,194,4,558.84,2025-09-27
14523,298,318,2,162.53,2025-09-27
14524,70,2750,2,624.95,2025-09-27
14525,6,2180,1,284.23,2025-09-27
14526,342,2349,1,882.83,2025-09-27
14527,80,2847,1,402.48,2025-09-27
14528,214,857,2,225.33,2025-09-27
14529,482,1708,1 ,411.28,2025-09-27
14530,15,2905,2,815.2,2025-09-27
14531,118,417,20,737.58,2025-09-27
14532,36,2050,2,752.87,2025-09-27
14533,431,1593,10,272.8,2025-09-27
14534,,261,2,93.44??,2025-09-27
14535,15,841,2,815.2,2025-09-27
14536,232,616,3,860.62??,2025-09-27
14537,58,1157,3,994.69,2025-09-27
14538,168,691,3,79.14,2025-09-27
14539,174,2988,1,503.59,2025-09-27
14540,404,1049,2,None ,2025-09-27
14541,204,829,2,,2025-09-27
14542,253,13,2,550.0,2025-09-27
14543,206,28,4 ,401.24,2025-09-27
14544,322,2221,1,253.21,2025-09-27
14545,22,249,4,85.88,2025-09-27
14546,182,2378,1,,2025-09-27
14547,332,2777,3,104.65,2025-09-27
14548,123,2891,,365.2,2025-09-27
14549,431,2376,1??,272.8,2025-09-27
14550,38,2306,3,147.85,2025-09-27
14551,441,2380,3,773.78,2025-09-27
14552,431,1338,,272.8,2025-09-27
14553,148,2165,5,,2025-09-27
14554,16,2645,2,376.78,2025-09-27
14555,303,2227,2,261.07,2025-09-27
14556,130,954??,1,839.05,2025-09-27
14557,74,2477,4,1024.02,2025-09-27
14558,319,1080,4,690.64,2025-09-27
14559,292,764,1,160.65,2025-09-27
14560,408,834,,643.91,2025-09-27
14561,171,111,3,914.96,2025-09-27
14562,412,591,1,628.74??,2025-09-27
14563,78,358,,555.77,2025-09-27
14564,13,2732,1,548.34,2025-09-27
14565,190,1162,3,461.29,2025-09-27
14566,131,1887,3,554.81,2025-09-27
14567,372,1526,10??,616.97,2025-09-27
14568,464,2166,2,967.59,2025-09-27
14569,374,2625,1,711.19,2025-09-27
14570,386,2615,2,919.81 ,2025-09-27
14571,,1931,3,438.03,2025-09-27
14572,319,2021,,,2025-09-27
14573,451,1975,1 ,442.94,2025-09-27
14574,213,1539 ,1,932.88,2025-09-27
14575,316 ,1750,1,466.97,2025-09-27
14576,328,2286,1,413.2,2025-09-27
14577,91,2523,1,230.02,2025-09-27
14578,134,975,,,2025-09-27
14579,,1912,4,873.82,2025-09-27
14580,494,30,1,,2025-09-27
14581,251,1462,1,511.82,2025-09-27
14582,451,1225,5,442.94---,2025-09-27
14583,485,2290,1,306.85,2025-09-27
14584,443,2265,1,933.58,2025-09-27
14585,479,2092,2,,2025-09-27
14586,374,57,2,711.19,2025-09-27
14587,253,1204,3,550.0,2025-09-27
14588,243,2569,3,435.09,2025-09-27
14589,446??,1235,1,85.62,2025-09-27
14590,77,2629,1,975.6,2025-09-27
14591,317,1841,5,432.9,2025-09-27
14592,354,471,1,520.29,2025-09-27
14593,402,1802,2,851.77,2025-09-27
14594,351,2455,1,787.87,2025-09-27
14595,450,477,4,325.2,2025-09-28
14596,45,1582,1,,2025-09-28
14597,347,1892,3,280.08,2025-09-28
14598,461,2261,,292.66,2025-09-28
14599,33,475,,153.28,2025-09-28
14600,345,1204,1,838.18,2025-09-28
14601,96,290,1,168.18,2025-09-28
14602,64,805,1,149.34,2025-09-28
14603,322,2506,2,253.21,2025-09-28
14604,337,604,5,600.31,2025-09-28
14605,476,,1,234.47,2025-09-28
14606,362,2259,5,763.92,2025-09-28
14607,304,585,2,,2025-09-28
14608,329,522,1,589.72,2025-09-28
14609,202,1050,1,480.12,2025-09-28
14610,356,492---,,511.55,2025-09-28
14611,241,2016,1,,2025-09-28
14612,282,1056,1,514.12,2025-09-28
14613,125---,1884,1,186.6,2025-09-28
14614,305,978,4,398.85,2025-09-28
14615,464,1487,2,967.59,2025-09-28
14616,111,2975,3,629.21,2025-09-28
14617,241,2938,4,218.0,2025-09-28
14618,334,2439,3---,202.93,2025-09-28
14619,43,1535---,1,152.82,2025-09-28
14620,486,2915,1,860.43,2025-09-28
14621,125,1728,2,186.6,2025-09-28
14622,,38,3,108.35,2025-09-28
14623,89,2076,4,105.77,2025-09-28
14624,444,338,2,1036.18,2025-09-28
14625,177,1993,1,652.82,2025-09-28
14626,231,988,20,585.37,2025-09-28
14627,215,2713,4,498.59,2025-09-28
14628,169,2359,2,257.94,2025-09-28
14629,156,495,1,399.02,2025-09-28
14630,243,2855,,435.09,2025-09-28
14631,117,180,3,232.36,2025-09-28
14632,332,1174,3,104.65,2025-09-28
14633,206,2937,2,401.24,2025-09-28
14634,330,870,2,558.84??,2025-09-28
14635,11,1623,2,491.64,2025-09-28
14636,190,158,4,461.29,2025-09-28
14637,320,1812 ,1,438.03 ,2025-09-28
14638,139,1299,1,868.35??,2025-09-28
14639,247,1671,2,,2025-09-28
14640,81,1974,1,427.72,2025-09-28
14641,264,227,4,758.53,2025-09-28
14642,25,358,2,357.09,2025-09-28
14643,322,432,2,253.21,2025-09-28
14644,8,2594,1,335.13,2025-09-28
14645,409,1166,10,845.34 ,2025-09-28
14646,218,2196,1,736.29,2025-09-28
14647,60,723,4,606.21,2025-09-28
14648,282 ,559,2,514.12,2025-09-28
14649,265,1630,5,754.56,2025-09-28
14650,97,2657,1,231.74,2025-09-28
14651,176,,5,475.79,2025-09-28
14652,270,2792,1,298.5,2025-09-28
14653,487,119,3,237.09,2025-09-28
14654,260,1990,4,517.98 ,2025-09-28
14655,335,1967,1,242.79,2025-09-28
14656,123,974,1,365.2,2025-09-28
14657,336??,821,2,914.9,2025-09-28
14658,338,1318,1,187.05,2025-09-28
14659,251,1232,4---,511.82,2025-09-28
14660,267,1513,5,839.54,2025-09-28
14661,253,63,1,550.0,2025-09-28
14662,137 ,1102,1,247.12,2025-09-28
14663,71,618,1,116.08,2025-09-28
14664,343,2460,1,806.55,2025-09-28
14665,344,1887,10,925.4,2025-09-28
14666,342,,1,882.83,2025-09-28
14667,96,2670,3,168.18,2025-09-28
14668,210,1912??,2,928.31,2025-09-28
14669,276,545,1,404.73,2025-09-28
14670,,2665,1,467.06,2025-09-28
14671,347,,1,280.08,2025-09-28
14672,36,2656,,752.87,2025-09-28
14673,114,1751,1,583.63,2025-09-28
14674,500,640,3,932.15,2025-09-28
14675,254,2241,3,935.96,2025-09-28
14676,31,448,2,79.99,2025-09-28
14677,406,627,5,532.33,2025-09-28
14678,402,1445,3,851.77,2025-09-28
14679,291,1618,,722.08,2025-09-28
14680,132,1539,3,240.09??,2025-09-28
14681,254,147,1,935.96,2025-09-28
14682,134,1149,2,,2025-09-28
14683,423,2887,1,712.19,2025-09-28
14684,,1239,2,75.74,2025-09-28
14685,465??,1325,3,441.81 ,2025-09-28
14686,412,1542,1,628.74,2025-09-28
14687,445,496,,365.38,2025-09-28
14688,161,2996,2,480.94,2025-09-28
14689,394,973,2,554.78,2025-09-28
14690,438,,10,825.65,2025-09-28
14691,319,824,5,690.64,2025-09-28
14692,9,1439,1,606.63,2025-09-28
14693,417,2234,20,,2025-09-28
14694,87,1677,3,379.38,2025-09-28
14695,428,656,4,856.4 ,2025-09-28
14696,,1288,2---,535.76,2025-09-28
14697,482,1962,2,411.28,2025-09-28
14698,110,544---,2,704.9??,2025-09-28
14699,263,2830,2,541.16,2025-09-28
14700,232,1090---,3,860.62??,2025-09-28
14701,97,1721,2,231.74,2025-09-28
14702,41,153,1,120.07,2025-09-28
14703,453---,1533,4,,2025-09-28
14704,417,121,3,195.05,2025-09-28
14705,238,1982,4,875.47,2025-09-28
14706,139,1710,5,868.35,2025-09-29
14707,469,2815,1,953.09??,2025-09-29
14708,49,,4,,2025-09-29
14709,240,828,1,841.37---,2025-09-29
14710,23,1878,20,719.34,2025-09-29
14711,95,1281,1,1027.63,2025-09-29
14712,466,1201---,4,760.02,2025-09-29
14713,323,510,5??,347.62,2025-09-29
14714,332,,2---,104.65,2025-09-29
14715,207,2862,2---,771.97,2025-09-29
14716,289,2435??,5,,2025-09-29
14717,293,,2,619.01,2025-09-29
14718,43,20,2??,152.82,2025-09-29
14719,412---,1582??,2,628.74,2025-09-29
14720,149,1261,1,,2025-09-29
14721,441,2875,5,773.78,2025-09-29
14722,347??,597,1,280.08---,2025-09-29
14723,193,1281,1,217.33,2025-09-29
14724,65,2031,2,508.17,2025-09-29
14725,315,1506,1,727.37,2025-09-29
14726,363,955,2,92.9,2025-09-29
14727,435,1686,2,972.91??,2025-09-29
14728,428,1948,2,856.4,2025-09-29
14729,,1284,1,349.01,2025-09-29
14730,68,217,4,817.14,2025-09-29
14731,265,2545,10,754.56,2025-09-29
14732,248,2552,5,,2025-09-29
14733,299,2962,1,840.59,2025-09-29
14734,112,580---,2,110.65,2025-09-29
14735,94,2194,1,996.96,2025-09-29
14736,58,1233,2,994.69,2025-09-29
14737,484,1049,1,816.36,2025-09-29
14738,92,2824,2,261.06,2025-09-29
14739,176,1044??,3,475.79,2025-09-29
14740,168,2456,3,79.14,2025-09-29
14741,405,1623,1,290.54,2025-09-29
14742,451,248,2??,442.94,2025-09-29
14743,129,484,2,392.23,2025-09-29
14744,367,2762,1,503.81,2025-09-29
14745,295,751,2,368.63,2025-09-29
14746,130,241,1,839.05,2025-09-29
14747,143,779,3,181.27,2025-09-29
14748,124,54,1,887.58,2025-09-29
14749,18,1781,5,467.06,2025-09-29
14750,401,2058,3,457.8,2025-09-29
14751,183,1467,3,,2025-09-29
14752,62,1103,2,864.4,2025-09-29
14753,199,654,4,559.88,2025-09-29
14754,284,347,1,564.02,2025-09-29
14755,366??,2106,1,773.63,2025-09-29
14756,396,1724,2,629.9,2025-09-29
14757,206,1428,2,401.24,2025-09-29
14758,101??,,3,76.75,2025-09-29
14759,416,2056,2,227.15,2025-09-29
14760,424,1596,5,607.96,2025-09-29
14761,495,1682,1,533.13,2025-09-29
14762,454,678,10,690.74,2025-09-29
14763,5,2071,1,201.09,2025-09-29
14764,103,2595,3??,,2025-09-29
14765,348,2904,2,393.07,2025-09-29
14766,346,1503,2,555.77,2025-09-29
14767,,2673,4,728.24,2025-09-29
14768,409,1511,1,845.34,2025-09-29
14769,10,526,2,173.6,2025-09-29
14770,498,824,2,369.08,2025-09-29
14771,468,1630,1,388.65,2025-09-29
14772,330,507,,558.84,2025-09-29
14773,175,967,1,842.59,2025-09-29
14774,134,1370,5,,2025-09-29
14775,22,1088,3,,2025-09-29
14776,115,1887??,4,971.71---,2025-09-29
14777,335,2255---,3,242.79,2025-09-29
14778,368,1821,1,614.3,2025-09-29
14779,,628,3,541.16,2025-09-29
14780,135,2444,3,1010.19,2025-09-29
14781,245,507---,5,,2025-09-29
14782,,1569,1,528.85,2025-09-29
14783,266,2656,1,401.69,2025-09-29
14784,376,1026,,884.87,2025-09-29
14785,101,346,4,,2025-09-29
14786,70,1643,,,2025-09-29
14787,44,1784 ,1---,460.78,2025-09-29
14788,74,2734,4,1024.02,2025-09-29
14789,366,,3,773.63,2025-09-29
14790,376,159,2,,2025-09-29
14791,374,2445---,5,711.19,2025-09-29
14792,315,1711,1,727.37,2025-09-29
14793,247,260,2,,2025-09-29
14794,461,2436,4,292.66,2025-09-29
14795,227,1242,3,309.72,2025-09-29
14796,29,2882,1,361.73,2025-09-29
14797,1,1134,2 ,715.23,2025-09-29
14798,451,1176 ,2,442.94,2025-09-29
14799,496,298,2,660.1,2025-09-29
14800,439,2523,1,884.89,2025-09-29
14801,,,5,645.12,2025-09-29
14802,456 ,1881,1,528.57,2025-09-29
14803,72,2497,1,163.35,2025-09-29
14804,85,2234,10,181.5,2025-09-29
14805,453,265,2,,2025-09-29
14806,462,36,4,754.85,2025-09-29
14807,120??,598,1,,2025-09-29
14808,397,1267,3,637.91,2025-09-29
14809,42,2833,5,372.32,2025-09-29
14810,184,1342,3,707.97,2025-09-29
14811,426,504,2,904.53,2025-09-29
14812,370,2365---,2,604.48,2025-09-29
14813,262,1955,2,75.74,2025-09-29
14814,192,102,20,595.75,2025-09-29
14815,397,47,4,637.91,2025-09-29
14816,464,1722,2,967.59,2025-09-29
14817,142,,1,858.79,2025-09-30
14818,34,2168,1,378.62,2025-09-30
14819,84,2322,3,468.69,2025-09-30
14820,264,,4,758.53,2025-09-30
14821,140,2372,2,822.22,2025-09-30
14822,357,325,1,159.21,2025-09-30
14823,142,467,1,858.79,2025-09-30
14824,96,2238,5,168.18,2025-09-30
14825,394,2395 ,5,554.78---,2025-09-30
14826,397,2167,3,637.91,2025-09-30
14827,,1211,1,858.79,2025-09-30
14828,75,1990,2,899.45,2025-09-30
14829,446,105,4,85.62,2025-09-30
14830,176,,2,475.79??,2025-09-30
14831,475,582,1,,2025-09-30
14832,58,781,1,994.69,2025-09-30
14833,410,2050,,81.87,2025-09-30
14834,45,21,2,,2025-09-30
14835,,1842,4,783.08---,2025-09-30
14836,212,793,4,952.19,2025-09-30
14837,38,1338,3,147.85,2025-09-30
14838,349,1133,4,464.38,2025-09-30
14839,213---,115,1,932.88,2025-09-30
14840,23,2708,5,719.34,2025-09-30
14841,217,2162,,710.49,2025-09-30
14842,12,94,2,810.58 ,2025-09-30
14843,487,2427,1,237.09,2025-09-30
14844,270,1345,1,298.5,2025-09-30
14845,332,2381,5,104.65,2025-09-30
14846,259 ,622,1,89.55,2025-09-30
14847,,2730,3,363.65,2025-09-30
14848,426,2059,1,904.53,2025-09-30
14849,322,2029,3,253.21,2025-09-30
14850,71??,793,1,116.08,2025-09-30
14851,193,1949,5,217.33,2025-09-30
14852,31,1323,1---,79.99,2025-09-30
14853,499,1590,1,,2025-09-30
14854,229,401,3,657.87,2025-09-30
14855,125,983,2,186.6,2025-09-30
14856,478,2502,3,537.53,2025-09-30
14857,160,1398??,5,924.03,2025-09-30
14858,440,270,1,,2025-09-30
14859,320,2058,1,438.03,2025-09-30
14860,280,665,5,234.31??,2025-09-30
14861,314,1392,1,785.07,2025-09-30
14862,169,969,20,257.94,2025-09-30
14863,273??,1485,5,84.32,2025-09-30
14864,296,2473,1,871.21,2025-09-30
14865,385,2771,4,509.11,2025-09-30
14866,118,2930,2,737.58,2025-09-30
14867,45,136,3,,2025-09-30
14868,2,2085,3,566.23,2025-09-30
14869,354,1422,2,520.29??,2025-09-30
14870,400,913,5,503.19,2025-09-30
14871,24,575,4,891.92,2025-09-30
14872,299,984,2,,2025-09-30
14873,276,2816,5,404.73,2025-09-30
14874,239,1185,4,311.41,2025-09-30
14875,387,2353,1,680.0,2025-09-30
14876,,1748,1,737.58,2025-09-30
14877,278,2763,10,349.92,2025-09-30
14878,91,56,3,230.02,2025-09-30
14879,465,1820,5,441.81 ,2025-09-30
14880,241,772,1,218.0,2025-09-30
14881,385,1541,1,509.11,2025-09-30
14882,47,1511,1,979.1,2025-09-30
14883,51,1277,2,79.43,2025-09-30
14884,86,1067,4,903.56,2025-09-30
14885,401---,1375,1,457.8,2025-09-30
14886,135,1519 ,1,1010.19,2025-09-30
14887,314,1632,3,785.07,2025-09-30
14888,,991,1,589.26,2025-09-30
14889,408,597,1,643.91,2025-09-30
14890,381,1760,2,65.2,2025-09-30
14891,342,953,10,,2025-09-30
14892,167,788,1,321.07,2025-09-30
14893,162,1646,1,669.67,2025-09-30
14894,255,184,1,246.39,2025-09-30
14895,263,,5,541.16,2025-09-30
14896,245,1430,3,676.36,2025-09-30
14897,378,4,2,305.61,2025-09-30
14898,423,2211,4,712.19,2025-09-30
14899,349---,1704,1,464.38,2025-09-30
14900,187,2230,10,592.25,2025-09-30
14901,453,1675---,3,,2025-09-30
14902,434,1755,20,911.31,2025-09-30
14903,142,2406,1,858.79,2025-09-30
14904,256,2988,10,418.38,2025-09-30
14905,212,869,3,952.19,2025-09-30
14906,,2115,5,541.16,2025-09-30
14907,106,274,2,,2025-09-30
14908,496,811,,660.1,2025-09-30
14909,49,2998,1,,2025-09-30
14910,86,1339,3,903.56,2025-09-30
14911,298,2909,5,162.53,2025-09-30
14912,403,241,2,426.25,2025-09-30
14913,24,2254---,2,891.92,2025-09-30
14914,33,1498,2,153.28,2025-09-30
14915,388,1592 ,3,379.24,2025-09-30
14916,197,,5,570.36,2025-09-30
14917,242,1672,3,732.54,2025-09-30
14918,211,2480,5,527.98---,2025-09-30
14919,67,2314,2,123.92,2025-09-30
14920,490,2757,3,,2025-09-30
14921,241,2009,3,218.0,2025-09-30
14922,172 ,2615,5,927.62,2025-09-30
14923,31,2843,1,79.99,2025-09-30
14924,202,805,5,480.12,2025-09-30
14925,,2844,5,542.3,2025-09-30
14926,29,830,2,361.73,2025-09-30
14927,233,,2,896.34,2025-09-30
14928,401,2641,1,457.8,2025-10-01
14929,,1592,5,508.98,2025-10-01
14930,450,1692,1,325.2,2025-10-01
14931,489,1595,1,,2025-10-01
14932,90,,2,191.16,2025-10-01
14933,26,2126??,2,,2025-10-01
14934,250---,1385,1,,2025-10-01
14935,435,1251,1,972.91,2025-10-01
14936,6,265,1,284.23,2025-10-01
14937,89,1626,1,105.77 ,2025-10-01
14938,257,564,3,528.85,2025-10-01
14939,293,846,3,619.01,2025-10-01
14940,497,295,4,513.71,2025-10-01
14941,483,2913,2??,259.65,2025-10-01
14942,232,1824,1,860.62??,2025-10-01
14943,162,2433,1,669.67,2025-10-01
14944,338,106,4,187.05,2025-10-01
14945,368,6,5,614.3,2025-10-01
14946,21,1170,1,374.08,2025-10-01
14947,,208,10,723.09 ,2025-10-01
14948,36---,1107,3,752.87,2025-10-01
14949,225,1724,1,711.78,2025-10-01
14950,226,2961,2,209.79,2025-10-01
14951,381,234,1,65.2,2025-10-01
14952,355,1082,3,336.39,2025-10-01
14953,422,2866,,312.04,2025-10-01
14954,290,61,5,774.21,2025-10-01
14955,422,537??,3,312.04,2025-10-01
14956,194,1584,3??,154.3,2025-10-01
14957,97,977,2,231.74,2025-10-01
14958,444,920,1,1036.18,2025-10-01
14959,336,54,1,914.9,2025-10-01
14960,401,2704,,457.8,2025-10-01
14961,407,2145,20,323.97,2025-10-01
14962,437,1587,2,873.74,2025-10-01
14963,47,2676,,979.1,2025-10-01
14964,461,2227,,292.66,2025-10-01
14965,383,2034,3,682.42,2025-10-01
14966,366,1912,3,773.63,2025-10-01
14967,280,1476,1,234.31??,2025-10-01
14968,347,2540,1---,280.08,2025-10-01
14969,92,1140,1,261.06,2025-10-01
14970,62,557,2,,2025-10-01
14971,84,1520,1,468.69,2025-10-01
14972,412,1741,3,628.74,2025-10-01
14973,70,1967,,624.95---,2025-10-01
14974,63??,999,1,,2025-10-01
14975,45---,1977,5,,2025-10-01
14976,351---,370,3---,787.87,2025-10-01
14977,478,2863,3,537.53,2025-10-01
14978,40,919,4,727.08,2025-10-01
14979,154,1355,1,730.08,2025-10-01
14980,485,1854,2,306.85---,2025-10-01
14981,426,1140,1,904.53,2025-10-01
14982,237,423,4,57.57??,2025-10-01
14983,299,2824,3,840.59,2025-10-01
14984,358,146,4,186.46,2025-10-01
14985,200,2821,1,None ,2025-10-01
14986,399,958 ,2,773.65,2025-10-01
14987,210,1062,4,928.31 ,2025-10-01
14988,211,2168,3 ,527.98,2025-10-01
14989,64,870,1,149.34,2025-10-01
14990,307,1403,,432.28,2025-10-01
14991,286,2612,20,775.93,2025-10-01
14992,335,1161,5,242.79,2025-10-01
14993,415---,2932,2,649.87,2025-10-01
14994,116,1401,,280.21,2025-10-01
14995,18,2339,3,467.06,2025-10-01
14996,224,354,5,835.41 ,2025-10-01
14997,323,1183,,347.62,2025-10-01
14998,397,1828,1,637.91,2025-10-01
14999,450,,,,2025-10-01
15000,426,2293,3,904.53,2025-10-01
15001,157,1686,1,290.7,2025-10-01
15002,,1875,5,,2025-10-01
15003,126,2851,2,373.76 ,2025-10-01
15004,64,989,1,149.34,2025-10-01
15005,367,326 ,2,503.81,2025-10-01
15006,434,,1??,911.31,2025-10-01
15007,399,1385,5,773.65,2025-10-01
15008,105,2346,5,589.73,2025-10-01
15009,274??,1831,3,186.15,2025-10-01
15010,107 ,793,10,585.54,2025-10-01
15011,,118,2,975.6,2025-10-01
15012,111??,2855,1,629.21,2025-10-01
15013,214,2561,3,,2025-10-01
15014,,519,1,564.02,2025-10-01
15015,206,,5,401.24??,2025-10-01
15016,235,703,20,475.17,2025-10-01
15017,359,706,2,93.44,2025-10-01
15018,208,934,4,529.71??,2025-10-01
15019,229,2028,,657.87,2025-10-01
15020,119,2039,3,1025.32,2025-10-01
15021,150,549,4,719.4,2025-10-01
15022,449,802,4,944.0,2025-10-01
15023,56,2990,2,336.23,2025-10-01
15024,134,2792??,2---,,2025-10-01
15025,298,,5,162.53,2025-10-01
15026,99,1047,1,328.52,2025-10-01
15027,412,491,1,628.74,2025-10-01
15028,147,249,3,755.36,2025-10-01
15029,116,2615,10,280.21,2025-10-01
15030,56,1874,3,336.23,2025-10-01
15031,218,1958,20,736.29---,2025-10-01
15032,240,2133,1,841.37,2025-10-01
15033,216,1945??,4,465.22,2025-10-01
15034,5,1443,,201.09,2025-10-01
15035,115,2740,,971.71--- ,2025-10-01
15036,475,1139,1,626.39,2025-10-01
15037,239,2085,1,311.41,2025-10-01
15038,118,1662,1,737.58,2025-10-01
15039,75,1562,2,899.45,2025-10-02
15040,391,2198,1,537.68,2025-10-02
15041,100,1784,2,,2025-10-02
15042,236,2662,10,589.35,2025-10-02
15043,292,2428,2,,2025-10-02
15044,222 ,708,1,681.73,2025-10-02
15045,,2898,1,575.1---,2025-10-02
15046,,816---,2,624.95,2025-10-02
15047,249??,112,,386.0,2025-10-02
15048,382,2869,1,427.52---,2025-10-02
15049,70,2519,1,624.95,2025-10-02
15050,402,856,1,851.77,2025-10-02
15051,62,458,4,864.4,2025-10-02
15052,121,352,,653.67,2025-10-02
15053,409,2260,2,845.34,2025-10-02
15054,453,996,3,,2025-10-02
15055,,1967,1,,2025-10-02
15056,400,256,10,503.19,2025-10-02
15057,,702,1,262.7,2025-10-02
15058,184,81,2,707.97,2025-10-02
15059,22,774,1,85.88,2025-10-02
15060,254,2141,2,935.96,2025-10-02
15061,29,2013,4---,361.73,2025-10-02
15062,367,2008,4,503.81,2025-10-02
15063,489,1724,2,334.81,2025-10-02
15064,78,1399,1,555.77,2025-10-02
15065,97,152,,231.74,2025-10-02
15066,238,472,1,875.47,2025-10-02
15067,130,2106,5,839.05,2025-10-02
15068,403,1445,4,,2025-10-02
15069,342,1717,3 ,882.83,2025-10-02
15070,357,1056,1,159.21,2025-10-02
15071,441,482,5,773.78,2025-10-02
15072,221,828,10,981.95,2025-10-02
15073,380,1032,2,728.24,2025-10-02
15074,218,1479,1,736.29,2025-10-02
15075,94,1324,1??,996.96,2025-10-02
15076,248,2457,5,452.25,2025-10-02
15077,425,1614,2,99.98,2025-10-02
15078,5,1463,1,201.09,2025-10-02
15079,156,1414,1,399.02,2025-10-02
15080,479,2919,1,361.65,2025-10-02
15081,250,2251,3,119.79,2025-10-02
15082,284,1509,4 ,564.02,2025-10-02
15083,236,1016,1---,589.35,2025-10-02
15084,313 ,1565,,256.73,2025-10-02
15085,325,2601,4,661.39,2025-10-02
15086,153,2911,3,118.03,2025-10-02
15087,477 ,1578,2,168.82,2025-10-02
15088,392,2203,5,,2025-10-02
15089,225,58,1,711.78,2025-10-02
15090,108,1615,4,528.81,2025-10-02
15091,315,607,2,727.37,2025-10-02
15092,252,314,2,836.52,2025-10-02
15093,358 ,2414,4,186.46,2025-10-02
15094,209,1194,2,748.09,2025-10-02
15095,318,168,5,311.94,2025-10-02
15096,354,2467,20,520.29,2025-10-02
15097,275---,1383,2,270.69,2025-10-02
15098,428,2840,2,856.4,2025-10-02
15099,461,2608,1,292.66,2025-10-02
15100,229,595,1,657.87,2025-10-02
15101,31,1421,10,79.99,2025-10-02
15102,321,2872,,200.36,2025-10-02
15103,139,1472,4,868.35,2025-10-02
15104,195,1047,2,410.16??,2025-10-02
15105,134,1519,1,,2025-10-02
15106,29,1674,1,361.73,2025-10-02
15107,29,896,2,361.73,2025-10-02
15108,222,2380,1,681.73,2025-10-02
15109,139,1147 ,1,868.35,2025-10-02
15110,476,342,3---,234.47,2025-10-02
15111,41,980,1,,2025-10-02
15112,258,1279,2,689.11,2025-10-02
15113,110,1339,5,704.9??,2025-10-02
15114,212,842,2,952.19,2025-10-02
15115,269,518,3,617.46,2025-10-02
15116,197,2986,1,570.36,2025-10-02
15117,237,2930,4,57.57??,2025-10-02
15118,142,1338,1,858.79,2025-10-02
15119,260 ,1532,1,517.98 ,2025-10-02
15120,,2854,3,503.19,2025-10-02
15121,63,427,1,,2025-10-02
15122,215,2388,1,498.59,2025-10-02
15123,127,1737,,,2025-10-02
15124,395,2416,1,167.39??,2025-10-02
15125,314,1976,3,785.07,2025-10-02
15126,167,1936,2,321.07,2025-10-02
15127,28,1616,2,699.64,2025-10-02
15128,219,2574,,604.87,2025-10-02
15129,112 ,75,1,110.65,2025-10-02
15130,90,1004,4,191.16,2025-10-02
15131,475,1324,1,626.39,2025-10-02
15132,190,2025,2,461.29,2025-10-02
15133,414,92,,245.35,2025-10-02
15134,173,894,2,722.69,2025-10-02
15135,378,2862,,305.61,2025-10-02
15136,130,2148,5,839.05,2025-10-02
15137,248,2272,5,452.25,2025-10-02
15138,257,1257,3,528.85 ,2025-10-02
15139,41,1545,1,120.07,2025-10-02
15140,1,2856,1,,2025-10-02
15141,198,238,4,213.46,2025-10-02
15142,284,,4,564.02,2025-10-02
15143,429,1554,1,299.59,2025-10-02
15144,319,658,1,690.64,2025-10-02
15145,285,1807,3??,535.38,2025-10-02
15146,68,2883,4,817.14,2025-10-02
15147,,1713,3,230.02,2025-10-02
15148,468,999,1,388.65,2025-10-02
15149,496,27,1,660.1,2025-10-02
15150,92,1861,3,261.06,2025-10-02
15151,124,2132,1,887.58,2025-10-03
15152,487,2027,1,237.09,2025-10-03
15153,188,2801,1,,2025-10-03
15154,445,2977,1,365.38,2025-10-03
15155,135,,10,,2025-10-03
15156,53,2234,4,552.85,2025-10-03
15157,255,2573,4,246.39,2025-10-03
15158,351---,722,2,787.87,2025-10-03
15159,197,,,570.36---,2025-10-03
15160,200,1119,4,,2025-10-03
15161,7,2168,1,378.16,2025-10-03
15162,116,159,5,280.21,2025-10-03
15163,401,2626,1,457.8,2025-10-03
15164,230,2636,2,193.39,2025-10-03
15165,217,311,1,710.49,2025-10-03
15166,167,1393,2,321.07,2025-10-03
15167,113,1348,3,159.84---,2025-10-03
15168,,495---,2,1007.57,2025-10-03
15169,228,1724,2,496.54,2025-10-03
15170,144,2447,5,699.06,2025-10-03
15171,188,2847,1,908.84,2025-10-03
15172,446??,2899,2,85.62,2025-10-03
15173,289,2112??,2,None---,2025-10-03
15174,221,2041,2,981.95,2025-10-03
15175,485,2132,2,306.85,2025-10-03
15176,262,121,2,75.74,2025-10-03
15177,125,,4,186.6,2025-10-03
15178,223,331,1,679.14,2025-10-03
15179,22,2587,3??,,2025-10-03
15180,456,2378,1,528.57,2025-10-03
15181,329,198,4,589.72,2025-10-03
15182,141,352,1,602.55,2025-10-03
15183,286,257,5,775.93,2025-10-03
15184,184,2257,1,707.97,2025-10-03
15185,128,233,2,816.32,2025-10-03
15186,42,875,1,372.32,2025-10-03
15187,341,2378??,20,389.03,2025-10-03
15188,477,383,3,168.82,2025-10-03
15189,130,1185,3,,2025-10-03
15190,348,403,3,393.07,2025-10-03
15191,464,417,,967.59,2025-10-03
15192,424,429,1,607.96,2025-10-03
15193,161,1178,3,480.94,2025-10-03
15194,396,1130,1,629.9,2025-10-03
15195,487,1588,3,237.09,2025-10-03
15196,306,2283,2,132.33,2025-10-03
15197,253 ,1481,1,550.0,2025-10-03
15198,272,1562,1,196.75,2025-10-03
15199,137,421,1,247.12,2025-10-03
15200,192---,1838,5,595.75,2025-10-03
15201,363,2287,3,92.9,2025-10-03
15202,436,1342 ,5,544.14,2025-10-03
15203,268,2825,1,,2025-10-03
15204,327,2997,2,,2025-10-03
15205,168---,1425,1,79.14,2025-10-03
15206,484,2969,4,816.36,2025-10-03
15207,285,1658,3,535.38,2025-10-03
15208,294,1378,2,739.48,2025-10-03
15209,,767,5,110.65,2025-10-03
15210,427,,,522.79,2025-10-03
15211,267,1784,2,839.54,2025-10-03
15212,268,123,1,,2025-10-03
15213,323,2654,,347.62,2025-10-03
15214,318,2375 ,2,311.94,2025-10-03
15215,339,2587,5,910.33,2025-10-03
15216,,1132,2,815.2,2025-10-03
15217,150,2247,5??,719.4,2025-10-03
15218,245---,309,1,676.36,2025-10-03
15219,149,110,2,487.7,2025-10-03
15220,30,615,4,334.63,2025-10-03
15221,368,2016,3,614.3,2025-10-03
15222,181,1136,1,508.98,2025-10-03
15223,496,90,1,660.1,2025-10-03
15224,249,1812,1,386.0,2025-10-03
15225,472,954,,105.21,2025-10-03
15226,219,1809,3,604.87,2025-10-03
15227,433,55,3,494.44,2025-10-03
15228,182,274,1,378.55,2025-10-03
15229,412,635,20,628.74,2025-10-03
15230,482,888---,2,411.28,2025-10-03
15231,430,1694,3 ,815.38,2025-10-03
15232,88,1090,2,211.51,2025-10-03
15233,369,2054,2,410.57,2025-10-03
15234,154---,995,1,730.08,2025-10-03
15235,69,2190,3,373.1,2025-10-03
15236,155,2465,1,657.22,2025-10-03
15237,342,2244,4,882.83,2025-10-03
15238,436,833,3,544.14,2025-10-03
15239,285,429,2,535.38---,2025-10-03
15240,78,2722,1,555.77,2025-10-03
15241,,11,1---,195.05,2025-10-03
15242,11,2247,2,491.64,2025-10-03
15243,186,1269,1,873.65,2025-10-03
15244,426,,2,904.53,2025-10-03
15245,187,1775,1,592.25,2025-10-03
15246,194,485,,154.3,2025-10-03
15247,233,2797,,896.34,2025-10-03
15248,8,1086,4,,2025-10-03
15249,324,314,2,829.29,2025-10-03
15250,293,1201,4,619.01,2025-10-03
15251,390,2061,3,,2025-10-03
15252,183??,2882,4,386.71,2025-10-03
15253,379,2489,2,614.34,2025-10-03
15254,167,2727,5,321.07,2025-10-03
15255,268,205,1,,2025-10-03
15256,,745,1,712.19,2025-10-03
15257,256,865,3,418.38,2025-10-03
15258,396,121,2,629.9,2025-10-03
15259,352,1409,4,638.9,2025-10-03
15260,171,1028,2,914.96,2025-10-03
15261,53,283,1,552.85,2025-10-03
15262,148,1140,5,,2025-10-04
15263,397,2829,1,637.91,2025-10-04
15264,76,2909,2,157.63,2025-10-04
15265,144,2404,1,699.06,2025-10-04
15266,71---,2965,5??,116.08,2025-10-04
15267,107,785,1,585.54,2025-10-04
15268,275,539,1,270.69,2025-10-04
15269,74,1829,1,1024.02,2025-10-04
15270,269,2579,1---,617.46,2025-10-04
15271,224,2589,2,835.41,2025-10-04
15272,2,1883,2,566.23,2025-10-04
15273,206,167,1,401.24,2025-10-04
15274,2,2438,5,566.23,2025-10-04
15275,157,2954,1,290.7,2025-10-04
15276,418,2871,1,394.38,2025-10-04
15277,342,817,2,882.83,2025-10-04
15278,350,961,2,659.64,2025-10-04
15279,402,,1,851.77,2025-10-04
15280,,549,4,546.15,2025-10-04
15281,317,754,1,432.9---,2025-10-04
15282,184,1189,2,707.97,2025-10-04
15283,47,791,1,979.1,2025-10-04
15284,9,2046,1,606.63,2025-10-04
15285,158,412,1,872.08,2025-10-04
15286,219,2282,1,604.87,2025-10-04
15287,147,1713,2,755.36,2025-10-04
15288,46,2210,1,745.3,2025-10-04
15289,380,1245,2,728.24,2025-10-04
15290,384,1887,5,855.34,2025-10-04
15291,,2809,1,379.24,2025-10-04
15292,326,344,1,648.98,2025-10-04
15293,474,157,,,2025-10-04
15294,20,1801,5,100.09,2025-10-04
15295,178,910,1,,2025-10-04
15296,21,1515,1,,2025-10-04
15297,124---,466??,1,887.58,2025-10-04
15298,6,2126,5,284.23,2025-10-04
15299,218 ,1981,1,736.29,2025-10-04
15300,315,344,1,727.37??,2025-10-04
15301,193,665---,,217.33,2025-10-04
15302,325,2092,1,661.39,2025-10-04
15303,59,1173,1,474.39,2025-10-04
15304,166,583,,906.51,2025-10-04
15305,102,1682,5,873.82,2025-10-04
15306,194,2518,1,154.3,2025-10-04
15307,40,2365,1,727.08,2025-10-04
15308,418,2887,4,394.38,2025-10-04
15309,459,2843,,621.08,2025-10-04
15310,135,,1,1010.19,2025-10-04
15311,343,,2,806.55,2025-10-04
15312,391,812,1,537.68,2025-10-04
15313,229,1170,2,657.87,2025-10-04
15314,287,1319,2,365.42,2025-10-04
15315,285,1977,1,535.38---,2025-10-04
15316,14,2067,2,546.15,2025-10-04
15317,42,1558,5---,372.32,2025-10-04
15318,252,352,1,836.52,2025-10-04
15319,209,266,4,748.09,2025-10-04
15320,165,2039,1,709.09,2025-10-04
15321,299,225,2,840.59,2025-10-04
15322,158,1638,2,872.08,2025-10-04
15323,251,270,5,511.82,2025-10-04
15324,462,1799,2,754.85,2025-10-04
15325,262,2950,3,75.74,2025-10-04
15326,203,2453,4,897.73,2025-10-04
15327,285,2364,1---,535.38,2025-10-04
15328,497,2830---,3,,2025-10-04
15329,225,1579,4,711.78,2025-10-04
15330,475,2830,1,626.39??,2025-10-04
15331,310,2558,2,723.09 ,2025-10-04
15332,98,2717,3,332.9,2025-10-04
15333,296,2804,1,,2025-10-04
15334,416,,10,227.15,2025-10-04
15335,461,1115,3,292.66,2025-10-04
15336,337,2507,1,600.31,2025-10-04
15337,216,2506,2,465.22,2025-10-04
15338,116??,577,2,280.21,2025-10-04
15339,10,1949,3,,2025-10-04
15340,470,856,3,998.68,2025-10-04
15341,306,2370,4,132.33,2025-10-04
15342,488 ,2877,2,721.8,2025-10-04
15343,10,1395,3??,173.6,2025-10-04
15344,196,2900,4,806.34 ,2025-10-04
15345,97,387,3,231.74,2025-10-04
15346,67,1662,3,123.92??,2025-10-04
15347,375,452,2,360.24,2025-10-04
15348,318,28,10,311.94,2025-10-04
15349,194,1748??,2,154.3,2025-10-04
15350,,609,2,816.36,2025-10-04
15351,362,837,2 ,763.92,2025-10-04
15352,201,,4,199.44,2025-10-04
15353,11,2862,2,491.64,2025-10-04
15354,11,1559,5,491.64,2025-10-04
15355,481,563,1,479.02,2025-10-04
15356,461,2611,2,292.66,2025-10-04
15357,56,2946,5,336.23,2025-10-04
15358,285---,1908,3,535.38,2025-10-04
15359,115,1252,,971.71---,2025-10-04
15360,435,708??,1,972.91,2025-10-04
15361,270,2805,4,298.5,2025-10-04
15362,420,1462,10,694.13,2025-10-04
15363,103,2144,1,399.04,2025-10-04
15364,7,1612,3,378.16,2025-10-04
15365,269,372,1,617.46,2025-10-04
15366,82,,1,535.76,2025-10-04
15367,330,2379,1,558.84,2025-10-04
15368,112,664,4,110.65,2025-10-04
15369,41,680,1,120.07,2025-10-04
15370,,1448,4,123.99,2025-10-04
15371,77 ,2309,1,975.6,2025-10-04
15372,293,436,1,,2025-10-04
15373,324,2512,1,829.29,2025-10-05
15374,489,1574,1 ,334.81,2025-10-05
15375,61,339,2,116.62,2025-10-05
15376,244,2006,2,951.6,2025-10-05
15377,325,1975,1,661.39,2025-10-05
15378,142,456,3,858.79,2025-10-05
15379,268,2508,1,,2025-10-05
15380,434,1715,10,911.31,2025-10-05
15381,117,463 ,1,232.36,2025-10-05
15382,324,523,4,829.29,2025-10-05
15383,192,2579,,595.75,2025-10-05
15384,153,1419,1,118.03,2025-10-05
15385,68,461,,817.14,2025-10-05
15386,1,590,1,715.23,2025-10-05
15387,81??,2076,1---,427.72,2025-10-05
15388,466,199,,760.02,2025-10-05
15389,358,1953,,186.46,2025-10-05
15390,429,2795,1,299.59,2025-10-05
15391,237,2940,20,57.57??,2025-10-05
15392,200,2291,5,,2025-10-05
15393,182,2967,3,378.55,2025-10-05
15394,189,2577,20,1027.84,2025-10-05
15395,325,2726,1,661.39,2025-10-05
15396,418,,3,394.38,2025-10-05
15397,65,470,2,508.17,2025-10-05
15398,492,1626,1,847.03---,2025-10-05
15399,306,2154,5---,132.33,2025-10-05
15400,299,629,,840.59,2025-10-05
15401,,1884,2,806.34??,2025-10-05
15402,382,490,3,427.52,2025-10-05
15403,148,2966,,None---,2025-10-05
15404,127,2423,10,190.88,2025-10-05
15405,,1011,3 ,845.34,2025-10-05
15406,328,492,2,413.2,2025-10-05
15407,317,1164,4,432.9,2025-10-05
15408,481,837,1,479.02,2025-10-05
15409,43,2347,2,152.82,2025-10-05
15410,227,1392,5,309.72,2025-10-05
15411,343,2657,3---,806.55,2025-10-05
15412,349,1806---,10,464.38,2025-10-05
15413,33,1849,10??,153.28,2025-10-05
15414,226,918,5---,209.79,2025-10-05
15415,109,2084,1??,731.8,2025-10-05
15416,427,2994,1,522.79,2025-10-05
15417,216,858,,465.22,2025-10-05
15418,392,1674,1,,2025-10-05
15419,465,839,3,441.81 ??,2025-10-05
15420,,593,5,118.03,2025-10-05
15421,98,2628,5,332.9,2025-10-05
15422,158,2605,,872.08??,2025-10-05
15423,54,1635,,,2025-10-05
15424,,2619,1,,2025-10-05
15425,459,980,5,621.08,2025-10-05
15426,120,,1,None---,2025-10-05
15427,97,1497,1,231.74,2025-10-05
15428,139,2197,1,868.35,2025-10-05
15429,398,1285,2,229.92,2025-10-05
15430,473,,4,123.99,2025-10-05
15431,220,1447,3,222.79,2025-10-05
15432,144,2519,2,699.06,2025-10-05
15433,272,1530,4,196.75,2025-10-05
15434,45,435,2,,2025-10-05
15435,112,104,2,110.65,2025-10-05
15436,441,1688,3,,2025-10-05
15437,246,720,3,108.35,2025-10-05
15438,84,430,1,468.69,2025-10-05
15439,123,130,4,365.2,2025-10-05
15440,320,2461,1,438.03,2025-10-05
15441,51,2853,1,79.43,2025-10-05
15442,212,1167,5,952.19,2025-10-05
15443,446,348 ,3,85.62,2025-10-05
15444,15,2122,2,815.2,2025-10-05
15445,480??,1177,2,702.9,2025-10-05
15446,246,1037,2,108.35,2025-10-05
15447,454,1441,5,690.74,2025-10-05
15448,474,2,3,None---,2025-10-05
15449,231,1369 ,4,585.37,2025-10-05
15450,298,798,2,162.53,2025-10-05
15451,256,313,1,418.38,2025-10-05
15452,24,2450,4,891.92,2025-10-05
15453,38,913 ,1,147.85,2025-10-05
15454,371,634,1,348.36,2025-10-05
15455,392,2209,5,,2025-10-05
15456,121,1279,1,653.67,2025-10-05
15457,392,1711,1,,2025-10-05
15458,333,1816,4,418.84??,2025-10-05
15459,417,2839,4,195.05,2025-10-05
15460,62---,,1,864.4,2025-10-05
15461,371,2588,,348.36,2025-10-05
15462,,390,2,682.42,2025-10-05
15463,389,1171,1,499.35,2025-10-05
15464,423,502,10??,,2025-10-05
15465,401,161,2,457.8,2025-10-05
15466,295,450,1,368.63,2025-10-05
15467,192,256,1,595.75,2025-10-05
15468,186,2840,5,873.65,2025-10-05
15469,203,2605,5,897.73,2025-10-05
15470,136,2329,3,787.54,2025-10-05
15471,47,1451,2,,2025-10-05
15472,297,,4,745.77,2025-10-05
15473,213,579,3,932.88,2025-10-05
15474,93,2685,1,,2025-10-05
15475,296,2452,1,871.21,2025-10-05
15476,270,2494,3,298.5,2025-10-05
15477,330,2456,20,558.84,2025-10-05
15478,157,2087,,290.7,2025-10-05
15479,46,593,,745.3,2025-10-05
15480,364,1717,1,531.62??,2025-10-05
15481,493,2223,1,103.44??,2025-10-05
15482,174,1458,4,503.59,2025-10-05
15483,103,2670,1,399.04,2025-10-05
15484,37,919,3,786.8,2025-10-06
15485,7,1470,2,378.16,2025-10-06
15486,439,2112??,3,884.89,2025-10-06
15487,177---,1072,20,652.82,2025-10-06
15488,239,1907,3,311.41,2025-10-06
15489,189,434,1,1027.84,2025-10-06
15490,52,1509,2 ,782.67,2025-10-06
15491,366,2876,1,773.63,2025-10-06
15492,280,2490,3,234.31??,2025-10-06
15493,411,1469,,128.07,2025-10-06
15494,475,,3,626.39,2025-10-06
15495,385,1665,2,509.11---,2025-10-06
15496,351,1966,1,787.87,2025-10-06
15497,322,1408,5,253.21,2025-10-06
15498,441,1646,1,773.78,2025-10-06
15499,417,2220,1,195.05,2025-10-06
15500,114,640,10,583.63,2025-10-06
15501,127,1367,4,190.88,2025-10-06
15502,64,38,10,,2025-10-06
15503,192,,1,595.75,2025-10-06
15504,437,1966,10,873.74,2025-10-06
15505,104,112,2,855.17??,2025-10-06
15506,261,,4,982.83,2025-10-06
15507,316,2974,2,466.97,2025-10-06
15508,145,2112,1,349.01,2025-10-06
15509,329,1222,1,589.72,2025-10-06
15510,206,1936,2,401.24,2025-10-06
15511,238,600,1,875.47,2025-10-06
15512,83,98,2,706.86,2025-10-06
15513,476,2829,5,234.47,2025-10-06
15514,274,1296,2,186.15,2025-10-06
15515,368,1387,2,614.3,2025-10-06
15516,286,1202,5,775.93,2025-10-06
15517,207,1635,2,771.97,2025-10-06
15518,160,1738,5 ,924.03,2025-10-06
15519,1,1565,5,715.23,2025-10-06
15520,111,1807 ,5,629.21,2025-10-06
15521,149,730,3,487.7,2025-10-06
15522,334,2892,10,202.93,2025-10-06
15523,322,1408,4,253.21,2025-10-06
15524,288,1656,3,448.78,2025-10-06
15525,493,310,2,103.44??,2025-10-06
15526,152,2087,1,,2025-10-06
15527,209,2695,3,748.09,2025-10-06
15528,107,238,2,585.54,2025-10-06
15529,90,736,5,191.16,2025-10-06
15530,220,1486---,1,222.79,2025-10-06
15531,161,1604,4,480.94,2025-10-06
15532,383,257,1,682.42,2025-10-06
15533,62,2925,1,864.4,2025-10-06
15534,458,,1,912.05---,2025-10-06
15535,170---,2909,5,700.59,2025-10-06
15536,294,1910,1,739.48,2025-10-06
15537,298,545,2,162.53,2025-10-06
15538,215,2283,2,498.59,2025-10-06
15539,292,2150,1,160.65,2025-10-06
15540,219,2303,1,,2025-10-06
15541,149,1599,1,487.7---,2025-10-06
15542,408,1064,2,643.91,2025-10-06
15543,145---,1305,1,349.01,2025-10-06
15544,82,1629,1,535.76,2025-10-06
15545,278,1206,1,349.92,2025-10-06
15546,462,836,3,754.85,2025-10-06
15547,403,1023,1,426.25,2025-10-06
15548,272,2959,10,196.75,2025-10-06
15549,86,1131,2,903.56,2025-10-06
15550,390,2693,1,,2025-10-06
15551,430,903,2,815.38,2025-10-06
15552,196??,1381,2,806.34,2025-10-06
15553,229,2063,3,657.87,2025-10-06
15554,272,2433,1,196.75,2025-10-06
15555,431,476,2,272.8 ,2025-10-06
15556,489,2739,3,334.81,2025-10-06
15557,428,2331,2,856.4,2025-10-06
15558,458,919,1,912.05---,2025-10-06
15559,163,891,1 ,435.68---,2025-10-06
15560,286,1920,2,775.93,2025-10-06
15561,492,2884,10,847.03,2025-10-06
15562,214,619,,225.33,2025-10-06
15563,33??,2357,2,153.28,2025-10-06
15564,123,442,3,365.2,2025-10-06
15565,137,1314,2,247.12,2025-10-06
15566,334,962,1,202.93,2025-10-06
15567,484,47,3,816.36,2025-10-06
15568,167,1782,2,321.07,2025-10-06
15569,357,1764,4,159.21,2025-10-06
15570,33,1269,4,153.28,2025-10-06
15571,222,2217,3,681.73,2025-10-06
15572,123,1064,2,365.2,2025-10-06
15573,163,539,20,435.68,2025-10-06
15574,481,146,1,479.02,2025-10-06
15575,302,2735,5,467.1,2025-10-06
15576,383,273,2,682.42??,2025-10-06
15577,470,2390,1,998.68,2025-10-06
15578,220,2527,5,222.79,2025-10-06
15579,151,915,2,603.39,2025-10-06
15580,,1510,1 ,971.71---,2025-10-06
15581,102,351,2,873.82,2025-10-06
15582,204,293,3,,2025-10-06
15583,224,426,2,835.41,2025-10-06
15584,493,393,3,103.44??,2025-10-06
15585,167,912,3,321.07,2025-10-06
15586,144??,2282,3,699.06,2025-10-06
15587,489,736,5,334.81,2025-10-06
15588,78,1511,2,555.77,2025-10-06
15589,20,1001,1---,100.09,2025-10-06
15590,127,1222,3,190.88,2025-10-06
15591,381,14,2,65.2,2025-10-06
15592,131,879,2,554.81,2025-10-06
15593,291,2121,10,722.08,2025-10-06
15594,310,2038,2 ,723.09 ,2025-10-06
15595,33,373,2,153.28,2025-10-07
15596,126,1397,3,373.76 ,2025-10-07
15597,320,571,1,438.03,2025-10-07
15598,313 ,896,5,256.73,2025-10-07
15599,70,1777,1,624.95,2025-10-07
15600,412,1888,2,628.74,2025-10-07
15601,328,1304,1,413.2,2025-10-07
15602,79,1288,1,567.8,2025-10-07
15603,356,1501,20,511.55,2025-10-07
15604,334,1203,3,202.93,2025-10-07
15605,230,2288,1,193.39,2025-10-07
15606,55,2630,,182.86,2025-10-07
15607,257,2411,1,528.85,2025-10-07
15608,314,,2,785.07,2025-10-07
15609,56,2317,20,336.23,2025-10-07
15610,378,1532,4,305.61,2025-10-07
15611,473,1002,1,123.99,2025-10-07
15612,483,2011,2,259.65 ,2025-10-07
15613,3,2194,4,311.35---,2025-10-07
15614,34,2720,1,378.62,2025-10-07
15615,235,869,1,475.17,2025-10-07
15616,141,1233,2,602.55,2025-10-07
15617,54,2247,3,472.78,2025-10-07
15618,43,1170,2,152.82,2025-10-07
15619,25,,2,357.09,2025-10-07
15620,54,2145,5---,472.78,2025-10-07
15621,290,46,3,774.21,2025-10-07
15622,305,2992,1,398.85,2025-10-07
15623,162,1286??,2,669.67,2025-10-07
15624,311,1705,1,713.33,2025-10-07
15625,61,192,3 ,116.62,2025-10-07
15626,303,2331,1,261.07 ,2025-10-07
15627,469,940,4,953.09,2025-10-07
15628,178,70,1,934.32,2025-10-07
15629,122,2222,5,392.48,2025-10-07
15630,186,79,2,873.65,2025-10-07
15631,492,1553,20,847.03,2025-10-07
15632,154,,2,730.08,2025-10-07
15633,471,239,4,766.82,2025-10-07
15634,385,,1,509.11,2025-10-07
15635,84,2055,4,468.69??,2025-10-07
15636,108,1912,3,528.81,2025-10-07
15637,417,1062,2,195.05,2025-10-07
15638,148,998,2,,2025-10-07
15639,488,2296,3,721.8,2025-10-07
15640,390,2017,3,,2025-10-07
15641,298,421,10,162.53,2025-10-07
15642,494,769,,510.63,2025-10-07
15643,127,2917,1,190.88,2025-10-07
15644,10,104,,173.6,2025-10-07
15645,488,,1,721.8,2025-10-07
15646,322,1087,1,253.21,2025-10-07
15647,429,2636 ,1,299.59,2025-10-07
15648,371,2739,1,348.36,2025-10-07
15649,129,1441,3,392.23,2025-10-07
15650,447,1112,1,,2025-10-07
15651,48,2535,,,2025-10-07
15652,335,40,2,242.79,2025-10-07
15653,348,868,,393.07??,2025-10-07
15654,478,246,1,537.53,2025-10-07
15655,337,2817,2,,2025-10-07
15656,380,1522,3,728.24,2025-10-07
15657,103,1062,1,399.04,2025-10-07
15658,473,845??,3,123.99,2025-10-07
15659,347,477,2,280.08,2025-10-07
15660,387,2727,4,680.0,2025-10-07
15661,58 ,2470,4,994.69,2025-10-07
15662,236,860,1,589.35,2025-10-07
15663,238,1428,,875.47,2025-10-07
15664,356??,2907---,2,511.55,2025-10-07
15665,285,1057,3---,535.38,2025-10-07
15666,,2341,1,891.92,2025-10-07
15667,338,1976,5,187.05,2025-10-07
15668,497,125,1,513.71,2025-10-07
15669,176,2419,1,475.79,2025-10-07
15670,484,,1,816.36,2025-10-07
15671,368,1030,5,614.3---,2025-10-07
15672,,1204??,2 ,831.62,2025-10-07
15673,483,376,1,259.65,2025-10-07
15674,400,2899,4,503.19,2025-10-07
15675,61,,10??,116.62,2025-10-07
15676,408,,1,643.91??,2025-10-07
15677,208??,2605,5,529.71??,2025-10-07
15678,27,2961,2,463.93,2025-10-07
15679,22,1618,1,85.88,2025-10-07
15680,291,786,4---,722.08,2025-10-07
15681,81,1542,4,427.72,2025-10-07
15682,90,1843,3,191.16,2025-10-07
15683,292,2535,1,160.65,2025-10-07
15684,,1715,2,785.07,2025-10-07
15685,72,996,4,163.35,2025-10-07
15686,363,1923,1,92.9,2025-10-07
15687,442,193,1,914.26,2025-10-07
15688,15,1368??,2,815.2,2025-10-07
15689,,,1,,2025-10-07
15690,102,473,1,873.82,2025-10-07
15691,82,2220,1,535.76,2025-10-07
15692,411,2156,,128.07,2025-10-07
15693,25,721---,,357.09,2025-10-07
15694,110,571,1,704.9??,2025-10-07
15695,184,2716,1,707.97,2025-10-07
15696,159,2915 ,3,237.25---,2025-10-07
15697,330,973,2,558.84,2025-10-07
15698,399,,,773.65,2025-10-07
15699,30,2290,1,334.63,2025-10-07
15700,211,2198,2,527.98,2025-10-07
15701,421,2298,4,618.46,2025-10-07
15702,146,1269,1,266.77---,2025-10-07
15703,283,2770,2,363.65,2025-10-07
15704,347,2860,1,280.08,2025-10-07
15705,236,901,2,589.35,2025-10-07
15706,310,2397,1,723.09 ,2025-10-08
15707,76,2917,2,157.63,2025-10-08
15708,31,2912,4,79.99,2025-10-08
15709,67,1686,1,123.92,2025-10-08
15710,168,1256,3,79.14 ,2025-10-08
15711,88,2521,5,211.51,2025-10-08
15712,139,84,10,868.35,2025-10-08
15713,240,1493,2,841.37,2025-10-08
15714,185,1086,2,542.3,2025-10-08
15715,114,2695---,1,583.63,2025-10-08
15716,390,1006,2,,2025-10-08
15717,244,598,1,951.6,2025-10-08
15718,366 ,1633 ,2,773.63,2025-10-08
15719,491,611,1,874.7,2025-10-08
15720,38,831,1,147.85,2025-10-08
15721,112,941,1,110.65,2025-10-08
15722,477,2424,3,168.82,2025-10-08
15723,246,1362,2,108.35,2025-10-08
15724,473,2065,1,123.99,2025-10-08
15725,341,2772,,389.03,2025-10-08
15726,468,818,4,388.65,2025-10-08
15727,451,687,4,442.94,2025-10-08
15728,368,476,20??,614.3,2025-10-08
15729,251---,1840,2,511.82,2025-10-08
15730,253,394,4,550.0,2025-10-08
15731,331,1288,2,468.72,2025-10-08
15732,392,1990,3,,2025-10-08
15733,299,101,5,,2025-10-08
15734,423,1488,2,712.19---,2025-10-08
15735,70,485,2,624.95,2025-10-08
15736,170,2856,2,700.59,2025-10-08
15737,485,1434,3,306.85,2025-10-08
15738,220,2611 ,4,222.79,2025-10-08
15739,374,2560,2,711.19,2025-10-08
15740,110,99,1??,704.9??,2025-10-08
15741,215,,5,498.59,2025-10-08
15742,225,1940,3,711.78,2025-10-08
15743,153,1680,4,118.03,2025-10-08
15744,121,2648,1,653.67,2025-10-08
15745,385,2175,3,509.11,2025-10-08
15746,288,1341,1,448.78,2025-10-08
15747,100,2380,1,,2025-10-08
15748,54,1220,3,472.78,2025-10-08
15749,423,837,2,,2025-10-08
15750,128,1041,3??,816.32,2025-10-08
15751,,2398---,,467.06,2025-10-08
15752,242??,1040,3,732.54,2025-10-08
15753,259,1675,3,89.55,2025-10-08
15754,277,1338,2,840.11,2025-10-08
15755,312,328,3,692.62,2025-10-08
15756,468,1420,3,388.65,2025-10-08
15757,169,2341,2,257.94,2025-10-08
15758,290,2943,2,774.21,2025-10-08
15759,126,2712,4,373.76 ,2025-10-08
15760,202,1990,1,480.12,2025-10-08
15761,37,722,5,786.8,2025-10-08
15762,38,2562,3,147.85,2025-10-08
15763,164,2546,2,,2025-10-08
15764,293,553,2,619.01,2025-10-08
15765,423,1254,4,712.19,2025-10-08
15766,125,488??,2,186.6,2025-10-08
15767,85---,2009,1??,181.5,2025-10-08
15768,284,2580,,564.02,2025-10-08
15769,437,2981??,5,873.74,2025-10-08
15770,331 ,1217,3,468.72,2025-10-08
15771,235,1351,5,475.17,2025-10-08
15772,30,943,3,334.63,2025-10-08
15773,161,2425,1,480.94,2025-10-08
15774,97,2173,3,231.74,2025-10-08
15775,166,444,2,906.51,2025-10-08
15776,284,609,4,564.02,2025-10-08
15777,159,2453,2,237.25,2025-10-08
15778,128,1856??,2,816.32,2025-10-08
15779,277,2031,10,840.11,2025-10-08
15780,283,368,2,363.65,2025-10-08
15781,304,,,375.79,2025-10-08
15782,487,1532,4,237.09,2025-10-08
15783,320,163,5,438.03,2025-10-08
15784,202,2675,2,480.12,2025-10-08
15785,73,1335,5,831.62,2025-10-08
15786,229,,2??,657.87 ,2025-10-08
15787,283,,2,363.65,2025-10-08
15788,,2468,5,952.19??,2025-10-08
15789,,2393,2,491.64,2025-10-08
15790,5,271,1,201.09,2025-10-08
15791,27,1854,4,463.93,2025-10-08
15792,101,1025 ,1,76.75,2025-10-08
15793,76,1752,1,157.63,2025-10-08
15794,437,2389,1,873.74,2025-10-08
15795,188,4,1,908.84,2025-10-08
15796,257,814,1,528.85,2025-10-08
15797,296,219,1,871.21,2025-10-08
15798,34,1635,3,378.62,2025-10-08
15799,446,1281,10,85.62,2025-10-08
15800,51,106,20,79.43,2025-10-08
15801,125,899,,186.6,2025-10-08
15802,246,1297,2,108.35,2025-10-08
15803,89,1231,5,105.77,2025-10-08
15804,201,1889,2,199.44,2025-10-08
15805,366,2545,3,773.63 ,2025-10-08
15806,418,2896,1,394.38??,2025-10-08
15807,95,119,2,1027.63,2025-10-08
15808,21,2735,3,374.08,2025-10-08
15809,362,1633,1,763.92,2025-10-08
15810,155,2336,3,657.22,2025-10-08
15811,253,383,2,550.0,2025-10-08
15812,252,1361,2,836.52??,2025-10-08
15813,76,2273,1,157.63,2025-10-08
15814,493,1751,1,103.44??,2025-10-08
15815,409,211,3,845.34,2025-10-08
15816,395 ,1626,3,167.39??,2025-10-08
15817,459,157,1,621.08,2025-10-09
15818,459,1460,5,621.08---,2025-10-09
15819,468,2971,3,388.65??,2025-10-09
15820,447,2637,3,,2025-10-09
15821,270,304,4,298.5,2025-10-09
15822,86,1907,4,903.56,2025-10-09
15823,189,1736,1,1027.84,2025-10-09
15824,443,2473,,933.58---,2025-10-09
15825,77,1051,3,975.6,2025-10-09
15826,331,821,2,468.72,2025-10-09
15827,389,,1,499.35,2025-10-09
15828,197,1735,2,570.36,2025-10-09
15829,92,796,2,261.06,2025-10-09
15830,458,477,3,912.05---,2025-10-09
15831,184,21,10,707.97,2025-10-09
15832,354---,634,2,520.29,2025-10-09
15833,57,2226,2,222.83,2025-10-09
15834,301,140,3,256.11,2025-10-09
15835,146,1775,1,266.77,2025-10-09
15836,437,940,2,873.74,2025-10-09
15837,475,728,3,626.39,2025-10-09
15838,260,1166,5,517.98 ,2025-10-09
15839,200,1821,1 ,,2025-10-09
15840,388---,2868,4,379.24,2025-10-09
15841,280,22,4,234.31??,2025-10-09
15842,120,1428,1,,2025-10-09
15843,338,1221,1,187.05,2025-10-09
15844,315,2714,1,727.37,2025-10-09
15845,320,943,2,438.03,2025-10-09
15846,201,997,1,199.44,2025-10-09
15847,20,2082,4,100.09,2025-10-09
15848,131,2123,2,554.81,2025-10-09
15849,138,920,4,641.47,2025-10-09
15850,70,1009,1,624.95,2025-10-09
15851,151,2206,,603.39,2025-10-09
15852,435,,,972.91,2025-10-09
15853,347,147,2,280.08,2025-10-09
15854,142,593,2---,858.79,2025-10-09
15855,,277,2,555.77,2025-10-09
15856,50,13,2,1007.57,2025-10-09
15857,34,2175,2,378.62,2025-10-09
15858,5,2676??,2,,2025-10-09
15859,192,1975,3,595.75,2025-10-09
15860,37,1983---,,786.8,2025-10-09
15861,10,55,2,173.6,2025-10-09
15862,371,1990,3,348.36,2025-10-09
15863,,2263,2,592.25,2025-10-09
15864,493,2399,1??,103.44????,2025-10-09
15865,326,469,3---,648.98,2025-10-09
15866,16,481,1,376.78,2025-10-09
15867,,2300,3,442.94,2025-10-09
15868,92,2569,1,261.06,2025-10-09
15869,461,868,5,292.66,2025-10-09
15870,134,173,1,,2025-10-09
15871,291,187,2,722.08,2025-10-09
15872,489,1176,1 ,,2025-10-09
15873,420,2496,10,694.13,2025-10-09
15874,41,2764,10,120.07,2025-10-09
15875,272,1662,5,196.75,2025-10-09
15876,452,545,5,985.54,2025-10-09
15877,182,2593,1,378.55,2025-10-09
15878,362,2286,2,763.92,2025-10-09
15879,262,1444,3,75.74,2025-10-09
15880,287,1956,4,365.42,2025-10-09
15881,331,568,1,468.72,2025-10-09
15882,461,1049,1,292.66,2025-10-09
15883,260,2660,3,517.98 ,2025-10-09
15884,429,429,1,299.59,2025-10-09
15885,352,1287 ,2,638.9,2025-10-09
15886,449,2243,1,944.0,2025-10-09
15887,,2395,1,624.95,2025-10-09
15888,258,606,1,689.11,2025-10-09
15889,147,1006,10,755.36,2025-10-09
15890,395,1905,,167.39??,2025-10-09
15891,442,2852,2,914.26,2025-10-09
15892,362,1024,2,763.92,2025-10-09
15893,299,,2,840.59,2025-10-09
15894,278---,291,3,349.92,2025-10-09
15895,131,,5,554.81,2025-10-09
15896,164,1214,20,373.42??,2025-10-09
15897,391,23---,2,537.68,2025-10-09
15898,,699,5,626.39,2025-10-09
15899,106 ,279---,2,207.59,2025-10-09
15900,42,725,1,372.32,2025-10-09
15901,80,1375,4,402.48,2025-10-09
15902,179,2339,5,355.87,2025-10-09
15903,479,2726,1,361.65,2025-10-09
15904,399,,3,773.65 ,2025-10-09
15905,247,1164,1,None??,2025-10-09
15906,91,1759,1,230.02,2025-10-09
15907,477,96,5,168.82,2025-10-09
15908,155,1120,1,657.22,2025-10-09
15909,390,1750,20,,2025-10-09
15910,122,208,1,392.48,2025-10-09
15911,395,,4,167.39??,2025-10-09
15912,422,1186,2,312.04,2025-10-09
15913,54,1663,1??,472.78,2025-10-09
15914,162,350,2,669.67,2025-10-09
15915,70,291---,4,624.95,2025-10-09
15916,95,196,2,1027.63,2025-10-09
15917,392,363,5,,2025-10-09
15918,308,2134,4,281.83,2025-10-09
15919,323,2193,1,347.62---,2025-10-09
15920,392,2037,2,,2025-10-09
15921,71,2332,3,116.08,2025-10-09
15922,476,2681,1,234.47,2025-10-09
15923,292,,2,160.65,2025-10-09
15924,5,2185,,201.09,2025-10-09
15925,124,2001,4,887.58,2025-10-09
15926,136,1067,10,787.54,2025-10-09
15927,212,447,5,952.19,2025-10-09
15928,422,2825,2,312.04,2025-10-10
15929,330,1334,,558.84,2025-10-10
15930,115,1311,3,971.71---,2025-10-10
15931,298,493,3,162.53,2025-10-10
15932,198,1309,,,2025-10-10
15933,239,342,10,311.41,2025-10-10
15934,,1355,2 ,602.55,2025-10-10
15935,411,635,1,128.07,2025-10-10
15936,61,1644,1,116.62,2025-10-10
15937,238,2004,20 ,875.47,2025-10-10
15938,399,2579,1,773.65---,2025-10-10
15939,352,1907,1,638.9,2025-10-10
15940,169,2556,5,257.94,2025-10-10
15941,46,1309,2,745.3,2025-10-10
15942,490,2776,1,,2025-10-10
15943,97,2979,1,231.74,2025-10-10
15944,229,2527,2,,2025-10-10
15945,158,183,1,872.08,2025-10-10
15946,451,66,2,442.94,2025-10-10
15947,136,2977,1,787.54,2025-10-10
15948,416,1847,5,227.15,2025-10-10
15949,405,2036,1,290.54---,2025-10-10
15950,,2501??,5,200.36,2025-10-10
15951,349,1662,1??,,2025-10-10
15952,365,1686,2,776.68,2025-10-10
15953,215 ,102,3,498.59,2025-10-10
15954,68,380,10,817.14,2025-10-10
15955,388,,4,,2025-10-10
15956,360,2045,1,315.18,2025-10-10
15957,349,422,10 ,464.38,2025-10-10
15958,,2847,1,,2025-10-10
15959,287,2264,1,,2025-10-10
15960,105,,2,589.73,2025-10-10
15961,242,701,2,732.54,2025-10-10
15962,351,1165,4,,2025-10-10
15963,449,,1,944.0,2025-10-10
15964,442,2998,5,914.26,2025-10-10
15965,49,941,2,None ,2025-10-10
15966,71,2377,1,116.08,2025-10-10
15967,298,1088,2,162.53,2025-10-10
15968,53,1050,1,552.85,2025-10-10
15969,464,408,1,967.59,2025-10-10
15970,498,2923,,369.08,2025-10-10
15971,361,2012??,1,319.21,2025-10-10
15972,429,2341,5,299.59,2025-10-10
15973,112,1442,1,110.65,2025-10-10
15974,96,158,1,168.18,2025-10-10
15975,332---,185,1,104.65,2025-10-10
15976,49,609,1,,2025-10-10
15977,363,1701,2,92.9,2025-10-10
15978,226,849,1,209.79??,2025-10-10
15979,239,2316,2,311.41,2025-10-10
15980,293,1651,3,619.01,2025-10-10
15981,454,559,2---,690.74,2025-10-10
15982,182,1498??,5,378.55,2025-10-10
15983,467,1902??,1,943.44,2025-10-10
15984,475,54,4,626.39,2025-10-10
15985,194,1449,,,2025-10-10
15986,452,2129,1,985.54,2025-10-10
15987,346,501,3,555.77,2025-10-10
15988,207,2199,,,2025-10-10
15989,76,145,,157.63,2025-10-10
15990,435,,5,972.91,2025-10-10
15991,342,614,4,882.83,2025-10-10
15992,395,2298,1,167.39??,2025-10-10
15993,38,972,5,147.85,2025-10-10
15994,,1724,2,619.01,2025-10-10
15995,135,58,1,1010.19,2025-10-10
15996,339,1934,3,910.33,2025-10-10
15997,118,1637,2,737.58,2025-10-10
15998,371,,2,348.36,2025-10-10
15999,151,1496,1,603.39,2025-10-10
16000,140??,1050,2,822.22,2025-10-10
16001,386,2500,1,919.81 ,2025-10-10
16002,121,2513,2,653.67,2025-10-10
16003,314,926,3,785.07,2025-10-10
16004,449,1885,1,944.0,2025-10-10
16005,373,978,1,186.09,2025-10-10
16006,52,2645,1,782.67,2025-10-10
16007,41,,2,120.07,2025-10-10
16008,122,1358,1,392.48,2025-10-10
16009,405,601,2,290.54,2025-10-10
16010,61,99,3,116.62,2025-10-10
16011,191,517,2,493.52,2025-10-10
16012,326,1855,2,648.98,2025-10-10
16013,55,2078,5,182.86,2025-10-10
16014,445,528,2,365.38??,2025-10-10
16015,58,1345,2 ,994.69,2025-10-10
16016,266,990,4,401.69,2025-10-10
16017,242,2312,3,732.54,2025-10-10
16018,421,945,2,618.46,2025-10-10
16019,448,776,4,459.14,2025-10-10
16020,415,2715,3,649.87,2025-10-10
16021,317,1585,1,432.9,2025-10-10
16022,250,994,1,119.79,2025-10-10
16023,270,1106,2,298.5,2025-10-10
16024,127,2096,1,190.88,2025-10-10
16025,346,1553,3,555.77,2025-10-10
16026,396,107,1,629.9,2025-10-10
16027,433,919,2,494.44,2025-10-10
16028,266,2907 ,1,401.69,2025-10-10
16029,32,2046,,478.74,2025-10-10
16030,184,2433,1,707.97,2025-10-10
16031,431,1721,1,272.8,2025-10-10
16032,342,2332,5,882.83,2025-10-10
16033,23,1549,3,719.34,2025-10-10
16034,192,2030,1,595.75,2025-10-10
16035,285,822,2,535.38,2025-10-10
16036,84,499,3,468.69,2025-10-10
16037,148,295,20,,2025-10-10
16038,341,2530,5,389.03,2025-10-10
16039,115,1176,10,971.71---,2025-10-11
16040,219,2096,1,604.87,2025-10-11
16041,234,1683,20,604.44,2025-10-11
16042,170,551,4,700.59,2025-10-11
16043,12---,1415 ,1,810.58,2025-10-11
16044,148,283,4,,2025-10-11
16045,402,2675,1,851.77,2025-10-11
16046,297,1036,2,,2025-10-11
16047,3??,1341,5,311.35---,2025-10-11
16048,387,2331,2??,680.0,2025-10-11
16049,3,,1,311.35---,2025-10-11
16050,300,2778,2,783.08---,2025-10-11
16051,182---,504,2,378.55,2025-10-11
16052,244,1082,2??,951.6??,2025-10-11
16053,457,2253,5,353.85,2025-10-11
16054,416,253,1,227.15,2025-10-11
16055,289,696,1,,2025-10-11
16056,353,2476,3,709.75,2025-10-11
16057,63,118,2,,2025-10-11
16058,463,256,5,927.87---,2025-10-11
16059,465,1,3,441.81 ,2025-10-11
16060,427,1671,1,522.79,2025-10-11
16061,107,,1,585.54,2025-10-11
16062,260,2690,1,517.98 ,2025-10-11
16063,288,,3,448.78,2025-10-11
16064,161,2553,4,480.94,2025-10-11
16065,358,587??,1,186.46,2025-10-11
16066,361,1569,2,,2025-10-11
16067,377,165,1,588.92,2025-10-11
16068,285,807,1,535.38,2025-10-11
16069,359,1149,4,93.44,2025-10-11
16070,140,2389,2,822.22,2025-10-11
16071,295,2808,,368.63,2025-10-11
16072,102,,20,873.82,2025-10-11
16073,353,1072??,1,709.75,2025-10-11
16074,189,2392,2,1027.84,2025-10-11
16075,177,1629,1,652.82,2025-10-11
16076,282,2410,5,514.12,2025-10-11
16077,183---,381,1,386.71,2025-10-11
16078,186,490??,2,873.65,2025-10-11
16079,112,1720,1,110.65,2025-10-11
16080,18,2322,1,467.06,2025-10-11
16081,345,776,1,838.18,2025-10-11
16082,324,2725,4,,2025-10-11
16083,291,2170,5,,2025-10-11
16084,342,2865,2,882.83,2025-10-11
16085,283,2229,2,363.65,2025-10-11
16086,231 ,1042,2,585.37,2025-10-11
16087,492,2861,2,847.03,2025-10-11
16088,225,17,2,711.78,2025-10-11
16089,296,287,2,871.21,2025-10-11
16090,138,2677,5,641.47,2025-10-11
16091,373,54,2,,2025-10-11
16092,344,1468,3,,2025-10-11
16093,46,1976,2,745.3,2025-10-11
16094,41,55,1,,2025-10-11
16095,200,530,2,,2025-10-11
16096,169,,2,257.94,2025-10-11
16097,60,1483??,2,606.21,2025-10-11
16098,209,1265,1,748.09,2025-10-11
16099,432,1905,5,398.64,2025-10-11
16100,333,1820??,1,418.84,2025-10-11
16101,69,2241,1,373.1,2025-10-11
16102,179,1947,1---,355.87,2025-10-11
16103,293,3,1,619.01,2025-10-11
16104,400,2090,2??,503.19,2025-10-11
16105,270,1641,4,298.5,2025-10-11
16106,172,1071,1,927.62,2025-10-11
16107,355,1620,4,336.39,2025-10-11
16108,24,37,1,891.92,2025-10-11
16109,308,2700,3,281.83,2025-10-11
16110,237,1448,1,,2025-10-11
16111,281,942,3,,2025-10-11
16112,13,512,1,548.34,2025-10-11
16113,168,1490,,79.14,2025-10-11
16114,209,2227,1??,748.09,2025-10-11
16115,127---,1638,1,190.88,2025-10-11
16116,404,1338,3,,2025-10-11
16117,188,1810,1,908.84,2025-10-11
16118,200,2389,1 ,,2025-10-11
16119,335,2247,2,242.79,2025-10-11
16120,316,1983,1,466.97,2025-10-11
16121,257,921,1,528.85,2025-10-11
16122,323,1203,2,347.62,2025-10-11
16123,423,2705,1,712.19,2025-10-11
16124,331,651,3,468.72,2025-10-11
16125,460,475,1,895.71,2025-10-11
16126,249,606,1,386.0,2025-10-11
16127,78,2027 ,4,555.77,2025-10-11
16128,391,1545,1,537.68,2025-10-11
16129,169,204,3,257.94,2025-10-11
16130,144,1521,4,699.06,2025-10-11
16131,153,20,1,118.03,2025-10-11
16132,111,1107,1,629.21,2025-10-11
16133,12,2003,1,810.58,2025-10-11
16134,485,1948,1,306.85,2025-10-11
16135,81,2920,1,427.72,2025-10-11
16136,381 ,894,1,65.2,2025-10-11
16137,295,1052,,368.63,2025-10-11
16138,3,443 ,1,311.35---,2025-10-11
16139,95,1597,2,1027.63,2025-10-11
16140,362,919 ,,763.92,2025-10-11
16141,265,779,2,754.56,2025-10-11
16142,50,2652,2,1007.57,2025-10-11
16143,308,1851 ,1,281.83??,2025-10-11
16144,326,1909,2,648.98,2025-10-11
16145,28,837,1,699.64,2025-10-11
16146,93,1790,2,,2025-10-11
16147,222,2017,2,681.73,2025-10-11
16148,24,,,891.92,2025-10-11
16149,61,2502,1,116.62,2025-10-11
16150,30??,108,10,334.63,2025-10-12
16151,330,287,,558.84,2025-10-12
16152,465,2921,1,441.81 ,2025-10-12
16153,316,1106,,466.97---,2025-10-12
16154,119,,20,1025.32,2025-10-12
16155,206,174,4---,401.24,2025-10-12
16156,381,1836,5,65.2,2025-10-12
16157,29,2949,5,361.73,2025-10-12
16158,192,2436,2,595.75,2025-10-12
16159,,,2,558.84,2025-10-12
16160,459,1515,2,621.08,2025-10-12
16161,37,2631,2,786.8,2025-10-12
16162,396,2676,1,629.9,2025-10-12
16163,264,299,1,758.53,2025-10-12
16164,80,1497,10,402.48,2025-10-12
16165,440 ,1155,3,,2025-10-12
16166,36,383,2,752.87,2025-10-12
16167,29,2693,4,361.73,2025-10-12
16168,276,2176??,1,404.73,2025-10-12
16169,420,2443,3,694.13,2025-10-12
16170,84,2848,2,468.69,2025-10-12
16171,347,151,3,280.08,2025-10-12
16172,420,1885,3,694.13,2025-10-12
16173,398,1353,1,229.92,2025-10-12
16174,210,1879,3,,2025-10-12
16175,137??,2337,2,247.12,2025-10-12
16176,440,2669,2,,2025-10-12
16177,309,1913,4,,2025-10-12
16178,403,291,,426.25,2025-10-12
16179,212,796,5,952.19,2025-10-12
16180,164,2841,,373.42??,2025-10-12
16181,,,3,1027.84,2025-10-12
16182,308---,1055,1,281.83,2025-10-12
16183,307,37,2,,2025-10-12
16184,183,955,1,386.71,2025-10-12
16185,65,,4,508.17,2025-10-12
16186,35,1968,3,198.91,2025-10-12
16187,380,,2,728.24,2025-10-12
16188,44,327,1,460.78,2025-10-12
16189,71,920,1,116.08,2025-10-12
16190,323??,1722,3,347.62,2025-10-12
16191,427,1262,4,522.79,2025-10-12
16192,123,2343,1,365.2,2025-10-12
16193,182,1802,1,378.55,2025-10-12
16194,59,1918,1,474.39,2025-10-12
16195,2,2017,1,566.23,2025-10-12
16196,123,1251,1,365.2,2025-10-12
16197,400,1713,4,503.19,2025-10-12
16198,88,174,4,211.51,2025-10-12
16199,376,2788,3,884.87,2025-10-12
16200,420,1865,2,694.13,2025-10-12
16201,371,2454,2,348.36,2025-10-12
16202,194,1127,2,154.3,2025-10-12
16203,290,2611,3,774.21,2025-10-12
16204,,74,,682.42,2025-10-12
16205,445,2261,3,365.38,2025-10-12
16206,177,108,3??,652.82,2025-10-12
16207,156,22,1,,2025-10-12
16208,370,1438,5,,2025-10-12
16209,235,2865,1,475.17,2025-10-12
16210,236,2826,5,589.35,2025-10-12
16211,8,1915,2,335.13,2025-10-12
16212,,1541,2,336.23,2025-10-12
16213,85,604,5,181.5,2025-10-12
16214,201---,2795,2,199.44,2025-10-12
16215,324,1764,1,829.29,2025-10-12
16216,462,2762,2,754.85,2025-10-12
16217,322,2817,3,253.21,2025-10-12
16218,395,1599---,5,167.39??,2025-10-12
16219,231,814,,585.37,2025-10-12
16220,70,1755,1,,2025-10-12
16221,339,2970,5,910.33,2025-10-12
16222,56,848,1,336.23,2025-10-12
16223,182,1375,1,378.55,2025-10-12
16224,14,2350,1,546.15,2025-10-12
16225,318---,2670,,311.94,2025-10-12
16226,338,613,3,187.05,2025-10-12
16227,268,2119,3---,,2025-10-12
16228,126,,1 ,373.76 ,2025-10-12
16229,137,729,3,247.12??,2025-10-12
16230,265,595,5,754.56,2025-10-12
16231,307,2078,1,,2025-10-12
16232,464,178,4,967.59,2025-10-12
16233,422,2635,2,312.04,2025-10-12
16234,248,2988,1,452.25,2025-10-12
16235,337,289 ,1,600.31,2025-10-12
16236,245,376,1,676.36,2025-10-12
16237,99,,1,328.52,2025-10-12
16238,222,2816,1,681.73,2025-10-12
16239,303,466,1,261.07,2025-10-12
16240,489,2643,4,334.81,2025-10-12
16241,,1910,4,511.82,2025-10-12
16242,50,1457---,3,,2025-10-12
16243,214,1776,2,,2025-10-12
16244,159,1243,1,237.25,2025-10-12
16245,103,1546,1,399.04,2025-10-12
16246,84,2513,1,468.69,2025-10-12
16247,440,1129,1,,2025-10-12
16248,95,,2,1027.63,2025-10-12
16249,278,,1,349.92,2025-10-12
16250,243,2221,1,435.09,2025-10-12
16251,162,,2,669.67,2025-10-12
16252,238,1329,1,875.47,2025-10-12
16253,304,2890,2,375.79,2025-10-12
16254,411,867,2,,2025-10-12
16255,464,1256,5,967.59,2025-10-12
16256,24,71,2,891.92,2025-10-12
16257,308,796,1,,2025-10-12
16258,67,1951,1,123.92,2025-10-12
16259,89,1009,5,105.77,2025-10-12
16260,98,1352,4,332.9,2025-10-12
16261,293,1811,2,619.01---,2025-10-12
16262,220,749,3,222.79,2025-10-13
16263,50,2157,10,1007.57,2025-10-13
16264,,136,10,1011.56,2025-10-13
16265,249,292,,386.0,2025-10-13
16266,454,2272,4,690.74,2025-10-13
16267,143,,1,181.27,2025-10-13
16268,123,435,1,365.2,2025-10-13
16269,282,605,3,514.12,2025-10-13
16270,327,1768,2,,2025-10-13
16271,131---,1030,2,554.81,2025-10-13
16272,32,943,2,478.74,2025-10-13
16273,58,585,5,994.69,2025-10-13
16274,124,1338,2,887.58,2025-10-13
16275,335,1719,3,242.79,2025-10-13
16276,330,1587,1,558.84,2025-10-13
16277,414,437,10,245.35,2025-10-13
16278,268,1772,10,,2025-10-13
16279,372,2516,1,616.97,2025-10-13
16280,411,881,5,128.07,2025-10-13
16281,401,2402,,457.8,2025-10-13
16282,,2914,1,,2025-10-13
16283,457,387,1,353.85,2025-10-13
16284,388,654,3,379.24,2025-10-13
16285,129,2156,1,392.23,2025-10-13
16286,361,2995,4,,2025-10-13
16287,209,2579,1,748.09,2025-10-13
16288,416---,1865,1,227.15,2025-10-13
16289,411,2279,4,128.07,2025-10-13
16290,24,2222,4,891.92,2025-10-13
16291,98,280,2,332.9,2025-10-13
16292,412,2871,5,628.74,2025-10-13
16293,,,2---,435.09,2025-10-13
16294,270,790,3,298.5,2025-10-13
16295,72,1824,2,163.35,2025-10-13
16296,64,582,20,149.34,2025-10-13
16297,500,438,20,932.15,2025-10-13
16298,2,1022,1,566.23,2025-10-13
16299,228,,1??,496.54,2025-10-13
16300,449,2177,5,944.0,2025-10-13
16301,362,1487,2,763.92,2025-10-13
16302,261,686,4,982.83 ,2025-10-13
16303,284,2755,1,564.02,2025-10-13
16304,445,2883,10,365.38,2025-10-13
16305,315,1286,4,727.37,2025-10-13
16306,361,543,2,319.21,2025-10-13
16307,260,350,2,517.98 ,2025-10-13
16308,173,1,1,722.69,2025-10-13
16309,367,2068,,503.81,2025-10-13
16310,407,1319,,323.97,2025-10-13
16311,270,101,1,298.5,2025-10-13
16312,218,499,1,736.29,2025-10-13
16313,236,2661,1,589.35,2025-10-13
16314,,192,4,379.24,2025-10-13
16315,296,1880,1,871.21,2025-10-13
16316,398,2905,3,229.92,2025-10-13
16317,372,749,2,616.97,2025-10-13
16318,439,1603,1,884.89 ,2025-10-13
16319,496,271,1,660.1,2025-10-13
16320,389,2913,1,499.35??,2025-10-13
16321,445,1083,2,365.38,2025-10-13
16322,,674,1,393.07,2025-10-13
16323,340,2681,3,575.1---,2025-10-13
16324,60,,10,606.21,2025-10-13
16325,351,2678,2,787.87,2025-10-13
16326,,2497,3,727.08,2025-10-13
16327,496,802,5,660.1,2025-10-13
16328,43,1334,5,,2025-10-13
16329,242,2558,1,732.54,2025-10-13
16330,21,1889,4,374.08,2025-10-13
16331,87,387,1,379.38,2025-10-13
16332,245,696,4---,676.36,2025-10-13
16333,379,1984,3,614.34,2025-10-13
16334,344,300,2,925.4,2025-10-13
16335,110,2076,3,704.9??,2025-10-13
16336,404,501,4,,2025-10-13
16337,464,2748,5,967.59,2025-10-13
16338,428,749,1,856.4,2025-10-13
16339,116,177,1,280.21,2025-10-13
16340,67,653,2,123.92,2025-10-13
16341,54,2412,5,472.78,2025-10-13
16342,86,2067,3,903.56,2025-10-13
16343,207,1240,1,771.97,2025-10-13
16344,369,86,10,410.57,2025-10-13
16345,361,2283,1,319.21,2025-10-13
16346,464,577,1,967.59,2025-10-13
16347,221,736,4,981.95,2025-10-13
16348,386,843,4,,2025-10-13
16349,116,1553,2,280.21,2025-10-13
16350,342,2464,4,882.83,2025-10-13
16351,286,1753,10,775.93,2025-10-13
16352,321,1184,3,200.36,2025-10-13
16353,288,1089,1,448.78,2025-10-13
16354,256,1899,3,,2025-10-13
16355,21,2230,1,374.08,2025-10-13
16356,,2887,1,544.14,2025-10-13
16357,374,1176,3,711.19,2025-10-13
16358,97,1034,1,231.74,2025-10-13
16359,464,1847,4,967.59,2025-10-13
16360,104,2879,3,855.17,2025-10-13
16361,307,180,1,432.28,2025-10-13
16362,67,2112,3,123.92,2025-10-13
16363,,567,1,529.71??,2025-10-13
16364,197,2548,3,570.36,2025-10-13
16365,399,1535,2,773.65,2025-10-13
16366,148,973,2,,2025-10-13
16367,273,1344,2,84.32,2025-10-13
16368,279,372,20,833.88,2025-10-13
16369,100,382,2,,2025-10-13
16370,461,2861,20,292.66,2025-10-13
16371,464,2362 ,4---,967.59,2025-10-13
16372,,1471,1,755.36,2025-10-13
16373,431,1979,20,272.8,2025-10-14
16374,340,1025,4,575.1---,2025-10-14
16375,104,2244,5,855.17,2025-10-14
16376,68,2974,10,817.14,2025-10-14
16377,284,,1,564.02,2025-10-14
16378,,2967,5,816.36,2025-10-14
16379,392,2938,3,,2025-10-14
16380,32??,997,5,478.74,2025-10-14
16381,284,95,1,564.02,2025-10-14
16382,180,343,,262.7,2025-10-14
16383,417,2724,1,195.05,2025-10-14
16384,160,309,1,924.03,2025-10-14
16385,294,1145,1,739.48,2025-10-14
16386,155,2184,2,657.22,2025-10-14
16387,92,35,2,261.06,2025-10-14
16388,100,2691,5,,2025-10-14
16389,447,217,4,,2025-10-14
16390,247,1579,1,,2025-10-14
16391,173,1441,4,722.69,2025-10-14
16392,393,2114,3,704.08,2025-10-14
16393,421,1967,3,618.46,2025-10-14
16394,,1950,4,373.42??,2025-10-14
16395,438,1143,5,825.65??,2025-10-14
16396,62??,2181,1,864.4,2025-10-14
16397,148,735,3,,2025-10-14
16398,133,1116,,572.29,2025-10-14
16399,,736,3,349.92,2025-10-14
16400,75,2337,,899.45,2025-10-14
16401,216,461---,2,465.22,2025-10-14
16402,166,1306,4,,2025-10-14
16403,378,1976,2,305.61,2025-10-14
16404,336,2818,,914.9,2025-10-14
16405,402,2733---,3,851.77,2025-10-14
16406,270,497,1,298.5,2025-10-14
16407,422,,4,312.04,2025-10-14
16408,423,2465,3,712.19,2025-10-14
16409,39,2938,1,228.38,2025-10-14
16410,487,1048,2,237.09,2025-10-14
16411,242,1934,2,732.54,2025-10-14
16412,153,2973,1,118.03,2025-10-14
16413,131 ,1302,2,,2025-10-14
16414,115,854,5,971.71---,2025-10-14
16415,303,2222,20,261.07,2025-10-14
16416,206,1414,5,401.24,2025-10-14
16417,352,243,2,638.9,2025-10-14
16418,210,769,1,928.31,2025-10-14
16419,75,2897,2,899.45,2025-10-14
16420,7,104,2,378.16,2025-10-14
16421,391,,3,537.68,2025-10-14
16422,254,1050,4,935.96,2025-10-14
16423,440,1383,2,,2025-10-14
16424,123,218,20,365.2,2025-10-14
16425,337,2363,4,600.31,2025-10-14
16426,18,1343,3,467.06,2025-10-14
16427,178,2479,1,934.32,2025-10-14
16428,116,1898,3,280.21,2025-10-14
16429,440,1112,2,None---,2025-10-14
16430,260,536,5,517.98 ,2025-10-14
16431,78,1229,4,555.77,2025-10-14
16432,316,580,4,466.97,2025-10-14
16433,488,2309,1,,2025-10-14
16434,,699,5,711.78,2025-10-14
16435,224,1055,1,,2025-10-14
16436,444,1552,5,1036.18,2025-10-14
16437,133,2582,5,572.29,2025-10-14
16438,,1708,2,237.25,2025-10-14
16439,8,159,1,335.13,2025-10-14
16440,401,2193,,457.8,2025-10-14
16441,387,1794,5,680.0,2025-10-14
16442,28,331,2,699.64---,2025-10-14
16443,19,2290,1,386.73,2025-10-14
16444,77,192,1,975.6,2025-10-14
16445,490,1052,2,,2025-10-14
16446,413,1051,2,488.56,2025-10-14
16447,34,272,2,378.62,2025-10-14
16448,8,2163,3,335.13,2025-10-14
16449,306,1359,2,132.33,2025-10-14
16450,304,2240,5,375.79,2025-10-14
16451,,1606,1,231.74,2025-10-14
16452,275,2966,1,270.69,2025-10-14
16453,27,378,2,463.93,2025-10-14
16454,306,2392,1,132.33,2025-10-14
16455,489,570,1,334.81,2025-10-14
16456,441,790---,2,773.78,2025-10-14
16457,186,2639,1,873.65,2025-10-14
16458,362,946,3,763.92,2025-10-14
16459,295,456,5,368.63,2025-10-14
16460,,620,1,,2025-10-14
16461,134 ,637,1,,2025-10-14
16462,141,,1,602.55,2025-10-14
16463,338,2884,2,187.05,2025-10-14
16464,458,1030,3,912.05---,2025-10-14
16465,65,661,2,508.17,2025-10-14
16466,169,2940,1,257.94,2025-10-14
16467,442,682,2,914.26,2025-10-14
16468,323 ,215,,347.62,2025-10-14
16469,293,1644??,1,619.01,2025-10-14
16470,379,2176,3,614.34,2025-10-14
16471,439,76,1,884.89,2025-10-14
16472,66,2788,4,604.37,2025-10-14
16473,324,1258,2,829.29,2025-10-14
16474,54,2382,,472.78,2025-10-14
16475,342,2299,1,882.83,2025-10-14
16476,188,2289,2,908.84,2025-10-14
16477,12??,944,,810.58,2025-10-14
16478,162,811,2---,669.67,2025-10-14
16479,63,2418,,,2025-10-14
16480,406,1599,5,532.33,2025-10-14
16481,105,1763,4,589.73,2025-10-14
16482,239,2257,1,311.41,2025-10-14
16483,,1202,1 ,105.77??,2025-10-14
16484,450,1000,1,325.2,2025-10-15
16485,335,2236,1,242.79,2025-10-15
16486,212,191---,2,952.19,2025-10-15
16487,493,843,4,103.44??,2025-10-15
16488,421,2754,2,618.46,2025-10-15
16489,106,1077,3,207.59,2025-10-15
16490,204,1921,1,,2025-10-15
16491,,388,5,,2025-10-15
16492,301,719,2,256.11,2025-10-15
16493,134,2766,,,2025-10-15
16494,,,2,257.94,2025-10-15
16495,215,420,1,498.59,2025-10-15
16496,364,,4,531.62,2025-10-15
16497,346,2624,5,555.77,2025-10-15
16498,25,2019,5,357.09,2025-10-15
16499,302,1233,2,467.1,2025-10-15
16500,10,1632,1,173.6,2025-10-15
16501,,1914,1,,2025-10-15
16502,273,1913,1,84.32,2025-10-15
16503,430,1245,5,815.38,2025-10-15
16504,386,267,2,919.81 ,2025-10-15
16505,397,2601,1,,2025-10-15
16506,195,1407,,410.16 ,2025-10-15
16507,125,1999,1,186.6,2025-10-15
16508,76,525,1,157.63,2025-10-15
16509,442,1237,5,914.26,2025-10-15
16510,101,2477,2,,2025-10-15
16511,,1429,1,766.82,2025-10-15
16512,357,1755,4,159.21,2025-10-15
16513,447,191,1,,2025-10-15
16514,366,2856,2,773.63,2025-10-15
16515,285,902,5,535.38,2025-10-15
16516,444,1710,1,1036.18,2025-10-15
16517,340,,10---,575.1---,2025-10-15
16518,429,1672,2,299.59,2025-10-15
16519,387??,105,,680.0,2025-10-15
16520,182,644,2,378.55,2025-10-15
16521,425??,,2,99.98,2025-10-15
16522,59,2242,2,474.39,2025-10-15
16523,,1334,3,606.63,2025-10-15
16524,325,34,1,661.39,2025-10-15
16525,164,2005,4,373.42????,2025-10-15
16526,37,2269,3,786.8,2025-10-15
16527,316,1489,2,466.97,2025-10-15
16528,473,2811,1,123.99,2025-10-15
16529,378,473,1,305.61,2025-10-15
16530,439,11,2,884.89,2025-10-15
16531,49,1296,5,,2025-10-15
16532,246,2403,4,108.35??,2025-10-15
16533,433,141,20,,2025-10-15
16534,409,494,1,845.34---,2025-10-15
16535,417,68,5,195.05---,2025-10-15
16536,360,1871,1,,2025-10-15
16537,56,557,5,336.23,2025-10-15
16538,311,2973,2,713.33,2025-10-15
16539,468,2446,3---,388.65,2025-10-15
16540,159,2310,1,237.25,2025-10-15
16541,247,,5,,2025-10-15
16542,454,1718,,690.74,2025-10-15
16543,187,1497,1,592.25,2025-10-15
16544,344,1355,4,925.4,2025-10-15
16545,,2520,2,459.14,2025-10-15
16546,346,100,2,555.77,2025-10-15
16547,116,2257,3??,280.21,2025-10-15
16548,170,1704,1,700.59,2025-10-15
16549,,104,20---,,2025-10-15
16550,178 ,2484,10,934.32,2025-10-15
16551,19,1539,,386.73,2025-10-15
16552,247,926,2,,2025-10-15
16553,,2436,4,839.05,2025-10-15
16554,489,2868,1,334.81,2025-10-15
16555,40,2811,4,727.08,2025-10-15
16556,463,2265,20,927.87---,2025-10-15
16557,340,1251,4,575.1---,2025-10-15
16558,50,1372,3,1007.57,2025-10-15
16559,487,1312,10,237.09,2025-10-15
16560,116,1644,2,280.21,2025-10-15
16561,230,,1 ,193.39,2025-10-15
16562,281,1687,2,186.79,2025-10-15
16563,72,2912,2,163.35,2025-10-15
16564,213,,4,932.88,2025-10-15
16565,133,2740,1,572.29,2025-10-15
16566,429,293,4,299.59,2025-10-15
16567,260---,1001,10,517.98 ,2025-10-15
16568,276,2470,3,404.73,2025-10-15
16569,105,1301,1,589.73,2025-10-15
16570,189,304,1,1027.84,2025-10-15
16571,352,1321,3,638.9,2025-10-15
16572,300,160,5,783.08---,2025-10-15
16573,254,1860,2,935.96,2025-10-15
16574,187,761,5??,592.25,2025-10-15
16575,281,531,2,186.79,2025-10-15
16576,,264,2,548.34,2025-10-15
16577,400,761,1,503.19,2025-10-15
16578,476,2359,3,234.47,2025-10-15
16579,171,2503,3,914.96,2025-10-15
16580,438??,,4,825.65,2025-10-15
16581,451,2693,3,442.94,2025-10-15
16582,387,552,3---,680.0,2025-10-15
16583,421,2461,1,618.46,2025-10-15
16584,192,1325,1,595.75,2025-10-15
16585,82,975,1,535.76,2025-10-15
16586,76,1793??,1,157.63,2025-10-15
16587,266,215,1,401.69,2025-10-15
16588,42,928,1,372.32,2025-10-15
16589,445,2016,2,365.38,2025-10-15
16590,338,623,1,187.05,2025-10-15
16591,131,514,,554.81,2025-10-15
16592,212,105,2,952.19,2025-10-15
16593,214,2012,2,225.33,2025-10-15
16594,398---,1522,1,229.92,2025-10-15
16595,132,,1,240.09??,2025-10-16
16596,480,2106,1,702.9,2025-10-16
16597,362,1652,1,763.92,2025-10-16
16598,405,327,4,290.54,2025-10-16
16599,366 ,,1,773.63,2025-10-16
16600,23,2011,1,719.34,2025-10-16
16601,48,1668,4,,2025-10-16
16602,309,51,1,645.12,2025-10-16
16603,496,1237,1,660.1,2025-10-16
16604,52,1133,3,782.67,2025-10-16
16605,2,430,,566.23,2025-10-16
16606,385,710??,1,509.11,2025-10-16
16607,103,2662,4,399.04,2025-10-16
16608,405,1410,1,290.54,2025-10-16
16609,249,1832,1,386.0,2025-10-16
16610,44,1063,3,460.78,2025-10-16
16611,291,151,3??,722.08,2025-10-16
16612,252,631---,2,836.52,2025-10-16
16613,188,2523,3,908.84,2025-10-16
16614,148,2980,2,,2025-10-16
16615,204,1770,4,,2025-10-16
16616,382,2938,1,427.52,2025-10-16
16617,231---,2100,2,585.37,2025-10-16
16618,202,2221,1,480.12,2025-10-16
16619,257,2355---,3,,2025-10-16
16620,342,1282,3,882.83,2025-10-16
16621,344,225,10,925.4,2025-10-16
16622,43,2381,3,152.82,2025-10-16
16623,185,215,1,542.3,2025-10-16
16624,344---,860,1,925.4,2025-10-16
16625,113,2293,1,159.84,2025-10-16
16626,348---,47,1,393.07,2025-10-16
16627,312,2889,2,692.62,2025-10-16
16628,308,2758,2,281.83,2025-10-16
16629,360,1104,,315.18,2025-10-16
16630,335,1447,2,242.79,2025-10-16
16631,28,,1,699.64,2025-10-16
16632,177,2930,2,652.82,2025-10-16
16633,447,168,1,,2025-10-16
16634,464,2112,3,967.59,2025-10-16
16635,320,1867,4,438.03,2025-10-16
16636,209,2378,5,748.09,2025-10-16
16637,360,898,4,315.18,2025-10-16
16638,308---,2499,1,281.83??,2025-10-16
16639,189,437,,1027.84,2025-10-16
16640,39,2430,2,228.38,2025-10-16
16641,59,2447??,4,474.39,2025-10-16
16642,488,214,2,721.8,2025-10-16
16643,276,2471,5,404.73,2025-10-16
16644,361---,1969,2,319.21,2025-10-16
16645,132,2597,4,240.09??,2025-10-16
16646,204,89,1,,2025-10-16
16647,90,1592,2,191.16,2025-10-16
16648,421,1794,4 ,618.46,2025-10-16
16649,445,339,2,365.38,2025-10-16
16650,123,2051,2,,2025-10-16
16651,40,1917,3,727.08,2025-10-16
16652,261,2884,1,982.83,2025-10-16
16653,493,1453,20 ,103.44??,2025-10-16
16654,88,2836,1,211.51,2025-10-16
16655,174,2710,2,503.59,2025-10-16
16656,489,1533,1,334.81,2025-10-16
16657,135,932,5,1010.19,2025-10-16
16658,488,1676,3,721.8,2025-10-16
16659,457 ,1919,2,353.85??,2025-10-16
16660,65,1992,20,508.17 ,2025-10-16
16661,280,847,1,234.31??,2025-10-16
16662,327,2618,1,,2025-10-16
16663,438,2997,4,825.65,2025-10-16
16664,238,2158,1,875.47,2025-10-16
16665,338??,2255,5,187.05,2025-10-16
16666,113,419??,5,159.84,2025-10-16
16667,431,2146,3,272.8,2025-10-16
16668,39,1485,3,228.38,2025-10-16
16669,491,2142,3??,874.7,2025-10-16
16670,,73,4,951.6,2025-10-16
16671,242,1269,1,732.54,2025-10-16
16672,495,1016,5,533.13,2025-10-16
16673,115,2574,2,971.71---,2025-10-16
16674,147,2415,5,755.36,2025-10-16
16675,410,1340,2,81.87,2025-10-16
16676,352,2943,3,638.9,2025-10-16
16677,380,752,2---,728.24,2025-10-16
16678,136,820,2,787.54,2025-10-16
16679,41,2691 ,2,120.07,2025-10-16
16680,128,2813,20,816.32,2025-10-16
16681,315,1318,1,727.37,2025-10-16
16682,284,2873,1,564.02,2025-10-16
16683,66,2569,3,604.37,2025-10-16
16684,423,2133,1,712.19,2025-10-16
16685,41,975,1,120.07,2025-10-16
16686,204,1396,2,,2025-10-16
16687,80,2913,2,402.48,2025-10-16
16688,,1266,1,531.62,2025-10-16
16689,308,2003,2,,2025-10-16
16690,108,,1,528.81,2025-10-16
16691,72,942,5,,2025-10-16
16692,8,488,2,335.13,2025-10-16
16693,296---,848,1,871.21,2025-10-16
16694,47,682,2??,979.1,2025-10-16
16695,408,1103,2,643.91,2025-10-16
16696,60,2907,2,606.21,2025-10-16
16697,490,2469,2,,2025-10-16
16698,266??,1740,2,401.69,2025-10-16
16699,279,732,2,833.88,2025-10-16
16700,490---,1568,20,,2025-10-16
16701,371,621,20,348.36,2025-10-16
16702,332,2072,5,104.65??,2025-10-16
16703,100,,10,,2025-10-16
16704,61,116,1,116.62,2025-10-16
16705,424,990,5,607.96,2025-10-16
16706,305,1726,1,398.85,2025-10-17
16707,,2225,1,564.02,2025-10-17
16708,167,1750,3 ,321.07,2025-10-17
16709,230,1498,1,,2025-10-17
16710,490,57,,,2025-10-17
16711,180,377,,262.7,2025-10-17
16712,103,476,1,399.04,2025-10-17
16713,76,1865,1,157.63,2025-10-17
16714,334,841,1,202.93,2025-10-17
16715,97,2173,4,231.74,2025-10-17
16716,144,473,2,699.06,2025-10-17
16717,24,2519,2,891.92,2025-10-17
16718,254,,2,935.96,2025-10-17
16719,402,1413,3,851.77,2025-10-17
16720,328,1716,5,413.2,2025-10-17
16721,55,2760,4,182.86 ,2025-10-17
16722,302,937,10,467.1,2025-10-17
16723,,1824,10,567.8,2025-10-17
16724,178,2499??,5,934.32,2025-10-17
16725,171,2967,2,914.96---,2025-10-17
16726,112,1009,1,110.65,2025-10-17
16727,33,1987,4,153.28,2025-10-17
16728,376,243,1,884.87,2025-10-17
16729,200,2550,1,,2025-10-17
16730,,1366,2,104.65,2025-10-17
16731,417,2652,2,195.05,2025-10-17
16732,284,1434,2,564.02,2025-10-17
16733,412,945,4,628.74,2025-10-17
16734,486,2724,2,860.43,2025-10-17
16735,13,1940,1,548.34,2025-10-17
16736,133,1114,2,572.29,2025-10-17
16737,456,1724,3,528.57,2025-10-17
16738,255---,1254---,2,246.39,2025-10-17
16739,487,,2,237.09,2025-10-17
16740,271 ,558,1,590.56,2025-10-17
16741,366,2010,1,773.63,2025-10-17
16742,66,1006,1,604.37,2025-10-17
16743,46,216,5,745.3,2025-10-17
16744,309,871,1,645.12,2025-10-17
16745,43,1647,3,152.82,2025-10-17
16746,178,1547,1,934.32,2025-10-17
16747,499,1408,2,1011.56,2025-10-17
16748,62,2162,4,864.4,2025-10-17
16749,183,725,3,386.71,2025-10-17
16750,122,864,2,392.48,2025-10-17
16751,303,1260,2,261.07,2025-10-17
16752,189,1897,2,,2025-10-17
16753,411 ,876,5,,2025-10-17
16754,378,2679,1,305.61,2025-10-17
16755,451,1164,1,442.94,2025-10-17
16756,68,2516,1,,2025-10-17
16757,255,698,2,246.39,2025-10-17
16758,58,1105,2,994.69,2025-10-17
16759,267,1218,2,839.54??,2025-10-17
16760,98,2734,10,332.9,2025-10-17
16761,162,779,,669.67,2025-10-17
16762,155,,2,657.22,2025-10-17
16763,69,2365,1,373.1,2025-10-17
16764,416,822,1,227.15,2025-10-17
16765,368,2756,2,614.3,2025-10-17
16766,383,2567,1,682.42,2025-10-17
16767,459,565,10,621.08,2025-10-17
16768,,2438,1,147.85,2025-10-17
16769,262,852,2,75.74,2025-10-17
16770,303,694,,261.07,2025-10-17
16771,351,1779,1,787.87,2025-10-17
16772,174,504,2,503.59,2025-10-17
16773,416??,2035,2,227.15,2025-10-17
16774,331,2654,2,468.72---,2025-10-17
16775,98,86,1 ,,2025-10-17
16776,15,1968,2,815.2,2025-10-17
16777,184,485,1,707.97,2025-10-17
16778,401,1960,3---,457.8,2025-10-17
16779,301,6,1,,2025-10-17
16780,2,892,2,566.23,2025-10-17
16781,419,437,3,138.89,2025-10-17
16782,279,1742,4,833.88,2025-10-17
16783,93,884,2,,2025-10-17
16784,500,2157,1,932.15,2025-10-17
16785,265,862,1,754.56,2025-10-17
16786,324,1334,5,829.29,2025-10-17
16787,18---,77,1,467.06,2025-10-17
16788,478,1720,1,537.53,2025-10-17
16789,35,881,1,198.91,2025-10-17
16790,467,1927,2,943.44,2025-10-17
16791,209,1651,3,748.09,2025-10-17
16792,374,136,3 ,711.19,2025-10-17
16793,54,742,5,472.78 ,2025-10-17
16794,95,2977,3---,1027.63,2025-10-17
16795,318,445,4,311.94,2025-10-17
16796,80,1084,1,402.48,2025-10-17
16797,261,1783,4,982.83,2025-10-17
16798,255,1353,1 ,246.39,2025-10-17
16799,36,1763,10,752.87,2025-10-17
16800,330 ,1377,2,,2025-10-17
16801,214,390,2,225.33,2025-10-17
16802,383,1748,2,682.42,2025-10-17
16803,268,687,1,,2025-10-17
16804,112,1468,1---,110.65,2025-10-17
16805,242,752,3,732.54,2025-10-17
16806,329 ,,1,,2025-10-17
16807,390,2680 ,2,None---,2025-10-17
16808,325,798,4,661.39,2025-10-17
16809,50,760,10,1007.57,2025-10-17
16810,97,1133,1,231.74,2025-10-17
16811,142,1210,5,858.79,2025-10-17
16812,117,2752,1,232.36,2025-10-17
16813,155,1683,3,657.22,2025-10-17
16814,131,1357,1,554.81,2025-10-17
16815,1,389,1,715.23,2025-10-17
16816,444,300,1,1036.18,2025-10-17
16817,204,1484,5,,2025-10-18
16818,205,1855,1,589.26,2025-10-18
16819,73,1346,2??,831.62,2025-10-18
16820,326,189,2,648.98,2025-10-18
16821,141,540,3,602.55,2025-10-18
16822,86---,2575,3,903.56,2025-10-18
16823,156,2408,3,399.02,2025-10-18
16824,136,2859,2,787.54,2025-10-18
16825,383,483,1,682.42,2025-10-18
16826,112,2021,1,110.65,2025-10-18
16827,126,1647,4,373.76 ,2025-10-18
16828,481,2080,2,479.02,2025-10-18
16829,349,2659,2,464.38,2025-10-18
16830,459,1060,2,621.08,2025-10-18
16831,455,2603,,167.11,2025-10-18
16832,262,206,2,75.74,2025-10-18
16833,196,395,2,806.34,2025-10-18
16834,317,1325,5,432.9,2025-10-18
16835,204,,2,,2025-10-18
16836,491,2060,1,874.7,2025-10-18
16837,400,2009,2,503.19,2025-10-18
16838,172,1162,1,927.62,2025-10-18
16839,45,98,1,,2025-10-18
16840,250,2149,1,119.79,2025-10-18
16841,495,,10,533.13,2025-10-18
16842,50,1138,5,1007.57,2025-10-18
16843,489,216,2,334.81,2025-10-18
16844,210,1820,1,928.31,2025-10-18
16845,,574,1,154.3,2025-10-18
16846,401,2310,1,457.8,2025-10-18
16847,211,515,10,527.98,2025-10-18
16848,,2830,5,546.15,2025-10-18
16849,439,2276,4,884.89,2025-10-18
16850,315,1278,,727.37,2025-10-18
16851,76,412,3,157.63,2025-10-18
16852,359,1995,1,93.44,2025-10-18
16853,140,700,2,822.22,2025-10-18
16854,460,2710,1,895.71,2025-10-18
16855,323,1330,5,347.62,2025-10-18
16856,340,1656,1,575.1---,2025-10-18
16857,402,2277,3,851.77,2025-10-18
16858,436,2404,3,544.14,2025-10-18
16859,4,,2,587.27,2025-10-18
16860,115,2953??,3,971.71---,2025-10-18
16861,275,2215,1,270.69,2025-10-18
16862,247,2786,2,,2025-10-18
16863,389,2720,2,499.35,2025-10-18
16864,313,2009,1,256.73,2025-10-18
16865,5,970,1,201.09,2025-10-18
16866,391,1767,1,537.68,2025-10-18
16867,184,2719,4,707.97,2025-10-18
16868,108,489,1,528.81,2025-10-18
16869,440,2032,1,,2025-10-18
16870,439,2812,4,884.89,2025-10-18
16871,235,236,1,475.17,2025-10-18
16872,35,2322,2,198.91---,2025-10-18
16873,386,1914,5,919.81 ,2025-10-18
16874,359,1190,20,,2025-10-18
16875,446,2437,1,85.62,2025-10-18
16876,375,1607,5,360.24,2025-10-18
16877,376,1329,1??,884.87,2025-10-18
16878,34,,5,378.62,2025-10-18
16879,378,369,2,305.61,2025-10-18
16880,373,2780,1,186.09,2025-10-18
16881,144,2996,1,699.06,2025-10-18
16882,299,2233,3,840.59---,2025-10-18
16883,151,1852,1,603.39,2025-10-18
16884,146??,2099,5,266.77,2025-10-18
16885,249---,472,2,386.0,2025-10-18
16886,292,2895,4,160.65,2025-10-18
16887,138,994,10,641.47,2025-10-18
16888,239,2849,2,311.41,2025-10-18
16889,189,1786,5,1027.84,2025-10-18
16890,50,1017,2,1007.57,2025-10-18
16891,39,1177??,4,228.38,2025-10-18
16892,11,2682,20,491.64,2025-10-18
16893,427,2429,2---,522.79,2025-10-18
16894,439,1033,1,884.89,2025-10-18
16895,,2117,,123.99,2025-10-18
16896,434,191 ,1,,2025-10-18
16897,63,,5,,2025-10-18
16898,44,1960,2,460.78,2025-10-18
16899,200,2048,1,,2025-10-18
16900,117,1423,2,232.36,2025-10-18
16901,131,890??,1,554.81,2025-10-18
16902,206,2045,4,401.24,2025-10-18
16903,13,69,,548.34 ,2025-10-18
16904,181,2174,2,508.98,2025-10-18
16905,318,1379,5,311.94 ,2025-10-18
16906,322,1039,1,253.21,2025-10-18
16907,10,2305,1,173.6,2025-10-18
16908,159,1080,20 ,237.25,2025-10-18
16909,302,694 ,1,467.1,2025-10-18
16910,284,145,2,564.02,2025-10-18
16911,202,1246,1,480.12,2025-10-18
16912,94,690,5,996.96,2025-10-18
16913,395,816,2,167.39??,2025-10-18
16914,168,2762,2,79.14,2025-10-18
16915,250,1028,4,119.79---,2025-10-18
16916,9,633,5,606.63,2025-10-18
16917,44,643,2,460.78,2025-10-18
16918,326,705,2,,2025-10-18
16919,465,54,3,441.81 ,2025-10-18
16920,155,559,3,657.22,2025-10-18
16921,457,1201,1,353.85,2025-10-18
16922,34,2671,1,378.62,2025-10-18
16923,156,169,2,399.02,2025-10-18
16924,233,1478,3,896.34,2025-10-18
16925,75,2941,1,899.45,2025-10-18
16926,235,2753,5,475.17,2025-10-18
16927,248,2081,3,452.25,2025-10-18
16928,127,2460,5,190.88,2025-10-19
16929,26,296,1,,2025-10-19
16930,58,1290,2,994.69,2025-10-19
16931,430,2913,1,815.38,2025-10-19
16932,358,697,3,186.46,2025-10-19
16933,487,1029,1,237.09,2025-10-19
16934,453,891,3,,2025-10-19
16935,454,2860,4,690.74,2025-10-19
16936,,2868,3,468.72,2025-10-19
16937,478,1132,1,537.53,2025-10-19
16938,108,2972,3,,2025-10-19
16939,180,2752,2,262.7,2025-10-19
16940,216,919,1,465.22,2025-10-19
16941,456,28,2,528.57,2025-10-19
16942,34,1907,1,378.62,2025-10-19
16943,4,1930,1,587.27,2025-10-19
16944,384,404,1??,855.34,2025-10-19
16945,414,,3,245.35,2025-10-19
16946,252,1861,,836.52??,2025-10-19
16947,296,217,2,871.21,2025-10-19
16948,81,330,1,427.72,2025-10-19
16949,162,511,1,669.67,2025-10-19
16950,288,647,2,448.78,2025-10-19
16951,328,1714,4,413.2,2025-10-19
16952,127,1872,3,190.88,2025-10-19
16953,236,1297,1,589.35,2025-10-19
16954,227,502,3,309.72,2025-10-19
16955,40,1728,5,727.08,2025-10-19
16956,292,1954,3,160.65,2025-10-19
16957,234,2581,2,604.44,2025-10-19
16958,461,838---,3,292.66,2025-10-19
16959,65,1882,2,508.17,2025-10-19
16960,260,2866,2,517.98 ,2025-10-19
16961,12,160,1,810.58,2025-10-19
16962,370,1522,2,604.48,2025-10-19
16963,,473,1,336.39,2025-10-19
16964,271,,1,590.56,2025-10-19
16965,151,1047,1,603.39,2025-10-19
16966,286,920,2,775.93,2025-10-19
16967,351,2299,2,787.87,2025-10-19
16968,79,,1,567.8,2025-10-19
16969,269,322,2,617.46,2025-10-19
16970,122,,2,392.48,2025-10-19
16971,338,2827,2,187.05,2025-10-19
16972,182,1557,3,378.55,2025-10-19
16973,73,2930,1,831.62,2025-10-19
16974,266,2831 ,4,401.69,2025-10-19
16975,313,1214,20,256.73,2025-10-19
16976,46,151,2,,2025-10-19
16977,36,1628,5,752.87,2025-10-19
16978,164,2467,4,373.42??,2025-10-19
16979,,137---,2,460.78,2025-10-19
16980,499,587,4,1011.56,2025-10-19
16981,129,1224,5,392.23,2025-10-19
16982,207,207,2,771.97,2025-10-19
16983,29,29,1,361.73,2025-10-19
16984,116,1390,4,280.21,2025-10-19
16985,52---,2341,5,782.67,2025-10-19
16986,213---,2891,1,932.88,2025-10-19
16987,128,1736,1,816.32,2025-10-19
16988,210,901,4,928.31,2025-10-19
16989,,1851,2---,218.0,2025-10-19
16990,341,,1,389.03,2025-10-19
16991,378,1003,3,305.61,2025-10-19
16992,108,1023,1,528.81,2025-10-19
16993,52,,4,782.67,2025-10-19
16994,,2432,3,572.29,2025-10-19
16995,255,2856,3,246.39,2025-10-19
16996,137,1162,3,247.12,2025-10-19
16997,409,2571??,1,845.34,2025-10-19
16998,,1327,3,253.21,2025-10-19
16999,129,1190,2,392.23,2025-10-19
17000,15,604,3,815.2,2025-10-19
17001,200,2118,1,,2025-10-19
17002,257,1316,3,528.85,2025-10-19
17003,238,965,10,875.47,2025-10-19
17004,298,2101,2,162.53,2025-10-19
17005,362,1422,2,763.92,2025-10-19
17006,194,1510,1,,2025-10-19
17007,235,67,1,475.17,2025-10-19
17008,452,330,3,985.54,2025-10-19
17009,283,646,3,363.65,2025-10-19
17010,276,1826,,404.73??,2025-10-19
17011,432,485,5,398.64,2025-10-19
17012,314,1395,5,,2025-10-19
17013,43,2192,2,152.82,2025-10-19
17014,180,1001,1,262.7,2025-10-19
17015,66,73,2,604.37,2025-10-19
17016,201,2554,1,199.44,2025-10-19
17017,350,2108,1,,2025-10-19
17018,308,886??,2,281.83,2025-10-19
17019,327,2805,3,,2025-10-19
17020,122,2093,1,392.48,2025-10-19
17021,74,2884,20,1024.02,2025-10-19
17022,483,1262,5,259.65,2025-10-19
17023,250,2828,1,119.79,2025-10-19
17024,230,513,1,193.39??,2025-10-19
17025,155,2404,20,657.22,2025-10-19
17026,125,710 ,1,,2025-10-19
17027,329,1279,2,589.72,2025-10-19
17028,,929,2,399.04,2025-10-19
17029,303,1060,2,261.07,2025-10-19
17030,453,325,1,,2025-10-19
17031,399,973,2,773.65,2025-10-19
17032,102,534,5,873.82,2025-10-19
17033,278,2997---,1---,349.92,2025-10-19
17034,95,1957,4,1027.63,2025-10-19
17035,105---,,3,589.73,2025-10-19
17036,143,2832,1,181.27,2025-10-19
17037,429,2693,2,299.59,2025-10-19
17038,137,2855,2,247.12,2025-10-19
17039,163,1172,20,435.68,2025-10-20
17040,380,968,10,728.24,2025-10-20
17041,386,554,3,919.81 ---,2025-10-20
17042,484,2023,2,816.36,2025-10-20
17043,456,1685,5,528.57,2025-10-20
17044,413,1704,2,488.56,2025-10-20
17045,448,411,1,459.14,2025-10-20
17046,50,1656,,1007.57,2025-10-20
17047,197,691,1,570.36,2025-10-20
17048,483,2801 ,1,259.65,2025-10-20
17049,461,861,3,292.66,2025-10-20
17050,94,867,2,996.96,2025-10-20
17051,356,1955,2 ,511.55,2025-10-20
17052,62,,1,864.4,2025-10-20
17053,108,802,1,528.81,2025-10-20
17054,52,2664,,782.67,2025-10-20
17055,70,436,1,624.95---,2025-10-20
17056,234,2546,1,604.44??,2025-10-20
17057,196,1412,1,,2025-10-20
17058,277,1954,2,840.11,2025-10-20
17059,173,2555,1,722.69,2025-10-20
17060,101 ,359,1,76.75,2025-10-20
17061,83,2990,3??,706.86,2025-10-20
17062,169,1568,2,257.94,2025-10-20
17063,83,1319,4,706.86,2025-10-20
17064,487,549,1,237.09??,2025-10-20
17065,361,2112,1,319.21,2025-10-20
17066,134,1449,3,,2025-10-20
17067,375,949,5,360.24,2025-10-20
17068,496,,5,660.1,2025-10-20
17069,51,2146,1,79.43,2025-10-20
17070,290,2920,4,774.21??,2025-10-20
17071,488,482,2,721.8,2025-10-20
17072,333,1525,1,418.84,2025-10-20
17073,37,1280,20,786.8,2025-10-20
17074,498,1171,3,369.08,2025-10-20
17075,,1464,3,537.53,2025-10-20
17076,172,,3,927.62 ,2025-10-20
17077,95,1166,20??,1027.63,2025-10-20
17078,359,2475,1,93.44,2025-10-20
17079,,674,10,247.12,2025-10-20
17080,382,234 ,3,427.52,2025-10-20
17081,127,815,1,190.88,2025-10-20
17082,277,,2,840.11,2025-10-20
17083,266,177,1,401.69,2025-10-20
17084,243,1390,5,435.09,2025-10-20
17085,43,788,4,,2025-10-20
17086,334,,1,202.93,2025-10-20
17087,400,1780,2,503.19,2025-10-20
17088,212,2540,3,952.19,2025-10-20
17089,238,446,5??,875.47,2025-10-20
17090,183,2109,1,386.71,2025-10-20
17091,462,521,3,754.85,2025-10-20
17092,383,1565,2,682.42---,2025-10-20
17093,15,528,2,815.2,2025-10-20
17094,275,129,4,270.69,2025-10-20
17095,82,2068,1,535.76,2025-10-20
17096,86,1907,2,903.56,2025-10-20
17097,239,1890,,311.41,2025-10-20
17098,355,900,4,336.39,2025-10-20
17099,77,1877,1,975.6,2025-10-20
17100,46,1460,5,745.3,2025-10-20
17101,222,1616,,681.73,2025-10-20
17102,277,1261,3,840.11,2025-10-20
17103,71,164,3,116.08,2025-10-20
17104,285,1991,1 ,535.38,2025-10-20
17105,459,1030,1,621.08,2025-10-20
17106,226,554 ,2,209.79,2025-10-20
17107,233,158,4,896.34,2025-10-20
17108,466,1535,1,760.02,2025-10-20
17109,483,1807,1,259.65,2025-10-20
17110,359,2296,1,93.44,2025-10-20
17111,419,,3,,2025-10-20
17112,21,388,2,374.08,2025-10-20
17113,214,270,4,225.33??,2025-10-20
17114,411,2219,,128.07,2025-10-20
17115,81,1448,1,427.72,2025-10-20
17116,190,2872,2,461.29,2025-10-20
17117,476,2282,1,234.47,2025-10-20
17118,307 ,2380,,432.28,2025-10-20
17119,146,952,3,266.77,2025-10-20
17120,113,1575,2,159.84 ,2025-10-20
17121,167,685,3,321.07,2025-10-20
17122,373,1147,5,186.09??,2025-10-20
17123,94,256,2---,996.96,2025-10-20
17124,213,1364,1,932.88,2025-10-20
17125,165,1046,,709.09,2025-10-20
17126,266,2917,20,401.69 ,2025-10-20
17127,452,446 ,2,985.54,2025-10-20
17128,28,559,3,699.64,2025-10-20
17129,92,1645,2,261.06,2025-10-20
17130,445,1506,1,365.38,2025-10-20
17131,116,2638,3,280.21,2025-10-20
17132,490,1084,5,,2025-10-20
17133,300,2775,5,783.08---,2025-10-20
17134,240,1665,3,841.37,2025-10-20
17135,95,1539,1,1027.63,2025-10-20
17136,418,1377,5,394.38,2025-10-20
17137,438,1169,5,825.65,2025-10-20
17138,125,304,1,186.6,2025-10-20
17139,234,213,3,604.44,2025-10-20
17140,449,1781,1,944.0,2025-10-20
17141,171,1880,3,914.96,2025-10-20
17142,478,2662,5,537.53,2025-10-20
17143,384,535,1,855.34,2025-10-20
17144,28,240,1,699.64,2025-10-20
17145,363,2669,5,92.9,2025-10-20
17146,,1517,4,262.7,2025-10-20
17147,290,1893,1,774.21,2025-10-20
17148,292,1277,3,160.65,2025-10-20
17149,18,1652,2,467.06,2025-10-20
17150,487,1438,1,237.09,2025-10-21
17151,392,1600,3,None ,2025-10-21
17152,209,845,2,748.09,2025-10-21
17153,365,2442,,776.68,2025-10-21
17154,237,1268,1,57.57??,2025-10-21
17155,130,2545,2,839.05,2025-10-21
17156,60,1233,1,606.21,2025-10-21
17157,28,778,2 ,699.64,2025-10-21
17158,384,220,5,855.34,2025-10-21
17159,186,2238,5,873.65,2025-10-21
17160,463,2466,5,927.87---,2025-10-21
17161,112,805,1,110.65,2025-10-21
17162,464,1101,1,,2025-10-21
17163,367,1534,1,503.81,2025-10-21
17164,332,1598,1,,2025-10-21
17165,166,1611,5,906.51,2025-10-21
17166,381,522,1,65.2,2025-10-21
17167,160,575,1,924.03,2025-10-21
17168,246,2854,1,108.35,2025-10-21
17169,178,1369,3---,934.32,2025-10-21
17170,499,,3,1011.56,2025-10-21
17171,29,2683,3,361.73,2025-10-21
17172,276,825,1---,404.73,2025-10-21
17173,132,2660,3,240.09?? ,2025-10-21
17174,352,823,3,638.9,2025-10-21
17175,92,1814,2,261.06,2025-10-21
17176,159,1968,1 ,237.25,2025-10-21
17177,409,1277,,845.34,2025-10-21
17178,364,1773 ,5,531.62,2025-10-21
17179,36 ,534,1,752.87,2025-10-21
17180,87,1289,4,379.38,2025-10-21
17181,188,2116,1,908.84,2025-10-21
17182,462,1791,2,754.85,2025-10-21
17183,47,2537,5,979.1,2025-10-21
17184,36,621,20,752.87,2025-10-21
17185,99,1869,3,328.52,2025-10-21
17186,450,327,1,325.2,2025-10-21
17187,389,958,2---,499.35,2025-10-21
17188,469,437,,953.09,2025-10-21
17189,60,1426,1,606.21,2025-10-21
17190,6,2053,5,284.23,2025-10-21
17191,476,,,234.47,2025-10-21
17192,500,1193,,932.15,2025-10-21
17193,97,2762,1,231.74,2025-10-21
17194,456,2134,4,528.57,2025-10-21
17195,288,358??,2,,2025-10-21
17196,,463,3,552.85,2025-10-21
17197,106,1699,1??,207.59,2025-10-21
17198,483,305??,20,259.65,2025-10-21
17199,250,2287??,5,119.79,2025-10-21
17200,204,1337,1,,2025-10-21
17201,262,1826---,2,75.74,2025-10-21
17202,307,957,2,432.28,2025-10-21
17203,379,1882,,614.34,2025-10-21
17204,242,2506,1,732.54,2025-10-21
17205,449,913,4,944.0,2025-10-21
17206,365,2769,2,776.68,2025-10-21
17207,,528,2,554.81,2025-10-21
17208,194,50,,154.3,2025-10-21
17209,,2065 ,2,548.34,2025-10-21
17210,494---,1178,2,510.63,2025-10-21
17211,188,493,3,908.84,2025-10-21
17212,166,17,5,906.51,2025-10-21
17213,472,2682,1,105.21,2025-10-21
17214,293,2635,2,619.01,2025-10-21
17215,33,1828,5,153.28,2025-10-21
17216,,1265,1,590.56,2025-10-21
17217,431??,2540,4,272.8,2025-10-21
17218,195,1976,3,410.16,2025-10-21
17219,152,217,4,,2025-10-21
17220,376,1640,2,884.87,2025-10-21
17221,347,2038,5,280.08,2025-10-21
17222,146,286,2,266.77,2025-10-21
17223,214,2493,1,225.33,2025-10-21
17224,,402,2,499.35,2025-10-21
17225,145,1835,2,349.01,2025-10-21
17226,11,1488,2 ,491.64,2025-10-21
17227,410,1860,1,81.87,2025-10-21
17228,45,409,1,,2025-10-21
17229,145,260,2,349.01,2025-10-21
17230,298,2651,2,162.53,2025-10-21
17231,309,1035??,3,645.12,2025-10-21
17232,,1535,5,92.9,2025-10-21
17233,490,786 ,4,,2025-10-21
17234,303,117,1,261.07,2025-10-21
17235,38,933,3,147.85,2025-10-21
17236,398,716,1,229.92,2025-10-21
17237,373??,528,1,186.09,2025-10-21
17238,92,1931,2,261.06,2025-10-21
17239,171,2259,5,914.96,2025-10-21
17240,282,,5,514.12,2025-10-21
17241,392,570,3,,2025-10-21
17242,464,2135,1,967.59,2025-10-21
17243,481,2220,2,479.02,2025-10-21
17244,217,197,3,710.49,2025-10-21
17245,70,2970,1,624.95,2025-10-21
17246,109,1652,10,731.8,2025-10-21
17247,144,2104,4,699.06,2025-10-21
17248,403,2256,3,426.25,2025-10-21
17249,375,616,4,360.24,2025-10-21
17250,308,1899,2,281.83,2025-10-21
17251,79,118,3,,2025-10-21
17252,48,343,4,,2025-10-21
17253,95,994,1,1027.63,2025-10-21
17254,255,2741,1,246.39,2025-10-21
17255,121,746,2,653.67,2025-10-21
17256,202,2974,1,480.12,2025-10-21
17257,97,640,2,231.74,2025-10-21
17258,277,2241,1,840.11,2025-10-21
17259,156 ,171,2,,2025-10-21
17260,454,2251,2,690.74,2025-10-21
17261,148,2037,2,,2025-10-21
17262,197,1884,1,570.36,2025-10-22
17263,374,2974,1 ,711.19,2025-10-22
17264,232,1998 ,1,860.62??,2025-10-22
17265,138,2908,2,641.47,2025-10-22
17266,417,2278,,195.05,2025-10-22
17267,147,,5,755.36,2025-10-22
17268,121,792,,653.67,2025-10-22
17269,457,2598,4,353.85??,2025-10-22
17270,37,2057,3,786.8,2025-10-22
17271,110 ,1028,1,704.9??,2025-10-22
17272,131,2561,1,,2025-10-22
17273,,910,20,246.39,2025-10-22
17274,,1744,3,919.81 ,2025-10-22
17275,262,2495,5,75.74,2025-10-22
17276,,482,1,932.15,2025-10-22
17277,476,2596,1,,2025-10-22
17278,123,,5,,2025-10-22
17279,99,989,1,328.52,2025-10-22
17280,100,2046,2,,2025-10-22
17281,12,2983,5,810.58,2025-10-22
17282,114,1001,4,583.63,2025-10-22
17283,238,1118,3,875.47,2025-10-22
17284,417,343,1,195.05,2025-10-22
17285,180,827,20,262.7,2025-10-22
17286,401,,5,457.8,2025-10-22
17287,10,,1,173.6,2025-10-22
17288,471,257,4,766.82,2025-10-22
17289,180,1847,2,262.7,2025-10-22
17290,326,1347,1---,648.98,2025-10-22
17291,104,2868,5,855.17,2025-10-22
17292,74,1708,2,1024.02,2025-10-22
17293,93,2917,4,,2025-10-22
17294,64,2737,2,149.34,2025-10-22
17295,456,115,1,528.57,2025-10-22
17296,381,227,2,65.2,2025-10-22
17297,306,886,2,132.33,2025-10-22
17298,409,423---,2 ,845.34,2025-10-22
17299,136 ,1395,1,787.54,2025-10-22
17300,348,2983,4,393.07,2025-10-22
17301,494,653,2,510.63,2025-10-22
17302,319 ,560,1,690.64,2025-10-22
17303,93,2329,1,,2025-10-22
17304,56,1608,,336.23,2025-10-22
17305,208,763,2,529.71??,2025-10-22
17306,471,2243,1,766.82,2025-10-22
17307,136,2146,3,787.54,2025-10-22
17308,405,1972,4,290.54,2025-10-22
17309,473,2929,,123.99,2025-10-22
17310,323,980,1,347.62---,2025-10-22
17311,273,343,1,84.32,2025-10-22
17312,233,1021,2,896.34,2025-10-22
17313,91,1160,2,230.02,2025-10-22
17314,77,2937,2,975.6,2025-10-22
17315,390,1107,1,,2025-10-22
17316,254,2983,2,935.96,2025-10-22
17317,291,1673,2,722.08---,2025-10-22
17318,,484,1,758.53,2025-10-22
17319,8,949,2,335.13---,2025-10-22
17320,472,2316,5,105.21 ,2025-10-22
17321,83,446,4---,706.86,2025-10-22
17322,351??,2222,2,787.87,2025-10-22
17323,468,115,10,388.65,2025-10-22
17324,375,,2,360.24,2025-10-22
17325,403,1396,1,426.25,2025-10-22
17326,479,213??,5,361.65??,2025-10-22
17327,295,2789,3,,2025-10-22
17328,81,3,10,,2025-10-22
17329,384,2242,2,855.34,2025-10-22
17330,180,2853,3,262.7,2025-10-22
17331,196,1228,2,806.34,2025-10-22
17332,258,830,2,689.11,2025-10-22
17333,322 ,342,1,253.21,2025-10-22
17334,209,2816,3,748.09,2025-10-22
17335,48,1175,1,,2025-10-22
17336,172,641,3,927.62,2025-10-22
17337,27,2457,10,463.93,2025-10-22
17338,421,2650,1,618.46,2025-10-22
17339,156,2604,5,399.02,2025-10-22
17340,237,1772,3,57.57??,2025-10-22
17341,141,863,1,602.55,2025-10-22
17342,462,264,1,754.85,2025-10-22
17343,93---,207,4 ,,2025-10-22
17344,164,2123,1,373.42??,2025-10-22
17345,43,2265 ,2,152.82,2025-10-22
17346,,,4,457.8,2025-10-22
17347,293,2312,,619.01,2025-10-22
17348,200,532,20,,2025-10-22
17349,284,1994,3,564.02,2025-10-22
17350,242,2885,1,732.54,2025-10-22
17351,176,374,1,475.79,2025-10-22
17352,412,,,628.74,2025-10-22
17353,160,1863,,,2025-10-22
17354,46,2848,4,745.3,2025-10-22
17355,5,2701,1,201.09,2025-10-22
17356,177,2873,1??,652.82??,2025-10-22
17357,223,2909,5,679.14,2025-10-22
17358,176,2446,2---,475.79,2025-10-22
17359,414,2238,1,245.35,2025-10-22
17360,48,355,4,,2025-10-22
17361,433,823,1,494.44---,2025-10-22
17362,370,,3,604.48,2025-10-22
17363,246,2120,5,,2025-10-22
17364,141,2260,2,602.55,2025-10-22
17365,68,,5,817.14,2025-10-22
17366,87,2519,4,379.38,2025-10-22
17367,22,2331,2,85.88,2025-10-22
17368,347---,1596??,1,280.08,2025-10-22
17369,55,1634,4,,2025-10-22
17370,298,869,4,,2025-10-22
17371,305,492,2,398.85??,2025-10-22
17372,344,704 ,2,925.4,2025-10-22
17373,427,,3,522.79,2025-10-23
17374,66,727,1,604.37,2025-10-23
17375,,164,4,815.38,2025-10-23
17376,,933,1,280.21,2025-10-23
17377,233,550,1,896.34,2025-10-23
17378,413,876,2,488.56,2025-10-23
17379,46,1918,3,,2025-10-23
17380,131,2712,1---,554.81,2025-10-23
17381,464,2495,3,967.59,2025-10-23
17382,442,1354,5,,2025-10-23
17383,153,2870,1,118.03,2025-10-23
17384,256,1867,1,418.38,2025-10-23
17385,165,1626,2,709.09,2025-10-23
17386,64,850,20,149.34,2025-10-23
17387,185,512,1,542.3,2025-10-23
17388,191,1919,3,493.52,2025-10-23
17389,,1068,1,,2025-10-23
17390,12,2917,3,810.58,2025-10-23
17391,180,1523,5,262.7,2025-10-23
17392,190,322,5,461.29,2025-10-23
17393,268,2612,3,,2025-10-23
17394,389,2584,1,499.35,2025-10-23
17395,368,216,1,614.3,2025-10-23
17396,5,1402,,201.09,2025-10-23
17397,231,2571,2,585.37,2025-10-23
17398,129,2888,2,392.23,2025-10-23
17399,273,,1,84.32,2025-10-23
17400,56,256,2,336.23,2025-10-23
17401,92,280,2,261.06,2025-10-23
17402,103,1361,2,399.04,2025-10-23
17403,404,2030,1,,2025-10-23
17404,169,1291,3,257.94,2025-10-23
17405,364,2230,2,531.62,2025-10-23
17406,148,1758,1,,2025-10-23
17407,,2143,1,,2025-10-23
17408,389---,1509,3,499.35,2025-10-23
17409,,406,2,542.3,2025-10-23
17410,93,2806,2,,2025-10-23
17411,316,,2---,466.97,2025-10-23
17412,453,823,1,,2025-10-23
17413,382,2331,2,427.52,2025-10-23
17414,34,,3---,378.62,2025-10-23
17415,358,2693,2,186.46,2025-10-23
17416,146,2872,2,266.77,2025-10-23
17417,217,2311,4,710.49,2025-10-23
17418,121,834,,653.67,2025-10-23
17419,478,1470,3,537.53 ,2025-10-23
17420,261,2184,5??,982.83,2025-10-23
17421,83,1462,1,706.86,2025-10-23
17422,409,197,1,845.34,2025-10-23
17423,294??,1600,2,739.48,2025-10-23
17424,14,76,1,546.15,2025-10-23
17425,401,604,10,,2025-10-23
17426,226,2019,4,209.79,2025-10-23
17427,7,1821,2,378.16??,2025-10-23
17428,141,1189,5,602.55,2025-10-23
17429,256,840,5,418.38,2025-10-23
17430,214,,2??,225.33,2025-10-23
17431,278,813,2,349.92,2025-10-23
17432,87,2702,20,379.38,2025-10-23
17433,147??,1134,4,755.36,2025-10-23
17434,26,977,1,,2025-10-23
17435,96,963,2,168.18,2025-10-23
17436,309,849,2,645.12,2025-10-23
17437,232,104,4,860.62??,2025-10-23
17438,431,1260,1,272.8,2025-10-23
17439,4,500,3,587.27---,2025-10-23
17440,43,300,1,152.82,2025-10-23
17441,289,957,2,,2025-10-23
17442,238,1327,3,875.47,2025-10-23
17443,377,1920,1,588.92,2025-10-23
17444,247,966,1,,2025-10-23
17445,297,1367,3,745.77,2025-10-23
17446,439,751,3,884.89,2025-10-23
17447,229,,1,657.87,2025-10-23
17448,323,1819,2,347.62,2025-10-23
17449,6,2086,5,284.23,2025-10-23
17450,41,328,,120.07 ,2025-10-23
17451,81,1333,3,427.72,2025-10-23
17452,214,2611,4,225.33,2025-10-23
17453,,1094,2,839.54 ,2025-10-23
17454,211,1732,1,527.98,2025-10-23
17455,420,1807,3 ,694.13,2025-10-23
17456,134,668,3,,2025-10-23
17457,228,2929,5,496.54,2025-10-23
17458,178,2161,,934.32,2025-10-23
17459,288,2023,1,448.78,2025-10-23
17460,121,2048,2,,2025-10-23
17461,322,390,,253.21,2025-10-23
17462,155,2561,1,657.22,2025-10-23
17463,,2964,1,559.88,2025-10-23
17464,119,1398,1,1025.32,2025-10-23
17465,364,1791,1,531.62,2025-10-23
17466,275,184,1,270.69,2025-10-23
17467,282,2987,1,514.12,2025-10-23
17468,425,750,2,99.98,2025-10-23
17469,333,2549,5,418.84,2025-10-23
17470,170,629,1,700.59,2025-10-23
17471,349,,2,464.38,2025-10-23
17472,420,209 ,,694.13,2025-10-23
17473,196,1775---,5,,2025-10-23
17474,439,747,1---,884.89,2025-10-23
17475,76,620,2,157.63,2025-10-23
17476,19,1094,1,386.73,2025-10-23
17477,118,1487,2,737.58,2025-10-23
17478,101,2672,1,76.75,2025-10-23
17479,68,1586---,1,817.14,2025-10-23
17480,430,868,2,,2025-10-23
17481,99,,4,328.52,2025-10-23
17482,385,906,2,509.11 ,2025-10-23
17483,280 ,1719,5,234.31??,2025-10-23
17484,179,2783,3,355.87,2025-10-24
17485,325,2321 ,1,661.39,2025-10-24
17486,55,454,2,182.86---,2025-10-24
17487,,,5,247.12,2025-10-24
17488,244,190,1,951.6,2025-10-24
17489,103,1758,1,399.04,2025-10-24
17490,206,240,2,401.24,2025-10-24
17491,,2332,1,924.03,2025-10-24
17492,,1966,1,868.35,2025-10-24
17493,264,2784,3---,758.53,2025-10-24
17494,497,,2,513.71,2025-10-24
17495,38,688,,147.85,2025-10-24
17496,53,29,3,552.85,2025-10-24
17497,397,,3,637.91,2025-10-24
17498,417,2384,4,195.05,2025-10-24
17499,69,235,3,373.1,2025-10-24
17500,497,2954,1,513.71,2025-10-24
17501,226,2464,3---,209.79,2025-10-24
17502,498,1225,1,369.08,2025-10-24
17503,336 ,1334,1,914.9,2025-10-24
17504,382,2347,1,,2025-10-24
17505,,367,1,305.61,2025-10-24
17506,206,108??,1,401.24,2025-10-24
17507,373,1298,5,186.09,2025-10-24
17508,158,2912,1,872.08,2025-10-24
17509,419,1349,1,138.89,2025-10-24
17510,129,2799,3,392.23,2025-10-24
17511,346,11,5,555.77,2025-10-24
17512,413,1844,2,488.56,2025-10-24
17513,152,526,2,,2025-10-24
17514,156,2656,2,399.02,2025-10-24
17515,369,1885,3,410.57,2025-10-24
17516,174,75,4,503.59,2025-10-24
17517,300,309??,3,783.08---,2025-10-24
17518,348??,2219,4,393.07,2025-10-24
17519,106,894,3,207.59,2025-10-24
17520,480,,3,702.9,2025-10-24
17521,45,1280,2,,2025-10-24
17522,282,1669,1,514.12,2025-10-24
17523,102,106,3,873.82,2025-10-24
17524,104,2057,4,855.17,2025-10-24
17525,471,1305,4,766.82,2025-10-24
17526,481,2497,1,479.02,2025-10-24
17527,116,2523,1,280.21,2025-10-24
17528,491,2674,1,874.7,2025-10-24
17529,23---,1182,10,719.34,2025-10-24
17530,418,670,,394.38,2025-10-24
17531,465,,3,441.81 ,2025-10-24
17532,431,2860,2,272.8,2025-10-24
17533,340,1194,4,575.1---,2025-10-24
17534,428,1884,1,856.4??,2025-10-24
17535,,,10,418.84,2025-10-24
17536,429,1506,1,299.59,2025-10-24
17537,370??,,2,604.48,2025-10-24
17538,229,2100,1 ,657.87,2025-10-24
17539,38,857,1---,147.85,2025-10-24
17540,338 ,1029,1,187.05,2025-10-24
17541,327,1403,1,,2025-10-24
17542,284,2135,4,564.02,2025-10-24
17543,217,1894,2,710.49,2025-10-24
17544,461,536,3,292.66,2025-10-24
17545,130,831,10,839.05,2025-10-24
17546,437,889,4,873.74,2025-10-24
17547,35,1612,5,198.91,2025-10-24
17548,376,2937,,884.87,2025-10-24
17549,128,1782,1,816.32,2025-10-24
17550,125,118,1,186.6,2025-10-24
17551,77,1870,4,975.6,2025-10-24
17552,272,329,4,196.75,2025-10-24
17553,362,1331,4,763.92,2025-10-24
17554,326,758,3,648.98,2025-10-24
17555,394,538,3,554.78,2025-10-24
17556,104,1347,3,855.17,2025-10-24
17557,99,2766,10,328.52,2025-10-24
17558,427,936,3,522.79,2025-10-24
17559,268,2264,2,,2025-10-24
17560,133,2017,1,572.29,2025-10-24
17561,227,2680,2,309.72,2025-10-24
17562,24,2025,1,891.92,2025-10-24
17563,316,2430,2,466.97,2025-10-24
17564,306,516,1,132.33,2025-10-24
17565,,717,,567.8,2025-10-24
17566,300,2707,1,783.08---,2025-10-24
17567,182,193,10,378.55,2025-10-24
17568,4,327,3,587.27,2025-10-24
17569,142,1218,1,858.79,2025-10-24
17570,12,2242,3,810.58,2025-10-24
17571,115,889,2,,2025-10-24
17572,426,1435,1,904.53,2025-10-24
17573,104,4,2,855.17,2025-10-24
17574,458,1919,1,912.05---,2025-10-24
17575,113,413---,2,159.84,2025-10-24
17576,124,1796,2,887.58,2025-10-24
17577,91,42,1,230.02,2025-10-24
17578,252,1212,4,836.52,2025-10-24
17579,148,686,3,,2025-10-24
17580,458,2343,5 ,912.05---,2025-10-24
17581,190---,1985,5,461.29,2025-10-24
17582,481,1250,5,479.02,2025-10-24
17583,442,2120,10,914.26,2025-10-24
17584,394,,1,554.78,2025-10-24
17585,149??,919,1,487.7,2025-10-24
17586,236,2579,2,589.35,2025-10-24
17587,479,586,,361.65,2025-10-24
17588,12,1120,1,810.58,2025-10-24
17589,56,1417 ,3,336.23,2025-10-24
17590,340,,1,575.1---,2025-10-24
17591,371,971,4,348.36,2025-10-24
17592,279,1933,10,833.88,2025-10-24
17593,52,1403,1,782.67,2025-10-24
17594,101,1400,5,76.75,2025-10-24
17595,423,2728,2,712.19,2025-10-25
17596,155,313,5,657.22,2025-10-25
17597,464,2785,1,967.59,2025-10-25
17598,52,2509,1,782.67,2025-10-25
17599,494,1141,3,510.63,2025-10-25
17600,313,,1,256.73,2025-10-25
17601,,883,1,237.09,2025-10-25
17602,359,1816,1,93.44,2025-10-25
17603,162,2629,1,669.67---,2025-10-25
17604,474 ,,3,,2025-10-25
17605,311,1720,1,713.33,2025-10-25
17606,224,983,2,,2025-10-25
17607,8,,3,335.13,2025-10-25
17608,277,637,,840.11,2025-10-25
17609,159,1677,5,237.25,2025-10-25
17610,174,2010,1,503.59,2025-10-25
17611,270,350,2,298.5,2025-10-25
17612,370,2255 ,1,,2025-10-25
17613,458 ,1764,2,912.05---,2025-10-25
17614,221,2119,4,981.95,2025-10-25
17615,148,1182,1,,2025-10-25
17616,372,2376,4,,2025-10-25
17617,443,2106,1,933.58,2025-10-25
17618,434,2613,20,911.31,2025-10-25
17619,221,1823,3,981.95,2025-10-25
17620,358??,1948,4,186.46,2025-10-25
17621,87,929 ,2,379.38,2025-10-25
17622,278,,2,349.92,2025-10-25
17623,7,,4,378.16,2025-10-25
17624,209,49,2,748.09,2025-10-25
17625,158,2323,,872.08,2025-10-25
17626,161,1854,1,480.94,2025-10-25
17627,,2524,3,856.4,2025-10-25
17628,,1395,1,745.3,2025-10-25
17629,439,454,2,884.89,2025-10-25
17630,112,155,1,110.65,2025-10-25
17631,302,2734,1,467.1,2025-10-25
17632,437,2220,,873.74 ,2025-10-25
17633,159,3,2,237.25 ,2025-10-25
17634,91,1815,2,230.02,2025-10-25
17635,304,2328,1,375.79,2025-10-25
17636,343,1970,2,806.55,2025-10-25
17637,122,179,1,392.48,2025-10-25
17638,29---,1722,2,,2025-10-25
17639,251,16,10,511.82,2025-10-25
17640,245,2596,1,676.36,2025-10-25
17641,446,2953,2,,2025-10-25
17642,478,1362,1---,537.53,2025-10-25
17643,,1039,1,554.78,2025-10-25
17644,281,1562,2,186.79,2025-10-25
17645,439,2620 ,1,884.89,2025-10-25
17646,94,2706,3,996.96,2025-10-25
17647,414,1212,3,245.35,2025-10-25
17648,194,1486,2,154.3,2025-10-25
17649,262,501,3,75.74,2025-10-25
17650,368,846,1,614.3,2025-10-25
17651,224,370,4,835.41,2025-10-25
17652,490,31,1??,,2025-10-25
17653,404,579,10,,2025-10-25
17654,,485,1,118.03,2025-10-25
17655,186,2337,10,873.65,2025-10-25
17656,461,2709,1,292.66,2025-10-25
17657,205,1051,2,589.26,2025-10-25
17658,248,339,2,452.25,2025-10-25
17659,216,1901,1,465.22,2025-10-25
17660,383,1630,4,682.42,2025-10-25
17661,351,797,1,787.87,2025-10-25
17662,216,559,10 ,465.22,2025-10-25
17663,,2368,,187.05,2025-10-25
17664,408,,,643.91,2025-10-25
17665,289,1655,1,,2025-10-25
17666,81,2086,1,427.72,2025-10-25
17667,84,2604,1,468.69,2025-10-25
17668,362,956,5,763.92,2025-10-25
17669,18,1860,2,467.06,2025-10-25
17670,328,2386,5,413.2,2025-10-25
17671,340,,2,575.1---,2025-10-25
17672,358,2427,,186.46,2025-10-25
17673,247,1858,,,2025-10-25
17674,350,913,5,659.64,2025-10-25
17675,188,2088,2,908.84,2025-10-25
17676,79,2484,3,567.8,2025-10-25
17677,85,2592,3,181.5,2025-10-25
17678,98,2269,2 ,332.9,2025-10-25
17679,55,1231,1,182.86,2025-10-25
17680,357,2194,1,159.21,2025-10-25
17681,263,1560,20,541.16,2025-10-25
17682,378,712,2,305.61,2025-10-25
17683,258,456,1,689.11,2025-10-25
17684,136 ,331,1,787.54,2025-10-25
17685,475??,805,1,626.39,2025-10-25
17686,229,773,3,,2025-10-25
17687,61,601,2---,116.62,2025-10-25
17688,1,2130,1,715.23 ,2025-10-25
17689,390,487,1,,2025-10-25
17690,110,2502,5,704.9??,2025-10-25
17691,,1825,3,787.87---,2025-10-25
17692,289,702,1,,2025-10-25
17693,10,46,5,173.6,2025-10-25
17694,198,1174,2,213.46,2025-10-25
17695,74,1332,2,,2025-10-25
17696,114,459,5,583.63,2025-10-25
17697,204,2113,1,,2025-10-25
17698,474,2073,1,,2025-10-25
17699,213,1929 ,3??,932.88,2025-10-25
17700,479,2652,1,361.65,2025-10-25
17701,96,1610,2,168.18,2025-10-25
17702,479,1252,3,361.65,2025-10-25
17703,173,612,5,722.69 ,2025-10-25
17704,466,1078,3,760.02,2025-10-25
17705,,1875,,531.62,2025-10-25
17706,358,394,3,186.46,2025-10-26
17707,39---,1516,4,228.38 ,2025-10-26
17708,462,297,3,754.85,2025-10-26
17709,345,2723,2,838.18,2025-10-26
17710,,1345,5,731.8,2025-10-26
17711,113,217,3,159.84,2025-10-26
17712,144,1949,1,699.06,2025-10-26
17713,30,,3,334.63,2025-10-26
17714,300,932,2,783.08---,2025-10-26
17715,412,827,2,628.74,2025-10-26
17716,424,2589,2,607.96,2025-10-26
17717,465,1544,2,441.81 ,2025-10-26
17718,329,1212,3,589.72,2025-10-26
17719,461,152,1,292.66,2025-10-26
17720,336,2461,1,914.9,2025-10-26
17721,5,,2,201.09,2025-10-26
17722,351,2972,2,787.87,2025-10-26
17723,306,578,1,132.33,2025-10-26
17724,388,2291,3,379.24,2025-10-26
17725,343,1574,3,,2025-10-26
17726,121,79,1,653.67,2025-10-26
17727,313,2045---,1,256.73,2025-10-26
17728,96,770,,,2025-10-26
17729,275,178,2,270.69,2025-10-26
17730,23,1330,5,719.34,2025-10-26
17731,226,895,,209.79,2025-10-26
17732,41,166,1,120.07,2025-10-26
17733,476,2283,5,234.47,2025-10-26
17734,246,1396,1,108.35,2025-10-26
17735,91,1642,10,230.02,2025-10-26
17736,407,1674,,323.97,2025-10-26
17737,249,2179,2,386.0,2025-10-26
17738,,2041,10,555.77,2025-10-26
17739,346,2302,3,555.77,2025-10-26
17740,,2340,1,246.39,2025-10-26
17741,329,1910,1,589.72,2025-10-26
17742,407,859,1,323.97,2025-10-26
17743,434,1189,4,911.31,2025-10-26
17744,458,13,5---,912.05---,2025-10-26
17745,384,2050,2,,2025-10-26
17746,177,62,2,652.82,2025-10-26
17747,209,1548,4,748.09,2025-10-26
17748,124,1255,2,887.58,2025-10-26
17749,169,,1,,2025-10-26
17750,,2003,4,418.84 ,2025-10-26
17751,216,556,1,,2025-10-26
17752,,1639,2,319.21,2025-10-26
17753,343,2676,1,806.55,2025-10-26
17754,441,43,4,773.78,2025-10-26
17755,42,2071,5,372.32,2025-10-26
17756,450,470,2,325.2,2025-10-26
17757,327,645,2,,2025-10-26
17758,370,2545,2,604.48,2025-10-26
17759,404,2596,3,None ,2025-10-26
17760,448,2196,5,459.14,2025-10-26
17761,414,1161,1,245.35,2025-10-26
17762,171,917,3,914.96,2025-10-26
17763,163 ,2205---,1,435.68,2025-10-26
17764,135,2965,2,1010.19,2025-10-26
17765,,2747,5,998.68,2025-10-26
17766,62 ,1266---,4,864.4,2025-10-26
17767,172,255,2,927.62,2025-10-26
17768,380,1812,2,728.24,2025-10-26
17769,148,199,1,,2025-10-26
17770,288,2579,2,448.78,2025-10-26
17771,465,1944,5,441.81 ,2025-10-26
17772,366,2438,3,773.63,2025-10-26
17773,273 ,1873,5,84.32,2025-10-26
17774,280,245,3,234.31??,2025-10-26
17775,86,2769,1,903.56,2025-10-26
17776,402 ,576,1,851.77,2025-10-26
17777,219,2690,5,604.87,2025-10-26
17778,59,160---,1,,2025-10-26
17779,96,2207,2,168.18---,2025-10-26
17780,240---,667,1,841.37,2025-10-26
17781,242,2631,3??,732.54,2025-10-26
17782,,2052,1,218.0,2025-10-26
17783,355,2010,1,336.39,2025-10-26
17784,402,2136,1 ,851.77,2025-10-26
17785,61,2490,1,116.62,2025-10-26
17786,359,,1,93.44,2025-10-26
17787,47,1204,2,979.1,2025-10-26
17788,477,836,3??,168.82,2025-10-26
17789,58,1206,1,994.69,2025-10-26
17790,416,2496,1,227.15,2025-10-26
17791,33,1978,2,153.28,2025-10-26
17792,403,1871,,426.25,2025-10-26
17793,274,487,10,,2025-10-26
17794,306,1683,2,132.33---,2025-10-26
17795,163,2010,2,435.68,2025-10-26
17796,199,2953,5,559.88,2025-10-26
17797,,1967,2,535.76,2025-10-26
17798,25,2409,2,357.09,2025-10-26
17799,18,1219,1,467.06,2025-10-26
17800,329,2503,3,589.72,2025-10-26
17801,227,570,20,309.72,2025-10-26
17802,220,821,4??,222.79,2025-10-26
17803,96,2183??,4,168.18,2025-10-26
17804,446,1266,10,85.62,2025-10-26
17805,221,2283,3??,981.95,2025-10-26
17806,290,2888,3,774.21,2025-10-26
17807,208,2089,1,529.71??,2025-10-26
17808,132 ,2743,10??,240.09??,2025-10-26
17809,465,2404---,2,441.81 ,2025-10-26
17810,484,438,4,816.36,2025-10-26
17811,245,2467,20,676.36,2025-10-26
17812,393,1585,1,704.08,2025-10-26
17813,463,585,4,,2025-10-26
17814,436,,1,544.14,2025-10-26
17815,74,339,1,1024.02,2025-10-26
17816,235,2266,3,475.17,2025-10-26
17817,389,2630,2,499.35,2025-10-27
17818,359,1903,5,93.44,2025-10-27
17819,143,2669,1---,181.27,2025-10-27
17820,434,307,4,911.31,2025-10-27
17821,413,2116,5,488.56,2025-10-27
17822,401,1894,2,,2025-10-27
17823,39,1265,20,228.38,2025-10-27
17824,316,1611,3,,2025-10-27
17825,299??,1264,2,840.59,2025-10-27
17826,391,1605,2,537.68,2025-10-27
17827,367,2842,10,503.81,2025-10-27
17828,456,1259,4,528.57,2025-10-27
17829,156,1760,5,399.02,2025-10-27
17830,74,161,4,1024.02,2025-10-27
17831,55,76,2,182.86,2025-10-27
17832,138,463,20,641.47,2025-10-27
17833,341 ,,2,389.03,2025-10-27
17834,327,2859,2,,2025-10-27
17835,446,2691,3,85.62,2025-10-27
17836,376,1931,4,884.87,2025-10-27
17837,98,2444,5,332.9,2025-10-27
17838,83,2114,4,706.86,2025-10-27
17839,17,1025,2,1024.6,2025-10-27
17840,115,361,,971.71---,2025-10-27
17841,139,2389---,2,,2025-10-27
17842,26,125,1,,2025-10-27
17843,71,1191,3,116.08,2025-10-27
17844,309,1201,4,645.12,2025-10-27
17845,439,40,1,884.89,2025-10-27
17846,309,2023,2,,2025-10-27
17847,114,596,3,583.63,2025-10-27
17848,256,376,2,418.38,2025-10-27
17849,104 ,2146,2,855.17,2025-10-27
17850,54,1542,5,472.78,2025-10-27
17851,4,165,3,587.27,2025-10-27
17852,418,1134,1,394.38,2025-10-27
17853,486,24,1,860.43,2025-10-27
17854,348,1290,1 ,393.07,2025-10-27
17855,390,231,3,,2025-10-27
17856,387,1295,3,680.0,2025-10-27
17857,247,2532,5,,2025-10-27
17858,351,423,1,787.87,2025-10-27
17859,224,227,5,835.41---,2025-10-27
17860,404,516,5 ,None??,2025-10-27
17861,161,1309,2,480.94,2025-10-27
17862,26,572 ,10,,2025-10-27
17863,192,1112,20,595.75,2025-10-27
17864,170,1619,2,700.59,2025-10-27
17865,311,780,1,713.33,2025-10-27
17866,282,2537,3,514.12,2025-10-27
17867,17,1524,1,1024.6,2025-10-27
17868,73,1595,1,831.62,2025-10-27
17869,198,,20,213.46,2025-10-27
17870,122,783,4,,2025-10-27
17871,101,2668,5,76.75,2025-10-27
17872,304,505,1 ,375.79,2025-10-27
17873,80,2377,3,402.48,2025-10-27
17874,148,1925,3,,2025-10-27
17875,,2284,2,,2025-10-27
17876,120,1585,2,,2025-10-27
17877,281,1752,1---,186.79,2025-10-27
17878,321,,1,200.36,2025-10-27
17879,455,1700,2,167.11,2025-10-27
17880,430,1584,2,815.38,2025-10-27
17881,34,2409,1,,2025-10-27
17882,167,2891,2,321.07,2025-10-27
17883,206,1707,2,401.24,2025-10-27
17884,270,1554,4,298.5,2025-10-27
17885,493,820,2,103.44??,2025-10-27
17886,406,1075,1,532.33,2025-10-27
17887,,,2,,2025-10-27
17888,296,,,871.21,2025-10-27
17889,370,2587,3,604.48,2025-10-27
17890,311,1083,3,713.33,2025-10-27
17891,274,,,186.15,2025-10-27
17892,104,812,1,855.17,2025-10-27
17893,394,98,1,554.78,2025-10-27
17894,318,508,3,311.94,2025-10-27
17895,136,1735,,787.54,2025-10-27
17896,423,2930,,712.19---,2025-10-27
17897,463,1453,2,927.87---,2025-10-27
17898,152,1083??,2??,,2025-10-27
17899,312,2342,5,692.62,2025-10-27
17900,396,2298,1??,629.9,2025-10-27
17901,299,,1,840.59,2025-10-27
17902,175,2807,1,842.59,2025-10-27
17903,379,1405,4,614.34,2025-10-27
17904,27,2750,,463.93,2025-10-27
17905,6,626,2,284.23,2025-10-27
17906,285,2341,3,535.38,2025-10-27
17907,48,286,3,,2025-10-27
17908,63,1343,1,,2025-10-27
17909,40,277,1,727.08,2025-10-27
17910,423,191,20,712.19,2025-10-27
17911,366,,1,773.63,2025-10-27
17912,229,1437,1,657.87,2025-10-27
17913,357,2172,10,159.21,2025-10-27
17914,,1634,5,347.62,2025-10-27
17915,36,2511,2,752.87,2025-10-27
17916,298,359,4,162.53,2025-10-27
17917,,1113,4,706.86,2025-10-27
17918,428,181,2,856.4,2025-10-27
17919,480,2811,3,702.9,2025-10-27
17920,287,593,1,365.42,2025-10-27
17921,201,952,1,199.44,2025-10-27
17922,97,1046,2,231.74,2025-10-27
17923,148,573---,5,,2025-10-27
17924,428,1651,2 ,856.4,2025-10-27
17925,199,2957 ,3,559.88---,2025-10-27
17926,33,998??,2,153.28,2025-10-27
17927,449,801,1,944.0,2025-10-27
17928,183,2389,1,386.71,2025-10-28
17929,185,2087,1,542.3,2025-10-28
17930,,153,5,160.65,2025-10-28
17931,189,975,,1027.84,2025-10-28
17932,72,2703,,163.35,2025-10-28
17933,7,1999,1,378.16,2025-10-28
17934,291,844,1,722.08??,2025-10-28
17935,,723,1,928.31---,2025-10-28
17936,185??,1293,2,542.3,2025-10-28
17937,448,,2,459.14,2025-10-28
17938,253,1819,5,550.0,2025-10-28
17939,478??,1899,4,537.53,2025-10-28
17940,417---,,5??,195.05,2025-10-28
17941,448,,2,459.14,2025-10-28
17942,93,1609,5,,2025-10-28
17943,,444,2,1011.56,2025-10-28
17944,118,1281,,737.58,2025-10-28
17945,310,2786,2,723.09 ,2025-10-28
17946,42,2494??,1,372.32,2025-10-28
17947,9,1002,2,606.63,2025-10-28
17948,53,1561 ,2,552.85,2025-10-28
17949,219,1556,1,604.87,2025-10-28
17950,400,1087,2,503.19,2025-10-28
17951,103,1474,1,399.04,2025-10-28
17952,,2030,2,840.59,2025-10-28
17953,251,604,1,511.82,2025-10-28
17954,124,2995,1,887.58,2025-10-28
17955,177,1483,1,652.82,2025-10-28
17956,461,1188,3,292.66,2025-10-28
17957,327,2088,1,,2025-10-28
17958,450,408,2,325.2,2025-10-28
17959,329,939,3,589.72,2025-10-28
17960,163,1806,3,435.68,2025-10-28
17961,105,667---,2,589.73,2025-10-28
17962,329,52,1,589.72,2025-10-28
17963,376,2073,2,884.87,2025-10-28
17964,246,2490,1,108.35,2025-10-28
17965,138,1498,1,641.47,2025-10-28
17966,24,2393,1,891.92,2025-10-28
17967,167,378,5,321.07,2025-10-28
17968,414,2178,3---,245.35,2025-10-28
17969,487,2236,1,237.09,2025-10-28
17970,59,1140,3,474.39,2025-10-28
17971,385,647,4---,509.11,2025-10-28
17972,347,1919,10,280.08,2025-10-28
17973,416,1196,1,227.15,2025-10-28
17974,171,999,2,914.96,2025-10-28
17975,466 ,414,2,760.02,2025-10-28
17976,193,2422---,2,217.33,2025-10-28
17977,70,942,2,624.95,2025-10-28
17978,370,2664,10,604.48,2025-10-28
17979,400,2439,5,503.19,2025-10-28
17980,172,1050,20---,,2025-10-28
17981,477,2240,1,168.82,2025-10-28
17982,442---,2265,1,914.26,2025-10-28
17983,225,2545,5 ,711.78,2025-10-28
17984,58,802,2,994.69,2025-10-28
17985,313,1460,4,256.73,2025-10-28
17986,127,2340,3,190.88,2025-10-28
17987,373,985---,2,186.09,2025-10-28
17988,151,1691,3,603.39,2025-10-28
17989,4,58,1,587.27,2025-10-28
17990,57??,1142??,1,222.83,2025-10-28
17991,366,1725,10,773.63,2025-10-28
17992,230,1666,4,193.39,2025-10-28
17993,230,121,1,193.39,2025-10-28
17994,270,2192,3,298.5---,2025-10-28
17995,253,2888,2,550.0,2025-10-28
17996,15,966 ,1,815.2,2025-10-28
17997,430,2310??,1,,2025-10-28
17998,484,177,1,816.36 ,2025-10-28
17999,4,1054---,,587.27,2025-10-28
18000,495,2119,2,533.13??,2025-10-28
18001,86,431,1,903.56,2025-10-28
18002,137,965,5,247.12,2025-10-28
18003,341,179,2,389.03,2025-10-28
18004,220,2416,1,222.79??,2025-10-28
18005,108,2814,3,528.81,2025-10-28
18006,453,2683,1,,2025-10-28
18007,75,1873,1,899.45,2025-10-28
18008,200,78,1,,2025-10-28
18009,424,1300??,1,607.96,2025-10-28
18010,69,1114,2,373.1,2025-10-28
18011,38,1419,4,147.85,2025-10-28
18012,405,2719,1,290.54,2025-10-28
18013,141,717,1,602.55,2025-10-28
18014,423,2089,2,712.19,2025-10-28
18015,187,2748,1,592.25,2025-10-28
18016,319,2272,5,690.64,2025-10-28
18017,449,,4,944.0 ,2025-10-28
18018,223,1293,10,679.14,2025-10-28
18019,366,2217,2,773.63,2025-10-28
18020,413,677,1,,2025-10-28
18021,266,267,1,401.69,2025-10-28
18022,432,2585,4,398.64,2025-10-28
18023,124,584,1,887.58,2025-10-28
18024,364??,2343,1,531.62,2025-10-28
18025,56,291,1---,336.23,2025-10-28
18026,99,762,5,328.52,2025-10-28
18027,204,2020,1,,2025-10-28
18028,373,1129,2,186.09,2025-10-28
18029,,1915,1 ,566.23,2025-10-28
18030,168,2617,1??,79.14,2025-10-28
18031,210,2633,2,928.31,2025-10-28
18032,480,409,,702.9,2025-10-28
18033,174,133,3,503.59,2025-10-28
18034,343,1489,1---,806.55,2025-10-28
18035,363,2804,2,92.9,2025-10-28
18036,336,1548,1,914.9,2025-10-28
18037,207,2883,1,771.97,2025-10-28
18038,402,2452,10,851.77,2025-10-28
18039,444,669,5??,1036.18,2025-10-29
18040,100,921,2,None??,2025-10-29
18041,57,2855,1 ,222.83,2025-10-29
18042,330,985,,558.84,2025-10-29
18043,167??,2244,2,321.07,2025-10-29
18044,187,2634,5,592.25,2025-10-29
18045,219,2594,2,604.87,2025-10-29
18046,336,1769,,914.9,2025-10-29
18047,162,1774,3,669.67,2025-10-29
18048,,2219,5,441.81 ,2025-10-29
18049,329,20,2,589.72,2025-10-29
18050,136,1888,3,787.54,2025-10-29
18051,456,428,1,528.57,2025-10-29
18052,283,1883,4,363.65,2025-10-29
18053,73,790,2,831.62,2025-10-29
18054,97,891,5,231.74,2025-10-29
18055,483,1010,3,259.65,2025-10-29
18056,52??,2654,1,782.67,2025-10-29
18057,280,1010,2,234.31??,2025-10-29
18058,19,732,1,386.73,2025-10-29
18059,244,,4,951.6,2025-10-29
18060,99,465,2,328.52,2025-10-29
18061,463,2230,4,927.87---,2025-10-29
18062,213,2752,2 ,932.88,2025-10-29
18063,110,1137,4,704.9??,2025-10-29
18064,187,2511,3,592.25 ,2025-10-29
18065,143,1068,5,181.27,2025-10-29
18066,,2769,2,682.42,2025-10-29
18067,172---,2909,3,927.62,2025-10-29
18068,282,2505,1,514.12,2025-10-29
18069,437,106,,873.74,2025-10-29
18070,150,728,1,,2025-10-29
18071,337,1864,5,600.31,2025-10-29
18072,22,590,1,85.88,2025-10-29
18073,345,886,10,838.18,2025-10-29
18074,328,1982,1,413.2,2025-10-29
18075,22,2654,4,85.88,2025-10-29
18076,87,2333,1,379.38,2025-10-29
18077,114,1231,2,583.63,2025-10-29
18078,97,2616,5,231.74,2025-10-29
18079,422,262,1,312.04,2025-10-29
18080,455,1659,2,167.11,2025-10-29
18081,488,2105,1,721.8,2025-10-29
18082,73,1860,3,831.62,2025-10-29
18083,262,,1,75.74,2025-10-29
18084,338,1361,1,187.05,2025-10-29
18085,,791,5---,589.72,2025-10-29
18086,227,2648,5,309.72,2025-10-29
18087,297,1511,1??,745.77,2025-10-29
18088,,868 ,5 ,181.5 ,2025-10-29
18089,210,772,3,928.31??,2025-10-29
18090,23,734,4,719.34,2025-10-29
18091,380,2603,10,728.24,2025-10-29
18092,405,482,3,290.54,2025-10-29
18093,117,2711,2 ,232.36---,2025-10-29
18094,487,1817,1,237.09,2025-10-29
18095,436,1825,10,544.14,2025-10-29
18096,486,599,1,860.43,2025-10-29
18097,26,1206,5,,2025-10-29
18098,21,2397,3,374.08,2025-10-29
18099,297,2501,3,745.77,2025-10-29
18100,454,2574,1,690.74,2025-10-29
18101,447,1713,1,,2025-10-29
18102,270,2801,2,298.5,2025-10-29
18103,,63,1,363.65,2025-10-29
18104,329,325,2,589.72,2025-10-29
18105,153,,1,118.03,2025-10-29
18106,67,1673,1,123.92,2025-10-29
18107,224,794,3,835.41,2025-10-29
18108,8,1432,2,335.13,2025-10-29
18109,416,2306,5,227.15,2025-10-29
18110,97,742,20,231.74,2025-10-29
18111,1,1135,1 ,715.23,2025-10-29
18112,110,1460,5,704.9??,2025-10-29
18113,147,2505,3,755.36,2025-10-29
18114,25,1263,1,357.09,2025-10-29
18115,367,1454,2 ,503.81,2025-10-29
18116,380,2262,1,728.24,2025-10-29
18117,493,719,,103.44??,2025-10-29
18118,2,490,1,566.23,2025-10-29
18119,49,716,2,,2025-10-29
18120,404,1639 ,1,,2025-10-29
18121,473,2698,3,123.99??,2025-10-29
18122,127,1250,1,190.88,2025-10-29
18123,414,860,4,245.35,2025-10-29
18124,260,580,5,517.98 ,2025-10-29
18125,458,1100 ,4,912.05---,2025-10-29
18126,374,2960,5,711.19---,2025-10-29
18127,,101,2,943.44,2025-10-29
18128,486,1245,4,860.43,2025-10-29
18129,171,2471,1,914.96,2025-10-29
18130,415,2020,1,649.87,2025-10-29
18131,424,2613,3,607.96,2025-10-29
18132,140,596,5,822.22,2025-10-29
18133,103??,674,2,399.04,2025-10-29
18134,223,2097,2,679.14,2025-10-29
18135,434,663,2,911.31,2025-10-29
18136,328,941,1??,413.2??,2025-10-29
18137,298---,1086,,162.53,2025-10-29
18138,290,366---,1 ,,2025-10-29
18139,179,2705,2---,355.87,2025-10-29
18140,445,2289,2,365.38,2025-10-29
18141,155,1158,20,657.22 ,2025-10-29
18142,305,785,1,398.85,2025-10-29
18143,,340,2,682.42,2025-10-29
18144,,957,2,100.09??,2025-10-29
18145,,1817,1,472.78,2025-10-29
18146,469,239,4,953.09,2025-10-29
18147,255,2954,5??,246.39,2025-10-29
18148,255,2442??,1,246.39,2025-10-29
18149,229,307,1,657.87,2025-10-29
18150,415,617,2,649.87,2025-10-30
18151,258,2908,1,689.11,2025-10-30
18152,80,1939,1,402.48,2025-10-30
18153,359,1129,3,93.44,2025-10-30
18154,8,759,2,335.13??,2025-10-30
18155,59,1608,2,474.39,2025-10-30
18156,73,424,2,831.62,2025-10-30
18157,182,809??,1---,378.55,2025-10-30
18158,170,52---,1,700.59,2025-10-30
18159,154,313,5 ,730.08,2025-10-30
18160,385,581,10,509.11,2025-10-30
18161,171,1774,1,914.96,2025-10-30
18162,294,2531,20,739.48,2025-10-30
18163,12,672,1,810.58,2025-10-30
18164,474,1380,2,,2025-10-30
18165,176,16,,475.79,2025-10-30
18166,261,932,1,982.83,2025-10-30
18167,466,2022,,760.02,2025-10-30
18168,383,1804,2,682.42,2025-10-30
18169,33,2775,2,153.28,2025-10-30
18170,118,,1,737.58,2025-10-30
18171,274,1093,1,186.15,2025-10-30
18172,270,2795,3,298.5,2025-10-30
18173,10,855,5,173.6,2025-10-30
18174,265,2006,1,754.56,2025-10-30
18175,100,250,1,None---,2025-10-30
18176,226,2774,1,209.79,2025-10-30
18177,392,125,4,,2025-10-30
18178,167,577,1,321.07,2025-10-30
18179,3,2427,2,311.35---,2025-10-30
18180,28,2203,1,699.64,2025-10-30
18181,,1655,2,,2025-10-30
18182,240,179,1,841.37,2025-10-30
18183,8,1971,2,335.13,2025-10-30
18184,246,1611,1,108.35,2025-10-30
18185,210,664,4,928.31,2025-10-30
18186,250 ,2992,3,119.79,2025-10-30
18187,138,732,3,641.47,2025-10-30
18188,243,129,3,435.09,2025-10-30
18189,362,2475,5,763.92,2025-10-30
18190,422,139??,1---,312.04,2025-10-30
18191,115,1976,2,971.71---,2025-10-30
18192,236,2908,3,589.35,2025-10-30
18193,14,1077,1,546.15,2025-10-30
18194,255,1661,3,246.39,2025-10-30
18195,189,2019,2,1027.84,2025-10-30
18196,36,34,2,752.87,2025-10-30
18197,345,2620,1,838.18,2025-10-30
18198,129,922,1,392.23,2025-10-30
18199,242,2105,2,732.54,2025-10-30
18200,192,1672,2,595.75,2025-10-30
18201,240,2185,1,841.37,2025-10-30
18202,172,59,2,927.62,2025-10-30
18203,449,2384,10,944.0,2025-10-30
18204,246,696,2,108.35,2025-10-30
18205,346,2551,2,555.77,2025-10-30
18206,410,2553,3,81.87,2025-10-30
18207,151,1308??,5,603.39,2025-10-30
18208,224,1638,1,835.41,2025-10-30
18209,498,490,4,369.08,2025-10-30
18210,122,1592,1,392.48,2025-10-30
18211,287---,1670,2,365.42,2025-10-30
18212,151,,,603.39,2025-10-30
18213,444,744,5---,1036.18,2025-10-30
18214,14,1689,2,546.15,2025-10-30
18215,479,,1,361.65,2025-10-30
18216,385,2167,1,509.11,2025-10-30
18217,253,1243,1,550.0,2025-10-30
18218,97,797,5,231.74,2025-10-30
18219,456??,2528,2,528.57 ,2025-10-30
18220,491,1610,1,874.7,2025-10-30
18221,212,685,5,952.19,2025-10-30
18222,433,2398??,10,494.44,2025-10-30
18223,76,1854,1,157.63,2025-10-30
18224,492??,2614,1,847.03,2025-10-30
18225,250,349,5,,2025-10-30
18226,154,2830,1,730.08,2025-10-30
18227,253,1766,2??,550.0,2025-10-30
18228,416,1462,2,227.15,2025-10-30
18229,250,2695,2,119.79,2025-10-30
18230,227,2729,3,309.72,2025-10-30
18231,169,2710,2,257.94,2025-10-30
18232,202,2899,1,480.12,2025-10-30
18233,272,527,1,196.75,2025-10-30
18234,181,1950,1,508.98,2025-10-30
18235,230,2325,5,193.39,2025-10-30
18236,347??,2261,1,280.08,2025-10-30
18237,373,747,5,186.09,2025-10-30
18238,65,1234,,508.17,2025-10-30
18239,222,320,1,681.73,2025-10-30
18240,235,510,1,475.17,2025-10-30
18241,189,758,1,1027.84,2025-10-30
18242,114,949,1,583.63,2025-10-30
18243,269---,2780,1,617.46,2025-10-30
18244,113,623,2,,2025-10-30
18245,59,1781,2,474.39,2025-10-30
18246,192,569,20,595.75,2025-10-30
18247,338,,1,187.05,2025-10-30
18248,385,471,1,509.11,2025-10-30
18249,463,562,5,927.87---,2025-10-30
18250,426,757,5,904.53,2025-10-30
18251,,443,5,732.54,2025-10-30
18252,422,2842,3,312.04,2025-10-30
18253,245,2683,1,676.36,2025-10-30
18254,51,1561,2,79.43,2025-10-30
18255,238,588,3,875.47,2025-10-30
18256,495,547,20,533.13,2025-10-30
18257,77,,,975.6,2025-10-30
18258,475,1281,5,626.39,2025-10-30
18259,162,1922,3,669.67,2025-10-30
18260,255,,4,246.39,2025-10-30
18261,469,7,1,953.09,2025-10-31
18262,427,1241,,522.79,2025-10-31
18263,4,1511,1,,2025-10-31
18264,400,2850,2,503.19,2025-10-31
18265,318,2011,2,311.94,2025-10-31
18266,386,2322??,4,919.81 ,2025-10-31
18267,44,,3,460.78,2025-10-31
18268,188,157,1,908.84,2025-10-31
18269,470,1875,2,998.68,2025-10-31
18270,64,2433,2,149.34,2025-10-31
18271,11,1529,4,491.64,2025-10-31
18272,194,1348 ,4,154.3,2025-10-31
18273,95,742,1,1027.63,2025-10-31
18274,12,1817,4,810.58,2025-10-31
18275,228,354,4,496.54,2025-10-31
18276,465,2309,5,441.81 ,2025-10-31
18277,408,1217,2,643.91,2025-10-31
18278,460,2404,4,895.71,2025-10-31
18279,81,2655,20,427.72,2025-10-31
18280,337,2473,1,600.31,2025-10-31
18281,13,2128,3,548.34,2025-10-31
18282,233,2219,5,896.34,2025-10-31
18283,378,1409,1---,305.61,2025-10-31
18284,260,,10,517.98 ,2025-10-31
18285,450,1521,,325.2,2025-10-31
18286,326,1660,1,648.98,2025-10-31
18287,225,992,4,711.78,2025-10-31
18288,444---,1043,2,1036.18,2025-10-31
18289,434,825,1,911.31,2025-10-31
18290,327??,1689,1,,2025-10-31
18291,409,2796---,1,845.34,2025-10-31
18292,416,858,3,227.15??,2025-10-31
18293,446,2902??,1,85.62,2025-10-31
18294,98,2229??,1,332.9,2025-10-31
18295,238,,4,875.47,2025-10-31
18296,32,1845,1,478.74,2025-10-31
18297,173,301,4,722.69,2025-10-31
18298,449,170,1,944.0,2025-10-31
18299,483,455,2,259.65,2025-10-31
18300,229,1865,4,657.87,2025-10-31
18301,,1759,5,782.67,2025-10-31
18302,72,558,20,163.35,2025-10-31
18303,449,1588,2,,2025-10-31
18304,311,505,5,713.33,2025-10-31
18305,38,875,3,147.85,2025-10-31
18306,289,2709,2,,2025-10-31
18307,315,711,1,,2025-10-31
18308,492,339,4,847.03,2025-10-31
18309,279,2752,5,,2025-10-31
18310,444,2457,2,1036.18,2025-10-31
18311,,1808,20,332.9,2025-10-31
18312,270,1742,1,298.5,2025-10-31
18313,23,1144,3,719.34,2025-10-31
18314,10,651,,173.6,2025-10-31
18315,153,874,2,118.03,2025-10-31
18316,499,2344,,1011.56,2025-10-31
18317,152,2522,1,,2025-10-31
18318,92,2987,4---,261.06,2025-10-31
18319,66,,2,604.37,2025-10-31
18320,329,26,,589.72,2025-10-31
18321,157,1781---,3,290.7,2025-10-31
18322,147,2967,4,755.36,2025-10-31
18323,54,2288,10,472.78,2025-10-31
18324,179,1167,1,355.87,2025-10-31
18325,116,,3,280.21,2025-10-31
18326,305,1351,2,398.85,2025-10-31
18327,438,38,1,825.65,2025-10-31
18328,130??,528,3,839.05,2025-10-31
18329,42,1096,2,372.32,2025-10-31
18330,285,2606,1,535.38,2025-10-31
18331,150,1451,3 ,719.4,2025-10-31
18332,140,1971 ,1,822.22,2025-10-31
18333,224,2818??,3,835.41,2025-10-31
18334,446,2136,1,85.62,2025-10-31
18335,435,549,2,972.91,2025-10-31
18336,443,1899,1,933.58,2025-10-31
18337,,1209,2,217.33,2025-10-31
18338,7,2356,3,378.16,2025-10-31
18339,77,1534,3,975.6,2025-10-31
18340,5,383,3,201.09??,2025-10-31
18341,70,2542,1,624.95,2025-10-31
18342,275,2100,1,270.69---,2025-10-31
18343,202,1506,2,480.12,2025-10-31
18344,234,326,4,604.44,2025-10-31
18345,431,2372,1,272.8,2025-10-31
18346,97,2078,3,231.74---,2025-10-31
18347,290,1058,1,774.21,2025-10-31
18348,265,2021,1,754.56,2025-10-31
18349,176,2178,2,475.79---,2025-10-31
18350,240,1675,5,841.37,2025-10-31
18351,212,376,5---,952.19,2025-10-31
18352,315,1306,1,727.37,2025-10-31
18353,215,2924,1,498.59,2025-10-31
18354,80,2931,2,402.48,2025-10-31
18355,157,1337,2,290.7,2025-10-31
18356,7,1449,2,378.16,2025-10-31
18357,32,2996,1,478.74---,2025-10-31
18358,267,320,1,839.54,2025-10-31
18359,369,1916,1,410.57,2025-10-31
18360,330,2371,4,558.84,2025-10-31
18361,421,2779,1,618.46,2025-10-31
18362,37,2116,4,786.8,2025-10-31
18363,280,1769,20,234.31??,2025-10-31
18364,468,1733,10---,388.65,2025-10-31
18365,175,2113,1,842.59,2025-10-31
18366,103,369,2,399.04,2025-10-31
18367,459,1987,1,621.08,2025-10-31
18368,353,315,,709.75,2025-10-31
18369,305,1379,1,398.85,2025-10-31
18370,87,2548,5,379.38,2025-10-31
18371,190,2826,1,461.29,2025-10-31
18372,234,1226,5,604.44,2025-10-31
18373,252,1301 ,3,836.52,2025-11-01
18374,79,1227,2,567.8,2025-11-01
18375,224,1673,1,835.41,2025-11-01
18376,126,2179,1??,373.76 ,2025-11-01
18377,,2790,4,785.07,2025-11-01
18378,207??,2108,1,771.97,2025-11-01
18379,283,2290,4,363.65,2025-11-01
18380,488,153??,3,721.8,2025-11-01
18381,329,,2,589.72,2025-11-01
18382,292,1829,20,160.65,2025-11-01
18383,175,1954,1,,2025-11-01
18384,64,438,,149.34,2025-11-01
18385,143,1122,20,181.27,2025-11-01
18386,64,2312,3,149.34,2025-11-01
18387,30,2448,3,334.63,2025-11-01
18388,192,777,3,595.75,2025-11-01
18389,90,95,10,191.16,2025-11-01
18390,57,2628,5---,222.83,2025-11-01
18391,78,,1,555.77,2025-11-01
18392,201,1278,2,199.44,2025-11-01
18393,380,332,3,728.24,2025-11-01
18394,96,612,4,168.18,2025-11-01
18395,450,2577,,325.2,2025-11-01
18396,316,587,3,466.97,2025-11-01
18397,95,1365,1,1027.63,2025-11-01
18398,289,443,4,,2025-11-01
18399,,768,1,229.92,2025-11-01
18400,116,2836,1,280.21,2025-11-01
18401,194,,5,154.3,2025-11-01
18402,206,5,10,401.24,2025-11-01
18403,71,,2,116.08,2025-11-01
18404,313,1889,3,,2025-11-01
18405,446,1429,1,85.62---,2025-11-01
18406,267,1657,20,839.54,2025-11-01
18407,434,2549,1,911.31,2025-11-01
18408,478 ,2372,2,537.53,2025-11-01
18409,40,337,2,727.08,2025-11-01
18410,205,2428??,1,589.26,2025-11-01
18411,21,2372,2,374.08,2025-11-01
18412,79,2866,2,567.8,2025-11-01
18413,101,2512,1,76.75,2025-11-01
18414,152,1115,2,,2025-11-01
18415,49,,2??,,2025-11-01
18416,55,126,1,182.86,2025-11-01
18417,,2941,3??,466.97,2025-11-01
18418,39,1399,4,228.38,2025-11-01
18419,22---,1185,1,85.88,2025-11-01
18420,75,1142,1,899.45,2025-11-01
18421,478,2092,2,537.53,2025-11-01
18422,110,839,5,704.9??,2025-11-01
18423,456---,2128,1,528.57,2025-11-01
18424,81,2364,3 ,427.72,2025-11-01
18425,223,1603,1,679.14,2025-11-01
18426,241,1563,1,218.0,2025-11-01
18427,173,301,5,,2025-11-01
18428,160,478,2,924.03,2025-11-01
18429,123,2515,1,,2025-11-01
18430,461,2926,1,292.66,2025-11-01
18431,178 ,1406,2,934.32,2025-11-01
18432,90,2244,1,191.16,2025-11-01
18433,387,770,1,680.0,2025-11-01
18434,481,306,1,479.02,2025-11-01
18435,310,2803,1,723.09 ,2025-11-01
18436,123,1417,5,365.2,2025-11-01
18437,,1381,4,,2025-11-01
18438,2,2253,,566.23,2025-11-01
18439,457,1040,1,353.85,2025-11-01
18440,235,1401 ,1,475.17,2025-11-01
18441,325,898,3,661.39,2025-11-01
18442,335,2882,3,242.79,2025-11-01
18443,351,1054,1,787.87,2025-11-01
18444,312,1060,1,692.62,2025-11-01
18445,227,1657,2,,2025-11-01
18446,56,182,1,336.23,2025-11-01
18447,38,866,2,147.85 ,2025-11-01
18448,482,2593,3,411.28,2025-11-01
18449,67,864,3,123.92,2025-11-01
18450,5,2178,2,201.09,2025-11-01
18451,470,2159,3,998.68,2025-11-01
18452,26,881,3,,2025-11-01
18453,274,458,4,186.15,2025-11-01
18454,380 ,141,1,728.24,2025-11-01
18455,219,240,4,,2025-11-01
18456,209,2631,2,748.09,2025-11-01
18457,118,770,1,737.58,2025-11-01
18458,364,1294,4,531.62,2025-11-01
18459,50,470,4,1007.57,2025-11-01
18460,425,1132,4,99.98,2025-11-01
18461,31,2408,5,79.99,2025-11-01
18462,118,2931,1,737.58,2025-11-01
18463,156,2623,2,399.02,2025-11-01
18464,298,2143,1,162.53,2025-11-01
18465,318,707,4,311.94,2025-11-01
18466,203,2450,4,897.73---,2025-11-01
18467,242,2320,2,732.54,2025-11-01
18468,238,42,1,875.47,2025-11-01
18469,228,1565,1,496.54,2025-11-01
18470,74,2032,3,1024.02,2025-11-01
18471,69,1610,2,373.1,2025-11-01
18472,21,1631,5,374.08,2025-11-01
18473,201,147,1 ,199.44,2025-11-01
18474,427,2909,1,522.79,2025-11-01
18475,273,2076,1,84.32,2025-11-01
18476,352,2316,,,2025-11-01
18477,380,1341??,,728.24,2025-11-01
18478,402,849,5,851.77,2025-11-01
18479,23,2397,4,719.34,2025-11-01
18480,218,2035,4,736.29,2025-11-01
18481,496 ,1817,5,660.1,2025-11-01
18482,83,1911,1,706.86,2025-11-01
18483,249,1499,1,386.0,2025-11-01
18484,283,533,1,,2025-11-02
18485,449,268,1,944.0,2025-11-02
18486,363,841,,92.9,2025-11-02
18487,335,2062,1,242.79,2025-11-02
18488,,1967,2,657.22,2025-11-02
18489,451,2375,5,442.94,2025-11-02
18490,,2832,1,758.53,2025-11-02
18491,427,2276,3,522.79,2025-11-02
18492,37,2537,5,,2025-11-02
18493,487,357,3,237.09,2025-11-02
18494,130,2,1??,839.05 ,2025-11-02
18495,357,2798,1 ,159.21,2025-11-02
18496,361,,5,319.21,2025-11-02
18497,195,1745,2,410.16,2025-11-02
18498,,942,2,1007.57,2025-11-02
18499,144,660,1,699.06,2025-11-02
18500,262,2454,1,75.74,2025-11-02
18501,57,635,1,222.83,2025-11-02
18502,98,2051,2,332.9,2025-11-02
18503,245,2876,1,676.36,2025-11-02
18504,97,1319,4,231.74,2025-11-02
18505,179 ,2256,3,355.87,2025-11-02
18506,449,545,1,944.0---,2025-11-02
18507,245,1946,2,676.36,2025-11-02
18508,59,2316,5,474.39,2025-11-02
18509,30,610,1 ,334.63,2025-11-02
18510,418,727,10,394.38,2025-11-02
18511,175,579,3,,2025-11-02
18512,184??,1563,5,707.97---,2025-11-02
18513,283,759,1,363.65,2025-11-02
18514,433,2151,1,494.44,2025-11-02
18515,191,1681,2,493.52,2025-11-02
18516,12,1479,3,810.58,2025-11-02
18517,218---,415,3,736.29,2025-11-02
18518,74,613,5,1024.02,2025-11-02
18519,214,2788,2,225.33,2025-11-02
18520,361,1658,1,319.21,2025-11-02
18521,,2877,2,89.55,2025-11-02
18522,141,2804,,602.55,2025-11-02
18523,320,949,1,438.03,2025-11-02
18524,60,238,2,606.21,2025-11-02
18525,385,2525,1,509.11,2025-11-02
18526,,1404,,603.39,2025-11-02
18527,322,1160,1,253.21,2025-11-02
18528,97,1966??,2,231.74,2025-11-02
18529,177,1028,2,652.82??,2025-11-02
18530,347,130,1,280.08,2025-11-02
18531,200,1900,2,,2025-11-02
18532,101,998,2,76.75,2025-11-02
18533,368,2329,1,614.3,2025-11-02
18534,149,2888,5,487.7,2025-11-02
18535,235,819,2,475.17,2025-11-02
18536,338??,1630,2,187.05,2025-11-02
18537,483,2706,2,259.65,2025-11-02
18538,188,1822,5,,2025-11-02
18539,393,2563,,704.08,2025-11-02
18540,8,1458,3,335.13,2025-11-02
18541,137,401,2,247.12,2025-11-02
18542,40,515,1,727.08,2025-11-02
18543,18,1011,5,467.06,2025-11-02
18544,327,1430,2,,2025-11-02
18545,71,1056,1,116.08??,2025-11-02
18546,27,2944,1??,463.93,2025-11-02
18547,38,2195,3,147.85,2025-11-02
18548,108,2583,,528.81,2025-11-02
18549,161,468,2,480.94,2025-11-02
18550,115,602,1,971.71---,2025-11-02
18551,220,451,5,222.79,2025-11-02
18552,204,311,2,None??,2025-11-02
18553,109,225,1,731.8,2025-11-02
18554,136,259,1,787.54,2025-11-02
18555,90,1186,10,191.16,2025-11-02
18556,337---,1561,2,600.31,2025-11-02
18557,324,2921,1??,829.29,2025-11-02
18558,211,952,1,527.98,2025-11-02
18559,223,,1,679.14,2025-11-02
18560,63,928,5,,2025-11-02
18561,35,1684,1,198.91,2025-11-02
18562,333,541,1,418.84,2025-11-02
18563,455,1924,4,167.11,2025-11-02
18564,411,880,2,128.07,2025-11-02
18565,276,218,5,,2025-11-02
18566,461??,1984,4,,2025-11-02
18567,298,2427,2,162.53,2025-11-02
18568,458---,406,,912.05---,2025-11-02
18569,16,1452,1??,376.78,2025-11-02
18570,251,154,1,511.82,2025-11-02
18571,324,1550,1,829.29,2025-11-02
18572,33,1695,2,153.28,2025-11-02
18573,25,2330,1,357.09,2025-11-02
18574,111,2853,2,629.21,2025-11-02
18575,411,1684,4,128.07,2025-11-02
18576,312,14,3,692.62,2025-11-02
18577,419,1829,1,138.89,2025-11-02
18578,480,1177,3,702.9,2025-11-02
18579,302,2749,2,,2025-11-02
18580,263,2377,1,541.16,2025-11-02
18581,240,1753??,2,841.37,2025-11-02
18582,53,2800,20,552.85,2025-11-02
18583,107,1969,2,585.54,2025-11-02
18584,430,463,2,815.38,2025-11-02
18585,413,1903,3,488.56,2025-11-02
18586,233,1117,1,896.34,2025-11-02
18587,176,2116,3 ,475.79,2025-11-02
18588,73,525,1,831.62,2025-11-02
18589,337,1160,10,600.31,2025-11-02
18590,456,738,5 ,528.57,2025-11-02
18591,330,1139,1,558.84,2025-11-02
18592,396,290,1,629.9,2025-11-02
18593,,2112,5,474.39,2025-11-02
18594,267,1944,2,839.54,2025-11-02
18595,71,207,3,116.08,2025-11-03
18596,122,1263,4,392.48,2025-11-03
18597,51,2008,5,,2025-11-03
18598,338,199,5,187.05,2025-11-03
18599,256,2559,1,418.38,2025-11-03
18600,192,318,2,,2025-11-03
18601,233,1493,1,896.34,2025-11-03
18602,214,2409,1,225.33,2025-11-03
18603,50,2379,2,1007.57,2025-11-03
18604,460,578,1,895.71,2025-11-03
18605,438,2801,20,825.65,2025-11-03
18606,382,1899,,427.52,2025-11-03
18607,410,2560,3,81.87,2025-11-03
18608,425,429,3,99.98,2025-11-03
18609,378,2458---,,305.61,2025-11-03
18610,485,1683,20,306.85,2025-11-03
18611,355,1042,1,336.39,2025-11-03
18612,435,961,3,972.91,2025-11-03
18613,71,1559,3,116.08,2025-11-03
18614,,1606,1,402.48,2025-11-03
18615,384,1273,5,855.34,2025-11-03
18616,63,2247,1,,2025-11-03
18617,205 ,1724,1,589.26,2025-11-03
18618,271,2606,1,590.56,2025-11-03
18619,428,2479,5,856.4,2025-11-03
18620,318,1152,4,311.94,2025-11-03
18621,375,2412,4,360.24 ,2025-11-03
18622,38 ,2916,1??,147.85,2025-11-03
18623,238,1461,1,875.47,2025-11-03
18624,483,2152,3,259.65,2025-11-03
18625,,1149,4,461.29,2025-11-03
18626,383,529,10,682.42,2025-11-03
18627,64,929,4,149.34,2025-11-03
18628,30,1193,2,334.63,2025-11-03
18629,192,1339,5,595.75,2025-11-03
18630,171,789,2,914.96,2025-11-03
18631,450,215,2,325.2,2025-11-03
18632,286,2755,1,775.93,2025-11-03
18633,361,2424 ,4,319.21,2025-11-03
18634,200,1276,3,None---,2025-11-03
18635,313,2557,4,256.73,2025-11-03
18636,239,2488,20,311.41,2025-11-03
18637,56,2498,1,336.23,2025-11-03
18638,296,1671---,4,871.21,2025-11-03
18639,186,1533,2,873.65,2025-11-03
18640,282,1452,2,514.12,2025-11-03
18641,326,1022,20,648.98,2025-11-03
18642,441,1981,20,773.78,2025-11-03
18643,146,2540,4,,2025-11-03
18644,,93,1,531.62,2025-11-03
18645,379,2948,1,614.34,2025-11-03
18646,400,195,1,503.19,2025-11-03
18647,482,1982,3,411.28,2025-11-03
18648,284,263,1,564.02,2025-11-03
18649,68,2055,2,817.14,2025-11-03
18650,216,352,3,465.22,2025-11-03
18651,379,2741,3,614.34,2025-11-03
18652,104,831,2,855.17,2025-11-03
18653,297,1705,10,745.77,2025-11-03
18654,443??,82,1 ,933.58,2025-11-03
18655,140,599,5,822.22,2025-11-03
18656,25,201,3,357.09,2025-11-03
18657,222,1248,2,681.73,2025-11-03
18658,90??,,2,191.16,2025-11-03
18659,178,987,1,934.32,2025-11-03
18660,46,1559,1,745.3---,2025-11-03
18661,306,1266,,,2025-11-03
18662,431,820,1,272.8,2025-11-03
18663,23,1584,1,719.34,2025-11-03
18664,139,1765,5,,2025-11-03
18665,361,929,,319.21,2025-11-03
18666,418,866,,394.38,2025-11-03
18667,71,1773,1,116.08---,2025-11-03
18668,403,74,,426.25,2025-11-03
18669,234,1812,2,604.44,2025-11-03
18670,229,1566,1,657.87,2025-11-03
18671,216,494,2,465.22,2025-11-03
18672,440,1574,1,,2025-11-03
18673,236,1426,2,589.35,2025-11-03
18674,321,765,3,200.36,2025-11-03
18675,178,606,1,934.32---,2025-11-03
18676,292,2313,2,160.65,2025-11-03
18677,440,737,1,,2025-11-03
18678,287,2587,2,365.42,2025-11-03
18679,,2256,10,464.38,2025-11-03
18680,205,2029,1,589.26,2025-11-03
18681,1,553,2,715.23,2025-11-03
18682,354,2789,2,520.29,2025-11-03
18683,63,695,2,,2025-11-03
18684,331,2498,4,468.72,2025-11-03
18685,493,273,4,103.44??,2025-11-03
18686,418,1722,3,394.38,2025-11-03
18687,397,2716,1,637.91,2025-11-03
18688,298,1057,1,162.53,2025-11-03
18689,66,2187,3,604.37,2025-11-03
18690,27,2791,1,463.93,2025-11-03
18691,181,2614,3---,508.98,2025-11-03
18692,298,1171,4,162.53,2025-11-03
18693,239,1815,3,311.41,2025-11-03
18694,175,2106,1,842.59,2025-11-03
18695,,1963,1,855.34,2025-11-03
18696,302,2424,3,467.1,2025-11-03
18697,78,505,3,555.77,2025-11-03
18698,7,,5,378.16,2025-11-03
18699,56,838,,336.23,2025-11-03
18700,72,768,2,,2025-11-03
18701,226,589,2,209.79,2025-11-03
18702,64,465,2,149.34,2025-11-03
18703,337,2407---,1,,2025-11-03
18704,78,2066,1,555.77,2025-11-03
18705,65,2444,4,508.17,2025-11-03
18706,222,2316??,,681.73,2025-11-04
18707,157,2699,3,,2025-11-04
18708,416,620,2,227.15??,2025-11-04
18709,426---,,1,904.53,2025-11-04
18710,371,2927,1,348.36,2025-11-04
18711,,1778,3,335.13,2025-11-04
18712,391,1309,5,537.68,2025-11-04
18713,41,2207,2,120.07,2025-11-04
18714,476,2934,3,234.47,2025-11-04
18715,248,,1,452.25,2025-11-04
18716,241,2401,1,218.0,2025-11-04
18717,495,,10,533.13,2025-11-04
18718,152,2773,2,,2025-11-04
18719,48,848 ,3,,2025-11-04
18720,252,583,5,836.52,2025-11-04
18721,184,1770,1,707.97,2025-11-04
18722,29,1158,2,361.73,2025-11-04
18723,414,2037,2,,2025-11-04
18724,178,473,1,934.32,2025-11-04
18725,190,2946,1,461.29,2025-11-04
18726,156,2194,2,399.02,2025-11-04
18727,89,2851,5,105.77,2025-11-04
18728,355,2145,4,336.39,2025-11-04
18729,289,84,1---,,2025-11-04
18730,490,2093,1,,2025-11-04
18731,336,771,1,914.9,2025-11-04
18732,317,2819,10,432.9,2025-11-04
18733,,630,1,704.9??,2025-11-04
18734,303,1803,1,261.07,2025-11-04
18735,245,2202,2,676.36,2025-11-04
18736,120,2767,3,,2025-11-04
18737,114,2497,2,583.63??,2025-11-04
18738,214,2917,4,225.33,2025-11-04
18739,162,2050,1,669.67,2025-11-04
18740,371,2061,1---,348.36,2025-11-04
18741,357,874,2,159.21,2025-11-04
18742,153,989,3,118.03,2025-11-04
18743,104,,1,855.17,2025-11-04
18744,268,2847,3,,2025-11-04
18745,231,2592,2,585.37,2025-11-04
18746,170,2354,1,700.59,2025-11-04
18747,162,1188,3,669.67,2025-11-04
18748,114,2387??,1---,583.63,2025-11-04
18749,270,2681,1,298.5,2025-11-04
18750,245,960,1,,2025-11-04
18751,489,1932---,2,334.81,2025-11-04
18752,197,1155,1,570.36,2025-11-04
18753,,758,3,103.44?? ,2025-11-04
18754,170,2796,5---,700.59,2025-11-04
18755,162,2897,1,669.67 ,2025-11-04
18756,471,1007,3,766.82,2025-11-04
18757,391,704,4,537.68,2025-11-04
18758,11,1592,2,491.64,2025-11-04
18759,364,2366,3,531.62---,2025-11-04
18760,444,1385,1 ,1036.18,2025-11-04
18761,52,988,1,782.67,2025-11-04
18762,457,1516,3,353.85,2025-11-04
18763,214,2391,1---,225.33,2025-11-04
18764,47,2806,2,979.1,2025-11-04
18765,363,161 ,5,92.9,2025-11-04
18766,275,244,2,270.69,2025-11-04
18767,110,1126,1 ,704.9??,2025-11-04
18768,485,2233,4,306.85,2025-11-04
18769,339,153,2,910.33,2025-11-04
18770,392,2225,1,,2025-11-04
18771,119??,662,5,1025.32 ,2025-11-04
18772,48,2849,,,2025-11-04
18773,100,,3,,2025-11-04
18774,248,326,1,,2025-11-04
18775,477,454,1,168.82,2025-11-04
18776,382,2632,1,427.52,2025-11-04
18777,416,2802,2,227.15,2025-11-04
18778,119,568,1,1025.32,2025-11-04
18779,181,1029,10,508.98,2025-11-04
18780,237,1780,5,57.57??,2025-11-04
18781,19,2790,4,,2025-11-04
18782,9,1435,1,606.63,2025-11-04
18783,346---,2977,1,555.77,2025-11-04
18784,,234,1,872.08,2025-11-04
18785,341,2004,,,2025-11-04
18786,392,2891,1,,2025-11-04
18787,6,632---,,284.23,2025-11-04
18788,388,420,,379.24,2025-11-04
18789,467,222,20??,943.44,2025-11-04
18790,65,1456,3,508.17,2025-11-04
18791,142,466,1,858.79,2025-11-04
18792,,2770,1,231.74,2025-11-04
18793,217,926??,5,710.49---,2025-11-04
18794,410,851,2,81.87,2025-11-04
18795,182??,1687,2,378.55,2025-11-04
18796,420,925,3??,694.13,2025-11-04
18797,439,,2,884.89,2025-11-04
18798,452---,2076,3,985.54,2025-11-04
18799,46,2827,5,745.3,2025-11-04
18800,310,1627,1,723.09 ,2025-11-04
18801,313,1265,2,256.73,2025-11-04
18802,3,1796,1,311.35---,2025-11-04
18803,160,2598,1,924.03,2025-11-04
18804,416,1265,2,227.15,2025-11-04
18805,292,93,2,160.65,2025-11-04
18806,1,1032,1,715.23,2025-11-04
18807,100,1534,1,,2025-11-04
18808,,1534,,468.72,2025-11-04
18809,396,1761,3,629.9,2025-11-04
18810,37,1908,3,786.8,2025-11-04
18811,243,1082??,1,435.09,2025-11-04
18812,242,449,2,732.54,2025-11-04
18813,343,1935,2,806.55??,2025-11-04
18814,448,89,,459.14,2025-11-04
18815,203---,1715,1,,2025-11-04
18816,423,1361,4,712.19,2025-11-04
18817,478,2707,1,537.53,2025-11-05
18818,115,2827,1,971.71---,2025-11-05
18819,187,2742,1,592.25,2025-11-05
18820,455,600,2,167.11,2025-11-05
18821,214,2124,3,225.33,2025-11-05
18822,373,1072,,186.09,2025-11-05
18823,447,2544,3,,2025-11-05
18824,258,2841,4,689.11,2025-11-05
18825,470,347,1,998.68,2025-11-05
18826,68,123 ,4,817.14,2025-11-05
18827,,1039,10,398.85,2025-11-05
18828,314,1047,1,785.07,2025-11-05
18829,32,1318,1,478.74,2025-11-05
18830,155,226,3,657.22,2025-11-05
18831,456,1684 ,1,528.57,2025-11-05
18832,267,427,,839.54,2025-11-05
18833,66,432 ,2,604.37,2025-11-05
18834,78,31,1,555.77,2025-11-05
18835,257,1547,5,528.85,2025-11-05
18836,343,812,1,806.55,2025-11-05
18837,188,1496,,908.84,2025-11-05
18838,155,1031,5,657.22,2025-11-05
18839,368,2051,1,,2025-11-05
18840,21,746,3,374.08,2025-11-05
18841,59,,1,474.39,2025-11-05
18842,419,2410,5,138.89,2025-11-05
18843,31 ,1393,1,79.99,2025-11-05
18844,,2576,2,967.59,2025-11-05
18845,420,891,10,694.13,2025-11-05
18846,127,722,10,190.88,2025-11-05
18847,185,1722,2,542.3,2025-11-05
18848,369,1999,3,410.57,2025-11-05
18849,384,2125,1,855.34,2025-11-05
18850,475,1337,1,626.39,2025-11-05
18851,88,2444,3,211.51,2025-11-05
18852,257,,1,528.85,2025-11-05
18853,233??,154,2,896.34,2025-11-05
18854,411,803,1,128.07,2025-11-05
18855,165,937,1,709.09,2025-11-05
18856,89,1300,1,105.77,2025-11-05
18857,434,657,1,911.31---,2025-11-05
18858,,2380,1,432.28,2025-11-05
18859,368,2123,1,614.3,2025-11-05
18860,351,1958??,1,787.87,2025-11-05
18861,464,1744,2??,,2025-11-05
18862,242,2289,5,732.54,2025-11-05
18863,34,2531,3,378.62,2025-11-05
18864,225??,2340,2,711.78,2025-11-05
18865,440,2401,1,,2025-11-05
18866,387,2103,2,680.0,2025-11-05
18867,155,602,2,657.22,2025-11-05
18868,369,1348,,410.57,2025-11-05
18869,350,2930,1,659.64,2025-11-05
18870,459,2644,,621.08,2025-11-05
18871,,,3,544.14,2025-11-05
18872,220,1620,2,222.79,2025-11-05
18873,446,871,4,85.62,2025-11-05
18874,462,513,5,,2025-11-05
18875,30,2304,1??,334.63,2025-11-05
18876,311,490,2,713.33,2025-11-05
18877,87,398??,2 ,379.38,2025-11-05
18878,388,1772,1,379.24,2025-11-05
18879,5,923,1,201.09,2025-11-05
18880,41,1125,1,120.07,2025-11-05
18881,242,2909,1,732.54,2025-11-05
18882,,1386,3,411.28,2025-11-05
18883,358,400 ,4,186.46,2025-11-05
18884,487??,381,4,237.09,2025-11-05
18885,375,2542,3,360.24,2025-11-05
18886,226,1619,1,209.79,2025-11-05
18887,478,1493,3,537.53,2025-11-05
18888,294,2601,2,739.48,2025-11-05
18889,147,1052,2,755.36,2025-11-05
18890,137,929,3,247.12,2025-11-05
18891,197,1550,5,570.36,2025-11-05
18892,287,1461,4,365.42,2025-11-05
18893,26,2261,1,,2025-11-05
18894,171 ,674,3,914.96,2025-11-05
18895,363,914,,92.9,2025-11-05
18896,498,1936,2,369.08,2025-11-05
18897,488,647,,721.8,2025-11-05
18898,218,1016,1,736.29,2025-11-05
18899,372,1270,2,616.97 ,2025-11-05
18900,337,2967,5,600.31,2025-11-05
18901,299,1738,4,840.59,2025-11-05
18902,210,795,10,928.31,2025-11-05
18903,425,2657,2,99.98,2025-11-05
18904,448,1043,,459.14,2025-11-05
18905,482,562,1 ,411.28,2025-11-05
18906,374,1693,3,711.19,2025-11-05
18907,291,407,,722.08,2025-11-05
18908,497,,5,513.71,2025-11-05
18909,409,1751,1,845.34,2025-11-05
18910,238,1806,1,875.47,2025-11-05
18911,394,92,1,554.78,2025-11-05
18912,288,1289,,448.78,2025-11-05
18913,443,1282,2,933.58,2025-11-05
18914,112,865,1,110.65,2025-11-05
18915,,1167,4,467.1 ,2025-11-05
18916,101,1595,3,76.75,2025-11-05
18917,277,1725,5,840.11,2025-11-05
18918,93,463,2,,2025-11-05
18919,54,1149,1,472.78,2025-11-05
18920,347,1109,2,280.08,2025-11-05
18921,195,2061,1,410.16,2025-11-05
18922,362,2763,1,763.92,2025-11-05
18923,382,,1,427.52,2025-11-05
18924,263,1287,1,541.16,2025-11-05
18925,198,2264,1,213.46,2025-11-05
18926,2---,1863,2,566.23,2025-11-05
18927,298,1827,2,162.53,2025-11-05
18928,425,2180,3,99.98,2025-11-06
18929,446,319,2,85.62---,2025-11-06
18930,100,1035,3,,2025-11-06
18931,191,2753,1,493.52,2025-11-06
18932,491,,2,874.7,2025-11-06
18933,376,,3,884.87,2025-11-06
18934,494,524,3,510.63,2025-11-06
18935,180,1067---,2,,2025-11-06
18936,226,1315,4,209.79,2025-11-06
18937,446,1886,2,85.62,2025-11-06
18938,22,,1,85.88,2025-11-06
18939,51,739,4,79.43,2025-11-06
18940,476,,2,,2025-11-06
18941,109,,3,731.8,2025-11-06
18942,252,1165,3,836.52,2025-11-06
18943,177,1358---,2,652.82,2025-11-06
18944,192,1648,3,595.75,2025-11-06
18945,477,1861,1,168.82,2025-11-06
18946,202,335,2,,2025-11-06
18947,416,2831,2,227.15,2025-11-06
18948,459,2153,2,621.08,2025-11-06
18949,416,1228,1,227.15,2025-11-06
18950,289,1678,3,,2025-11-06
18951,,1078,5,773.65,2025-11-06
18952,500,247,2---,932.15,2025-11-06
18953,143,322,3,181.27,2025-11-06
18954,334,1560,2,202.93,2025-11-06
18955,196,545,10,806.34,2025-11-06
18956,472,894,10,105.21,2025-11-06
18957,121,655,3,653.67,2025-11-06
18958,152,2193,2,,2025-11-06
18959,334,2957,2,202.93---,2025-11-06
18960,236,313,5,589.35,2025-11-06
18961,204,980,5---,,2025-11-06
18962,500,2021,5,932.15 ,2025-11-06
18963,360,921,5,315.18,2025-11-06
18964,165,2953,3??,709.09,2025-11-06
18965,231,2193,2,585.37,2025-11-06
18966,142,1273,2,858.79,2025-11-06
18967,243,364---,2,,2025-11-06
18968,256,183,4,418.38,2025-11-06
18969,214,2596,4,225.33,2025-11-06
18970,242,2466,1,732.54---,2025-11-06
18971,175,97,3,842.59,2025-11-06
18972,490 ,41,2,,2025-11-06
18973,7,2991,5,378.16 ,2025-11-06
18974,196---,645,3,806.34,2025-11-06
18975,186,275,1,873.65,2025-11-06
18976,347,,2,280.08,2025-11-06
18977,199,546,2,559.88,2025-11-06
18978,104,998,1,855.17,2025-11-06
18979,373,541,2,186.09,2025-11-06
18980,243,1263,4,435.09 ,2025-11-06
18981,242,1088,,732.54,2025-11-06
18982,233,1943,2,896.34,2025-11-06
18983,130,2895,1,839.05,2025-11-06
18984,440,2733,1,,2025-11-06
18985,280,1166,4,234.31??,2025-11-06
18986,16,1617,2,376.78,2025-11-06
18987,291,189---,2,722.08,2025-11-06
18988,388,2554,2??,379.24,2025-11-06
18989,203,2187,4,897.73,2025-11-06
18990,236,1226,2,589.35,2025-11-06
18991,344,2094,2,925.4 ,2025-11-06
18992,228,805,1??,496.54,2025-11-06
18993,182,2752,10,378.55,2025-11-06
18994,485,1320,1,306.85,2025-11-06
18995,346,856,1,555.77,2025-11-06
18996,472,435,1,105.21,2025-11-06
18997,433,740,5,494.44,2025-11-06
18998,295,2621,2,368.63,2025-11-06
18999,,2729,1,167.39??,2025-11-06
19000,34,1684,1,378.62,2025-11-06
19001,333,213,1,418.84,2025-11-06
19002,405,2411,2,,2025-11-06
19003,149 ,2999,2,487.7 ,2025-11-06
19004,201,973,1,199.44,2025-11-06
19005,135,427,3,1010.19,2025-11-06
19006,410,494,2,81.87,2025-11-06
19007,105,,3,589.73,2025-11-06
19008,136,293,4,787.54,2025-11-06
19009,422,1880,1,312.04 ,2025-11-06
19010,268,1265,2,,2025-11-06
19011,448,2959,3---,459.14 ,2025-11-06
19012,43??,1535,4,152.82,2025-11-06
19013,176,1986,2,475.79,2025-11-06
19014,,2856,1,427.52,2025-11-06
19015,24,1217,1,891.92,2025-11-06
19016,391,2768,2,537.68,2025-11-06
19017,337,891,4,600.31,2025-11-06
19018,480,,1,702.9,2025-11-06
19019,296,723,3,871.21,2025-11-06
19020,280,1594,4,234.31??,2025-11-06
19021,259,1161,3,89.55,2025-11-06
19022,146,2645,4,266.77,2025-11-06
19023,190,1055,5,461.29,2025-11-06
19024,62,1815,4,864.4---,2025-11-06
19025,,2832,2,754.56,2025-11-06
19026,220,447,1,222.79,2025-11-06
19027,217,545,3,710.49,2025-11-06
19028,208,144,1??,529.71??,2025-11-06
19029,181---,771,5,508.98,2025-11-06
19030,175,1638,3??,842.59,2025-11-06
19031,454,1994,1,690.74,2025-11-06
19032,415,2742,1,649.87,2025-11-06
19033,343,,1,806.55,2025-11-06
19034,209,2721,2,748.09,2025-11-06
19035,171,945,3,914.96,2025-11-06
19036,299,992,1,840.59,2025-11-06
19037,433,2050,2,494.44,2025-11-06
19038,271,918,1,590.56,2025-11-06
19039,264,1488,2,758.53,2025-11-07
19040,235,1436??,2,475.17,2025-11-07
19041,432,2155,2,398.64,2025-11-07
19042,202,2100,2,,2025-11-07
19043,369,2852,2,410.57,2025-11-07
19044,237,459,4,,2025-11-07
19045,408,2497,3,643.91,2025-11-07
19046,28,1183,1,699.64,2025-11-07
19047,236,1688,2,589.35,2025-11-07
19048,3,2262,3,311.35---,2025-11-07
19049,354,1646,5,520.29,2025-11-07
19050,157,628,3,290.7,2025-11-07
19051,308,1047,3,281.83,2025-11-07
19052,,2509,5,680.0,2025-11-07
19053,382,825,1,427.52,2025-11-07
19054,99,1406,3,328.52,2025-11-07
19055,276,649??,5,404.73,2025-11-07
19056,388,2487,5,379.24,2025-11-07
19057,443,1480,1,933.58,2025-11-07
19058,86,2311,1,903.56,2025-11-07
19059,77,1905,3,975.6,2025-11-07
19060,14,1701,1,546.15,2025-11-07
19061,279,2485,1??,833.88,2025-11-07
19062,317,,4,432.9,2025-11-07
19063,485,2805,1,306.85,2025-11-07
19064,270,320,2,298.5,2025-11-07
19065,207,1541,1,771.97,2025-11-07
19066,,521,5,771.97??,2025-11-07
19067,55,1613,5,,2025-11-07
19068,172,598,5,927.62,2025-11-07
19069,146,2786,1,266.77,2025-11-07
19070,86,1040,,903.56,2025-11-07
19071,59,989,1,474.39,2025-11-07
19072,350,1068,1,659.64,2025-11-07
19073,190,1135,20,461.29,2025-11-07
19074,53,1487,1,552.85,2025-11-07
19075,14,2064,1,546.15,2025-11-07
19076,158,1490,2,872.08,2025-11-07
19077,83,1617,1,706.86,2025-11-07
19078,317,129,1,432.9,2025-11-07
19079,497,2013,1,513.71,2025-11-07
19080,224,1092,4,835.41,2025-11-07
19081,115,1542,10,971.71---,2025-11-07
19082,450,2733,1,325.2,2025-11-07
19083,351,2033,4,787.87,2025-11-07
19084,343??,1894,1,806.55,2025-11-07
19085,180,1725,2,262.7,2025-11-07
19086,248,2469,5,,2025-11-07
19087,316,2362,2,466.97,2025-11-07
19088,479---,778,4,361.65,2025-11-07
19089,478,1180,2,537.53,2025-11-07
19090,22,987,1,85.88,2025-11-07
19091,188,1794,,908.84,2025-11-07
19092,389,205,2,499.35,2025-11-07
19093,454,1747---,1,,2025-11-07
19094,127,2007,4??,190.88---,2025-11-07
19095,305,801,1,398.85,2025-11-07
19096,335,1899 ,3,242.79,2025-11-07
19097,227,2757,2,309.72,2025-11-07
19098,423,2121,2,712.19,2025-11-07
19099,96,1776,2,168.18,2025-11-07
19100,215,684,5,498.59,2025-11-07
19101,27,2324,,463.93,2025-11-07
19102,395,2376,5,167.39??---,2025-11-07
19103,334,1090,2,202.93,2025-11-07
19104,106,,3,,2025-11-07
19105,286??,2408,1,775.93,2025-11-07
19106,15,168,1,815.2,2025-11-07
19107,159,2347,10,237.25,2025-11-07
19108,350,2142,3,659.64,2025-11-07
19109,9,432,2,606.63,2025-11-07
19110,318,1647 ,1,311.94,2025-11-07
19111,162,1608,4,669.67,2025-11-07
19112,34,1138,5,378.62,2025-11-07
19113,86,328,2,903.56,2025-11-07
19114,430,16,1,815.38,2025-11-07
19115,270,1571,1,298.5,2025-11-07
19116,253,545,10,550.0,2025-11-07
19117,407,2176,2??,323.97,2025-11-07
19118,45---,2226,1,,2025-11-07
19119,324,1516,3,829.29,2025-11-07
19120,344,1476,,925.4,2025-11-07
19121,194,2939,,154.3---,2025-11-07
19122,182,2936,1,378.55,2025-11-07
19123,147,,2,755.36,2025-11-07
19124,210,894,2,928.31,2025-11-07
19125,428,2527,3,856.4,2025-11-07
19126,270,2303,2,298.5,2025-11-07
19127,253,265,1,550.0,2025-11-07
19128,62,1191,3---,864.4,2025-11-07
19129,126,434,5,373.76 ,2025-11-07
19130,192,100,1,595.75,2025-11-07
19131,269---,1853,4,617.46,2025-11-07
19132,257,241,2,528.85,2025-11-07
19133,323 ,701,4,347.62,2025-11-07
19134,114,950,5,583.63,2025-11-07
19135,31,217,3,79.99,2025-11-07
19136,338,2746,1,187.05,2025-11-07
19137,382,2544,1,427.52---,2025-11-07
19138,76,377---,1,,2025-11-07
19139,,1805,4,211.51,2025-11-07
19140,475,2726,,626.39,2025-11-07
19141,420,1310,2,,2025-11-07
19142,244,76,4,951.6,2025-11-07
19143,96,726,10,168.18,2025-11-07
19144,28,,1,699.64,2025-11-07
19145,88,1161,2,211.51,2025-11-07
19146,225,511,1,711.78,2025-11-07
19147,51,898,1,79.43,2025-11-07
19148,61,990,3,,2025-11-07
19149,332,554,1,104.65,2025-11-07
19150,452,2604,2,985.54,2025-11-08
19151,5,1049,2,201.09,2025-11-08
19152,7,2919,3,378.16,2025-11-08
19153,197,1657,5,570.36,2025-11-08
19154,52,1817,2,782.67,2025-11-08
19155,51,2423,2,79.43---,2025-11-08
19156,194,2211,5,154.3,2025-11-08
19157,,791,3,399.02??,2025-11-08
19158,26,1349,2,,2025-11-08
19159,205,2475,1,589.26,2025-11-08
19160,49 ,2398,,,2025-11-08
19161,24,2557,3,891.92,2025-11-08
19162,58,2012,,994.69,2025-11-08
19163,374,2487,1,711.19,2025-11-08
19164,1,1317,1,715.23,2025-11-08
19165,83,1921,3,706.86,2025-11-08
19166,171,450,2,914.96,2025-11-08
19167,433,346,1,494.44,2025-11-08
19168,357,1718,2,159.21,2025-11-08
19169,358,1872,3,186.46,2025-11-08
19170,,1266,1,840.59,2025-11-08
19171,380,2564,10 ,728.24,2025-11-08
19172,115,1413??,,971.71---,2025-11-08
19173,72,227,3,163.35,2025-11-08
19174,219,2341,1,604.87,2025-11-08
19175,266,1587,2,401.69,2025-11-08
19176,206,2166,20,401.24,2025-11-08
19177,266---,1759,1,401.69,2025-11-08
19178,,609,3,334.81,2025-11-08
19179,245,1551,5??,676.36,2025-11-08
19180,203,2194,20,897.73,2025-11-08
19181,126,344,3,373.76 ,2025-11-08
19182,132,1115,3 ,240.09??,2025-11-08
19183,224,1070,1,835.41,2025-11-08
19184,73,347,3??,831.62,2025-11-08
19185,14,1648,1,546.15,2025-11-08
19186,239,2824,4,311.41??,2025-11-08
19187,362,2752,,763.92,2025-11-08
19188,424---,794,4,607.96,2025-11-08
19189,139??,698,1,868.35,2025-11-08
19190,,1538,2,513.71,2025-11-08
19191,155,2660,,657.22,2025-11-08
19192,271,2564,1,590.56,2025-11-08
19193,193,199,4,217.33,2025-11-08
19194,117,2532,20,232.36,2025-11-08
19195,260,2356,2,517.98 ,2025-11-08
19196,206,1948,3,401.24,2025-11-08
19197,182,1756,5,378.55,2025-11-08
19198,202??,2601,2,480.12,2025-11-08
19199,477,858,5,168.82,2025-11-08
19200,384,1181,,855.34,2025-11-08
19201,175,1092,5,842.59,2025-11-08
19202,178,1142,4,934.32,2025-11-08
19203,370,1126,2,604.48,2025-11-08
19204,16,1653,3,376.78,2025-11-08
19205,478,384---,,537.53,2025-11-08
19206,4,147,3,587.27,2025-11-08
19207,230,1156,1,193.39,2025-11-08
19208,37,1076,3,786.8,2025-11-08
19209,381---,1515??,2,65.2,2025-11-08
19210,415,2579,4 ,649.87,2025-11-08
19211,465,80,4,441.81 ,2025-11-08
19212,344,801,2,925.4,2025-11-08
19213,488,431,1,721.8,2025-11-08
19214,221,1165,2,981.95,2025-11-08
19215,7,,1,378.16,2025-11-08
19216,382,817,3,427.52,2025-11-08
19217,294,2384,3,739.48,2025-11-08
19218,29,1318,3,361.73,2025-11-08
19219,200,347---,5,,2025-11-08
19220,495,2924,5,533.13,2025-11-08
19221,336,2589,5,914.9,2025-11-08
19222,442,2309,1,914.26,2025-11-08
19223,,2441,1,874.7,2025-11-08
19224,164,2511---,1,373.42??,2025-11-08
19225,5,379,1,,2025-11-08
19226,244,1341,5,951.6,2025-11-08
19227,55,1535,1,182.86,2025-11-08
19228,4,2708,1,587.27,2025-11-08
19229,178,2431,1,934.32,2025-11-08
19230,160,179,5,924.03,2025-11-08
19231,376,730,2,884.87,2025-11-08
19232,386,1662,1,919.81 ,2025-11-08
19233,136,1746,2,787.54,2025-11-08
19234,346,2785,,555.77,2025-11-08
19235,331,1769,2,,2025-11-08
19236,34,2512,1,378.62,2025-11-08
19237,167,2424,5,321.07??,2025-11-08
19238,243,624,3,435.09,2025-11-08
19239,463,1615,2,927.87---,2025-11-08
19240,300,1652,3,783.08---,2025-11-08
19241,334,958,1,202.93,2025-11-08
19242,427,2492,1,522.79,2025-11-08
19243,338,2535,1,187.05,2025-11-08
19244,425,1559,5,99.98,2025-11-08
19245,208,1018,4,529.71??,2025-11-08
19246,105,86,2,589.73,2025-11-08
19247,40,2935,1,727.08,2025-11-08
19248,,1963,4,711.19,2025-11-08
19249,86,278,1,903.56,2025-11-08
19250,251,591,2,511.82,2025-11-08
19251,382,1139,5,,2025-11-08
19252,334,698,1,202.93,2025-11-08
19253,220,2361,3,222.79---,2025-11-08
19254,,2759,3,,2025-11-08
19255,178,,2,934.32,2025-11-08
19256,462,328,5,754.85,2025-11-08
19257,71,1789,10,116.08,2025-11-08
19258,198,2622,1,213.46,2025-11-08
19259,272,2820,1,196.75,2025-11-08
19260,386,1737,4,919.81 ,2025-11-08
19261,292,2210,1,160.65,2025-11-09
19262,100,661,1??,,2025-11-09
19263,113,1489,3,159.84,2025-11-09
19264,300---,906,1,783.08---,2025-11-09
19265,94,1936,3,,2025-11-09
19266,461,334---,,292.66,2025-11-09
19267,220,25,5,222.79,2025-11-09
19268,496,,5,660.1,2025-11-09
19269,,1788,3,833.88,2025-11-09
19270,159,387,5 ,237.25,2025-11-09
19271,297,673,4,745.77,2025-11-09
19272,174,894,3,503.59 ,2025-11-09
19273,56,415,3,336.23,2025-11-09
19274,214,1997,1,225.33,2025-11-09
19275,5,2612,5,201.09,2025-11-09
19276,478,957,3,537.53,2025-11-09
19277,212,221,3,952.19,2025-11-09
19278,23,1653,1,719.34,2025-11-09
19279,,,1,775.93,2025-11-09
19280,40,2495,1,727.08,2025-11-09
19281,78 ,,3,555.77,2025-11-09
19282,482,2535,1,,2025-11-09
19283,150,2545,,719.4,2025-11-09
19284,452,2998,4,985.54,2025-11-09
19285,332,1426,1,,2025-11-09
19286,1,722,2,715.23,2025-11-09
19287,378,2875,1,305.61,2025-11-09
19288,185,,2,542.3,2025-11-09
19289,386??,2849,2,919.81 ,2025-11-09
19290,367,2550,2,503.81,2025-11-09
19291,431,2277,2,272.8,2025-11-09
19292,187,2428,5 ,592.25,2025-11-09
19293,276,1191,2,404.73---,2025-11-09
19294,265,824,1,754.56,2025-11-09
19295,54,2731,4---,472.78,2025-11-09
19296,394,1770,20,554.78,2025-11-09
19297,19,,1,386.73??,2025-11-09
19298,258,1171,2,689.11,2025-11-09
19299,314,1160,3,785.07,2025-11-09
19300,85,2002,1---,181.5,2025-11-09
19301,66,2961,1,604.37,2025-11-09
19302,356,2284,4,511.55,2025-11-09
19303,422,863,1 ,312.04,2025-11-09
19304,270,918,,298.5,2025-11-09
19305,367,911,2,503.81,2025-11-09
19306,188,1759---,1,908.84,2025-11-09
19307,489,1473,3,334.81,2025-11-09
19308,146,2658,1---,266.77,2025-11-09
19309,75,1947,5,,2025-11-09
19310,282,785,3,514.12,2025-11-09
19311,290,663,,,2025-11-09
19312,500,1400,2,932.15,2025-11-09
19313,311,1572,3,713.33,2025-11-09
19314,73,769,1,831.62,2025-11-09
19315,,,1,682.42,2025-11-09
19316,449,2896,2,944.0,2025-11-09
19317,69,258,4 ,373.1,2025-11-09
19318,134,1043,,None---,2025-11-09
19319,431,1742,20,272.8,2025-11-09
19320,432,1107,,398.64,2025-11-09
19321,59,1752,10,474.39,2025-11-09
19322,382,2849,5,427.52,2025-11-09
19323,276,860,3,404.73,2025-11-09
19324,170,100,2,700.59,2025-11-09
19325,56,,1,336.23,2025-11-09
19326,178,2957,1 ,934.32,2025-11-09
19327,52,2697,4,782.67,2025-11-09
19328,186,1113,20,873.65,2025-11-09
19329,357,1484,2,159.21,2025-11-09
19330,345,2217,1,838.18,2025-11-09
19331,60,2877,5,606.21,2025-11-09
19332,439 ,484,3,884.89,2025-11-09
19333,160,2154,2,924.03,2025-11-09
19334,459,412,3,621.08,2025-11-09
19335,303,1733,5,261.07,2025-11-09
19336,,847,1,555.77,2025-11-09
19337,276,766??,1,404.73,2025-11-09
19338,232,617,5,860.62??,2025-11-09
19339,183,639,4,386.71,2025-11-09
19340,230,2851,1,193.39,2025-11-09
19341,103,2573---,2,399.04??,2025-11-09
19342,374,,3,711.19,2025-11-09
19343,348,,1,393.07,2025-11-09
19344,302,1195,,467.1,2025-11-09
19345,99,525 ,2,328.52,2025-11-09
19346,297,1279,1,745.77,2025-11-09
19347,38,1426,3,147.85,2025-11-09
19348,443,1454,1,933.58,2025-11-09
19349,424,2553,2,607.96,2025-11-09
19350,1,149,,715.23,2025-11-09
19351,455,2934,2??,167.11,2025-11-09
19352,236,2659??,2,589.35??,2025-11-09
19353,390,2229,10,,2025-11-09
19354,310,1682,20,723.09 ,2025-11-09
19355,341,2840,5,389.03,2025-11-09
19356,385,1953,1,509.11,2025-11-09
19357,19,1460,2,386.73,2025-11-09
19358,293,1496,2,619.01,2025-11-09
19359,462,1845---,1,754.85,2025-11-09
19360,390,260,2,,2025-11-09
19361,419,1268??,1??,138.89,2025-11-09
19362,170,2673,1,700.59,2025-11-09
19363,394,1957,1,554.78,2025-11-09
19364,191,1764,2,493.52,2025-11-09
19365,318,723,3,311.94,2025-11-09
19366,13,197,1,548.34,2025-11-09
19367,444,466,2,1036.18,2025-11-09
19368,163,499,1---,435.68,2025-11-09
19369,473,462,3,123.99,2025-11-09
19370,23,1252,3,719.34,2025-11-09
19371,47,2640,5,979.1,2025-11-09
19372,103,2312,10,399.04,2025-11-09
19373,129,1740,2,392.23,2025-11-10
19374,178,2174,2,934.32,2025-11-10
19375,279,2346,5,833.88,2025-11-10
19376,,757,5,468.72,2025-11-10
19377,470,2746,1,998.68,2025-11-10
19378,317,2241,2,432.9,2025-11-10
19379,279,1405,4,833.88,2025-11-10
19380,19,2737,4,,2025-11-10
19381,256,,5,418.38,2025-11-10
19382,57,1855,3,222.83,2025-11-10
19383,400,2630,3,503.19,2025-11-10
19384,464,1096 ,1,967.59,2025-11-10
19385,185,368,5,542.3,2025-11-10
19386,427,926,3,522.79,2025-11-10
19387,290??,296,1,774.21,2025-11-10
19388,161,607,3,480.94,2025-11-10
19389,158,1987,5,872.08,2025-11-10
19390,47,110,5,979.1,2025-11-10
19391,487,535,2,237.09 ,2025-11-10
19392,478,2887,4,537.53,2025-11-10
19393,76,2955,3,157.63,2025-11-10
19394,293,286,5,619.01,2025-11-10
19395,91,,5,230.02,2025-11-10
19396,409,2768,2,845.34,2025-11-10
19397,155,2378,5,657.22,2025-11-10
19398,51,2868,4,79.43,2025-11-10
19399,340,96,1??,575.1---,2025-11-10
19400,216,652,3,465.22,2025-11-10
19401,180,2478,1,262.7,2025-11-10
19402,416,1624,2,227.15,2025-11-10
19403,408,2619,3,643.91,2025-11-10
19404,468,2667,1,388.65,2025-11-10
19405,492,2372,2,,2025-11-10
19406,227,2548,2,309.72,2025-11-10
19407,49,42,2,,2025-11-10
19408,85,436,3,181.5,2025-11-10
19409,65,2756,5,508.17,2025-11-10
19410,406,301,1,532.33,2025-11-10
19411,376,1054,4,884.87,2025-11-10
19412,301,,10,256.11,2025-11-10
19413,469---,1977,1,953.09,2025-11-10
19414,362,762,1,763.92,2025-11-10
19415,168,2056,2 ,79.14,2025-11-10
19416,466---,2298,1,760.02,2025-11-10
19417,396,725,1,629.9,2025-11-10
19418,488,318,4,721.8,2025-11-10
19419,182,,2,378.55,2025-11-10
19420,471,2569,20,766.82,2025-11-10
19421,311,1094,2,713.33,2025-11-10
19422,474,568,3,,2025-11-10
19423,184,300,1,707.97,2025-11-10
19424,73,182,2,831.62,2025-11-10
19425,99,548,1,328.52,2025-11-10
19426,236,1194,4,589.35,2025-11-10
19427,398,395,2,229.92,2025-11-10
19428,381,,3,65.2,2025-11-10
19429,245,1003,1??,676.36,2025-11-10
19430,357,,5??,159.21,2025-11-10
19431,82,,,535.76,2025-11-10
19432,42,692??,2,372.32,2025-11-10
19433,256,1010,1,418.38,2025-11-10
19434,376,2256,20,884.87,2025-11-10
19435,404,1668,5,,2025-11-10
19436,247,1238,,,2025-11-10
19437,192,234,1,595.75,2025-11-10
19438,325,2782,1---,661.39,2025-11-10
19439,395,2271??,1,167.39??,2025-11-10
19440,435,1952,2,972.91,2025-11-10
19441,193,2890,3,217.33,2025-11-10
19442,422,325,10,312.04,2025-11-10
19443,476,1803,1,234.47,2025-11-10
19444,452,871,4,985.54 ,2025-11-10
19445,220,1799,3,222.79,2025-11-10
19446,479,1480,1---,361.65,2025-11-10
19447,315,542,5,727.37,2025-11-10
19448,125,888,2,186.6,2025-11-10
19449,50,41,,1007.57,2025-11-10
19450,158,888,1,872.08,2025-11-10
19451,399,1729,1,773.65,2025-11-10
19452,394,2465,10,554.78,2025-11-10
19453,89,1323,1,105.77,2025-11-10
19454,393,,,704.08,2025-11-10
19455,338,2418,2,187.05,2025-11-10
19456,255,2296,5,246.39,2025-11-10
19457,264,2965,5,758.53,2025-11-10
19458,487,767,1,237.09,2025-11-10
19459,500,,1,932.15,2025-11-10
19460,192,2899,10,595.75,2025-11-10
19461,,936,5,979.1,2025-11-10
19462,314,402,1,785.07,2025-11-10
19463,143,2331,3,181.27,2025-11-10
19464,169,2821,1,257.94,2025-11-10
19465,30,194,,334.63,2025-11-10
19466,395,996,4,,2025-11-10
19467,311,2155,1,713.33,2025-11-10
19468,303,2040,4 ,261.07,2025-11-10
19469,32,1745,3,478.74,2025-11-10
19470,154,1381,3,730.08,2025-11-10
19471,76,2987,4,157.63,2025-11-10
19472,193,819,4,217.33,2025-11-10
19473,176,1224,2,475.79,2025-11-10
19474,1,69,2,715.23,2025-11-10
19475,479,374,2,361.65,2025-11-10
19476,323,1457,3,347.62,2025-11-10
19477,205,599,2,589.26,2025-11-10
19478,103,56,2,399.04,2025-11-10
19479,259,1187,1,89.55,2025-11-10
19480,235,441??,3,475.17,2025-11-10
19481,355,797 ,10,336.39,2025-11-10
19482,376,2290,1,884.87,2025-11-10
19483,499,1499,2,1011.56,2025-11-10
19484,444,625,1,,2025-11-11
19485,232,1691,2,860.62??,2025-11-11
19486,274,26,3,186.15,2025-11-11
19487,35,1741,2,198.91,2025-11-11
19488,432,1188,4,398.64,2025-11-11
19489,202,,2,480.12,2025-11-11
19490,469,1974,4,953.09,2025-11-11
19491,101,2756,1,76.75,2025-11-11
19492,242,861---,1,732.54,2025-11-11
19493,90,1932,2,191.16,2025-11-11
19494,293,1344,2,619.01,2025-11-11
19495,,1703,3,168.82,2025-11-11
19496,46,987,2,745.3,2025-11-11
19497,428,372,2,856.4,2025-11-11
19498,248,950,1,452.25,2025-11-11
19499,155---,1956,4,657.22,2025-11-11
19500,375,2286,4,360.24,2025-11-11
19501,263,310,2,541.16,2025-11-11
19502,72,1761,1,,2025-11-11
19503,499??,958,1,1011.56,2025-11-11
19504,336,931,5??,914.9,2025-11-11
19505,46,2164,1,745.3,2025-11-11
19506,284,1907,2,564.02,2025-11-11
19507,226,2966,1,209.79,2025-11-11
19508,161,2042,3,480.94??,2025-11-11
19509,214,1254,1,225.33,2025-11-11
19510,321,2989,5,200.36,2025-11-11
19511,175,2254,1,842.59,2025-11-11
19512,381,2998,1,65.2,2025-11-11
19513,118,180,2,737.58,2025-11-11
19514,53,1787,2,552.85,2025-11-11
19515,442,2794,4---,914.26,2025-11-11
19516,365,385,2??,776.68,2025-11-11
19517,39,2973 ,3,228.38,2025-11-11
19518,393,2357,2,704.08,2025-11-11
19519,258,282,2,689.11 ,2025-11-11
19520,206,2450,1,401.24,2025-11-11
19521,161,1732,2,480.94,2025-11-11
19522,309,2821,1,645.12,2025-11-11
19523,487,2915,3,237.09,2025-11-11
19524,266,792,3,,2025-11-11
19525,,171,2,694.13,2025-11-11
19526,174,1701,,503.59,2025-11-11
19527,101,264,5,76.75,2025-11-11
19528,351,362---,2,787.87,2025-11-11
19529,18,1121,1,467.06,2025-11-11
19530,478,84,5,537.53,2025-11-11
19531,198,277,2,213.46,2025-11-11
19532,58,2310,2,994.69,2025-11-11
19533,117,1926---,4,232.36,2025-11-11
19534,,1551,3,951.6,2025-11-11
19535,205,2517,2,589.26,2025-11-11
19536,212,1945,20??,952.19,2025-11-11
19537,334,899,5,202.93,2025-11-11
19538,342,2286,2,882.83,2025-11-11
19539,120---,1830,1,,2025-11-11
19540,98,815,3,332.9,2025-11-11
19541,133,671,3,,2025-11-11
19542,299,2249,3,840.59,2025-11-11
19543,414,982,2,245.35,2025-11-11
19544,55,2856,1,182.86,2025-11-11
19545,178,1299,3,934.32,2025-11-11
19546,271,394,2,590.56,2025-11-11
19547,243,1871,1,435.09,2025-11-11
19548,223,1912,4,679.14,2025-11-11
19549,363,1086,1,92.9 ,2025-11-11
19550,109??,2074,10,731.8,2025-11-11
19551,151,345---,5,603.39,2025-11-11
19552,56,1354,5,336.23,2025-11-11
19553,465,775,2,441.81 ,2025-11-11
19554,126,336,1,373.76 ,2025-11-11
19555,322,107,,253.21,2025-11-11
19556,114,2878,3,583.63,2025-11-11
19557,467,2002,2,943.44,2025-11-11
19558,9,217,1,606.63,2025-11-11
19559,269,560,3,617.46,2025-11-11
19560,,925,2,270.69 ,2025-11-11
19561,420,187,5,694.13,2025-11-11
19562,73,21,2,831.62,2025-11-11
19563,470,337,1,998.68,2025-11-11
19564,44,845,2,460.78,2025-11-11
19565,98,1897,2,332.9,2025-11-11
19566,470,2200,2,998.68---,2025-11-11
19567,162,2678---,1,669.67,2025-11-11
19568,29,2818,1,361.73,2025-11-11
19569,279,610,1,833.88,2025-11-11
19570,12,380??,3,810.58,2025-11-11
19571,465,1169,1,441.81 ,2025-11-11
19572,34,82,20,378.62,2025-11-11
19573,356,2547,1,511.55,2025-11-11
19574,374,2418,2,711.19,2025-11-11
19575,279,2859,4,833.88,2025-11-11
19576,4,1896,1,,2025-11-11
19577,311,590,4,713.33,2025-11-11
19578,235,689,10,475.17,2025-11-11
19579,73,2881,3,831.62,2025-11-11
19580,191,1969,1,493.52,2025-11-11
19581,361,2760,4,319.21,2025-11-11
19582,143,864,5,181.27 ,2025-11-11
19583,195,1821??,,410.16,2025-11-11
19584,292,2725,1,160.65,2025-11-11
19585,205,228,1,589.26,2025-11-11
19586,,1609,4,700.59,2025-11-11
19587,309,1716,2,645.12,2025-11-11
19588,206,,2,401.24---,2025-11-11
19589,298,,10,162.53,2025-11-11
19590,384,1075,2,855.34,2025-11-11
19591,341,1274,4,389.03,2025-11-11
19592,252,1541,1,,2025-11-11
19593,389,2270??,1,499.35,2025-11-11
19594,90,420,3,191.16,2025-11-11
19595,36 ,59,1,752.87,2025-11-12
19596,421,1559,3,618.46??,2025-11-12
19597,86,2845,2,903.56,2025-11-12
19598,221,534,3,981.95,2025-11-12
19599,251 ,681,2,511.82,2025-11-12
19600,493,2878,2,,2025-11-12
19601,407,1270,4,323.97,2025-11-12
19602,,2875,2---,908.84,2025-11-12
19603,50,911,1,1007.57,2025-11-12
19604,,1785,2??,225.33,2025-11-12
19605,27,2540,5,463.93,2025-11-12
19606,323,691,2,347.62,2025-11-12
19607,,2255,1,229.92,2025-11-12
19608,337,1914,3,600.31,2025-11-12
19609,282,1344,,514.12,2025-11-12
19610,472,978,3,105.21,2025-11-12
19611,321,2250,2,200.36,2025-11-12
19612,355,509,5,336.39,2025-11-12
19613,136,2607,2,787.54,2025-11-12
19614,322,2491,10,,2025-11-12
19615,94,2830,3,996.96,2025-11-12
19616,99,594,5,328.52,2025-11-12
19617,16,2977,1,376.78,2025-11-12
19618,222??,837,2,681.73,2025-11-12
19619,351,377,,787.87,2025-11-12
19620,280,1283,5,234.31??,2025-11-12
19621,342,2332,1,882.83,2025-11-12
19622,250,2372,5,119.79,2025-11-12
19623,217,355??,1,710.49,2025-11-12
19624,146,475,5,266.77,2025-11-12
19625,217,1963,2,,2025-11-12
19626,251,111,1,511.82,2025-11-12
19627,76,2827,2,157.63,2025-11-12
19628,289,2250,2,,2025-11-12
19629,184,571,5,707.97,2025-11-12
19630,270,18,4,298.5,2025-11-12
19631,477,2488,1,168.82,2025-11-12
19632,377 ,1873,,588.92,2025-11-12
19633,315,130,3,727.37,2025-11-12
19634,471,1552,2,766.82,2025-11-12
19635,468,1637,1,388.65,2025-11-12
19636,,1092,5,373.76 ,2025-11-12
19637,10,900,1,173.6,2025-11-12
19638,399 ,180,2,773.65,2025-11-12
19639,,1215,2,234.31??,2025-11-12
19640,113,877,3,159.84,2025-11-12
19641,260,197,1,517.98 ,2025-11-12
19642,490,2455,1,,2025-11-12
19643,78,903---,3,555.77,2025-11-12
19644,236,2943,4,589.35,2025-11-12
19645,331,1188,2,468.72,2025-11-12
19646,246,2919,2,108.35,2025-11-12
19647,10,946,10,173.6,2025-11-12
19648,487,2086,5,237.09,2025-11-12
19649,402,269,1,851.77,2025-11-12
19650,327,183,1,,2025-11-12
19651,73,2667,1,831.62,2025-11-12
19652,338,560,2,187.05,2025-11-12
19653,311,1518,1 ,713.33,2025-11-12
19654,181,1426,3,508.98,2025-11-12
19655,104,2328,4,855.17,2025-11-12
19656,421,2515,3,618.46,2025-11-12
19657,200,,4,,2025-11-12
19658,57,,10,222.83,2025-11-12
19659,5,1357,2,201.09,2025-11-12
19660,312,,2,692.62,2025-11-12
19661,,2439,4,448.78,2025-11-12
19662,404,2956,1,,2025-11-12
19663,25,1454,1,357.09,2025-11-12
19664,168,305,4,79.14,2025-11-12
19665,129,1243,4,392.23,2025-11-12
19666,260,1930,2,517.98 ,2025-11-12
19667,441,759,5,773.78,2025-11-12
19668,,2107,10,602.55,2025-11-12
19669,465,2396,1,441.81 ---,2025-11-12
19670,264,2287,1,,2025-11-12
19671,83,692---,1,706.86,2025-11-12
19672,34,85,4,378.62,2025-11-12
19673,416,2080,,227.15,2025-11-12
19674,58,2539,1,994.69,2025-11-12
19675,23,2053,1,719.34 ,2025-11-12
19676,190,2077,3,461.29,2025-11-12
19677,213??,,1,932.88,2025-11-12
19678,168,1523 ,4,79.14,2025-11-12
19679,51??,1940,2,79.43,2025-11-12
19680,484,1060,3,816.36,2025-11-12
19681,143,2434,4,181.27,2025-11-12
19682,389,83,,499.35,2025-11-12
19683,476,2911,3,234.47,2025-11-12
19684,9,2532,1,606.63,2025-11-12
19685,491,2985,2,874.7,2025-11-12
19686,129,2599,3,392.23,2025-11-12
19687,428,,,856.4 ,2025-11-12
19688,412,581,2,628.74,2025-11-12
19689,446 ,818,1,85.62,2025-11-12
19690,189,558,1,1027.84,2025-11-12
19691,94,2,2,996.96,2025-11-12
19692,248,1892,2,452.25,2025-11-12
19693,61,2803,1,116.62,2025-11-12
19694,324---,242,10,829.29,2025-11-12
19695,306,2428,4,132.33,2025-11-12
19696,401---,2151,1,457.8,2025-11-12
19697,224,2110,3,835.41,2025-11-12
19698,70,1523,3,624.95,2025-11-12
19699,183,2892,2,386.71,2025-11-12
19700,56,1961,4,336.23,2025-11-12
19701,42---,1408,4,372.32,2025-11-12
19702,256,2855,2,418.38,2025-11-12
19703,114,1270,3,583.63,2025-11-12
19704,21,1258,3,374.08,2025-11-12
19705,61 ,2036,1,116.62,2025-11-12
19706,419,1759,3,138.89,2025-11-13
19707,104,2631,3,855.17 ,2025-11-13
19708,219,2164,1,604.87,2025-11-13
19709,,62,,292.66,2025-11-13
19710,97,227,4,231.74,2025-11-13
19711,190,859,1,461.29,2025-11-13
19712,241,1256,2,218.0,2025-11-13
19713,53,1573,4,552.85,2025-11-13
19714,,842,4,452.25,2025-11-13
19715,29,1594,2,361.73,2025-11-13
19716,,2666,3,292.66,2025-11-13
19717,451,338,3,442.94,2025-11-13
19718,200,275,2,,2025-11-13
19719,493,2697,1,103.44??,2025-11-13
19720,353,2129,2,709.75,2025-11-13
19721,53,2175,2,552.85,2025-11-13
19722,17,1060 ,1,1024.6,2025-11-13
19723,77,1097,5,975.6,2025-11-13
19724,70,2755,1,624.95,2025-11-13
19725,89,1766,1,105.77,2025-11-13
19726,403 ,2853,1,426.25 ,2025-11-13
19727,183 ,2027,4,386.71,2025-11-13
19728,194,151---,4,154.3,2025-11-13
19729,102,1836,1??,873.82,2025-11-13
19730,86,2531,3,903.56,2025-11-13
19731,341,,1,389.03,2025-11-13
19732,249,1117,2,386.0,2025-11-13
19733,451,1792,20---,442.94,2025-11-13
19734,364,2547,2,531.62,2025-11-13
19735,25,610,,357.09,2025-11-13
19736,182,2417,1,378.55,2025-11-13
19737,463,306,3 ,927.87---,2025-11-13
19738,158,1260,5,872.08,2025-11-13
19739,137,2793,1,247.12,2025-11-13
19740,138,253,1,641.47,2025-11-13
19741,385,100,2,509.11,2025-11-13
19742,94,1941,1,996.96,2025-11-13
19743,285,762,,535.38,2025-11-13
19744,180??,513,5,262.7,2025-11-13
19745,356---,626,2,511.55,2025-11-13
19746,246,1252,2,108.35,2025-11-13
19747,473,74,1,,2025-11-13
19748,281,1591,3,186.79,2025-11-13
19749,178,,2,934.32,2025-11-13
19750,188,,1,908.84,2025-11-13
19751,46,2161,1,745.3,2025-11-13
19752,493,1904,1,103.44??,2025-11-13
19753,414,430,,245.35,2025-11-13
19754,489,1107,3,334.81,2025-11-13
19755,208,538,2,529.71??,2025-11-13
19756,419,862,2,138.89,2025-11-13
19757,175,799,5,842.59,2025-11-13
19758,193,1579,5,217.33,2025-11-13
19759,16,2044,2,376.78,2025-11-13
19760,82,657,1,,2025-11-13
19761,260,655,2,517.98 ,2025-11-13
19762,88,2411,4,211.51,2025-11-13
19763,48,119,4,,2025-11-13
19764,267,1482,2,839.54,2025-11-13
19765,,1405,1,388.65,2025-11-13
19766,372,2679,5,616.97,2025-11-13
19767,59,2904,1,474.39,2025-11-13
19768,448,1829,2,459.14,2025-11-13
19769,390,1595,1,,2025-11-13
19770,57,1988,3,222.83,2025-11-13
19771,469,2063,10,953.09,2025-11-13
19772,216,1505,2,465.22,2025-11-13
19773,259,244,1 ,89.55,2025-11-13
19774,238,978,4??,875.47,2025-11-13
19775,266,1929---,2,401.69 ,2025-11-13
19776,443,360,2,933.58,2025-11-13
19777,22,1415,2,85.88,2025-11-13
19778,376,1952,1,884.87,2025-11-13
19779,313,871,5,256.73,2025-11-13
19780,407,2507,4,323.97,2025-11-13
19781,49,86,1,,2025-11-13
19782,338,,5,187.05,2025-11-13
19783,109,2173,10,731.8,2025-11-13
19784,319,894,1,690.64,2025-11-13
19785,275,2563,3,270.69,2025-11-13
19786,181,2242,3,508.98,2025-11-13
19787,459,2138,4??,621.08,2025-11-13
19788,322,447,2,253.21,2025-11-13
19789,303,1572,5,261.07,2025-11-13
19790,368,1647,1,614.3,2025-11-13
19791,495,1181,1,533.13,2025-11-13
19792,434,2120,2,911.31,2025-11-13
19793,,1463,2,427.52??,2025-11-13
19794,,2102,3,228.38,2025-11-13
19795,493,475,1,103.44??---,2025-11-13
19796,391,575,1,537.68,2025-11-13
19797,14,1746,3,546.15,2025-11-13
19798,34,2269,2,378.62,2025-11-13
19799,159,1979,1,237.25,2025-11-13
19800,383,2232,2,682.42,2025-11-13
19801,163,2171,2,435.68,2025-11-13
19802,9,1528,1,606.63,2025-11-13
19803,,820,2,,2025-11-13
19804,170,1794,1,700.59,2025-11-13
19805,161,738,1,480.94,2025-11-13
19806,179,123,5,355.87,2025-11-13
19807,334,2755,10,202.93,2025-11-13
19808,17,2915 ,10,1024.6,2025-11-13
19809,391,937,1,537.68,2025-11-13
19810,437,1488,1,873.74,2025-11-13
19811,242,1541,4,732.54,2025-11-13
19812,185,2379,4,542.3,2025-11-13
19813,104,2791,1,855.17,2025-11-13
19814,319,763,2,690.64,2025-11-13
19815,43,,2 ,152.82,2025-11-13
19816,180,1527,1,262.7,2025-11-13
19817,158,1412,1,872.08,2025-11-14
19818,85,1437,2,181.5,2025-11-14
19819,,242,1,527.98,2025-11-14
19820,498,2020,1,369.08,2025-11-14
19821,376,1591,2,884.87,2025-11-14
19822,176,1592,1,475.79,2025-11-14
19823,417,2417,4,195.05,2025-11-14
19824,60,1932,1,606.21,2025-11-14
19825,,358,2,410.57,2025-11-14
19826,57,2373,5,222.83,2025-11-14
19827,265,750,2,754.56,2025-11-14
19828,49,1169,1,,2025-11-14
19829,491,2338,1,874.7,2025-11-14
19830,51??,1644,4,79.43,2025-11-14
19831,493,2781,3??,103.44??,2025-11-14
19832,112,1192,2,110.65,2025-11-14
19833,293,1592,1,619.01,2025-11-14
19834,,922,3,270.69,2025-11-14
19835,318,2677,2,311.94,2025-11-14
19836,107,46,2,585.54,2025-11-14
19837,273,821,5,84.32,2025-11-14
19838,339,1016,3,910.33,2025-11-14
19839,224,1782,1,835.41,2025-11-14
19840,407,1459,2,323.97,2025-11-14
19841,290,1064,1,774.21,2025-11-14
19842,217,991,1,710.49,2025-11-14
19843,356---,1585,3,511.55,2025-11-14
19844,283,864,4,363.65,2025-11-14
19845,439,1221 ,1,884.89,2025-11-14
19846,444,2054,5,1036.18??,2025-11-14
19847,158 ,2518,3,872.08,2025-11-14
19848,436,541,,544.14,2025-11-14
19849,12,899,5,810.58,2025-11-14
19850,391,1551,1,537.68 ,2025-11-14
19851,213,2798,4,932.88,2025-11-14
19852,,2848,2,982.83,2025-11-14
19853,407,,1,323.97,2025-11-14
19854,462,2623,5,754.85,2025-11-14
19855,379,2728,10,614.34,2025-11-14
19856,390,537,1,,2025-11-14
19857,128,1775,1,816.32,2025-11-14
19858,243,959,1,435.09,2025-11-14
19859,45,932,2,,2025-11-14
19860,340,1391,3,575.1---,2025-11-14
19861,225,492,2,711.78,2025-11-14
19862,154,2268,3,730.08,2025-11-14
19863,258,487,1,689.11,2025-11-14
19864,305,966,1,398.85,2025-11-14
19865,325,2481,3,661.39 ,2025-11-14
19866,69,1186,2,373.1,2025-11-14
19867,130,1172,10,839.05,2025-11-14
19868,3,939,3,311.35---,2025-11-14
19869,154,667,1,730.08??,2025-11-14
19870,242,2564,1 ,732.54,2025-11-14
19871,242,2009,1,732.54,2025-11-14
19872,272,2510,1,196.75,2025-11-14
19873,165,2577,3,709.09,2025-11-14
19874,419,1896,4,138.89,2025-11-14
19875,400,119,2,503.19,2025-11-14
19876,241,1711,1,218.0,2025-11-14
19877,48,1316,10,,2025-11-14
19878,481,1245,1,479.02,2025-11-14
19879,142,1474,2,858.79,2025-11-14
19880,87---,298,2,379.38,2025-11-14
19881,471,1436,4,766.82,2025-11-14
19882,470,301,,998.68,2025-11-14
19883,58,2676,4,994.69,2025-11-14
19884,16,814,,376.78,2025-11-14
19885,318,2785,10---,311.94,2025-11-14
19886,388,1454,1,379.24,2025-11-14
19887,300,1117,1,783.08---,2025-11-14
19888,415,1743,4,649.87,2025-11-14
19889,4,660,5,587.27,2025-11-14
19890,397,1289,1,637.91,2025-11-14
19891,257,1666,5,528.85,2025-11-14
19892,261,713,2,982.83,2025-11-14
19893,284,2085,1,564.02,2025-11-14
19894,482,137,20,411.28,2025-11-14
19895,426,180,3,904.53,2025-11-14
19896,153,2310,2,118.03,2025-11-14
19897,249,2349,1,386.0,2025-11-14
19898,36,684,4,752.87,2025-11-14
19899,227,2153,1,309.72,2025-11-14
19900,19,2884,2,386.73,2025-11-14
19901,120,140,3,,2025-11-14
19902,259,878??,1,89.55,2025-11-14
19903,395,1839,2,167.39????,2025-11-14
19904,310,1871,10,723.09 ,2025-11-14
19905,307,1737,2,432.28,2025-11-14
19906,431,1893,5,272.8,2025-11-14
19907,483,1890,1 ,259.65,2025-11-14
19908,,1660,1,782.67,2025-11-14
19909,245,1590??,2,,2025-11-14
19910,268,2698,5,,2025-11-14
19911,,1962,,149.34,2025-11-14
19912,400,178,2,503.19,2025-11-14
19913,270,1278,3,298.5,2025-11-14
19914,306,1265,1,132.33,2025-11-14
19915,16,1133,2,376.78,2025-11-14
19916,284 ,985,1,564.02,2025-11-14
19917,173,2595,3,722.69,2025-11-14
19918,295,2529,1,368.63,2025-11-14
19919,455,617,1,167.11,2025-11-14
19920,40,2818,1,727.08,2025-11-14
19921,183??,2897,1,386.71,2025-11-14
19922,301,431,10,256.11,2025-11-14
19923,64,2273,5,149.34,2025-11-14
19924,341,2671,3,389.03,2025-11-14
19925,442,496---,1,914.26,2025-11-14
19926,331,756 ,3,468.72,2025-11-14
19927,398,1832,1,229.92---,2025-11-14
19928,221,2049 ,1,981.95??,2025-11-15
19929,197,812,1,570.36,2025-11-15
19930,321,1458,1,200.36,2025-11-15
19931,,480,1,,2025-11-15
19932,127,896,2,190.88,2025-11-15
19933,,2664,1,510.63,2025-11-15
19934,188,2886,5,,2025-11-15
19935,426 ,325,4---,904.53,2025-11-15
19936,271,1966,1 ,590.56,2025-11-15
19937,100,2875,2,,2025-11-15
19938,307,419,1??,,2025-11-15
19939,94,863,2,996.96,2025-11-15
19940,19,1497,3,386.73,2025-11-15
19941,95,1391,1,1027.63,2025-11-15
19942,357,1581,2,159.21,2025-11-15
19943,493,2716,3,103.44??,2025-11-15
19944,11,1302,2,491.64,2025-11-15
19945,,2252,2,,2025-11-15
19946,266,447,1,401.69,2025-11-15
19947,40---,2913,2,727.08---,2025-11-15
19948,496,1765,1,660.1,2025-11-15
19949,171,2582,3,914.96,2025-11-15
19950,148,2941,,,2025-11-15
19951,5,2079,10,201.09,2025-11-15
19952,453,2308---,1,,2025-11-15
19953,354,370,2,520.29??,2025-11-15
19954,58,376,4,994.69,2025-11-15
19955,482 ,2302,1??,411.28,2025-11-15
19956,113,681,,159.84,2025-11-15
19957,43,260,2,152.82,2025-11-15
19958,362,1996,4,763.92,2025-11-15
19959,178,2305,3,934.32,2025-11-15
19960,102,716,3,873.82,2025-11-15
19961,177,1106,1,652.82,2025-11-15
19962,303,480,1,261.07,2025-11-15
19963,303,2847,2,261.07 ,2025-11-15
19964,26,2067,4,,2025-11-15
19965,149,1521,1,487.7,2025-11-15
19966,153,1159,1,118.03,2025-11-15
19967,91,1038,,230.02,2025-11-15
19968,328,2813,1,413.2,2025-11-15
19969,105,2497,,589.73,2025-11-15
19970,5,2022,5,201.09,2025-11-15
19971,407,1560---,1,323.97---,2025-11-15
19972,219,778,1,604.87,2025-11-15
19973,124 ,1194,3,887.58,2025-11-15
19974,314,1583,2,785.07,2025-11-15
19975,170,1537,1,700.59,2025-11-15
19976,429,2561,1,299.59,2025-11-15
19977,431,2794,,272.8,2025-11-15
19978,146,376,2,266.77,2025-11-15
19979,382,852,2,427.52,2025-11-15
19980,,1984,1,108.35,2025-11-15
19981,407,,2,323.97,2025-11-15
19982,57,1635??,20,222.83,2025-11-15
19983,352,900,1,638.9,2025-11-15
19984,,2958,3,882.83,2025-11-15
19985,290,1793,3,774.21,2025-11-15
19986,291,2286,3,722.08,2025-11-15
19987,392,2499,3,,2025-11-15
19988,19,88,2,386.73,2025-11-15
19989,196,974,1,,2025-11-15
19990,,2259,1,259.65,2025-11-15
19991,446,920,1,,2025-11-15
19992,369,1961,3,410.57,2025-11-15
19993,,2069,4,480.94,2025-11-15
19994,201,1383,,199.44,2025-11-15
19995,154,2408,1??,730.08??,2025-11-15
19996,166,1443,2,906.51,2025-11-15
19997,73,2378,2,831.62,2025-11-15
19998,37,584,1,786.8,2025-11-15
19999,266,2428,1,401.69,2025-11-15
20000,263,2392,3,541.16,2025-11-15
