sale_id,customer_id,quantity,price,date,product_name,product_id
1,17,2.0,715.23,2025-08-01,Nimko Mix 400g,1
2,4,2.0,310.0,2025-08-01,Nestle Milk Pack 1L,21
3,12,2.0,815.2,2025-08-01,Pepsi 1.5L,10
4,17,1.0,606.63,2025-08-01,Shan Biryani Masala,6
5,19,1.0,201.09,2025-08-01,Tea Whitener 1kg,4
6,19,1.0,361.73,2025-08-01,Lux Soap 110g,18
7,12,1.0,715.23,2025-08-01,Nimko Mix 400g,1
8,11,2.0,491.64,2025-08-01,Ariel Washing Powder 1kg,7
9,13,3.0,715.23,2025-08-01,Nimko Mix 400g,1
10,18,2.0,374.08,2025-08-01,Coca Cola 1.5L,15
11,20,2.0,,2025-08-01,nan,
12,6,1.0,715.23,2025-08-01,Nimko Mix 400g,1
13,10,2.0,606.63,2025-08-01,Shan Biryani Masala,6
14,15,1.0,361.73,2025-08-01,Lux Soap 110g,18
15,3,3.0,149.34,2025-08-01,Dalda Cooking Oil 1L,22
16,13,1.0,629.21,2025-08-01,Tissue Roll Rose Petal,23
17,4,1.0,566.23,2025-08-01,Sprite 1.5L,2
18,11,20.0,361.73,2025-08-01,Lux Soap 110g,18
19,1,4.0,311.35,2025-08-01,Sufi Banaspati 1kg,3
20,3,2.0,548.34,2025-08-01,Rice Basmati 5kg,8
21,18,1.0,357.09,2025-08-01,Colgate Toothpaste 100ml,17
22,4,2.0,153.28,2025-08-01,Surf Excel 1kg,19
23,20,1.0,201.09,2025-08-01,Tea Whitener 1kg,4
24,14,1.0,566.23,2025-08-01,Sprite 1.5L,2
25,6,1.0,311.35,2025-08-01,Sufi Banaspati 1kg,3
26,5,1.0,201.09,2025-08-01,Tea Whitener 1kg,4
27,8,3.0,198.91,2025-08-01,Lifebuoy Soap 110g,20
28,20,1.0,335.13,2025-08-01,National Ketchup 1kg,5
29,20,1.0,,2025-08-01,nan,
30,3,2.0,606.63,2025-08-01,Shan Biryani Masala,6
31,19,4.0,361.73,2025-08-01,Lux Soap 110g,18
32,13,1.0,198.91,2025-08-01,Lifebuoy Soap 110g,20
33,10,5.0,566.23,2025-08-01,Sprite 1.5L,2
34,19,2.0,715.23,2025-08-01,Nimko Mix 400g,1
35,18,5.0,566.23,2025-08-01,Sprite 1.5L,2
36,16,1.0,361.73,2025-08-01,Lux Soap 110g,18
37,8,2.0,386.73,2025-08-01,Dettol Handwash 200ml,13
38,20,3.0,,2025-08-01,nan,
39,7,2.0,153.28,2025-08-01,Surf Excel 1kg,19
40,11,4.0,386.73,2025-08-01,Dettol Handwash 200ml,13
41,1,1.0,815.2,2025-08-01,Pepsi 1.5L,10
42,2,2.0,715.23,2025-08-01,Nimko Mix 400g,1
43,9,2.0,361.73,2025-08-01,Lux Soap 110g,18
44,15,5.0,335.13,2025-08-01,National Ketchup 1kg,5
45,6,4.0,357.09,2025-08-01,Colgate Toothpaste 100ml,17
46,14,3.0,815.2,2025-08-01,Pepsi 1.5L,10
47,17,1.0,335.13,2025-08-01,National Ketchup 1kg,5
48,1,1.0,361.73,2025-08-01,Lux Soap 110g,18
49,13,1.0,566.23,2025-08-01,Sprite 1.5L,2
50,14,5.0,201.09,2025-08-01,Tea Whitener 1kg,4
51,14,4.0,629.21,2025-08-01,Tissue Roll Rose Petal,23
52,17,3.0,361.73,2025-08-01,Lux Soap 110g,18
53,7,1.0,198.91,2025-08-01,Lifebuoy Soap 110g,20
54,17,2.0,311.35,2025-08-01,Sufi Banaspati 1kg,3
55,20,,491.64,2025-08-01,Ariel Washing Powder 1kg,7
56,17,2.0,629.21,2025-08-01,Tissue Roll Rose Petal,23
57,17,,311.35,2025-08-01,Sufi Banaspati 1kg,3
58,3,1.0,100.09,2025-08-01,Olpers Milk 1L,14
59,13,1.0,891.92,2025-08-01,Tapal Danedar 950g,16
60,20,1.0,891.92,2025-08-01,Tapal Danedar 950g,16
61,10,3.0,715.23,2025-08-01,Nimko Mix 400g,1
62,5,1.0,361.73,2025-08-01,Lux Soap 110g,18
63,17,1.0,376.78,2025-08-01,Dove Shampoo 360ml,11
64,2,1.0,310.0,2025-08-01,Nestle Milk Pack 1L,21
65,3,1.0,376.78,2025-08-01,Dove Shampoo 360ml,11
66,5,2.0,815.2,2025-08-01,Pepsi 1.5L,10
67,17,2.0,335.13,2025-08-01,National Ketchup 1kg,5
68,8,2.0,153.28,2025-08-01,Surf Excel 1kg,19
69,9,1.0,467.06,2025-08-01,Wheat Flour 10kg,12
70,17,2.0,606.63,2025-08-01,Shan Biryani Masala,6
71,12,10.0,100.09,2025-08-01,Olpers Milk 1L,14
72,17,4.0,566.23,2025-08-01,Sprite 1.5L,2
73,20,3.0,100.09,2025-08-01,Olpers Milk 1L,14
74,12,2.0,374.08,2025-08-01,Coca Cola 1.5L,15
75,10,1.0,815.2,2025-08-01,Pepsi 1.5L,10
76,18,1.0,566.23,2025-08-01,Sprite 1.5L,2
77,19,1.0,198.91,2025-08-01,Lifebuoy Soap 110g,20
78,17,1.0,715.23,2025-08-01,Nimko Mix 400g,1
79,14,5.0,467.06,2025-08-01,Wheat Flour 10kg,12
80,18,2.0,361.73,2025-08-01,Lux Soap 110g,18
81,16,4.0,566.23,2025-08-01,Sprite 1.5L,2
82,8,1.0,467.06,2025-08-01,Wheat Flour 10kg,12
83,3,5.0,,2025-08-01,None,
84,12,2.0,311.35,2025-08-01,Sufi Banaspati 1kg,3
85,8,2.0,376.78,2025-08-02,Dove Shampoo 360ml,11
86,9,2.0,566.23,2025-08-02,Sprite 1.5L,2
87,19,2.0,357.09,2025-08-02,Colgate Toothpaste 100ml,17
88,5,,606.63,2025-08-02,Shan Biryani Masala,6
89,10,4.0,376.78,2025-08-02,Dove Shampoo 360ml,11
90,3,1.0,606.63,2025-08-02,Shan Biryani Masala,6
91,2,1.0,566.23,2025-08-02,Sprite 1.5L,2
92,17,3.0,376.78,2025-08-02,Dove Shampoo 360ml,11
93,6,3.0,891.92,2025-08-02,Tapal Danedar 950g,16
94,12,5.0,386.73,2025-08-02,Dettol Handwash 200ml,13
95,16,1.0,201.09,2025-08-02,Tea Whitener 1kg,4
96,9,20.0,891.92,2025-08-02,Tapal Danedar 950g,16
97,16,10.0,376.78,2025-08-02,Dove Shampoo 360ml,11
98,11,4.0,149.34,2025-08-02,Dalda Cooking Oil 1L,22
99,7,5.0,606.63,2025-08-02,Shan Biryani Masala,6
100,5,2.0,374.08,2025-08-02,Coca Cola 1.5L,15
101,6,1.0,386.73,2025-08-02,Dettol Handwash 200ml,13
102,4,4.0,715.23,2025-08-02,Nimko Mix 400g,1
103,8,,357.09,2025-08-02,Colgate Toothpaste 100ml,17
104,11,20.0,815.2,2025-08-02,Pepsi 1.5L,10
105,15,1.0,815.2,2025-08-02,Pepsi 1.5L,10
106,18,1.0,357.09,2025-08-02,Colgate Toothpaste 100ml,17
107,19,2.0,715.23,2025-08-02,Nimko Mix 400g,1
108,19,10.0,815.2,2025-08-02,Pepsi 1.5L,10
109,18,2.0,715.23,2025-08-02,Nimko Mix 400g,1
110,16,2.0,815.2,2025-08-02,Pepsi 1.5L,10
111,5,2.0,311.35,2025-08-02,Sufi Banaspati 1kg,3
112,19,4.0,310.0,2025-08-02,Nestle Milk Pack 1L,21
113,15,1.0,386.73,2025-08-02,Dettol Handwash 200ml,13
114,13,2.0,376.78,2025-08-02,Dove Shampoo 360ml,11
115,11,1.0,891.92,2025-08-02,Tapal Danedar 950g,16
116,19,1.0,357.09,2025-08-02,Colgate Toothpaste 100ml,17
117,1,3.0,386.73,2025-08-02,Dettol Handwash 200ml,13
118,8,4.0,311.35,2025-08-02,Sufi Banaspati 1kg,3
119,1,2.0,149.34,2025-08-02,Dalda Cooking Oil 1L,22
120,3,2.0,467.06,2025-08-02,Wheat Flour 10kg,12
121,18,1.0,566.23,2025-08-02,Sprite 1.5L,2
122,3,3.0,467.06,2025-08-02,Wheat Flour 10kg,12
123,16,3.0,201.09,2025-08-02,Tea Whitener 1kg,4
124,18,10.0,361.73,2025-08-02,Lux Soap 110g,18
125,20,1.0,629.21,2025-08-02,Tissue Roll Rose Petal,23
126,11,2.0,100.09,2025-08-02,Olpers Milk 1L,14
127,7,,374.08,2025-08-02,Coca Cola 1.5L,15
128,3,2.0,815.2,2025-08-02,Pepsi 1.5L,10
129,3,10.0,,2025-08-02,nan,
130,2,2.0,606.63,2025-08-02,Shan Biryani Masala,6
131,9,1.0,201.09,2025-08-02,Tea Whitener 1kg,4
132,13,20.0,198.91,2025-08-02,Lifebuoy Soap 110g,20
133,15,2.0,815.2,2025-08-02,Pepsi 1.5L,10
134,6,2.0,,2025-08-02,nan,
135,13,2.0,815.2,2025-08-02,Pepsi 1.5L,10
136,15,2.0,,2025-08-02,nan,
137,1,2.0,,2025-08-02,nan,
138,15,2.0,629.21,2025-08-02,Tissue Roll Rose Petal,23
139,20,3.0,311.35,2025-08-02,Sufi Banaspati 1kg,3
140,6,1.0,467.06,2025-08-02,Wheat Flour 10kg,12
141,11,1.0,467.06,2025-08-02,Wheat Flour 10kg,12
142,11,4.0,715.23,2025-08-02,Nimko Mix 400g,1
143,18,1.0,566.23,2025-08-02,Sprite 1.5L,2
144,15,2.0,629.21,2025-08-02,Tissue Roll Rose Petal,23
145,8,1.0,361.73,2025-08-02,Lux Soap 110g,18
146,13,1.0,,2025-08-02,nan,
147,1,1.0,548.34,2025-08-02,Rice Basmati 5kg,8
148,6,,153.28,2025-08-02,Surf Excel 1kg,19
149,11,4.0,153.28,2025-08-02,Surf Excel 1kg,19
150,20,2.0,548.34,2025-08-02,Rice Basmati 5kg,8
151,10,2.0,357.09,2025-08-02,Colgate Toothpaste 100ml,17
152,12,2.0,715.23,2025-08-02,Nimko Mix 400g,1
153,8,2.0,100.09,2025-08-02,Olpers Milk 1L,14
154,10,1.0,335.13,2025-08-02,National Ketchup 1kg,5
155,10,3.0,,2025-08-02,None,
156,19,3.0,566.23,2025-08-02,Sprite 1.5L,2
157,15,2.0,376.78,2025-08-02,Dove Shampoo 360ml,11
158,1,2.0,606.63,2025-08-02,Shan Biryani Masala,6
159,18,,566.23,2025-08-02,Sprite 1.5L,2
160,1,5.0,335.13,2025-08-02,National Ketchup 1kg,5
161,3,,566.23,2025-08-02,Sprite 1.5L,2
162,15,3.0,566.23,2025-08-02,Sprite 1.5L,2
163,13,2.0,891.92,2025-08-02,Tapal Danedar 950g,16
164,2,3.0,566.23,2025-08-02,Sprite 1.5L,2
165,7,1.0,361.73,2025-08-02,Lux Soap 110g,18
166,18,5.0,201.09,2025-08-02,Tea Whitener 1kg,4
167,16,3.0,374.08,2025-08-02,Coca Cola 1.5L,15
168,17,1.0,715.23,2025-08-02,Nimko Mix 400g,1
169,15,5.0,386.73,2025-08-02,Dettol Handwash 200ml,13
170,20,5.0,357.09,2025-08-02,Colgate Toothpaste 100ml,17
171,5,1.0,491.64,2025-08-02,Ariel Washing Powder 1kg,7
172,6,2.0,629.21,2025-08-02,Tissue Roll Rose Petal,23
432,17,1.0,,2025-08-06,nan,
173,2,4.0,201.09,2025-08-02,Tea Whitener 1kg,4
174,18,20.0,467.06,2025-08-02,Wheat Flour 10kg,12
175,10,4.0,376.78,2025-08-03,Dove Shampoo 360ml,11
176,13,4.0,491.64,2025-08-03,Ariel Washing Powder 1kg,7
177,4,2.0,386.73,2025-08-03,Dettol Handwash 200ml,13
178,17,5.0,,2025-08-03,None,
179,5,4.0,386.73,2025-08-03,Dettol Handwash 200ml,13
180,14,1.0,386.73,2025-08-03,Dettol Handwash 200ml,13
181,11,20.0,310.0,2025-08-03,Nestle Milk Pack 1L,21
182,2,1.0,376.78,2025-08-03,Dove Shampoo 360ml,11
183,17,1.0,335.13,2025-08-03,National Ketchup 1kg,5
184,15,1.0,386.73,2025-08-03,Dettol Handwash 200ml,13
185,8,1.0,629.21,2025-08-03,Tissue Roll Rose Petal,23
186,8,1.0,548.34,2025-08-03,Rice Basmati 5kg,8
187,15,4.0,335.13,2025-08-03,National Ketchup 1kg,5
188,20,,891.92,2025-08-03,Tapal Danedar 950g,16
189,5,3.0,548.34,2025-08-03,Rice Basmati 5kg,8
190,15,1.0,548.34,2025-08-03,Rice Basmati 5kg,8
191,11,1.0,566.23,2025-08-03,Sprite 1.5L,2
192,6,3.0,374.08,2025-08-03,Coca Cola 1.5L,15
193,2,5.0,361.73,2025-08-03,Lux Soap 110g,18
194,5,1.0,629.21,2025-08-03,Tissue Roll Rose Petal,23
195,2,4.0,198.91,2025-08-03,Lifebuoy Soap 110g,20
196,13,2.0,361.73,2025-08-03,Lux Soap 110g,18
197,7,1.0,815.2,2025-08-03,Pepsi 1.5L,10
198,11,3.0,566.23,2025-08-03,Sprite 1.5L,2
199,19,5.0,361.73,2025-08-03,Lux Soap 110g,18
200,4,1.0,149.34,2025-08-03,Dalda Cooking Oil 1L,22
201,17,4.0,361.73,2025-08-03,Lux Soap 110g,18
202,11,1.0,201.09,2025-08-03,Tea Whitener 1kg,4
203,7,3.0,815.2,2025-08-03,Pepsi 1.5L,10
204,3,5.0,,2025-08-03,nan,
205,20,2.0,891.92,2025-08-03,Tapal Danedar 950g,16
206,15,1.0,548.34,2025-08-03,Rice Basmati 5kg,8
207,5,2.0,,2025-08-03,None,
208,9,2.0,491.64,2025-08-03,Ariel Washing Powder 1kg,7
209,16,1.0,100.09,2025-08-03,Olpers Milk 1L,14
210,6,1.0,606.63,2025-08-03,Shan Biryani Masala,6
211,3,1.0,386.73,2025-08-03,Dettol Handwash 200ml,13
212,1,1.0,100.09,2025-08-03,Olpers Milk 1L,14
213,9,2.0,357.09,2025-08-03,Colgate Toothpaste 100ml,17
214,19,2.0,,2025-08-03,nan,
215,11,3.0,566.23,2025-08-03,Sprite 1.5L,2
216,7,2.0,,2025-08-03,None,
217,12,3.0,201.09,2025-08-03,Tea Whitener 1kg,4
218,20,1.0,153.28,2025-08-03,Surf Excel 1kg,19
219,16,1.0,374.08,2025-08-03,Coca Cola 1.5L,15
220,11,5.0,374.08,2025-08-03,Coca Cola 1.5L,15
221,14,2.0,100.09,2025-08-03,Olpers Milk 1L,14
222,14,4.0,467.06,2025-08-03,Wheat Flour 10kg,12
223,12,10.0,566.23,2025-08-03,Sprite 1.5L,2
224,3,1.0,606.63,2025-08-03,Shan Biryani Masala,6
225,11,1.0,,2025-08-03,None,
226,10,2.0,715.23,2025-08-03,Nimko Mix 400g,1
227,13,1.0,891.92,2025-08-03,Tapal Danedar 950g,16
228,17,3.0,100.09,2025-08-03,Olpers Milk 1L,14
229,9,1.0,100.09,2025-08-03,Olpers Milk 1L,14
230,11,5.0,374.08,2025-08-03,Coca Cola 1.5L,15
231,19,1.0,386.73,2025-08-03,Dettol Handwash 200ml,13
232,1,1.0,357.09,2025-08-03,Colgate Toothpaste 100ml,17
233,16,1.0,357.09,2025-08-03,Colgate Toothpaste 100ml,17
234,5,,566.23,2025-08-03,Sprite 1.5L,2
235,1,3.0,201.09,2025-08-03,Tea Whitener 1kg,4
236,15,1.0,310.0,2025-08-03,Nestle Milk Pack 1L,21
237,6,,201.09,2025-08-03,Tea Whitener 1kg,4
238,2,1.0,467.06,2025-08-03,Wheat Flour 10kg,12
239,13,1.0,629.21,2025-08-03,Tissue Roll Rose Petal,23
240,1,4.0,467.06,2025-08-03,Wheat Flour 10kg,12
241,10,1.0,566.23,2025-08-03,Sprite 1.5L,2
242,11,,386.73,2025-08-03,Dettol Handwash 200ml,13
243,20,4.0,,2025-08-03,nan,
244,17,2.0,566.23,2025-08-03,Sprite 1.5L,2
245,1,,335.13,2025-08-03,National Ketchup 1kg,5
246,20,4.0,386.73,2025-08-03,Dettol Handwash 200ml,13
247,7,4.0,467.06,2025-08-03,Wheat Flour 10kg,12
248,1,1.0,198.91,2025-08-03,Lifebuoy Soap 110g,20
249,10,5.0,357.09,2025-08-04,Colgate Toothpaste 100ml,17
250,3,3.0,815.2,2025-08-04,Pepsi 1.5L,10
251,6,1.0,491.64,2025-08-04,Ariel Washing Powder 1kg,7
252,3,10.0,,2025-08-04,nan,
253,12,2.0,715.23,2025-08-04,Nimko Mix 400g,1
254,11,2.0,335.13,2025-08-04,National Ketchup 1kg,5
255,5,1.0,,2025-08-04,None,
256,2,2.0,201.09,2025-08-04,Tea Whitener 1kg,4
257,3,2.0,891.92,2025-08-04,Tapal Danedar 950g,16
258,19,1.0,,2025-08-04,nan,
259,3,5.0,891.92,2025-08-04,Tapal Danedar 950g,16
260,7,2.0,374.08,2025-08-04,Coca Cola 1.5L,15
261,5,1.0,467.06,2025-08-04,Wheat Flour 10kg,12
262,13,1.0,815.2,2025-08-04,Pepsi 1.5L,10
263,18,3.0,149.34,2025-08-04,Dalda Cooking Oil 1L,22
264,10,1.0,566.23,2025-08-04,Sprite 1.5L,2
265,14,3.0,467.06,2025-08-04,Wheat Flour 10kg,12
266,17,2.0,,2025-08-04,nan,
267,8,10.0,311.35,2025-08-04,Sufi Banaspati 1kg,3
268,3,2.0,467.06,2025-08-04,Wheat Flour 10kg,12
269,16,4.0,201.09,2025-08-04,Tea Whitener 1kg,4
270,11,3.0,153.28,2025-08-04,Surf Excel 1kg,19
271,14,1.0,198.91,2025-08-04,Lifebuoy Soap 110g,20
272,7,1.0,386.73,2025-08-04,Dettol Handwash 200ml,13
273,5,1.0,201.09,2025-08-04,Tea Whitener 1kg,4
274,17,1.0,566.23,2025-08-04,Sprite 1.5L,2
275,1,,566.23,2025-08-04,Sprite 1.5L,2
276,18,1.0,374.08,2025-08-04,Coca Cola 1.5L,15
277,8,,335.13,2025-08-04,National Ketchup 1kg,5
278,10,2.0,566.23,2025-08-04,Sprite 1.5L,2
279,14,3.0,566.23,2025-08-04,Sprite 1.5L,2
280,20,,715.23,2025-08-04,Nimko Mix 400g,1
281,4,1.0,629.21,2025-08-04,Tissue Roll Rose Petal,23
282,13,1.0,374.08,2025-08-04,Coca Cola 1.5L,15
283,18,3.0,100.09,2025-08-04,Olpers Milk 1L,14
284,6,1.0,357.09,2025-08-04,Colgate Toothpaste 100ml,17
285,8,1.0,891.92,2025-08-04,Tapal Danedar 950g,16
286,12,3.0,201.09,2025-08-04,Tea Whitener 1kg,4
287,11,5.0,467.06,2025-08-04,Wheat Flour 10kg,12
288,3,2.0,491.64,2025-08-04,Ariel Washing Powder 1kg,7
289,11,1.0,335.13,2025-08-04,National Ketchup 1kg,5
290,8,1.0,566.23,2025-08-04,Sprite 1.5L,2
291,18,1.0,201.09,2025-08-04,Tea Whitener 1kg,4
292,2,4.0,629.21,2025-08-04,Tissue Roll Rose Petal,23
293,17,4.0,357.09,2025-08-04,Colgate Toothpaste 100ml,17
294,17,1.0,357.09,2025-08-04,Colgate Toothpaste 100ml,17
295,13,2.0,606.63,2025-08-04,Shan Biryani Masala,6
296,17,1.0,386.73,2025-08-04,Dettol Handwash 200ml,13
297,1,2.0,149.34,2025-08-04,Dalda Cooking Oil 1L,22
298,16,3.0,566.23,2025-08-04,Sprite 1.5L,2
299,11,3.0,891.92,2025-08-04,Tapal Danedar 950g,16
300,17,4.0,,2025-08-04,nan,
301,10,1.0,,2025-08-04,None,
302,19,5.0,153.28,2025-08-04,Surf Excel 1kg,19
303,2,5.0,891.92,2025-08-04,Tapal Danedar 950g,16
304,19,4.0,386.73,2025-08-04,Dettol Handwash 200ml,13
305,11,3.0,361.73,2025-08-04,Lux Soap 110g,18
306,18,1.0,361.73,2025-08-04,Lux Soap 110g,18
307,15,2.0,467.06,2025-08-04,Wheat Flour 10kg,12
308,8,3.0,566.23,2025-08-04,Sprite 1.5L,2
309,5,1.0,386.73,2025-08-04,Dettol Handwash 200ml,13
310,15,2.0,310.0,2025-08-04,Nestle Milk Pack 1L,21
311,6,10.0,311.35,2025-08-04,Sufi Banaspati 1kg,3
312,8,1.0,357.09,2025-08-04,Colgate Toothpaste 100ml,17
313,17,1.0,491.64,2025-08-04,Ariel Washing Powder 1kg,7
314,2,2.0,891.92,2025-08-04,Tapal Danedar 950g,16
315,1,1.0,361.73,2025-08-04,Lux Soap 110g,18
316,10,1.0,376.78,2025-08-04,Dove Shampoo 360ml,11
317,8,1.0,374.08,2025-08-04,Coca Cola 1.5L,15
318,7,2.0,386.73,2025-08-04,Dettol Handwash 200ml,13
319,19,5.0,548.34,2025-08-04,Rice Basmati 5kg,8
320,14,2.0,357.09,2025-08-04,Colgate Toothpaste 100ml,17
321,6,2.0,311.35,2025-08-04,Sufi Banaspati 1kg,3
322,2,,,2025-08-04,None,
323,18,1.0,548.34,2025-08-05,Rice Basmati 5kg,8
324,12,1.0,100.09,2025-08-05,Olpers Milk 1L,14
325,15,2.0,374.08,2025-08-05,Coca Cola 1.5L,15
326,13,,100.09,2025-08-05,Olpers Milk 1L,14
327,6,4.0,386.73,2025-08-05,Dettol Handwash 200ml,13
328,2,3.0,566.23,2025-08-05,Sprite 1.5L,2
329,13,1.0,374.08,2025-08-05,Coca Cola 1.5L,15
330,14,4.0,149.34,2025-08-05,Dalda Cooking Oil 1L,22
331,2,1.0,361.73,2025-08-05,Lux Soap 110g,18
332,13,3.0,376.78,2025-08-05,Dove Shampoo 360ml,11
333,12,2.0,,2025-08-05,nan,
334,8,5.0,548.34,2025-08-05,Rice Basmati 5kg,8
335,15,2.0,361.73,2025-08-05,Lux Soap 110g,18
336,8,1.0,376.78,2025-08-05,Dove Shampoo 360ml,11
337,19,20.0,335.13,2025-08-05,National Ketchup 1kg,5
338,8,,198.91,2025-08-05,Lifebuoy Soap 110g,20
339,19,2.0,715.23,2025-08-05,Nimko Mix 400g,1
340,9,1.0,100.09,2025-08-05,Olpers Milk 1L,14
341,15,4.0,357.09,2025-08-05,Colgate Toothpaste 100ml,17
342,14,5.0,629.21,2025-08-05,Tissue Roll Rose Petal,23
343,13,1.0,201.09,2025-08-05,Tea Whitener 1kg,4
344,12,4.0,335.13,2025-08-05,National Ketchup 1kg,5
431,14,2.0,361.73,2025-08-06,Lux Soap 110g,18
345,5,2.0,357.09,2025-08-05,Colgate Toothpaste 100ml,17
346,16,1.0,335.13,2025-08-05,National Ketchup 1kg,5
347,2,1.0,361.73,2025-08-05,Lux Soap 110g,18
348,9,10.0,467.06,2025-08-05,Wheat Flour 10kg,12
349,12,1.0,100.09,2025-08-05,Olpers Milk 1L,14
350,19,1.0,361.73,2025-08-05,Lux Soap 110g,18
351,7,1.0,100.09,2025-08-05,Olpers Milk 1L,14
352,16,1.0,629.21,2025-08-05,Tissue Roll Rose Petal,23
353,15,5.0,566.23,2025-08-05,Sprite 1.5L,2
354,12,1.0,606.63,2025-08-05,Shan Biryani Masala,6
355,16,4.0,891.92,2025-08-05,Tapal Danedar 950g,16
356,14,1.0,149.34,2025-08-05,Dalda Cooking Oil 1L,22
357,2,1.0,548.34,2025-08-05,Rice Basmati 5kg,8
358,5,1.0,198.91,2025-08-05,Lifebuoy Soap 110g,20
359,1,1.0,374.08,2025-08-05,Coca Cola 1.5L,15
360,8,2.0,548.34,2025-08-05,Rice Basmati 5kg,8
361,15,1.0,386.73,2025-08-05,Dettol Handwash 200ml,13
362,5,3.0,566.23,2025-08-05,Sprite 1.5L,2
363,9,5.0,357.09,2025-08-05,Colgate Toothpaste 100ml,17
364,18,2.0,629.21,2025-08-05,Tissue Roll Rose Petal,23
365,18,3.0,566.23,2025-08-05,Sprite 1.5L,2
366,20,1.0,491.64,2025-08-05,Ariel Washing Powder 1kg,7
367,4,2.0,335.13,2025-08-05,National Ketchup 1kg,5
368,19,,361.73,2025-08-05,Lux Soap 110g,18
369,4,1.0,149.34,2025-08-05,Dalda Cooking Oil 1L,22
370,12,2.0,376.78,2025-08-05,Dove Shampoo 360ml,11
371,5,3.0,361.73,2025-08-05,Lux Soap 110g,18
372,7,4.0,100.09,2025-08-05,Olpers Milk 1L,14
373,18,1.0,715.23,2025-08-05,Nimko Mix 400g,1
374,6,1.0,491.64,2025-08-05,Ariel Washing Powder 1kg,7
375,17,2.0,491.64,2025-08-05,Ariel Washing Powder 1kg,7
376,16,1.0,386.73,2025-08-05,Dettol Handwash 200ml,13
377,8,5.0,,2025-08-05,None,
378,3,2.0,201.09,2025-08-05,Tea Whitener 1kg,4
379,10,1.0,386.73,2025-08-05,Dettol Handwash 200ml,13
380,18,3.0,376.78,2025-08-05,Dove Shampoo 360ml,11
381,8,3.0,606.63,2025-08-05,Shan Biryani Masala,6
382,17,1.0,311.35,2025-08-05,Sufi Banaspati 1kg,3
383,15,2.0,566.23,2025-08-05,Sprite 1.5L,2
384,20,2.0,386.73,2025-08-05,Dettol Handwash 200ml,13
385,1,1.0,491.64,2025-08-05,Ariel Washing Powder 1kg,7
386,20,5.0,606.63,2025-08-05,Shan Biryani Masala,6
387,4,1.0,629.21,2025-08-05,Tissue Roll Rose Petal,23
388,17,3.0,361.73,2025-08-05,Lux Soap 110g,18
389,7,1.0,715.23,2025-08-05,Nimko Mix 400g,1
390,15,2.0,376.78,2025-08-05,Dove Shampoo 360ml,11
391,4,3.0,201.09,2025-08-05,Tea Whitener 1kg,4
392,4,3.0,891.92,2025-08-05,Tapal Danedar 950g,16
393,13,3.0,606.63,2025-08-05,Shan Biryani Masala,6
394,20,1.0,891.92,2025-08-05,Tapal Danedar 950g,16
395,16,2.0,566.23,2025-08-05,Sprite 1.5L,2
396,17,1.0,566.23,2025-08-05,Sprite 1.5L,2
397,3,1.0,606.63,2025-08-05,Shan Biryani Masala,6
398,7,1.0,491.64,2025-08-05,Ariel Washing Powder 1kg,7
399,11,2.0,891.92,2025-08-05,Tapal Danedar 950g,16
400,10,2.0,311.35,2025-08-05,Sufi Banaspati 1kg,3
401,1,2.0,715.23,2025-08-05,Nimko Mix 400g,1
402,16,3.0,,2025-08-05,None,
403,13,3.0,311.35,2025-08-05,Sufi Banaspati 1kg,3
404,1,1.0,,2025-08-05,None,
405,4,1.0,,2025-08-05,nan,
406,19,2.0,198.91,2025-08-05,Lifebuoy Soap 110g,20
407,4,10.0,629.21,2025-08-05,Tissue Roll Rose Petal,23
408,15,2.0,376.78,2025-08-05,Dove Shampoo 360ml,11
409,6,3.0,,2025-08-05,nan,
410,3,5.0,374.08,2025-08-05,Coca Cola 1.5L,15
411,17,1.0,,2025-08-05,nan,
412,7,3.0,311.35,2025-08-05,Sufi Banaspati 1kg,3
413,12,1.0,310.0,2025-08-05,Nestle Milk Pack 1L,21
414,2,4.0,100.09,2025-08-05,Olpers Milk 1L,14
415,3,1.0,566.23,2025-08-05,Sprite 1.5L,2
416,3,1.0,335.13,2025-08-05,National Ketchup 1kg,5
417,1,2.0,548.34,2025-08-05,Rice Basmati 5kg,8
418,5,1.0,,2025-08-05,nan,
419,14,1.0,357.09,2025-08-05,Colgate Toothpaste 100ml,17
420,3,10.0,629.21,2025-08-05,Tissue Roll Rose Petal,23
421,4,1.0,357.09,2025-08-05,Colgate Toothpaste 100ml,17
422,13,,,2025-08-05,nan,
423,15,2.0,361.73,2025-08-06,Lux Soap 110g,18
424,3,1.0,361.73,2025-08-06,Lux Soap 110g,18
425,1,5.0,,2025-08-06,None,
426,19,2.0,201.09,2025-08-06,Tea Whitener 1kg,4
427,14,1.0,310.0,2025-08-06,Nestle Milk Pack 1L,21
428,20,3.0,606.63,2025-08-06,Shan Biryani Masala,6
429,15,3.0,629.21,2025-08-06,Tissue Roll Rose Petal,23
430,17,2.0,153.28,2025-08-06,Surf Excel 1kg,19
433,17,4.0,376.78,2025-08-06,Dove Shampoo 360ml,11
434,20,2.0,361.73,2025-08-06,Lux Soap 110g,18
435,1,,566.23,2025-08-06,Sprite 1.5L,2
436,19,10.0,201.09,2025-08-06,Tea Whitener 1kg,4
437,10,4.0,386.73,2025-08-06,Dettol Handwash 200ml,13
438,17,2.0,386.73,2025-08-06,Dettol Handwash 200ml,13
439,15,1.0,361.73,2025-08-06,Lux Soap 110g,18
440,8,1.0,153.28,2025-08-06,Surf Excel 1kg,19
441,4,1.0,311.35,2025-08-06,Sufi Banaspati 1kg,3
442,18,3.0,376.78,2025-08-06,Dove Shampoo 360ml,11
443,14,20.0,357.09,2025-08-06,Colgate Toothpaste 100ml,17
444,8,,815.2,2025-08-06,Pepsi 1.5L,10
445,16,5.0,357.09,2025-08-06,Colgate Toothpaste 100ml,17
446,19,2.0,566.23,2025-08-06,Sprite 1.5L,2
447,2,1.0,100.09,2025-08-06,Olpers Milk 1L,14
448,19,1.0,606.63,2025-08-06,Shan Biryani Masala,6
449,14,1.0,,2025-08-06,nan,
450,20,2.0,891.92,2025-08-06,Tapal Danedar 950g,16
451,10,1.0,100.09,2025-08-06,Olpers Milk 1L,14
452,20,4.0,361.73,2025-08-06,Lux Soap 110g,18
453,13,2.0,201.09,2025-08-06,Tea Whitener 1kg,4
454,1,2.0,374.08,2025-08-06,Coca Cola 1.5L,15
455,19,1.0,100.09,2025-08-06,Olpers Milk 1L,14
456,17,5.0,386.73,2025-08-06,Dettol Handwash 200ml,13
457,11,1.0,548.34,2025-08-06,Rice Basmati 5kg,8
458,14,,,2025-08-06,nan,
459,9,3.0,,2025-08-06,nan,
460,14,1.0,100.09,2025-08-06,Olpers Milk 1L,14
461,19,5.0,629.21,2025-08-06,Tissue Roll Rose Petal,23
462,13,3.0,629.21,2025-08-06,Tissue Roll Rose Petal,23
463,17,1.0,386.73,2025-08-06,Dettol Handwash 200ml,13
464,8,3.0,715.23,2025-08-06,Nimko Mix 400g,1
465,20,3.0,467.06,2025-08-06,Wheat Flour 10kg,12
466,12,3.0,335.13,2025-08-06,National Ketchup 1kg,5
467,7,4.0,357.09,2025-08-06,Colgate Toothpaste 100ml,17
468,16,20.0,566.23,2025-08-06,Sprite 1.5L,2
469,7,3.0,335.13,2025-08-06,National Ketchup 1kg,5
470,8,1.0,335.13,2025-08-06,National Ketchup 1kg,5
471,14,1.0,467.06,2025-08-06,Wheat Flour 10kg,12
472,3,2.0,149.34,2025-08-06,Dalda Cooking Oil 1L,22
473,7,,335.13,2025-08-06,National Ketchup 1kg,5
474,19,1.0,311.35,2025-08-06,Sufi Banaspati 1kg,3
475,1,1.0,100.09,2025-08-06,Olpers Milk 1L,14
476,17,3.0,715.23,2025-08-06,Nimko Mix 400g,1
477,12,3.0,361.73,2025-08-06,Lux Soap 110g,18
478,11,2.0,376.78,2025-08-06,Dove Shampoo 360ml,11
479,3,2.0,491.64,2025-08-06,Ariel Washing Powder 1kg,7
480,12,1.0,149.34,2025-08-06,Dalda Cooking Oil 1L,22
481,3,1.0,715.23,2025-08-06,Nimko Mix 400g,1
482,2,1.0,,2025-08-06,None,
483,6,4.0,629.21,2025-08-06,Tissue Roll Rose Petal,23
484,15,3.0,201.09,2025-08-06,Tea Whitener 1kg,4
485,7,1.0,361.73,2025-08-06,Lux Soap 110g,18
486,5,1.0,153.28,2025-08-07,Surf Excel 1kg,19
487,15,1.0,198.91,2025-08-07,Lifebuoy Soap 110g,20
488,10,3.0,361.73,2025-08-07,Lux Soap 110g,18
489,5,1.0,548.34,2025-08-07,Rice Basmati 5kg,8
490,19,2.0,361.73,2025-08-07,Lux Soap 110g,18
491,9,3.0,311.35,2025-08-07,Sufi Banaspati 1kg,3
492,8,3.0,100.09,2025-08-07,Olpers Milk 1L,14
493,11,3.0,361.73,2025-08-07,Lux Soap 110g,18
494,8,2.0,310.0,2025-08-07,Nestle Milk Pack 1L,21
495,10,,548.34,2025-08-07,Rice Basmati 5kg,8
496,17,2.0,100.09,2025-08-07,Olpers Milk 1L,14
497,15,1.0,629.21,2025-08-07,Tissue Roll Rose Petal,23
498,20,,606.63,2025-08-07,Shan Biryani Masala,6
499,19,4.0,606.63,2025-08-07,Shan Biryani Masala,6
500,2,1.0,715.23,2025-08-07,Nimko Mix 400g,1
501,20,3.0,467.06,2025-08-07,Wheat Flour 10kg,12
502,2,1.0,201.09,2025-08-07,Tea Whitener 1kg,4
503,9,1.0,815.2,2025-08-07,Pepsi 1.5L,10
504,2,1.0,606.63,2025-08-07,Shan Biryani Masala,6
505,9,4.0,198.91,2025-08-07,Lifebuoy Soap 110g,20
506,15,,357.09,2025-08-07,Colgate Toothpaste 100ml,17
507,14,,,2025-08-07,None,
508,20,,467.06,2025-08-07,Wheat Flour 10kg,12
509,18,1.0,629.21,2025-08-07,Tissue Roll Rose Petal,23
510,16,2.0,357.09,2025-08-07,Colgate Toothpaste 100ml,17
511,3,5.0,100.09,2025-08-07,Olpers Milk 1L,14
512,11,1.0,149.34,2025-08-07,Dalda Cooking Oil 1L,22
513,11,1.0,376.78,2025-08-07,Dove Shampoo 360ml,11
514,17,2.0,311.35,2025-08-07,Sufi Banaspati 1kg,3
515,20,1.0,715.23,2025-08-07,Nimko Mix 400g,1
516,3,4.0,153.28,2025-08-07,Surf Excel 1kg,19
517,1,3.0,310.0,2025-08-07,Nestle Milk Pack 1L,21
518,8,3.0,149.34,2025-08-07,Dalda Cooking Oil 1L,22
519,3,1.0,629.21,2025-08-07,Tissue Roll Rose Petal,23
520,11,1.0,198.91,2025-08-07,Lifebuoy Soap 110g,20
521,5,3.0,311.35,2025-08-07,Sufi Banaspati 1kg,3
522,13,1.0,491.64,2025-08-07,Ariel Washing Powder 1kg,7
523,6,1.0,357.09,2025-08-07,Colgate Toothpaste 100ml,17
524,5,3.0,815.2,2025-08-07,Pepsi 1.5L,10
525,19,1.0,153.28,2025-08-07,Surf Excel 1kg,19
526,15,1.0,357.09,2025-08-07,Colgate Toothpaste 100ml,17
527,5,2.0,491.64,2025-08-07,Ariel Washing Powder 1kg,7
528,10,1.0,153.28,2025-08-07,Surf Excel 1kg,19
529,16,1.0,310.0,2025-08-07,Nestle Milk Pack 1L,21
530,16,1.0,201.09,2025-08-07,Tea Whitener 1kg,4
531,18,1.0,,2025-08-07,nan,
532,18,2.0,100.09,2025-08-07,Olpers Milk 1L,14
533,18,1.0,491.64,2025-08-07,Ariel Washing Powder 1kg,7
534,5,1.0,357.09,2025-08-07,Colgate Toothpaste 100ml,17
535,9,1.0,386.73,2025-08-07,Dettol Handwash 200ml,13
536,3,1.0,311.35,2025-08-07,Sufi Banaspati 1kg,3
537,6,1.0,,2025-08-07,None,
538,3,3.0,891.92,2025-08-07,Tapal Danedar 950g,16
539,2,2.0,,2025-08-07,nan,
540,20,3.0,491.64,2025-08-07,Ariel Washing Powder 1kg,7
541,2,3.0,376.78,2025-08-07,Dove Shampoo 360ml,11
542,7,1.0,201.09,2025-08-07,Tea Whitener 1kg,4
543,11,5.0,467.06,2025-08-08,Wheat Flour 10kg,12
544,8,1.0,715.23,2025-08-08,Nimko Mix 400g,1
545,3,,548.34,2025-08-08,Rice Basmati 5kg,8
546,9,,491.64,2025-08-08,Ariel Washing Powder 1kg,7
547,5,2.0,715.23,2025-08-08,Nimko Mix 400g,1
548,10,1.0,149.34,2025-08-08,Dalda Cooking Oil 1L,22
549,8,1.0,335.13,2025-08-08,National Ketchup 1kg,5
550,11,2.0,311.35,2025-08-08,Sufi Banaspati 1kg,3
551,12,5.0,361.73,2025-08-08,Lux Soap 110g,18
552,10,1.0,374.08,2025-08-08,Coca Cola 1.5L,15
553,5,3.0,311.35,2025-08-08,Sufi Banaspati 1kg,3
554,8,4.0,606.63,2025-08-08,Shan Biryani Masala,6
555,18,5.0,891.92,2025-08-08,Tapal Danedar 950g,16
556,18,5.0,715.23,2025-08-08,Nimko Mix 400g,1
557,14,2.0,311.35,2025-08-08,Sufi Banaspati 1kg,3
558,20,1.0,201.09,2025-08-08,Tea Whitener 1kg,4
559,5,1.0,311.35,2025-08-08,Sufi Banaspati 1kg,3
560,17,3.0,606.63,2025-08-08,Shan Biryani Masala,6
561,12,1.0,,2025-08-08,nan,
562,14,2.0,376.78,2025-08-08,Dove Shampoo 360ml,11
563,3,2.0,201.09,2025-08-08,Tea Whitener 1kg,4
564,3,3.0,566.23,2025-08-08,Sprite 1.5L,2
565,19,5.0,,2025-08-08,None,
566,15,3.0,374.08,2025-08-08,Coca Cola 1.5L,15
567,16,1.0,357.09,2025-08-08,Colgate Toothpaste 100ml,17
568,15,2.0,566.23,2025-08-08,Sprite 1.5L,2
569,16,1.0,201.09,2025-08-08,Tea Whitener 1kg,4
570,10,1.0,361.73,2025-08-08,Lux Soap 110g,18
571,13,2.0,606.63,2025-08-08,Shan Biryani Masala,6
572,5,20.0,198.91,2025-08-08,Lifebuoy Soap 110g,20
573,3,2.0,491.64,2025-08-08,Ariel Washing Powder 1kg,7
574,5,2.0,629.21,2025-08-08,Tissue Roll Rose Petal,23
575,18,1.0,374.08,2025-08-08,Coca Cola 1.5L,15
576,12,1.0,815.2,2025-08-08,Pepsi 1.5L,10
577,8,,467.06,2025-08-08,Wheat Flour 10kg,12
578,12,1.0,566.23,2025-08-08,Sprite 1.5L,2
579,3,1.0,357.09,2025-08-08,Colgate Toothpaste 100ml,17
580,20,4.0,491.64,2025-08-08,Ariel Washing Powder 1kg,7
581,8,4.0,629.21,2025-08-08,Tissue Roll Rose Petal,23
582,3,3.0,566.23,2025-08-08,Sprite 1.5L,2
583,2,1.0,,2025-08-08,None,
584,18,2.0,548.34,2025-08-08,Rice Basmati 5kg,8
585,8,2.0,815.2,2025-08-08,Pepsi 1.5L,10
586,6,1.0,491.64,2025-08-08,Ariel Washing Powder 1kg,7
587,2,3.0,606.63,2025-08-08,Shan Biryani Masala,6
588,8,1.0,201.09,2025-08-08,Tea Whitener 1kg,4
589,12,5.0,149.34,2025-08-08,Dalda Cooking Oil 1L,22
590,17,3.0,357.09,2025-08-08,Colgate Toothpaste 100ml,17
591,8,2.0,,2025-08-08,None,
592,14,2.0,491.64,2025-08-08,Ariel Washing Powder 1kg,7
593,20,1.0,606.63,2025-08-08,Shan Biryani Masala,6
594,17,1.0,629.21,2025-08-08,Tissue Roll Rose Petal,23
595,10,5.0,,2025-08-08,None,
596,11,2.0,357.09,2025-08-08,Colgate Toothpaste 100ml,17
597,2,4.0,566.23,2025-08-08,Sprite 1.5L,2
598,13,1.0,357.09,2025-08-08,Colgate Toothpaste 100ml,17
599,9,3.0,386.73,2025-08-08,Dettol Handwash 200ml,13
600,14,1.0,715.23,2025-08-08,Nimko Mix 400g,1
601,20,,149.34,2025-08-08,Dalda Cooking Oil 1L,22
602,7,1.0,311.35,2025-08-08,Sufi Banaspati 1kg,3
603,4,1.0,310.0,2025-08-08,Nestle Milk Pack 1L,21
604,20,2.0,149.34,2025-08-08,Dalda Cooking Oil 1L,22
605,19,2.0,310.0,2025-08-08,Nestle Milk Pack 1L,21
606,19,3.0,491.64,2025-08-08,Ariel Washing Powder 1kg,7
607,14,1.0,548.34,2025-08-08,Rice Basmati 5kg,8
608,9,2.0,815.2,2025-08-08,Pepsi 1.5L,10
609,17,2.0,467.06,2025-08-08,Wheat Flour 10kg,12
610,4,1.0,566.23,2025-08-08,Sprite 1.5L,2
611,10,2.0,566.23,2025-08-08,Sprite 1.5L,2
612,3,10.0,335.13,2025-08-08,National Ketchup 1kg,5
613,12,3.0,,2025-08-08,None,
614,19,2.0,153.28,2025-08-08,Surf Excel 1kg,19
615,12,3.0,310.0,2025-08-09,Nestle Milk Pack 1L,21
616,7,2.0,815.2,2025-08-09,Pepsi 1.5L,10
617,4,3.0,374.08,2025-08-09,Coca Cola 1.5L,15
618,11,2.0,374.08,2025-08-09,Coca Cola 1.5L,15
619,11,3.0,201.09,2025-08-09,Tea Whitener 1kg,4
620,2,3.0,310.0,2025-08-09,Nestle Milk Pack 1L,21
621,5,1.0,815.2,2025-08-09,Pepsi 1.5L,10
622,18,1.0,149.34,2025-08-09,Dalda Cooking Oil 1L,22
623,13,1.0,566.23,2025-08-09,Sprite 1.5L,2
624,13,2.0,100.09,2025-08-09,Olpers Milk 1L,14
625,6,2.0,357.09,2025-08-09,Colgate Toothpaste 100ml,17
626,9,2.0,311.35,2025-08-09,Sufi Banaspati 1kg,3
627,18,4.0,491.64,2025-08-09,Ariel Washing Powder 1kg,7
628,16,1.0,311.35,2025-08-09,Sufi Banaspati 1kg,3
629,14,2.0,,2025-08-09,None,
630,6,4.0,361.73,2025-08-09,Lux Soap 110g,18
631,9,2.0,566.23,2025-08-09,Sprite 1.5L,2
632,4,1.0,201.09,2025-08-09,Tea Whitener 1kg,4
633,13,1.0,491.64,2025-08-09,Ariel Washing Powder 1kg,7
634,6,3.0,629.21,2025-08-09,Tissue Roll Rose Petal,23
635,4,5.0,361.73,2025-08-09,Lux Soap 110g,18
636,10,3.0,815.2,2025-08-09,Pepsi 1.5L,10
637,3,3.0,715.23,2025-08-09,Nimko Mix 400g,1
638,9,10.0,715.23,2025-08-09,Nimko Mix 400g,1
639,15,2.0,361.73,2025-08-09,Lux Soap 110g,18
640,10,4.0,,2025-08-09,None,
641,11,1.0,100.09,2025-08-09,Olpers Milk 1L,14
642,6,5.0,491.64,2025-08-09,Ariel Washing Powder 1kg,7
643,8,3.0,566.23,2025-08-09,Sprite 1.5L,2
644,12,2.0,100.09,2025-08-09,Olpers Milk 1L,14
645,9,1.0,,2025-08-09,None,
646,10,2.0,374.08,2025-08-09,Coca Cola 1.5L,15
647,9,1.0,386.73,2025-08-09,Dettol Handwash 200ml,13
648,18,4.0,467.06,2025-08-09,Wheat Flour 10kg,12
649,19,,606.63,2025-08-09,Shan Biryani Masala,6
650,7,2.0,357.09,2025-08-09,Colgate Toothpaste 100ml,17
651,3,2.0,335.13,2025-08-09,National Ketchup 1kg,5
652,6,3.0,374.08,2025-08-09,Coca Cola 1.5L,15
653,1,3.0,467.06,2025-08-09,Wheat Flour 10kg,12
654,4,1.0,815.2,2025-08-09,Pepsi 1.5L,10
655,18,1.0,566.23,2025-08-09,Sprite 1.5L,2
656,16,2.0,815.2,2025-08-09,Pepsi 1.5L,10
657,9,10.0,386.73,2025-08-09,Dettol Handwash 200ml,13
658,6,2.0,201.09,2025-08-09,Tea Whitener 1kg,4
659,4,3.0,100.09,2025-08-09,Olpers Milk 1L,14
660,7,3.0,715.23,2025-08-09,Nimko Mix 400g,1
661,16,1.0,361.73,2025-08-09,Lux Soap 110g,18
662,10,3.0,467.06,2025-08-09,Wheat Flour 10kg,12
663,5,1.0,357.09,2025-08-09,Colgate Toothpaste 100ml,17
664,16,,715.23,2025-08-09,Nimko Mix 400g,1
665,20,1.0,491.64,2025-08-09,Ariel Washing Powder 1kg,7
666,1,1.0,,2025-08-09,nan,
667,5,1.0,606.63,2025-08-09,Shan Biryani Masala,6
668,9,1.0,100.09,2025-08-09,Olpers Milk 1L,14
669,17,4.0,374.08,2025-08-09,Coca Cola 1.5L,15
670,9,3.0,149.34,2025-08-09,Dalda Cooking Oil 1L,22
671,3,10.0,606.63,2025-08-09,Shan Biryani Masala,6
672,13,1.0,491.64,2025-08-09,Ariel Washing Powder 1kg,7
673,1,3.0,815.2,2025-08-09,Pepsi 1.5L,10
674,15,4.0,715.23,2025-08-09,Nimko Mix 400g,1
675,9,4.0,100.09,2025-08-09,Olpers Milk 1L,14
676,17,1.0,198.91,2025-08-09,Lifebuoy Soap 110g,20
677,18,5.0,149.34,2025-08-09,Dalda Cooking Oil 1L,22
678,8,1.0,376.78,2025-08-09,Dove Shampoo 360ml,11
679,6,2.0,629.21,2025-08-09,Tissue Roll Rose Petal,23
680,1,1.0,374.08,2025-08-09,Coca Cola 1.5L,15
681,19,1.0,153.28,2025-08-09,Surf Excel 1kg,19
682,10,1.0,386.73,2025-08-09,Dettol Handwash 200ml,13
683,15,1.0,374.08,2025-08-09,Coca Cola 1.5L,15
684,4,2.0,357.09,2025-08-09,Colgate Toothpaste 100ml,17
685,12,10.0,491.64,2025-08-09,Ariel Washing Powder 1kg,7
686,6,1.0,491.64,2025-08-09,Ariel Washing Powder 1kg,7
687,6,1.0,100.09,2025-08-09,Olpers Milk 1L,14
688,18,3.0,,2025-08-09,nan,
689,8,3.0,386.73,2025-08-09,Dettol Handwash 200ml,13
690,19,5.0,566.23,2025-08-09,Sprite 1.5L,2
691,16,5.0,,2025-08-09,nan,
692,6,1.0,361.73,2025-08-09,Lux Soap 110g,18
693,9,5.0,,2025-08-09,nan,
694,10,2.0,201.09,2025-08-09,Tea Whitener 1kg,4
695,12,4.0,100.09,2025-08-09,Olpers Milk 1L,14
696,9,3.0,310.0,2025-08-09,Nestle Milk Pack 1L,21
697,1,2.0,201.09,2025-08-09,Tea Whitener 1kg,4
698,2,1.0,335.13,2025-08-09,National Ketchup 1kg,5
699,1,3.0,566.23,2025-08-09,Sprite 1.5L,2
700,2,1.0,566.23,2025-08-09,Sprite 1.5L,2
701,11,,,2025-08-09,None,
702,1,4.0,467.06,2025-08-09,Wheat Flour 10kg,12
703,19,2.0,100.09,2025-08-09,Olpers Milk 1L,14
704,8,3.0,629.21,2025-08-09,Tissue Roll Rose Petal,23
705,12,3.0,715.23,2025-08-09,Nimko Mix 400g,1
706,4,4.0,815.2,2025-08-09,Pepsi 1.5L,10
707,15,1.0,335.13,2025-08-10,National Ketchup 1kg,5
708,1,1.0,149.34,2025-08-10,Dalda Cooking Oil 1L,22
709,6,2.0,467.06,2025-08-10,Wheat Flour 10kg,12
710,10,1.0,,2025-08-10,nan,
711,9,1.0,715.23,2025-08-10,Nimko Mix 400g,1
712,19,2.0,815.2,2025-08-10,Pepsi 1.5L,10
713,4,1.0,361.73,2025-08-10,Lux Soap 110g,18
714,19,4.0,815.2,2025-08-10,Pepsi 1.5L,10
715,19,2.0,201.09,2025-08-10,Tea Whitener 1kg,4
716,13,1.0,201.09,2025-08-10,Tea Whitener 1kg,4
717,7,1.0,,2025-08-10,None,
718,12,3.0,467.06,2025-08-10,Wheat Flour 10kg,12
719,15,20.0,715.23,2025-08-10,Nimko Mix 400g,1
720,17,2.0,386.73,2025-08-10,Dettol Handwash 200ml,13
721,2,2.0,467.06,2025-08-10,Wheat Flour 10kg,12
722,19,2.0,153.28,2025-08-10,Surf Excel 1kg,19
723,8,1.0,815.2,2025-08-10,Pepsi 1.5L,10
724,1,10.0,566.23,2025-08-10,Sprite 1.5L,2
725,13,2.0,198.91,2025-08-10,Lifebuoy Soap 110g,20
726,1,5.0,491.64,2025-08-10,Ariel Washing Powder 1kg,7
727,6,5.0,149.34,2025-08-10,Dalda Cooking Oil 1L,22
728,20,4.0,467.06,2025-08-10,Wheat Flour 10kg,12
729,16,2.0,,2025-08-10,None,
730,14,1.0,715.23,2025-08-10,Nimko Mix 400g,1
731,5,,548.34,2025-08-10,Rice Basmati 5kg,8
732,11,1.0,,2025-08-10,nan,
733,13,1.0,100.09,2025-08-10,Olpers Milk 1L,14
734,10,2.0,629.21,2025-08-10,Tissue Roll Rose Petal,23
735,15,,310.0,2025-08-10,Nestle Milk Pack 1L,21
736,5,3.0,357.09,2025-08-10,Colgate Toothpaste 100ml,17
737,5,10.0,715.23,2025-08-10,Nimko Mix 400g,1
738,8,1.0,,2025-08-10,None,
739,2,2.0,,2025-08-10,None,
740,15,2.0,100.09,2025-08-10,Olpers Milk 1L,14
741,11,3.0,566.23,2025-08-10,Sprite 1.5L,2
742,18,2.0,,2025-08-10,None,
743,6,4.0,311.35,2025-08-10,Sufi Banaspati 1kg,3
744,7,20.0,376.78,2025-08-10,Dove Shampoo 360ml,11
745,11,1.0,,2025-08-10,nan,
746,14,5.0,335.13,2025-08-10,National Ketchup 1kg,5
747,13,3.0,491.64,2025-08-10,Ariel Washing Powder 1kg,7
748,14,1.0,606.63,2025-08-10,Shan Biryani Masala,6
749,9,1.0,100.09,2025-08-10,Olpers Milk 1L,14
750,3,2.0,311.35,2025-08-10,Sufi Banaspati 1kg,3
751,9,,201.09,2025-08-10,Tea Whitener 1kg,4
752,15,3.0,376.78,2025-08-10,Dove Shampoo 360ml,11
753,7,1.0,,2025-08-10,None,
754,7,2.0,715.23,2025-08-10,Nimko Mix 400g,1
755,3,1.0,201.09,2025-08-10,Tea Whitener 1kg,4
756,15,1.0,201.09,2025-08-10,Tea Whitener 1kg,4
757,15,5.0,374.08,2025-08-10,Coca Cola 1.5L,15
758,18,3.0,891.92,2025-08-10,Tapal Danedar 950g,16
759,17,5.0,891.92,2025-08-10,Tapal Danedar 950g,16
760,4,5.0,386.73,2025-08-10,Dettol Handwash 200ml,13
761,2,1.0,311.35,2025-08-10,Sufi Banaspati 1kg,3
762,11,5.0,,2025-08-10,nan,
763,16,1.0,,2025-08-10,nan,
764,13,3.0,386.73,2025-08-10,Dettol Handwash 200ml,13
765,10,1.0,153.28,2025-08-10,Surf Excel 1kg,19
766,2,4.0,361.73,2025-08-10,Lux Soap 110g,18
767,7,1.0,891.92,2025-08-10,Tapal Danedar 950g,16
768,1,1.0,548.34,2025-08-10,Rice Basmati 5kg,8
769,15,2.0,,2025-08-10,nan,
770,7,1.0,311.35,2025-08-10,Sufi Banaspati 1kg,3
771,15,2.0,566.23,2025-08-10,Sprite 1.5L,2
772,8,,467.06,2025-08-10,Wheat Flour 10kg,12
773,1,1.0,815.2,2025-08-10,Pepsi 1.5L,10
774,12,2.0,891.92,2025-08-10,Tapal Danedar 950g,16
775,6,1.0,715.23,2025-08-10,Nimko Mix 400g,1
776,14,3.0,153.28,2025-08-10,Surf Excel 1kg,19
777,4,2.0,548.34,2025-08-11,Rice Basmati 5kg,8
778,2,3.0,311.35,2025-08-11,Sufi Banaspati 1kg,3
779,13,2.0,198.91,2025-08-11,Lifebuoy Soap 110g,20
780,2,1.0,715.23,2025-08-11,Nimko Mix 400g,1
781,5,3.0,311.35,2025-08-11,Sufi Banaspati 1kg,3
782,3,2.0,374.08,2025-08-11,Coca Cola 1.5L,15
783,14,2.0,335.13,2025-08-11,National Ketchup 1kg,5
784,7,5.0,374.08,2025-08-11,Coca Cola 1.5L,15
785,10,1.0,606.63,2025-08-11,Shan Biryani Masala,6
786,5,20.0,566.23,2025-08-11,Sprite 1.5L,2
787,9,3.0,201.09,2025-08-11,Tea Whitener 1kg,4
788,8,1.0,153.28,2025-08-11,Surf Excel 1kg,19
789,17,3.0,376.78,2025-08-11,Dove Shampoo 360ml,11
790,3,2.0,606.63,2025-08-11,Shan Biryani Masala,6
791,2,3.0,153.28,2025-08-11,Surf Excel 1kg,19
792,17,4.0,815.2,2025-08-11,Pepsi 1.5L,10
793,19,1.0,311.35,2025-08-11,Sufi Banaspati 1kg,3
794,1,2.0,153.28,2025-08-11,Surf Excel 1kg,19
795,17,3.0,606.63,2025-08-11,Shan Biryani Masala,6
796,5,1.0,815.2,2025-08-11,Pepsi 1.5L,10
797,2,2.0,374.08,2025-08-11,Coca Cola 1.5L,15
798,20,1.0,815.2,2025-08-11,Pepsi 1.5L,10
799,15,3.0,467.06,2025-08-11,Wheat Flour 10kg,12
800,7,1.0,311.35,2025-08-11,Sufi Banaspati 1kg,3
801,8,3.0,386.73,2025-08-11,Dettol Handwash 200ml,13
802,10,1.0,548.34,2025-08-11,Rice Basmati 5kg,8
803,12,4.0,201.09,2025-08-11,Tea Whitener 1kg,4
804,13,,548.34,2025-08-11,Rice Basmati 5kg,8
805,16,2.0,376.78,2025-08-11,Dove Shampoo 360ml,11
806,8,5.0,201.09,2025-08-11,Tea Whitener 1kg,4
807,18,1.0,198.91,2025-08-11,Lifebuoy Soap 110g,20
808,8,10.0,374.08,2025-08-11,Coca Cola 1.5L,15
809,19,1.0,715.23,2025-08-11,Nimko Mix 400g,1
810,8,4.0,,2025-08-11,nan,
811,1,3.0,100.09,2025-08-11,Olpers Milk 1L,14
812,19,1.0,467.06,2025-08-11,Wheat Flour 10kg,12
813,3,3.0,153.28,2025-08-11,Surf Excel 1kg,19
814,18,1.0,715.23,2025-08-11,Nimko Mix 400g,1
815,11,5.0,606.63,2025-08-11,Shan Biryani Masala,6
816,4,1.0,715.23,2025-08-11,Nimko Mix 400g,1
817,7,5.0,357.09,2025-08-11,Colgate Toothpaste 100ml,17
818,5,2.0,361.73,2025-08-11,Lux Soap 110g,18
819,7,2.0,311.35,2025-08-11,Sufi Banaspati 1kg,3
820,19,20.0,566.23,2025-08-11,Sprite 1.5L,2
821,20,1.0,491.64,2025-08-11,Ariel Washing Powder 1kg,7
822,6,1.0,376.78,2025-08-11,Dove Shampoo 360ml,11
823,7,2.0,201.09,2025-08-11,Tea Whitener 1kg,4
824,14,1.0,153.28,2025-08-11,Surf Excel 1kg,19
825,2,3.0,,2025-08-11,nan,
826,3,5.0,361.73,2025-08-11,Lux Soap 110g,18
827,19,4.0,715.23,2025-08-11,Nimko Mix 400g,1
828,10,,891.92,2025-08-11,Tapal Danedar 950g,16
829,18,2.0,335.13,2025-08-11,National Ketchup 1kg,5
830,10,,357.09,2025-08-11,Colgate Toothpaste 100ml,17
831,20,4.0,606.63,2025-08-11,Shan Biryani Masala,6
832,3,2.0,386.73,2025-08-11,Dettol Handwash 200ml,13
833,9,2.0,467.06,2025-08-11,Wheat Flour 10kg,12
834,1,2.0,149.34,2025-08-11,Dalda Cooking Oil 1L,22
835,11,1.0,361.73,2025-08-11,Lux Soap 110g,18
836,15,10.0,715.23,2025-08-11,Nimko Mix 400g,1
837,7,1.0,891.92,2025-08-11,Tapal Danedar 950g,16
838,12,5.0,491.64,2025-08-11,Ariel Washing Powder 1kg,7
839,13,2.0,357.09,2025-08-11,Colgate Toothpaste 100ml,17
840,5,1.0,201.09,2025-08-11,Tea Whitener 1kg,4
841,6,5.0,374.08,2025-08-11,Coca Cola 1.5L,15
842,11,5.0,100.09,2025-08-11,Olpers Milk 1L,14
843,7,3.0,386.73,2025-08-11,Dettol Handwash 200ml,13
844,8,3.0,467.06,2025-08-11,Wheat Flour 10kg,12
845,19,1.0,566.23,2025-08-11,Sprite 1.5L,2
846,10,2.0,357.09,2025-08-11,Colgate Toothpaste 100ml,17
847,20,2.0,,2025-08-11,None,
848,10,3.0,891.92,2025-08-11,Tapal Danedar 950g,16
849,1,2.0,335.13,2025-08-11,National Ketchup 1kg,5
850,8,1.0,153.28,2025-08-11,Surf Excel 1kg,19
851,17,3.0,,2025-08-11,nan,
852,8,1.0,548.34,2025-08-11,Rice Basmati 5kg,8
853,3,5.0,467.06,2025-08-11,Wheat Flour 10kg,12
854,4,1.0,311.35,2025-08-11,Sufi Banaspati 1kg,3
855,11,1.0,467.06,2025-08-11,Wheat Flour 10kg,12
856,13,10.0,376.78,2025-08-11,Dove Shampoo 360ml,11
857,11,,548.34,2025-08-11,Rice Basmati 5kg,8
858,16,2.0,491.64,2025-08-11,Ariel Washing Powder 1kg,7
859,3,3.0,376.78,2025-08-11,Dove Shampoo 360ml,11
860,6,3.0,815.2,2025-08-11,Pepsi 1.5L,10
861,4,1.0,198.91,2025-08-11,Lifebuoy Soap 110g,20
862,13,2.0,566.23,2025-08-11,Sprite 1.5L,2
863,15,3.0,467.06,2025-08-11,Wheat Flour 10kg,12
864,3,1.0,153.28,2025-08-11,Surf Excel 1kg,19
865,1,5.0,629.21,2025-08-11,Tissue Roll Rose Petal,23
866,5,4.0,311.35,2025-08-11,Sufi Banaspati 1kg,3
867,18,3.0,357.09,2025-08-11,Colgate Toothpaste 100ml,17
868,2,1.0,629.21,2025-08-11,Tissue Roll Rose Petal,23
869,4,1.0,198.91,2025-08-11,Lifebuoy Soap 110g,20
870,15,1.0,467.06,2025-08-11,Wheat Flour 10kg,12
871,5,1.0,386.73,2025-08-11,Dettol Handwash 200ml,13
872,11,3.0,715.23,2025-08-11,Nimko Mix 400g,1
873,4,2.0,606.63,2025-08-11,Shan Biryani Masala,6
874,19,1.0,467.06,2025-08-11,Wheat Flour 10kg,12
875,14,1.0,149.34,2025-08-11,Dalda Cooking Oil 1L,22
876,7,5.0,606.63,2025-08-11,Shan Biryani Masala,6
877,12,3.0,629.21,2025-08-11,Tissue Roll Rose Petal,23
878,11,,815.2,2025-08-11,Pepsi 1.5L,10
879,10,3.0,153.28,2025-08-11,Surf Excel 1kg,19
880,15,1.0,,2025-08-11,None,
881,15,1.0,891.92,2025-08-11,Tapal Danedar 950g,16
882,1,5.0,891.92,2025-08-11,Tapal Danedar 950g,16
883,4,1.0,361.73,2025-08-11,Lux Soap 110g,18
884,7,1.0,100.09,2025-08-11,Olpers Milk 1L,14
885,20,,548.34,2025-08-11,Rice Basmati 5kg,8
886,5,4.0,201.09,2025-08-12,Tea Whitener 1kg,4
887,13,1.0,374.08,2025-08-12,Coca Cola 1.5L,15
888,3,3.0,548.34,2025-08-12,Rice Basmati 5kg,8
889,2,3.0,374.08,2025-08-12,Coca Cola 1.5L,15
890,19,1.0,,2025-08-12,nan,
891,20,2.0,629.21,2025-08-12,Tissue Roll Rose Petal,23
892,20,2.0,815.2,2025-08-12,Pepsi 1.5L,10
893,15,2.0,376.78,2025-08-12,Dove Shampoo 360ml,11
894,15,1.0,548.34,2025-08-12,Rice Basmati 5kg,8
895,4,2.0,310.0,2025-08-12,Nestle Milk Pack 1L,21
896,18,3.0,374.08,2025-08-12,Coca Cola 1.5L,15
897,1,1.0,374.08,2025-08-12,Coca Cola 1.5L,15
898,13,1.0,566.23,2025-08-12,Sprite 1.5L,2
899,16,5.0,566.23,2025-08-12,Sprite 1.5L,2
900,19,2.0,335.13,2025-08-12,National Ketchup 1kg,5
901,12,1.0,357.09,2025-08-12,Colgate Toothpaste 100ml,17
902,14,4.0,566.23,2025-08-12,Sprite 1.5L,2
903,15,20.0,386.73,2025-08-12,Dettol Handwash 200ml,13
904,16,2.0,311.35,2025-08-12,Sufi Banaspati 1kg,3
905,8,2.0,,2025-08-12,nan,
906,1,5.0,335.13,2025-08-12,National Ketchup 1kg,5
907,10,4.0,467.06,2025-08-12,Wheat Flour 10kg,12
908,7,2.0,374.08,2025-08-12,Coca Cola 1.5L,15
909,20,3.0,606.63,2025-08-12,Shan Biryani Masala,6
910,13,1.0,153.28,2025-08-12,Surf Excel 1kg,19
911,2,4.0,606.63,2025-08-12,Shan Biryani Masala,6
912,2,1.0,891.92,2025-08-12,Tapal Danedar 950g,16
913,15,2.0,491.64,2025-08-12,Ariel Washing Powder 1kg,7
914,18,4.0,374.08,2025-08-12,Coca Cola 1.5L,15
915,8,2.0,100.09,2025-08-12,Olpers Milk 1L,14
916,12,1.0,,2025-08-12,None,
917,18,2.0,100.09,2025-08-12,Olpers Milk 1L,14
918,3,1.0,566.23,2025-08-12,Sprite 1.5L,2
919,6,5.0,891.92,2025-08-12,Tapal Danedar 950g,16
920,19,2.0,548.34,2025-08-12,Rice Basmati 5kg,8
921,20,5.0,629.21,2025-08-12,Tissue Roll Rose Petal,23
922,14,,491.64,2025-08-12,Ariel Washing Powder 1kg,7
923,18,10.0,467.06,2025-08-12,Wheat Flour 10kg,12
924,4,5.0,374.08,2025-08-12,Coca Cola 1.5L,15
925,16,2.0,629.21,2025-08-12,Tissue Roll Rose Petal,23
926,15,1.0,386.73,2025-08-12,Dettol Handwash 200ml,13
927,4,20.0,361.73,2025-08-12,Lux Soap 110g,18
928,4,2.0,566.23,2025-08-12,Sprite 1.5L,2
929,17,2.0,198.91,2025-08-12,Lifebuoy Soap 110g,20
930,14,4.0,566.23,2025-08-12,Sprite 1.5L,2
931,10,1.0,629.21,2025-08-12,Tissue Roll Rose Petal,23
932,7,3.0,891.92,2025-08-12,Tapal Danedar 950g,16
933,20,2.0,310.0,2025-08-12,Nestle Milk Pack 1L,21
934,16,3.0,361.73,2025-08-12,Lux Soap 110g,18
935,20,1.0,149.34,2025-08-12,Dalda Cooking Oil 1L,22
936,19,2.0,467.06,2025-08-12,Wheat Flour 10kg,12
937,3,1.0,815.2,2025-08-12,Pepsi 1.5L,10
938,17,4.0,548.34,2025-08-12,Rice Basmati 5kg,8
939,19,5.0,467.06,2025-08-12,Wheat Flour 10kg,12
940,19,1.0,335.13,2025-08-12,National Ketchup 1kg,5
941,13,1.0,566.23,2025-08-12,Sprite 1.5L,2
942,19,2.0,,2025-08-12,None,
943,7,2.0,566.23,2025-08-12,Sprite 1.5L,2
944,13,1.0,335.13,2025-08-12,National Ketchup 1kg,5
945,4,1.0,629.21,2025-08-12,Tissue Roll Rose Petal,23
946,6,4.0,566.23,2025-08-12,Sprite 1.5L,2
947,13,4.0,467.06,2025-08-12,Wheat Flour 10kg,12
948,18,1.0,891.92,2025-08-12,Tapal Danedar 950g,16
949,3,4.0,566.23,2025-08-12,Sprite 1.5L,2
950,9,1.0,467.06,2025-08-12,Wheat Flour 10kg,12
951,10,3.0,198.91,2025-08-12,Lifebuoy Soap 110g,20
952,15,2.0,606.63,2025-08-12,Shan Biryani Masala,6
953,3,2.0,149.34,2025-08-12,Dalda Cooking Oil 1L,22
954,16,2.0,201.09,2025-08-12,Tea Whitener 1kg,4
955,13,1.0,566.23,2025-08-12,Sprite 1.5L,2
956,9,2.0,566.23,2025-08-12,Sprite 1.5L,2
957,14,3.0,198.91,2025-08-12,Lifebuoy Soap 110g,20
958,5,3.0,,2025-08-12,None,
959,20,20.0,198.91,2025-08-12,Lifebuoy Soap 110g,20
960,19,1.0,361.73,2025-08-12,Lux Soap 110g,18
961,9,2.0,548.34,2025-08-12,Rice Basmati 5kg,8
962,20,1.0,198.91,2025-08-12,Lifebuoy Soap 110g,20
963,7,1.0,629.21,2025-08-12,Tissue Roll Rose Petal,23
964,12,5.0,335.13,2025-08-12,National Ketchup 1kg,5
965,14,1.0,376.78,2025-08-12,Dove Shampoo 360ml,11
966,13,3.0,311.35,2025-08-12,Sufi Banaspati 1kg,3
967,18,1.0,548.34,2025-08-12,Rice Basmati 5kg,8
968,2,2.0,548.34,2025-08-12,Rice Basmati 5kg,8
969,5,2.0,815.2,2025-08-12,Pepsi 1.5L,10
970,7,1.0,374.08,2025-08-12,Coca Cola 1.5L,15
971,4,1.0,335.13,2025-08-13,National Ketchup 1kg,5
972,14,2.0,386.73,2025-08-13,Dettol Handwash 200ml,13
973,8,1.0,201.09,2025-08-13,Tea Whitener 1kg,4
974,16,,357.09,2025-08-13,Colgate Toothpaste 100ml,17
975,2,2.0,361.73,2025-08-13,Lux Soap 110g,18
976,10,1.0,201.09,2025-08-13,Tea Whitener 1kg,4
977,18,1.0,606.63,2025-08-13,Shan Biryani Masala,6
978,2,10.0,,2025-08-13,nan,
979,15,1.0,,2025-08-13,None,
980,16,,491.64,2025-08-13,Ariel Washing Powder 1kg,7
981,9,1.0,,2025-08-13,nan,
982,13,2.0,361.73,2025-08-13,Lux Soap 110g,18
983,9,1.0,361.73,2025-08-13,Lux Soap 110g,18
984,8,3.0,335.13,2025-08-13,National Ketchup 1kg,5
985,18,3.0,891.92,2025-08-13,Tapal Danedar 950g,16
986,3,2.0,715.23,2025-08-13,Nimko Mix 400g,1
987,6,1.0,891.92,2025-08-13,Tapal Danedar 950g,16
988,3,5.0,100.09,2025-08-13,Olpers Milk 1L,14
989,20,5.0,,2025-08-13,None,
990,14,1.0,153.28,2025-08-13,Surf Excel 1kg,19
991,20,1.0,,2025-08-13,None,
992,10,20.0,715.23,2025-08-13,Nimko Mix 400g,1
993,17,,201.09,2025-08-13,Tea Whitener 1kg,4
994,4,2.0,467.06,2025-08-13,Wheat Flour 10kg,12
995,1,5.0,815.2,2025-08-13,Pepsi 1.5L,10
996,14,4.0,335.13,2025-08-13,National Ketchup 1kg,5
997,8,1.0,566.23,2025-08-13,Sprite 1.5L,2
998,16,3.0,374.08,2025-08-13,Coca Cola 1.5L,15
999,1,2.0,,2025-08-13,nan,
1000,10,1.0,566.23,2025-08-13,Sprite 1.5L,2
1001,16,5.0,198.91,2025-08-13,Lifebuoy Soap 110g,20
1002,1,1.0,715.23,2025-08-13,Nimko Mix 400g,1
1003,12,2.0,715.23,2025-08-13,Nimko Mix 400g,1
1004,7,2.0,361.73,2025-08-13,Lux Soap 110g,18
1005,19,3.0,715.23,2025-08-13,Nimko Mix 400g,1
1006,5,1.0,335.13,2025-08-13,National Ketchup 1kg,5
1007,9,5.0,357.09,2025-08-13,Colgate Toothpaste 100ml,17
1008,10,1.0,,2025-08-13,nan,
1009,12,1.0,201.09,2025-08-13,Tea Whitener 1kg,4
1010,3,4.0,491.64,2025-08-13,Ariel Washing Powder 1kg,7
1011,17,1.0,386.73,2025-08-13,Dettol Handwash 200ml,13
1012,5,3.0,376.78,2025-08-13,Dove Shampoo 360ml,11
1013,8,4.0,,2025-08-13,nan,
1014,6,1.0,357.09,2025-08-13,Colgate Toothpaste 100ml,17
1015,8,2.0,,2025-08-13,None,
1016,20,3.0,198.91,2025-08-13,Lifebuoy Soap 110g,20
1017,20,1.0,629.21,2025-08-13,Tissue Roll Rose Petal,23
1018,18,1.0,548.34,2025-08-13,Rice Basmati 5kg,8
1019,13,2.0,491.64,2025-08-13,Ariel Washing Powder 1kg,7
1020,4,4.0,198.91,2025-08-13,Lifebuoy Soap 110g,20
1021,15,1.0,715.23,2025-08-13,Nimko Mix 400g,1
1022,8,2.0,335.13,2025-08-13,National Ketchup 1kg,5
1023,16,5.0,311.35,2025-08-13,Sufi Banaspati 1kg,3
1024,2,1.0,606.63,2025-08-13,Shan Biryani Masala,6
1025,16,1.0,153.28,2025-08-14,Surf Excel 1kg,19
1026,5,2.0,201.09,2025-08-14,Tea Whitener 1kg,4
1027,17,10.0,467.06,2025-08-14,Wheat Flour 10kg,12
1028,8,3.0,,2025-08-14,None,
1029,5,2.0,566.23,2025-08-14,Sprite 1.5L,2
1030,1,1.0,566.23,2025-08-14,Sprite 1.5L,2
1031,1,2.0,100.09,2025-08-14,Olpers Milk 1L,14
1032,17,3.0,606.63,2025-08-14,Shan Biryani Masala,6
1033,3,2.0,815.2,2025-08-14,Pepsi 1.5L,10
1034,6,4.0,,2025-08-14,nan,
1035,7,3.0,606.63,2025-08-14,Shan Biryani Masala,6
1036,5,1.0,,2025-08-14,nan,
1037,12,1.0,386.73,2025-08-14,Dettol Handwash 200ml,13
1038,18,10.0,467.06,2025-08-14,Wheat Flour 10kg,12
1039,5,1.0,,2025-08-14,nan,
1040,12,1.0,548.34,2025-08-14,Rice Basmati 5kg,8
1041,20,1.0,606.63,2025-08-14,Shan Biryani Masala,6
1042,7,1.0,891.92,2025-08-14,Tapal Danedar 950g,16
1043,16,4.0,629.21,2025-08-14,Tissue Roll Rose Petal,23
1044,15,2.0,386.73,2025-08-14,Dettol Handwash 200ml,13
1045,8,2.0,335.13,2025-08-14,National Ketchup 1kg,5
1046,7,1.0,361.73,2025-08-14,Lux Soap 110g,18
1047,16,1.0,376.78,2025-08-14,Dove Shampoo 360ml,11
1048,10,3.0,198.91,2025-08-14,Lifebuoy Soap 110g,20
1049,20,2.0,153.28,2025-08-14,Surf Excel 1kg,19
1050,8,,361.73,2025-08-14,Lux Soap 110g,18
1051,7,1.0,386.73,2025-08-14,Dettol Handwash 200ml,13
1052,3,1.0,548.34,2025-08-14,Rice Basmati 5kg,8
1053,2,,201.09,2025-08-14,Tea Whitener 1kg,4
1054,18,4.0,606.63,2025-08-14,Shan Biryani Masala,6
1055,11,20.0,361.73,2025-08-14,Lux Soap 110g,18
1056,2,3.0,,2025-08-14,None,
1057,10,2.0,310.0,2025-08-14,Nestle Milk Pack 1L,21
1058,4,2.0,815.2,2025-08-14,Pepsi 1.5L,10
1059,6,2.0,891.92,2025-08-14,Tapal Danedar 950g,16
1060,19,2.0,,2025-08-14,nan,
1061,18,2.0,,2025-08-14,nan,
1062,8,1.0,815.2,2025-08-14,Pepsi 1.5L,10
1063,18,5.0,386.73,2025-08-14,Dettol Handwash 200ml,13
1064,2,1.0,566.23,2025-08-14,Sprite 1.5L,2
1065,1,1.0,548.34,2025-08-14,Rice Basmati 5kg,8
1066,16,2.0,386.73,2025-08-14,Dettol Handwash 200ml,13
1067,6,5.0,311.35,2025-08-14,Sufi Banaspati 1kg,3
1068,8,4.0,566.23,2025-08-14,Sprite 1.5L,2
1069,7,1.0,357.09,2025-08-14,Colgate Toothpaste 100ml,17
1070,10,3.0,153.28,2025-08-14,Surf Excel 1kg,19
1071,11,1.0,715.23,2025-08-14,Nimko Mix 400g,1
1072,18,10.0,311.35,2025-08-14,Sufi Banaspati 1kg,3
1073,13,10.0,335.13,2025-08-14,National Ketchup 1kg,5
1074,16,2.0,201.09,2025-08-14,Tea Whitener 1kg,4
1075,16,1.0,374.08,2025-08-14,Coca Cola 1.5L,15
1076,7,1.0,386.73,2025-08-14,Dettol Handwash 200ml,13
1077,11,3.0,100.09,2025-08-14,Olpers Milk 1L,14
1078,12,1.0,361.73,2025-08-14,Lux Soap 110g,18
1079,17,2.0,815.2,2025-08-14,Pepsi 1.5L,10
1080,7,3.0,467.06,2025-08-14,Wheat Flour 10kg,12
1081,15,2.0,566.23,2025-08-14,Sprite 1.5L,2
1082,18,4.0,310.0,2025-08-14,Nestle Milk Pack 1L,21
1083,1,1.0,376.78,2025-08-14,Dove Shampoo 360ml,11
1084,11,5.0,467.06,2025-08-14,Wheat Flour 10kg,12
1085,13,3.0,361.73,2025-08-14,Lux Soap 110g,18
1086,6,2.0,311.35,2025-08-14,Sufi Banaspati 1kg,3
1087,4,3.0,153.28,2025-08-14,Surf Excel 1kg,19
1088,7,2.0,361.73,2025-08-14,Lux Soap 110g,18
1089,9,1.0,715.23,2025-08-14,Nimko Mix 400g,1
1090,1,,335.13,2025-08-14,National Ketchup 1kg,5
1091,4,1.0,606.63,2025-08-14,Shan Biryani Masala,6
1092,20,3.0,548.34,2025-08-14,Rice Basmati 5kg,8
1093,11,1.0,548.34,2025-08-14,Rice Basmati 5kg,8
1094,12,1.0,629.21,2025-08-14,Tissue Roll Rose Petal,23
1095,5,1.0,357.09,2025-08-14,Colgate Toothpaste 100ml,17
1096,16,2.0,629.21,2025-08-14,Tissue Roll Rose Petal,23
1097,5,2.0,335.13,2025-08-14,National Ketchup 1kg,5
1098,12,2.0,198.91,2025-08-14,Lifebuoy Soap 110g,20
1099,9,1.0,198.91,2025-08-14,Lifebuoy Soap 110g,20
1100,20,4.0,149.34,2025-08-14,Dalda Cooking Oil 1L,22
1101,19,2.0,467.06,2025-08-14,Wheat Flour 10kg,12
1102,7,1.0,361.73,2025-08-14,Lux Soap 110g,18
1103,10,3.0,335.13,2025-08-14,National Ketchup 1kg,5
1104,1,1.0,361.73,2025-08-14,Lux Soap 110g,18
1105,12,,335.13,2025-08-14,National Ketchup 1kg,5
1106,17,1.0,149.34,2025-08-14,Dalda Cooking Oil 1L,22
1107,5,4.0,891.92,2025-08-14,Tapal Danedar 950g,16
1108,2,1.0,467.06,2025-08-14,Wheat Flour 10kg,12
1109,19,20.0,335.13,2025-08-14,National Ketchup 1kg,5
1110,17,5.0,311.35,2025-08-14,Sufi Banaspati 1kg,3
1111,3,1.0,198.91,2025-08-14,Lifebuoy Soap 110g,20
1112,5,4.0,467.06,2025-08-14,Wheat Flour 10kg,12
1113,19,1.0,548.34,2025-08-14,Rice Basmati 5kg,8
1114,10,1.0,374.08,2025-08-14,Coca Cola 1.5L,15
1115,5,3.0,715.23,2025-08-14,Nimko Mix 400g,1
1116,3,3.0,100.09,2025-08-14,Olpers Milk 1L,14
1117,13,1.0,715.23,2025-08-14,Nimko Mix 400g,1
1118,14,4.0,361.73,2025-08-14,Lux Soap 110g,18
1119,16,2.0,310.0,2025-08-14,Nestle Milk Pack 1L,21
1120,18,4.0,467.06,2025-08-14,Wheat Flour 10kg,12
1121,12,20.0,606.63,2025-08-14,Shan Biryani Masala,6
1122,13,5.0,815.2,2025-08-14,Pepsi 1.5L,10
1123,15,3.0,153.28,2025-08-14,Surf Excel 1kg,19
1124,19,10.0,629.21,2025-08-14,Tissue Roll Rose Petal,23
1125,18,2.0,548.34,2025-08-14,Rice Basmati 5kg,8
1126,1,3.0,606.63,2025-08-14,Shan Biryani Masala,6
1127,11,3.0,198.91,2025-08-14,Lifebuoy Soap 110g,20
1128,6,3.0,198.91,2025-08-14,Lifebuoy Soap 110g,20
1129,9,2.0,548.34,2025-08-14,Rice Basmati 5kg,8
1130,20,2.0,629.21,2025-08-14,Tissue Roll Rose Petal,23
1131,5,5.0,815.2,2025-08-14,Pepsi 1.5L,10
1132,6,3.0,100.09,2025-08-14,Olpers Milk 1L,14
1133,2,5.0,153.28,2025-08-14,Surf Excel 1kg,19
1134,2,1.0,548.34,2025-08-14,Rice Basmati 5kg,8
1135,13,1.0,100.09,2025-08-14,Olpers Milk 1L,14
1136,8,1.0,153.28,2025-08-15,Surf Excel 1kg,19
1137,8,1.0,201.09,2025-08-15,Tea Whitener 1kg,4
1138,9,2.0,566.23,2025-08-15,Sprite 1.5L,2
1139,13,3.0,891.92,2025-08-15,Tapal Danedar 950g,16
1140,5,1.0,153.28,2025-08-15,Surf Excel 1kg,19
1141,17,2.0,629.21,2025-08-15,Tissue Roll Rose Petal,23
1142,8,,,2025-08-15,nan,
1143,9,5.0,815.2,2025-08-15,Pepsi 1.5L,10
1144,2,,198.91,2025-08-15,Lifebuoy Soap 110g,20
1145,9,1.0,153.28,2025-08-15,Surf Excel 1kg,19
1146,16,4.0,629.21,2025-08-15,Tissue Roll Rose Petal,23
1147,7,10.0,491.64,2025-08-15,Ariel Washing Powder 1kg,7
1148,15,4.0,467.06,2025-08-15,Wheat Flour 10kg,12
1149,4,3.0,715.23,2025-08-15,Nimko Mix 400g,1
1150,10,1.0,198.91,2025-08-15,Lifebuoy Soap 110g,20
1151,20,5.0,715.23,2025-08-15,Nimko Mix 400g,1
1152,11,5.0,149.34,2025-08-15,Dalda Cooking Oil 1L,22
1153,13,2.0,491.64,2025-08-15,Ariel Washing Powder 1kg,7
1154,7,5.0,361.73,2025-08-15,Lux Soap 110g,18
1155,2,1.0,,2025-08-15,nan,
1156,5,,357.09,2025-08-15,Colgate Toothpaste 100ml,17
1157,3,5.0,467.06,2025-08-15,Wheat Flour 10kg,12
1158,2,1.0,815.2,2025-08-15,Pepsi 1.5L,10
1159,16,1.0,467.06,2025-08-15,Wheat Flour 10kg,12
1160,3,3.0,,2025-08-15,nan,
1161,8,1.0,100.09,2025-08-15,Olpers Milk 1L,14
1162,3,5.0,,2025-08-15,nan,
1163,19,4.0,100.09,2025-08-15,Olpers Milk 1L,14
1164,12,20.0,201.09,2025-08-15,Tea Whitener 1kg,4
1165,9,3.0,,2025-08-15,nan,
1166,19,2.0,357.09,2025-08-15,Colgate Toothpaste 100ml,17
1167,7,1.0,153.28,2025-08-15,Surf Excel 1kg,19
1168,1,5.0,715.23,2025-08-15,Nimko Mix 400g,1
1169,7,1.0,374.08,2025-08-15,Coca Cola 1.5L,15
1170,8,1.0,376.78,2025-08-15,Dove Shampoo 360ml,11
1171,2,4.0,335.13,2025-08-15,National Ketchup 1kg,5
1172,10,2.0,149.34,2025-08-15,Dalda Cooking Oil 1L,22
1173,6,1.0,815.2,2025-08-15,Pepsi 1.5L,10
1174,8,1.0,566.23,2025-08-15,Sprite 1.5L,2
1175,12,1.0,100.09,2025-08-15,Olpers Milk 1L,14
1176,9,1.0,198.91,2025-08-15,Lifebuoy Soap 110g,20
1177,11,2.0,566.23,2025-08-15,Sprite 1.5L,2
1178,5,1.0,491.64,2025-08-15,Ariel Washing Powder 1kg,7
1179,17,2.0,386.73,2025-08-15,Dettol Handwash 200ml,13
1180,8,1.0,,2025-08-15,None,
1181,8,1.0,386.73,2025-08-15,Dettol Handwash 200ml,13
1182,6,4.0,335.13,2025-08-15,National Ketchup 1kg,5
1183,11,1.0,,2025-08-15,nan,
1184,7,2.0,891.92,2025-08-15,Tapal Danedar 950g,16
1185,2,3.0,566.23,2025-08-15,Sprite 1.5L,2
1186,18,1.0,357.09,2025-08-15,Colgate Toothpaste 100ml,17
1187,8,5.0,,2025-08-15,None,
1188,11,2.0,335.13,2025-08-15,National Ketchup 1kg,5
1189,5,3.0,715.23,2025-08-15,Nimko Mix 400g,1
1190,16,,201.09,2025-08-15,Tea Whitener 1kg,4
1191,8,5.0,386.73,2025-08-15,Dettol Handwash 200ml,13
1192,1,1.0,310.0,2025-08-15,Nestle Milk Pack 1L,21
1193,20,2.0,201.09,2025-08-15,Tea Whitener 1kg,4
1194,6,3.0,335.13,2025-08-15,National Ketchup 1kg,5
1195,7,4.0,198.91,2025-08-15,Lifebuoy Soap 110g,20
1196,5,5.0,715.23,2025-08-15,Nimko Mix 400g,1
1197,12,2.0,566.23,2025-08-15,Sprite 1.5L,2
1198,3,2.0,149.34,2025-08-15,Dalda Cooking Oil 1L,22
1199,1,1.0,361.73,2025-08-15,Lux Soap 110g,18
1200,17,4.0,376.78,2025-08-15,Dove Shampoo 360ml,11
1201,1,1.0,,2025-08-15,nan,
1202,17,1.0,386.73,2025-08-15,Dettol Handwash 200ml,13
1203,12,1.0,815.2,2025-08-15,Pepsi 1.5L,10
1204,4,1.0,201.09,2025-08-15,Tea Whitener 1kg,4
1205,13,,566.23,2025-08-15,Sprite 1.5L,2
1206,3,1.0,357.09,2025-08-15,Colgate Toothpaste 100ml,17
1207,3,1.0,548.34,2025-08-16,Rice Basmati 5kg,8
1208,5,2.0,,2025-08-16,nan,
1209,16,2.0,,2025-08-16,None,
1210,15,1.0,153.28,2025-08-16,Surf Excel 1kg,19
1211,6,1.0,715.23,2025-08-16,Nimko Mix 400g,1
1212,10,1.0,311.35,2025-08-16,Sufi Banaspati 1kg,3
1213,2,5.0,,2025-08-16,nan,
1214,12,2.0,357.09,2025-08-16,Colgate Toothpaste 100ml,17
1215,11,2.0,629.21,2025-08-16,Tissue Roll Rose Petal,23
1216,13,2.0,467.06,2025-08-16,Wheat Flour 10kg,12
1217,13,1.0,386.73,2025-08-16,Dettol Handwash 200ml,13
1218,6,2.0,548.34,2025-08-16,Rice Basmati 5kg,8
1219,3,2.0,311.35,2025-08-16,Sufi Banaspati 1kg,3
1220,5,1.0,715.23,2025-08-16,Nimko Mix 400g,1
1221,18,5.0,815.2,2025-08-16,Pepsi 1.5L,10
1222,18,1.0,376.78,2025-08-16,Dove Shampoo 360ml,11
1223,19,1.0,548.34,2025-08-16,Rice Basmati 5kg,8
1224,18,1.0,149.34,2025-08-16,Dalda Cooking Oil 1L,22
1225,3,1.0,357.09,2025-08-16,Colgate Toothpaste 100ml,17
1226,7,,,2025-08-16,nan,
1227,14,1.0,310.0,2025-08-16,Nestle Milk Pack 1L,21
1228,7,1.0,715.23,2025-08-16,Nimko Mix 400g,1
1229,7,1.0,629.21,2025-08-16,Tissue Roll Rose Petal,23
1230,19,3.0,606.63,2025-08-16,Shan Biryani Masala,6
1231,1,1.0,198.91,2025-08-16,Lifebuoy Soap 110g,20
1232,16,1.0,606.63,2025-08-16,Shan Biryani Masala,6
1233,6,2.0,715.23,2025-08-16,Nimko Mix 400g,1
1234,19,1.0,,2025-08-16,None,
1235,13,2.0,201.09,2025-08-16,Tea Whitener 1kg,4
1236,19,1.0,815.2,2025-08-16,Pepsi 1.5L,10
1237,5,1.0,715.23,2025-08-16,Nimko Mix 400g,1
1238,19,1.0,,2025-08-16,None,
1239,10,4.0,361.73,2025-08-16,Lux Soap 110g,18
1240,11,1.0,153.28,2025-08-16,Surf Excel 1kg,19
1241,14,1.0,310.0,2025-08-16,Nestle Milk Pack 1L,21
1242,18,1.0,386.73,2025-08-16,Dettol Handwash 200ml,13
1243,6,1.0,815.2,2025-08-16,Pepsi 1.5L,10
1244,12,1.0,629.21,2025-08-16,Tissue Roll Rose Petal,23
1245,12,3.0,361.73,2025-08-16,Lux Soap 110g,18
1246,10,10.0,149.34,2025-08-16,Dalda Cooking Oil 1L,22
1247,15,3.0,335.13,2025-08-16,National Ketchup 1kg,5
1248,3,2.0,201.09,2025-08-16,Tea Whitener 1kg,4
1249,1,3.0,361.73,2025-08-16,Lux Soap 110g,18
1250,2,2.0,606.63,2025-08-16,Shan Biryani Masala,6
1251,16,1.0,606.63,2025-08-16,Shan Biryani Masala,6
1252,9,4.0,548.34,2025-08-16,Rice Basmati 5kg,8
1253,18,2.0,310.0,2025-08-16,Nestle Milk Pack 1L,21
1254,15,1.0,629.21,2025-08-16,Tissue Roll Rose Petal,23
1255,3,2.0,606.63,2025-08-16,Shan Biryani Masala,6
1256,5,10.0,149.34,2025-08-16,Dalda Cooking Oil 1L,22
1257,19,3.0,,2025-08-16,None,
1258,18,2.0,311.35,2025-08-16,Sufi Banaspati 1kg,3
1259,2,1.0,715.23,2025-08-16,Nimko Mix 400g,1
1260,14,2.0,335.13,2025-08-16,National Ketchup 1kg,5
1261,15,1.0,715.23,2025-08-16,Nimko Mix 400g,1
1262,1,3.0,606.63,2025-08-16,Shan Biryani Masala,6
1263,19,2.0,491.64,2025-08-16,Ariel Washing Powder 1kg,7
1264,15,2.0,566.23,2025-08-16,Sprite 1.5L,2
1265,17,5.0,310.0,2025-08-16,Nestle Milk Pack 1L,21
1266,5,3.0,376.78,2025-08-16,Dove Shampoo 360ml,11
1267,2,3.0,566.23,2025-08-16,Sprite 1.5L,2
1268,4,1.0,715.23,2025-08-16,Nimko Mix 400g,1
1269,1,4.0,,2025-08-16,nan,
1270,13,3.0,335.13,2025-08-16,National Ketchup 1kg,5
1271,15,2.0,566.23,2025-08-16,Sprite 1.5L,2
1272,3,2.0,201.09,2025-08-16,Tea Whitener 1kg,4
1273,9,1.0,310.0,2025-08-16,Nestle Milk Pack 1L,21
1274,2,2.0,548.34,2025-08-16,Rice Basmati 5kg,8
1275,20,1.0,311.35,2025-08-16,Sufi Banaspati 1kg,3
1276,8,3.0,606.63,2025-08-16,Shan Biryani Masala,6
1277,6,1.0,815.2,2025-08-16,Pepsi 1.5L,10
1278,9,1.0,566.23,2025-08-16,Sprite 1.5L,2
1279,6,1.0,376.78,2025-08-16,Dove Shampoo 360ml,11
1280,11,5.0,374.08,2025-08-16,Coca Cola 1.5L,15
1281,9,5.0,566.23,2025-08-16,Sprite 1.5L,2
1282,3,1.0,,2025-08-16,nan,
1283,5,3.0,548.34,2025-08-16,Rice Basmati 5kg,8
1284,6,2.0,374.08,2025-08-16,Coca Cola 1.5L,15
1285,10,2.0,815.2,2025-08-16,Pepsi 1.5L,10
1286,20,3.0,,2025-08-16,None,
1287,17,2.0,310.0,2025-08-16,Nestle Milk Pack 1L,21
1288,19,1.0,335.13,2025-08-16,National Ketchup 1kg,5
1289,12,5.0,361.73,2025-08-16,Lux Soap 110g,18
1290,4,2.0,,2025-08-16,nan,
1291,17,2.0,606.63,2025-08-17,Shan Biryani Masala,6
1292,9,,,2025-08-17,None,
1293,17,1.0,467.06,2025-08-17,Wheat Flour 10kg,12
1294,5,1.0,357.09,2025-08-17,Colgate Toothpaste 100ml,17
1295,18,1.0,201.09,2025-08-17,Tea Whitener 1kg,4
1296,1,2.0,376.78,2025-08-17,Dove Shampoo 360ml,11
1297,15,3.0,386.73,2025-08-17,Dettol Handwash 200ml,13
1298,18,2.0,198.91,2025-08-17,Lifebuoy Soap 110g,20
1299,14,3.0,606.63,2025-08-17,Shan Biryani Masala,6
1300,10,2.0,149.34,2025-08-17,Dalda Cooking Oil 1L,22
1301,3,3.0,149.34,2025-08-17,Dalda Cooking Oil 1L,22
1302,6,1.0,357.09,2025-08-17,Colgate Toothpaste 100ml,17
1303,19,5.0,198.91,2025-08-17,Lifebuoy Soap 110g,20
1304,5,1.0,629.21,2025-08-17,Tissue Roll Rose Petal,23
1305,1,1.0,548.34,2025-08-17,Rice Basmati 5kg,8
1306,6,1.0,566.23,2025-08-17,Sprite 1.5L,2
1307,9,1.0,198.91,2025-08-17,Lifebuoy Soap 110g,20
1308,5,4.0,491.64,2025-08-17,Ariel Washing Powder 1kg,7
1309,13,1.0,357.09,2025-08-17,Colgate Toothpaste 100ml,17
1310,6,20.0,815.2,2025-08-17,Pepsi 1.5L,10
1311,11,5.0,357.09,2025-08-17,Colgate Toothpaste 100ml,17
1312,6,4.0,491.64,2025-08-17,Ariel Washing Powder 1kg,7
1313,16,1.0,566.23,2025-08-17,Sprite 1.5L,2
1314,7,2.0,153.28,2025-08-17,Surf Excel 1kg,19
1315,2,3.0,198.91,2025-08-17,Lifebuoy Soap 110g,20
1316,4,3.0,201.09,2025-08-17,Tea Whitener 1kg,4
1317,5,5.0,715.23,2025-08-17,Nimko Mix 400g,1
1318,19,2.0,548.34,2025-08-17,Rice Basmati 5kg,8
1319,3,2.0,629.21,2025-08-17,Tissue Roll Rose Petal,23
1320,20,4.0,566.23,2025-08-17,Sprite 1.5L,2
1321,12,2.0,361.73,2025-08-17,Lux Soap 110g,18
1322,3,1.0,198.91,2025-08-17,Lifebuoy Soap 110g,20
1323,3,4.0,310.0,2025-08-17,Nestle Milk Pack 1L,21
1324,13,1.0,198.91,2025-08-17,Lifebuoy Soap 110g,20
1325,6,10.0,357.09,2025-08-17,Colgate Toothpaste 100ml,17
1326,15,5.0,,2025-08-17,nan,
1327,5,,376.78,2025-08-17,Dove Shampoo 360ml,11
1328,15,4.0,467.06,2025-08-17,Wheat Flour 10kg,12
1329,9,1.0,891.92,2025-08-17,Tapal Danedar 950g,16
1330,1,1.0,715.23,2025-08-17,Nimko Mix 400g,1
1331,15,2.0,100.09,2025-08-17,Olpers Milk 1L,14
1332,10,1.0,,2025-08-17,None,
1333,10,4.0,357.09,2025-08-17,Colgate Toothpaste 100ml,17
1334,15,1.0,361.73,2025-08-17,Lux Soap 110g,18
1335,10,4.0,374.08,2025-08-17,Coca Cola 1.5L,15
1336,19,5.0,374.08,2025-08-17,Coca Cola 1.5L,15
1337,17,4.0,467.06,2025-08-17,Wheat Flour 10kg,12
1338,13,2.0,815.2,2025-08-17,Pepsi 1.5L,10
1339,19,2.0,629.21,2025-08-17,Tissue Roll Rose Petal,23
1340,12,1.0,100.09,2025-08-17,Olpers Milk 1L,14
1341,19,1.0,715.23,2025-08-17,Nimko Mix 400g,1
1342,15,1.0,815.2,2025-08-17,Pepsi 1.5L,10
1343,5,20.0,335.13,2025-08-17,National Ketchup 1kg,5
1344,17,3.0,198.91,2025-08-17,Lifebuoy Soap 110g,20
1345,19,2.0,629.21,2025-08-17,Tissue Roll Rose Petal,23
1346,5,1.0,,2025-08-17,None,
1347,19,2.0,357.09,2025-08-17,Colgate Toothpaste 100ml,17
1348,7,1.0,310.0,2025-08-17,Nestle Milk Pack 1L,21
1349,7,1.0,153.28,2025-08-17,Surf Excel 1kg,19
1350,10,5.0,201.09,2025-08-17,Tea Whitener 1kg,4
1351,11,2.0,149.34,2025-08-17,Dalda Cooking Oil 1L,22
1352,18,1.0,606.63,2025-08-17,Shan Biryani Masala,6
1353,1,3.0,311.35,2025-08-17,Sufi Banaspati 1kg,3
1354,8,,357.09,2025-08-17,Colgate Toothpaste 100ml,17
1355,14,,386.73,2025-08-17,Dettol Handwash 200ml,13
1356,14,1.0,566.23,2025-08-17,Sprite 1.5L,2
1357,10,2.0,357.09,2025-08-17,Colgate Toothpaste 100ml,17
1358,2,2.0,715.23,2025-08-17,Nimko Mix 400g,1
1359,4,10.0,566.23,2025-08-17,Sprite 1.5L,2
1360,18,2.0,100.09,2025-08-17,Olpers Milk 1L,14
1361,3,1.0,815.2,2025-08-17,Pepsi 1.5L,10
1362,12,2.0,361.73,2025-08-17,Lux Soap 110g,18
1363,19,3.0,311.35,2025-08-17,Sufi Banaspati 1kg,3
1364,16,2.0,149.34,2025-08-17,Dalda Cooking Oil 1L,22
1365,17,1.0,606.63,2025-08-17,Shan Biryani Masala,6
1366,1,2.0,566.23,2025-08-17,Sprite 1.5L,2
1367,5,3.0,,2025-08-17,nan,
1368,9,1.0,815.2,2025-08-17,Pepsi 1.5L,10
1369,17,1.0,335.13,2025-08-17,National Ketchup 1kg,5
1370,11,2.0,153.28,2025-08-17,Surf Excel 1kg,19
1371,10,4.0,715.23,2025-08-17,Nimko Mix 400g,1
1372,4,5.0,386.73,2025-08-17,Dettol Handwash 200ml,13
1373,5,5.0,629.21,2025-08-17,Tissue Roll Rose Petal,23
1374,2,3.0,715.23,2025-08-17,Nimko Mix 400g,1
1375,17,4.0,548.34,2025-08-17,Rice Basmati 5kg,8
1376,19,1.0,467.06,2025-08-17,Wheat Flour 10kg,12
1377,11,2.0,,2025-08-17,nan,
1378,17,5.0,153.28,2025-08-17,Surf Excel 1kg,19
1379,5,1.0,153.28,2025-08-17,Surf Excel 1kg,19
1380,16,3.0,386.73,2025-08-17,Dettol Handwash 200ml,13
1381,1,2.0,100.09,2025-08-17,Olpers Milk 1L,14
1382,18,3.0,100.09,2025-08-17,Olpers Milk 1L,14
1383,16,1.0,629.21,2025-08-17,Tissue Roll Rose Petal,23
1384,2,3.0,361.73,2025-08-17,Lux Soap 110g,18
1385,20,1.0,606.63,2025-08-17,Shan Biryani Masala,6
1386,6,2.0,891.92,2025-08-17,Tapal Danedar 950g,16
1387,16,2.0,311.35,2025-08-18,Sufi Banaspati 1kg,3
1388,14,1.0,374.08,2025-08-18,Coca Cola 1.5L,15
1389,13,1.0,201.09,2025-08-18,Tea Whitener 1kg,4
1390,8,2.0,374.08,2025-08-18,Coca Cola 1.5L,15
1391,1,20.0,548.34,2025-08-18,Rice Basmati 5kg,8
1392,20,1.0,815.2,2025-08-18,Pepsi 1.5L,10
1393,6,3.0,374.08,2025-08-18,Coca Cola 1.5L,15
1394,5,20.0,201.09,2025-08-18,Tea Whitener 1kg,4
1395,18,4.0,198.91,2025-08-18,Lifebuoy Soap 110g,20
1396,2,2.0,,2025-08-18,nan,
1397,12,4.0,201.09,2025-08-18,Tea Whitener 1kg,4
1398,17,2.0,310.0,2025-08-18,Nestle Milk Pack 1L,21
1399,7,2.0,357.09,2025-08-18,Colgate Toothpaste 100ml,17
1400,5,1.0,891.92,2025-08-18,Tapal Danedar 950g,16
1401,12,5.0,715.23,2025-08-18,Nimko Mix 400g,1
1402,4,10.0,467.06,2025-08-18,Wheat Flour 10kg,12
1403,12,1.0,310.0,2025-08-18,Nestle Milk Pack 1L,21
1404,20,4.0,491.64,2025-08-18,Ariel Washing Powder 1kg,7
1405,20,3.0,361.73,2025-08-18,Lux Soap 110g,18
1406,7,1.0,201.09,2025-08-18,Tea Whitener 1kg,4
1407,14,2.0,376.78,2025-08-18,Dove Shampoo 360ml,11
1408,17,1.0,467.06,2025-08-18,Wheat Flour 10kg,12
1409,7,3.0,,2025-08-18,nan,
1410,13,3.0,715.23,2025-08-18,Nimko Mix 400g,1
1411,15,1.0,815.2,2025-08-18,Pepsi 1.5L,10
1412,1,1.0,201.09,2025-08-18,Tea Whitener 1kg,4
1413,2,2.0,548.34,2025-08-18,Rice Basmati 5kg,8
1414,13,20.0,386.73,2025-08-18,Dettol Handwash 200ml,13
1415,16,2.0,491.64,2025-08-18,Ariel Washing Powder 1kg,7
1416,1,1.0,201.09,2025-08-18,Tea Whitener 1kg,4
1417,19,10.0,715.23,2025-08-18,Nimko Mix 400g,1
1418,5,,374.08,2025-08-18,Coca Cola 1.5L,15
1419,11,4.0,357.09,2025-08-18,Colgate Toothpaste 100ml,17
1420,9,5.0,467.06,2025-08-18,Wheat Flour 10kg,12
1421,4,5.0,566.23,2025-08-18,Sprite 1.5L,2
1422,12,1.0,548.34,2025-08-18,Rice Basmati 5kg,8
1423,17,1.0,891.92,2025-08-18,Tapal Danedar 950g,16
1424,6,2.0,891.92,2025-08-18,Tapal Danedar 950g,16
1425,12,3.0,386.73,2025-08-18,Dettol Handwash 200ml,13
1426,11,5.0,153.28,2025-08-18,Surf Excel 1kg,19
1427,18,2.0,311.35,2025-08-18,Sufi Banaspati 1kg,3
1428,16,1.0,491.64,2025-08-18,Ariel Washing Powder 1kg,7
1429,20,1.0,361.73,2025-08-18,Lux Soap 110g,18
1430,5,1.0,311.35,2025-08-18,Sufi Banaspati 1kg,3
1431,9,3.0,361.73,2025-08-18,Lux Soap 110g,18
1432,2,2.0,361.73,2025-08-18,Lux Soap 110g,18
1433,6,2.0,715.23,2025-08-18,Nimko Mix 400g,1
1434,15,1.0,566.23,2025-08-18,Sprite 1.5L,2
1435,5,4.0,,2025-08-18,None,
1436,7,10.0,153.28,2025-08-18,Surf Excel 1kg,19
1437,15,,566.23,2025-08-18,Sprite 1.5L,2
1438,8,1.0,467.06,2025-08-18,Wheat Flour 10kg,12
1439,2,2.0,100.09,2025-08-18,Olpers Milk 1L,14
1440,1,3.0,335.13,2025-08-18,National Ketchup 1kg,5
1441,12,5.0,815.2,2025-08-18,Pepsi 1.5L,10
1442,11,2.0,606.63,2025-08-19,Shan Biryani Masala,6
1443,10,3.0,311.35,2025-08-19,Sufi Banaspati 1kg,3
1444,8,1.0,374.08,2025-08-19,Coca Cola 1.5L,15
1445,19,1.0,100.09,2025-08-19,Olpers Milk 1L,14
1446,5,20.0,100.09,2025-08-19,Olpers Milk 1L,14
1447,14,2.0,,2025-08-19,None,
1448,3,1.0,201.09,2025-08-19,Tea Whitener 1kg,4
1449,17,1.0,,2025-08-19,nan,
1450,17,4.0,153.28,2025-08-19,Surf Excel 1kg,19
1451,2,4.0,715.23,2025-08-19,Nimko Mix 400g,1
1452,10,2.0,491.64,2025-08-19,Ariel Washing Powder 1kg,7
1453,1,3.0,310.0,2025-08-19,Nestle Milk Pack 1L,21
1454,7,1.0,548.34,2025-08-19,Rice Basmati 5kg,8
1455,18,3.0,201.09,2025-08-19,Tea Whitener 1kg,4
1456,9,2.0,335.13,2025-08-19,National Ketchup 1kg,5
1457,5,4.0,891.92,2025-08-19,Tapal Danedar 950g,16
1458,12,1.0,361.73,2025-08-19,Lux Soap 110g,18
1459,18,2.0,566.23,2025-08-19,Sprite 1.5L,2
1460,6,4.0,153.28,2025-08-19,Surf Excel 1kg,19
1461,9,5.0,357.09,2025-08-19,Colgate Toothpaste 100ml,17
1462,17,2.0,311.35,2025-08-19,Sufi Banaspati 1kg,3
1463,17,2.0,335.13,2025-08-19,National Ketchup 1kg,5
1464,3,1.0,357.09,2025-08-19,Colgate Toothpaste 100ml,17
1465,19,4.0,149.34,2025-08-19,Dalda Cooking Oil 1L,22
1466,6,1.0,153.28,2025-08-19,Surf Excel 1kg,19
1467,5,5.0,715.23,2025-08-19,Nimko Mix 400g,1
1468,13,10.0,815.2,2025-08-19,Pepsi 1.5L,10
1469,8,,335.13,2025-08-19,National Ketchup 1kg,5
1470,18,2.0,386.73,2025-08-19,Dettol Handwash 200ml,13
1471,12,10.0,629.21,2025-08-19,Tissue Roll Rose Petal,23
1472,12,2.0,201.09,2025-08-19,Tea Whitener 1kg,4
1473,17,3.0,566.23,2025-08-19,Sprite 1.5L,2
1474,6,20.0,629.21,2025-08-19,Tissue Roll Rose Petal,23
1475,20,3.0,566.23,2025-08-19,Sprite 1.5L,2
1476,16,1.0,376.78,2025-08-19,Dove Shampoo 360ml,11
1477,6,,566.23,2025-08-19,Sprite 1.5L,2
1478,14,3.0,335.13,2025-08-19,National Ketchup 1kg,5
1479,17,20.0,149.34,2025-08-19,Dalda Cooking Oil 1L,22
1480,20,3.0,,2025-08-19,None,
1481,12,3.0,153.28,2025-08-19,Surf Excel 1kg,19
1482,15,2.0,357.09,2025-08-19,Colgate Toothpaste 100ml,17
1483,13,1.0,335.13,2025-08-19,National Ketchup 1kg,5
1484,19,3.0,386.73,2025-08-19,Dettol Handwash 200ml,13
1485,15,2.0,198.91,2025-08-19,Lifebuoy Soap 110g,20
1486,2,2.0,153.28,2025-08-19,Surf Excel 1kg,19
1487,13,2.0,,2025-08-19,None,
1488,2,1.0,100.09,2025-08-19,Olpers Milk 1L,14
1489,1,2.0,361.73,2025-08-19,Lux Soap 110g,18
1490,19,5.0,891.92,2025-08-19,Tapal Danedar 950g,16
1491,7,1.0,,2025-08-19,nan,
1492,12,2.0,548.34,2025-08-19,Rice Basmati 5kg,8
1493,1,1.0,149.34,2025-08-19,Dalda Cooking Oil 1L,22
1494,5,1.0,,2025-08-19,nan,
1495,15,1.0,606.63,2025-08-19,Shan Biryani Masala,6
1496,17,3.0,386.73,2025-08-19,Dettol Handwash 200ml,13
1497,10,1.0,891.92,2025-08-19,Tapal Danedar 950g,16
1498,16,1.0,566.23,2025-08-19,Sprite 1.5L,2
1499,8,4.0,311.35,2025-08-19,Sufi Banaspati 1kg,3
1500,12,1.0,201.09,2025-08-19,Tea Whitener 1kg,4
1501,18,4.0,715.23,2025-08-19,Nimko Mix 400g,1
1502,20,3.0,361.73,2025-08-19,Lux Soap 110g,18
1503,11,2.0,491.64,2025-08-19,Ariel Washing Powder 1kg,7
1504,8,5.0,386.73,2025-08-19,Dettol Handwash 200ml,13
1505,2,3.0,357.09,2025-08-19,Colgate Toothpaste 100ml,17
1506,2,2.0,198.91,2025-08-20,Lifebuoy Soap 110g,20
1507,7,5.0,566.23,2025-08-20,Sprite 1.5L,2
1508,13,1.0,,2025-08-20,nan,
1509,3,2.0,335.13,2025-08-20,National Ketchup 1kg,5
1510,6,5.0,815.2,2025-08-20,Pepsi 1.5L,10
1511,7,20.0,467.06,2025-08-20,Wheat Flour 10kg,12
1512,2,4.0,153.28,2025-08-20,Surf Excel 1kg,19
1513,10,4.0,891.92,2025-08-20,Tapal Danedar 950g,16
1514,9,3.0,201.09,2025-08-20,Tea Whitener 1kg,4
1515,4,4.0,386.73,2025-08-20,Dettol Handwash 200ml,13
1516,4,,815.2,2025-08-20,Pepsi 1.5L,10
1517,9,3.0,566.23,2025-08-20,Sprite 1.5L,2
1518,10,2.0,606.63,2025-08-20,Shan Biryani Masala,6
1519,7,5.0,361.73,2025-08-20,Lux Soap 110g,18
1520,18,1.0,386.73,2025-08-20,Dettol Handwash 200ml,13
1521,7,4.0,715.23,2025-08-20,Nimko Mix 400g,1
1522,19,1.0,198.91,2025-08-20,Lifebuoy Soap 110g,20
1523,1,3.0,311.35,2025-08-20,Sufi Banaspati 1kg,3
1524,1,2.0,,2025-08-20,None,
1525,12,2.0,311.35,2025-08-20,Sufi Banaspati 1kg,3
1526,18,1.0,491.64,2025-08-20,Ariel Washing Powder 1kg,7
1527,17,,566.23,2025-08-20,Sprite 1.5L,2
1528,3,2.0,891.92,2025-08-20,Tapal Danedar 950g,16
1529,5,1.0,548.34,2025-08-20,Rice Basmati 5kg,8
1530,11,2.0,100.09,2025-08-20,Olpers Milk 1L,14
1531,9,5.0,,2025-08-20,nan,
1532,10,2.0,,2025-08-20,None,
1533,11,3.0,815.2,2025-08-20,Pepsi 1.5L,10
1534,13,2.0,467.06,2025-08-20,Wheat Flour 10kg,12
1535,3,2.0,629.21,2025-08-20,Tissue Roll Rose Petal,23
1536,5,5.0,566.23,2025-08-20,Sprite 1.5L,2
1537,19,1.0,311.35,2025-08-20,Sufi Banaspati 1kg,3
1538,10,2.0,361.73,2025-08-20,Lux Soap 110g,18
1539,18,4.0,386.73,2025-08-20,Dettol Handwash 200ml,13
1540,8,2.0,361.73,2025-08-20,Lux Soap 110g,18
1541,10,1.0,548.34,2025-08-20,Rice Basmati 5kg,8
1542,4,2.0,606.63,2025-08-20,Shan Biryani Masala,6
1543,12,3.0,201.09,2025-08-20,Tea Whitener 1kg,4
1544,4,2.0,,2025-08-20,nan,
1545,10,2.0,361.73,2025-08-20,Lux Soap 110g,18
1546,6,2.0,548.34,2025-08-20,Rice Basmati 5kg,8
1547,9,4.0,100.09,2025-08-20,Olpers Milk 1L,14
1548,14,1.0,310.0,2025-08-20,Nestle Milk Pack 1L,21
1549,6,20.0,566.23,2025-08-20,Sprite 1.5L,2
1550,10,1.0,386.73,2025-08-20,Dettol Handwash 200ml,13
1551,5,2.0,467.06,2025-08-20,Wheat Flour 10kg,12
1552,20,5.0,376.78,2025-08-20,Dove Shampoo 360ml,11
1553,6,1.0,198.91,2025-08-20,Lifebuoy Soap 110g,20
1554,18,3.0,,2025-08-20,nan,
1555,19,4.0,201.09,2025-08-20,Tea Whitener 1kg,4
1556,15,10.0,,2025-08-20,nan,
1557,12,10.0,566.23,2025-08-20,Sprite 1.5L,2
1558,20,1.0,153.28,2025-08-20,Surf Excel 1kg,19
1559,9,3.0,386.73,2025-08-20,Dettol Handwash 200ml,13
1560,4,4.0,311.35,2025-08-20,Sufi Banaspati 1kg,3
1561,16,10.0,,2025-08-20,nan,
1562,14,,335.13,2025-08-20,National Ketchup 1kg,5
1563,5,1.0,311.35,2025-08-20,Sufi Banaspati 1kg,3
1564,6,2.0,815.2,2025-08-20,Pepsi 1.5L,10
1565,17,2.0,606.63,2025-08-20,Shan Biryani Masala,6
1566,12,1.0,,2025-08-20,nan,
1567,11,3.0,386.73,2025-08-20,Dettol Handwash 200ml,13
1568,15,,629.21,2025-08-20,Tissue Roll Rose Petal,23
1569,9,1.0,153.28,2025-08-20,Surf Excel 1kg,19
1570,17,,153.28,2025-08-20,Surf Excel 1kg,19
1571,14,5.0,,2025-08-20,nan,
1572,14,2.0,491.64,2025-08-20,Ariel Washing Powder 1kg,7
1573,3,5.0,566.23,2025-08-20,Sprite 1.5L,2
1574,18,2.0,100.09,2025-08-20,Olpers Milk 1L,14
1575,2,1.0,467.06,2025-08-20,Wheat Flour 10kg,12
1576,17,1.0,201.09,2025-08-20,Tea Whitener 1kg,4
1577,16,1.0,715.23,2025-08-20,Nimko Mix 400g,1
1578,15,,566.23,2025-08-20,Sprite 1.5L,2
1579,16,3.0,,2025-08-20,nan,
1580,12,2.0,311.35,2025-08-20,Sufi Banaspati 1kg,3
1581,7,1.0,386.73,2025-08-20,Dettol Handwash 200ml,13
1582,11,1.0,,2025-08-20,nan,
1583,5,2.0,629.21,2025-08-20,Tissue Roll Rose Petal,23
1584,16,2.0,548.34,2025-08-20,Rice Basmati 5kg,8
1585,19,3.0,548.34,2025-08-20,Rice Basmati 5kg,8
1586,6,1.0,201.09,2025-08-21,Tea Whitener 1kg,4
1587,11,2.0,491.64,2025-08-21,Ariel Washing Powder 1kg,7
1588,10,4.0,310.0,2025-08-21,Nestle Milk Pack 1L,21
1589,6,2.0,891.92,2025-08-21,Tapal Danedar 950g,16
1590,3,5.0,,2025-08-21,nan,
1591,4,4.0,310.0,2025-08-21,Nestle Milk Pack 1L,21
1592,6,2.0,357.09,2025-08-21,Colgate Toothpaste 100ml,17
1593,5,1.0,566.23,2025-08-21,Sprite 1.5L,2
1594,3,1.0,815.2,2025-08-21,Pepsi 1.5L,10
1595,17,2.0,335.13,2025-08-21,National Ketchup 1kg,5
1596,16,1.0,566.23,2025-08-21,Sprite 1.5L,2
1597,16,1.0,335.13,2025-08-21,National Ketchup 1kg,5
1598,5,2.0,376.78,2025-08-21,Dove Shampoo 360ml,11
1599,10,1.0,153.28,2025-08-21,Surf Excel 1kg,19
1600,10,1.0,629.21,2025-08-21,Tissue Roll Rose Petal,23
1601,12,4.0,491.64,2025-08-21,Ariel Washing Powder 1kg,7
1602,14,3.0,198.91,2025-08-21,Lifebuoy Soap 110g,20
1603,2,1.0,361.73,2025-08-21,Lux Soap 110g,18
1604,14,,201.09,2025-08-21,Tea Whitener 1kg,4
1605,1,1.0,100.09,2025-08-21,Olpers Milk 1L,14
1606,3,5.0,376.78,2025-08-21,Dove Shampoo 360ml,11
1607,13,2.0,149.34,2025-08-21,Dalda Cooking Oil 1L,22
1608,14,3.0,357.09,2025-08-21,Colgate Toothpaste 100ml,17
1609,3,2.0,201.09,2025-08-21,Tea Whitener 1kg,4
1610,12,2.0,201.09,2025-08-21,Tea Whitener 1kg,4
1611,18,1.0,,2025-08-21,nan,
1612,1,3.0,100.09,2025-08-21,Olpers Milk 1L,14
1613,9,5.0,606.63,2025-08-21,Shan Biryani Masala,6
1614,4,2.0,153.28,2025-08-21,Surf Excel 1kg,19
1615,8,5.0,198.91,2025-08-21,Lifebuoy Soap 110g,20
1616,1,2.0,,2025-08-21,nan,
1617,6,3.0,815.2,2025-08-21,Pepsi 1.5L,10
1618,20,1.0,153.28,2025-08-21,Surf Excel 1kg,19
1619,11,3.0,386.73,2025-08-21,Dettol Handwash 200ml,13
1620,2,2.0,815.2,2025-08-21,Pepsi 1.5L,10
1621,15,2.0,566.23,2025-08-21,Sprite 1.5L,2
1622,16,4.0,386.73,2025-08-21,Dettol Handwash 200ml,13
1623,7,,100.09,2025-08-21,Olpers Milk 1L,14
1624,1,2.0,201.09,2025-08-21,Tea Whitener 1kg,4
1625,13,2.0,606.63,2025-08-21,Shan Biryani Masala,6
1626,10,4.0,153.28,2025-08-21,Surf Excel 1kg,19
1627,11,3.0,,2025-08-21,nan,
1628,4,3.0,386.73,2025-08-21,Dettol Handwash 200ml,13
1629,5,1.0,335.13,2025-08-21,National Ketchup 1kg,5
1630,2,,,2025-08-21,nan,
1631,1,1.0,153.28,2025-08-21,Surf Excel 1kg,19
1632,12,5.0,606.63,2025-08-21,Shan Biryani Masala,6
1633,9,4.0,548.34,2025-08-21,Rice Basmati 5kg,8
1634,4,1.0,310.0,2025-08-21,Nestle Milk Pack 1L,21
1635,14,4.0,606.63,2025-08-21,Shan Biryani Masala,6
1636,4,1.0,386.73,2025-08-21,Dettol Handwash 200ml,13
1637,20,1.0,201.09,2025-08-21,Tea Whitener 1kg,4
1638,8,2.0,153.28,2025-08-21,Surf Excel 1kg,19
1639,15,4.0,815.2,2025-08-21,Pepsi 1.5L,10
1640,8,1.0,566.23,2025-08-21,Sprite 1.5L,2
1641,2,2.0,376.78,2025-08-21,Dove Shampoo 360ml,11
1642,8,4.0,629.21,2025-08-21,Tissue Roll Rose Petal,23
1643,5,3.0,,2025-08-21,nan,
1644,5,2.0,357.09,2025-08-21,Colgate Toothpaste 100ml,17
1645,2,1.0,,2025-08-21,nan,
1646,20,3.0,361.73,2025-08-21,Lux Soap 110g,18
1647,19,1.0,335.13,2025-08-21,National Ketchup 1kg,5
1648,4,1.0,335.13,2025-08-21,National Ketchup 1kg,5
1649,16,5.0,100.09,2025-08-21,Olpers Milk 1L,14
1650,16,1.0,201.09,2025-08-21,Tea Whitener 1kg,4
1651,6,1.0,335.13,2025-08-21,National Ketchup 1kg,5
1652,16,1.0,198.91,2025-08-21,Lifebuoy Soap 110g,20
1653,7,3.0,,2025-08-21,nan,
1654,12,,606.63,2025-08-21,Shan Biryani Masala,6
1655,9,4.0,891.92,2025-08-21,Tapal Danedar 950g,16
1656,13,1.0,,2025-08-21,nan,
1657,12,4.0,153.28,2025-08-22,Surf Excel 1kg,19
1658,15,5.0,629.21,2025-08-22,Tissue Roll Rose Petal,23
1659,5,5.0,100.09,2025-08-22,Olpers Milk 1L,14
1660,15,1.0,,2025-08-22,nan,
1661,8,2.0,715.23,2025-08-22,Nimko Mix 400g,1
1662,2,3.0,311.35,2025-08-22,Sufi Banaspati 1kg,3
1663,2,3.0,335.13,2025-08-22,National Ketchup 1kg,5
1664,16,3.0,566.23,2025-08-22,Sprite 1.5L,2
1665,16,1.0,311.35,2025-08-22,Sufi Banaspati 1kg,3
1666,9,4.0,,2025-08-22,nan,
1667,2,1.0,311.35,2025-08-22,Sufi Banaspati 1kg,3
1668,20,5.0,606.63,2025-08-22,Shan Biryani Masala,6
1669,17,2.0,149.34,2025-08-22,Dalda Cooking Oil 1L,22
1670,17,2.0,311.35,2025-08-22,Sufi Banaspati 1kg,3
1671,18,,606.63,2025-08-22,Shan Biryani Masala,6
1672,6,10.0,100.09,2025-08-22,Olpers Milk 1L,14
1673,11,1.0,100.09,2025-08-22,Olpers Milk 1L,14
1674,20,1.0,629.21,2025-08-22,Tissue Roll Rose Petal,23
1675,12,1.0,629.21,2025-08-22,Tissue Roll Rose Petal,23
1676,11,1.0,361.73,2025-08-22,Lux Soap 110g,18
1677,19,1.0,311.35,2025-08-22,Sufi Banaspati 1kg,3
1678,19,1.0,153.28,2025-08-22,Surf Excel 1kg,19
1679,15,5.0,815.2,2025-08-22,Pepsi 1.5L,10
1680,2,3.0,198.91,2025-08-22,Lifebuoy Soap 110g,20
1681,19,1.0,548.34,2025-08-22,Rice Basmati 5kg,8
1682,1,4.0,815.2,2025-08-22,Pepsi 1.5L,10
1683,11,1.0,201.09,2025-08-22,Tea Whitener 1kg,4
1684,20,,386.73,2025-08-22,Dettol Handwash 200ml,13
1685,19,3.0,198.91,2025-08-22,Lifebuoy Soap 110g,20
1686,10,5.0,386.73,2025-08-22,Dettol Handwash 200ml,13
1687,18,3.0,361.73,2025-08-22,Lux Soap 110g,18
1688,4,10.0,566.23,2025-08-22,Sprite 1.5L,2
1689,20,1.0,198.91,2025-08-22,Lifebuoy Soap 110g,20
1690,12,1.0,566.23,2025-08-22,Sprite 1.5L,2
1691,10,2.0,815.2,2025-08-22,Pepsi 1.5L,10
1692,8,3.0,715.23,2025-08-22,Nimko Mix 400g,1
1693,2,1.0,,2025-08-22,nan,
1694,15,1.0,491.64,2025-08-22,Ariel Washing Powder 1kg,7
1695,14,5.0,,2025-08-22,None,
1696,12,5.0,357.09,2025-08-22,Colgate Toothpaste 100ml,17
1697,13,10.0,201.09,2025-08-22,Tea Whitener 1kg,4
1698,12,2.0,201.09,2025-08-22,Tea Whitener 1kg,4
1699,14,10.0,629.21,2025-08-22,Tissue Roll Rose Petal,23
1700,2,1.0,606.63,2025-08-22,Shan Biryani Masala,6
1701,15,1.0,153.28,2025-08-22,Surf Excel 1kg,19
1702,10,1.0,149.34,2025-08-22,Dalda Cooking Oil 1L,22
1703,9,1.0,467.06,2025-08-22,Wheat Flour 10kg,12
1704,3,4.0,374.08,2025-08-22,Coca Cola 1.5L,15
1705,6,1.0,201.09,2025-08-22,Tea Whitener 1kg,4
1706,5,,100.09,2025-08-22,Olpers Milk 1L,14
1707,7,3.0,335.13,2025-08-22,National Ketchup 1kg,5
1708,18,,357.09,2025-08-22,Colgate Toothpaste 100ml,17
1709,7,3.0,629.21,2025-08-22,Tissue Roll Rose Petal,23
1710,18,5.0,374.08,2025-08-22,Coca Cola 1.5L,15
1711,18,2.0,,2025-08-22,None,
1712,1,5.0,548.34,2025-08-22,Rice Basmati 5kg,8
1713,5,4.0,335.13,2025-08-22,National Ketchup 1kg,5
1714,12,3.0,153.28,2025-08-22,Surf Excel 1kg,19
1715,1,3.0,548.34,2025-08-22,Rice Basmati 5kg,8
1716,9,2.0,629.21,2025-08-22,Tissue Roll Rose Petal,23
1717,16,1.0,548.34,2025-08-22,Rice Basmati 5kg,8
1718,3,3.0,629.21,2025-08-22,Tissue Roll Rose Petal,23
1719,6,2.0,376.78,2025-08-22,Dove Shampoo 360ml,11
1720,7,2.0,335.13,2025-08-22,National Ketchup 1kg,5
1721,18,1.0,153.28,2025-08-22,Surf Excel 1kg,19
1722,11,1.0,361.73,2025-08-22,Lux Soap 110g,18
1723,16,1.0,629.21,2025-08-22,Tissue Roll Rose Petal,23
1724,18,2.0,548.34,2025-08-22,Rice Basmati 5kg,8
1725,15,5.0,201.09,2025-08-22,Tea Whitener 1kg,4
1726,12,1.0,815.2,2025-08-23,Pepsi 1.5L,10
1727,12,1.0,606.63,2025-08-23,Shan Biryani Masala,6
1728,4,1.0,715.23,2025-08-23,Nimko Mix 400g,1
1729,16,3.0,374.08,2025-08-23,Coca Cola 1.5L,15
1730,4,4.0,467.06,2025-08-23,Wheat Flour 10kg,12
1731,5,1.0,361.73,2025-08-23,Lux Soap 110g,18
1732,8,1.0,606.63,2025-08-23,Shan Biryani Masala,6
1733,8,1.0,335.13,2025-08-23,National Ketchup 1kg,5
1734,2,5.0,891.92,2025-08-23,Tapal Danedar 950g,16
1735,18,4.0,361.73,2025-08-23,Lux Soap 110g,18
1736,14,10.0,815.2,2025-08-23,Pepsi 1.5L,10
1737,14,1.0,548.34,2025-08-23,Rice Basmati 5kg,8
1738,16,5.0,548.34,2025-08-23,Rice Basmati 5kg,8
1739,2,2.0,374.08,2025-08-23,Coca Cola 1.5L,15
1740,8,3.0,153.28,2025-08-23,Surf Excel 1kg,19
1741,7,1.0,201.09,2025-08-23,Tea Whitener 1kg,4
1742,16,5.0,153.28,2025-08-23,Surf Excel 1kg,19
1743,6,1.0,566.23,2025-08-23,Sprite 1.5L,2
1744,18,2.0,357.09,2025-08-23,Colgate Toothpaste 100ml,17
1745,10,1.0,566.23,2025-08-23,Sprite 1.5L,2
1746,8,1.0,201.09,2025-08-23,Tea Whitener 1kg,4
1747,20,3.0,815.2,2025-08-23,Pepsi 1.5L,10
1748,14,3.0,467.06,2025-08-23,Wheat Flour 10kg,12
1749,4,2.0,376.78,2025-08-23,Dove Shampoo 360ml,11
1750,6,,,2025-08-23,nan,
1751,13,3.0,,2025-08-23,nan,
1752,7,,311.35,2025-08-23,Sufi Banaspati 1kg,3
1753,15,,467.06,2025-08-23,Wheat Flour 10kg,12
1754,10,1.0,100.09,2025-08-23,Olpers Milk 1L,14
1755,2,5.0,311.35,2025-08-23,Sufi Banaspati 1kg,3
1756,7,3.0,629.21,2025-08-23,Tissue Roll Rose Petal,23
1757,12,1.0,566.23,2025-08-23,Sprite 1.5L,2
1758,14,1.0,566.23,2025-08-23,Sprite 1.5L,2
1759,10,2.0,311.35,2025-08-23,Sufi Banaspati 1kg,3
1760,8,2.0,361.73,2025-08-23,Lux Soap 110g,18
1761,14,3.0,606.63,2025-08-23,Shan Biryani Masala,6
1762,15,1.0,,2025-08-23,nan,
1763,2,2.0,361.73,2025-08-23,Lux Soap 110g,18
1764,6,1.0,100.09,2025-08-23,Olpers Milk 1L,14
1765,9,5.0,201.09,2025-08-23,Tea Whitener 1kg,4
1766,9,2.0,715.23,2025-08-23,Nimko Mix 400g,1
1767,7,5.0,491.64,2025-08-23,Ariel Washing Powder 1kg,7
1768,12,2.0,100.09,2025-08-23,Olpers Milk 1L,14
1769,2,2.0,149.34,2025-08-23,Dalda Cooking Oil 1L,22
1770,3,10.0,629.21,2025-08-23,Tissue Roll Rose Petal,23
1771,10,2.0,357.09,2025-08-23,Colgate Toothpaste 100ml,17
1772,15,2.0,357.09,2025-08-23,Colgate Toothpaste 100ml,17
1773,11,3.0,566.23,2025-08-23,Sprite 1.5L,2
1774,9,3.0,629.21,2025-08-23,Tissue Roll Rose Petal,23
1775,5,1.0,386.73,2025-08-23,Dettol Handwash 200ml,13
1776,7,4.0,606.63,2025-08-23,Shan Biryani Masala,6
1777,2,1.0,374.08,2025-08-23,Coca Cola 1.5L,15
1778,10,1.0,815.2,2025-08-23,Pepsi 1.5L,10
1779,18,3.0,,2025-08-23,nan,
1780,19,4.0,566.23,2025-08-23,Sprite 1.5L,2
1781,3,1.0,566.23,2025-08-23,Sprite 1.5L,2
1782,5,2.0,357.09,2025-08-23,Colgate Toothpaste 100ml,17
1783,5,1.0,376.78,2025-08-23,Dove Shampoo 360ml,11
1784,16,2.0,606.63,2025-08-23,Shan Biryani Masala,6
1785,5,5.0,815.2,2025-08-23,Pepsi 1.5L,10
1786,17,1.0,310.0,2025-08-23,Nestle Milk Pack 1L,21
1787,1,,335.13,2025-08-23,National Ketchup 1kg,5
1788,8,1.0,149.34,2025-08-23,Dalda Cooking Oil 1L,22
1789,6,3.0,467.06,2025-08-23,Wheat Flour 10kg,12
1790,7,1.0,715.23,2025-08-23,Nimko Mix 400g,1
1791,14,20.0,376.78,2025-08-23,Dove Shampoo 360ml,11
1792,16,2.0,149.34,2025-08-23,Dalda Cooking Oil 1L,22
1793,2,1.0,374.08,2025-08-23,Coca Cola 1.5L,15
1794,5,1.0,467.06,2025-08-23,Wheat Flour 10kg,12
1795,4,3.0,374.08,2025-08-23,Coca Cola 1.5L,15
1796,5,1.0,548.34,2025-08-23,Rice Basmati 5kg,8
1797,5,2.0,201.09,2025-08-23,Tea Whitener 1kg,4
1798,10,3.0,548.34,2025-08-23,Rice Basmati 5kg,8
1799,17,,467.06,2025-08-23,Wheat Flour 10kg,12
1800,11,1.0,335.13,2025-08-23,National Ketchup 1kg,5
1801,1,2.0,311.35,2025-08-23,Sufi Banaspati 1kg,3
1802,15,2.0,201.09,2025-08-23,Tea Whitener 1kg,4
1803,7,2.0,491.64,2025-08-23,Ariel Washing Powder 1kg,7
1804,3,3.0,566.23,2025-08-23,Sprite 1.5L,2
1805,18,5.0,715.23,2025-08-23,Nimko Mix 400g,1
1806,19,4.0,357.09,2025-08-23,Colgate Toothpaste 100ml,17
1807,20,2.0,335.13,2025-08-23,National Ketchup 1kg,5
1808,15,3.0,357.09,2025-08-23,Colgate Toothpaste 100ml,17
1809,13,2.0,335.13,2025-08-23,National Ketchup 1kg,5
1810,16,1.0,548.34,2025-08-23,Rice Basmati 5kg,8
1811,3,2.0,198.91,2025-08-24,Lifebuoy Soap 110g,20
1812,17,2.0,361.73,2025-08-24,Lux Soap 110g,18
1813,11,3.0,606.63,2025-08-24,Shan Biryani Masala,6
1814,20,1.0,376.78,2025-08-24,Dove Shampoo 360ml,11
1815,6,1.0,606.63,2025-08-24,Shan Biryani Masala,6
1816,6,3.0,100.09,2025-08-24,Olpers Milk 1L,14
1817,16,2.0,100.09,2025-08-24,Olpers Milk 1L,14
1818,3,1.0,361.73,2025-08-24,Lux Soap 110g,18
1819,6,3.0,100.09,2025-08-24,Olpers Milk 1L,14
1820,10,1.0,606.63,2025-08-24,Shan Biryani Masala,6
1821,10,1.0,310.0,2025-08-24,Nestle Milk Pack 1L,21
1822,13,2.0,311.35,2025-08-24,Sufi Banaspati 1kg,3
1823,3,1.0,357.09,2025-08-24,Colgate Toothpaste 100ml,17
1824,13,3.0,566.23,2025-08-24,Sprite 1.5L,2
1825,8,4.0,153.28,2025-08-24,Surf Excel 1kg,19
1826,10,2.0,606.63,2025-08-24,Shan Biryani Masala,6
1827,17,,548.34,2025-08-24,Rice Basmati 5kg,8
1828,4,1.0,357.09,2025-08-24,Colgate Toothpaste 100ml,17
1829,11,1.0,198.91,2025-08-24,Lifebuoy Soap 110g,20
1830,14,1.0,361.73,2025-08-24,Lux Soap 110g,18
1831,4,2.0,566.23,2025-08-24,Sprite 1.5L,2
1832,20,1.0,311.35,2025-08-24,Sufi Banaspati 1kg,3
1833,7,2.0,311.35,2025-08-24,Sufi Banaspati 1kg,3
1834,13,3.0,891.92,2025-08-24,Tapal Danedar 950g,16
1835,3,1.0,149.34,2025-08-24,Dalda Cooking Oil 1L,22
1836,12,3.0,,2025-08-24,nan,
1837,13,10.0,491.64,2025-08-24,Ariel Washing Powder 1kg,7
1838,16,,357.09,2025-08-24,Colgate Toothpaste 100ml,17
1839,3,20.0,,2025-08-24,nan,
1840,17,1.0,198.91,2025-08-24,Lifebuoy Soap 110g,20
1841,7,2.0,100.09,2025-08-24,Olpers Milk 1L,14
1842,16,3.0,201.09,2025-08-24,Tea Whitener 1kg,4
1843,12,1.0,891.92,2025-08-24,Tapal Danedar 950g,16
1844,4,5.0,566.23,2025-08-24,Sprite 1.5L,2
1845,10,1.0,386.73,2025-08-24,Dettol Handwash 200ml,13
1846,19,2.0,,2025-08-24,nan,
1847,11,2.0,467.06,2025-08-24,Wheat Flour 10kg,12
1848,5,2.0,335.13,2025-08-24,National Ketchup 1kg,5
1849,8,1.0,548.34,2025-08-24,Rice Basmati 5kg,8
1850,3,2.0,467.06,2025-08-24,Wheat Flour 10kg,12
1851,20,2.0,201.09,2025-08-24,Tea Whitener 1kg,4
1852,2,1.0,386.73,2025-08-24,Dettol Handwash 200ml,13
1853,16,3.0,376.78,2025-08-24,Dove Shampoo 360ml,11
1854,20,5.0,149.34,2025-08-24,Dalda Cooking Oil 1L,22
1855,16,2.0,815.2,2025-08-24,Pepsi 1.5L,10
1856,14,5.0,815.2,2025-08-24,Pepsi 1.5L,10
1857,14,1.0,715.23,2025-08-24,Nimko Mix 400g,1
1858,9,5.0,566.23,2025-08-24,Sprite 1.5L,2
1859,19,2.0,310.0,2025-08-24,Nestle Milk Pack 1L,21
1860,17,1.0,,2025-08-24,nan,
1861,3,2.0,201.09,2025-08-24,Tea Whitener 1kg,4
1862,12,3.0,715.23,2025-08-24,Nimko Mix 400g,1
1863,20,3.0,361.73,2025-08-24,Lux Soap 110g,18
1864,16,4.0,310.0,2025-08-24,Nestle Milk Pack 1L,21
1865,19,2.0,548.34,2025-08-24,Rice Basmati 5kg,8
1866,20,1.0,310.0,2025-08-24,Nestle Milk Pack 1L,21
1867,19,3.0,,2025-08-24,None,
1868,15,5.0,357.09,2025-08-24,Colgate Toothpaste 100ml,17
1869,10,2.0,715.23,2025-08-24,Nimko Mix 400g,1
1870,7,2.0,891.92,2025-08-24,Tapal Danedar 950g,16
1871,6,5.0,566.23,2025-08-25,Sprite 1.5L,2
1872,15,1.0,715.23,2025-08-25,Nimko Mix 400g,1
1873,9,3.0,374.08,2025-08-25,Coca Cola 1.5L,15
1874,7,1.0,566.23,2025-08-25,Sprite 1.5L,2
1875,13,4.0,815.2,2025-08-25,Pepsi 1.5L,10
1876,8,2.0,548.34,2025-08-25,Rice Basmati 5kg,8
1877,2,4.0,149.34,2025-08-25,Dalda Cooking Oil 1L,22
1878,17,,376.78,2025-08-25,Dove Shampoo 360ml,11
1879,7,2.0,153.28,2025-08-25,Surf Excel 1kg,19
1880,19,2.0,606.63,2025-08-25,Shan Biryani Masala,6
1881,16,2.0,548.34,2025-08-25,Rice Basmati 5kg,8
1882,20,1.0,548.34,2025-08-25,Rice Basmati 5kg,8
1883,16,1.0,201.09,2025-08-25,Tea Whitener 1kg,4
1884,4,1.0,467.06,2025-08-25,Wheat Flour 10kg,12
1885,6,5.0,606.63,2025-08-25,Shan Biryani Masala,6
1886,20,3.0,891.92,2025-08-25,Tapal Danedar 950g,16
1887,19,1.0,100.09,2025-08-25,Olpers Milk 1L,14
1888,6,4.0,357.09,2025-08-25,Colgate Toothpaste 100ml,17
1889,17,2.0,374.08,2025-08-25,Coca Cola 1.5L,15
1890,20,3.0,198.91,2025-08-25,Lifebuoy Soap 110g,20
1891,20,5.0,149.34,2025-08-25,Dalda Cooking Oil 1L,22
1892,18,2.0,467.06,2025-08-25,Wheat Flour 10kg,12
1893,19,1.0,376.78,2025-08-25,Dove Shampoo 360ml,11
1894,5,,815.2,2025-08-25,Pepsi 1.5L,10
1895,9,3.0,491.64,2025-08-25,Ariel Washing Powder 1kg,7
1896,15,2.0,310.0,2025-08-25,Nestle Milk Pack 1L,21
1897,15,5.0,198.91,2025-08-25,Lifebuoy Soap 110g,20
1898,16,,386.73,2025-08-25,Dettol Handwash 200ml,13
1899,9,3.0,374.08,2025-08-25,Coca Cola 1.5L,15
1900,4,3.0,566.23,2025-08-25,Sprite 1.5L,2
1901,3,4.0,153.28,2025-08-25,Surf Excel 1kg,19
1902,1,3.0,715.23,2025-08-25,Nimko Mix 400g,1
1903,9,3.0,,2025-08-25,None,
1904,10,3.0,198.91,2025-08-25,Lifebuoy Soap 110g,20
1905,16,10.0,891.92,2025-08-25,Tapal Danedar 950g,16
1906,1,,,2025-08-25,None,
1907,12,1.0,715.23,2025-08-25,Nimko Mix 400g,1
1908,17,4.0,374.08,2025-08-25,Coca Cola 1.5L,15
1909,15,10.0,815.2,2025-08-25,Pepsi 1.5L,10
1910,6,1.0,198.91,2025-08-25,Lifebuoy Soap 110g,20
1911,2,1.0,198.91,2025-08-25,Lifebuoy Soap 110g,20
1912,1,3.0,548.34,2025-08-25,Rice Basmati 5kg,8
1913,12,5.0,201.09,2025-08-25,Tea Whitener 1kg,4
1914,20,4.0,376.78,2025-08-25,Dove Shampoo 360ml,11
1915,18,3.0,815.2,2025-08-25,Pepsi 1.5L,10
1916,6,3.0,310.0,2025-08-25,Nestle Milk Pack 1L,21
1917,18,5.0,467.06,2025-08-25,Wheat Flour 10kg,12
1918,5,5.0,198.91,2025-08-25,Lifebuoy Soap 110g,20
1919,17,5.0,198.91,2025-08-25,Lifebuoy Soap 110g,20
1920,17,1.0,201.09,2025-08-25,Tea Whitener 1kg,4
1921,6,1.0,311.35,2025-08-25,Sufi Banaspati 1kg,3
1922,14,,629.21,2025-08-25,Tissue Roll Rose Petal,23
1923,8,2.0,386.73,2025-08-25,Dettol Handwash 200ml,13
1924,17,1.0,467.06,2025-08-25,Wheat Flour 10kg,12
1925,18,5.0,,2025-08-25,nan,
1926,12,3.0,153.28,2025-08-25,Surf Excel 1kg,19
1927,2,3.0,606.63,2025-08-25,Shan Biryani Masala,6
1928,3,3.0,310.0,2025-08-25,Nestle Milk Pack 1L,21
1929,2,2.0,606.63,2025-08-25,Shan Biryani Masala,6
1930,1,1.0,374.08,2025-08-25,Coca Cola 1.5L,15
1931,17,20.0,629.21,2025-08-25,Tissue Roll Rose Petal,23
1932,10,2.0,311.35,2025-08-25,Sufi Banaspati 1kg,3
1933,16,3.0,100.09,2025-08-25,Olpers Milk 1L,14
1934,16,1.0,376.78,2025-08-25,Dove Shampoo 360ml,11
1935,6,1.0,357.09,2025-08-25,Colgate Toothpaste 100ml,17
1936,6,10.0,815.2,2025-08-25,Pepsi 1.5L,10
1937,9,1.0,310.0,2025-08-25,Nestle Milk Pack 1L,21
1938,9,3.0,467.06,2025-08-25,Wheat Flour 10kg,12
1939,3,3.0,,2025-08-25,nan,
1940,11,1.0,467.06,2025-08-25,Wheat Flour 10kg,12
1941,3,4.0,361.73,2025-08-25,Lux Soap 110g,18
1942,17,1.0,491.64,2025-08-25,Ariel Washing Powder 1kg,7
1943,3,2.0,629.21,2025-08-25,Tissue Roll Rose Petal,23
1944,3,1.0,201.09,2025-08-25,Tea Whitener 1kg,4
1945,5,1.0,815.2,2025-08-25,Pepsi 1.5L,10
1946,16,1.0,335.13,2025-08-26,National Ketchup 1kg,5
1947,7,2.0,715.23,2025-08-26,Nimko Mix 400g,1
1948,10,1.0,629.21,2025-08-26,Tissue Roll Rose Petal,23
1949,13,3.0,374.08,2025-08-26,Coca Cola 1.5L,15
1950,14,1.0,198.91,2025-08-26,Lifebuoy Soap 110g,20
1951,18,1.0,198.91,2025-08-26,Lifebuoy Soap 110g,20
1952,17,2.0,376.78,2025-08-26,Dove Shampoo 360ml,11
1953,17,10.0,153.28,2025-08-26,Surf Excel 1kg,19
1954,17,1.0,361.73,2025-08-26,Lux Soap 110g,18
1955,1,1.0,815.2,2025-08-26,Pepsi 1.5L,10
1956,3,1.0,201.09,2025-08-26,Tea Whitener 1kg,4
1957,18,3.0,566.23,2025-08-26,Sprite 1.5L,2
1958,10,1.0,566.23,2025-08-26,Sprite 1.5L,2
1959,8,2.0,715.23,2025-08-26,Nimko Mix 400g,1
1960,10,1.0,491.64,2025-08-26,Ariel Washing Powder 1kg,7
1961,20,1.0,715.23,2025-08-26,Nimko Mix 400g,1
1962,14,1.0,153.28,2025-08-26,Surf Excel 1kg,19
1963,4,1.0,467.06,2025-08-26,Wheat Flour 10kg,12
1964,7,2.0,357.09,2025-08-26,Colgate Toothpaste 100ml,17
1965,10,1.0,491.64,2025-08-26,Ariel Washing Powder 1kg,7
1966,14,,311.35,2025-08-26,Sufi Banaspati 1kg,3
1967,3,4.0,629.21,2025-08-26,Tissue Roll Rose Petal,23
1968,16,2.0,361.73,2025-08-26,Lux Soap 110g,18
1969,12,1.0,386.73,2025-08-26,Dettol Handwash 200ml,13
1970,1,1.0,100.09,2025-08-26,Olpers Milk 1L,14
1971,10,1.0,357.09,2025-08-26,Colgate Toothpaste 100ml,17
1972,8,1.0,153.28,2025-08-26,Surf Excel 1kg,19
1973,11,4.0,606.63,2025-08-26,Shan Biryani Masala,6
1974,18,10.0,,2025-08-26,nan,
1975,8,2.0,335.13,2025-08-26,National Ketchup 1kg,5
1976,7,5.0,815.2,2025-08-26,Pepsi 1.5L,10
1977,8,2.0,311.35,2025-08-26,Sufi Banaspati 1kg,3
1978,13,1.0,715.23,2025-08-26,Nimko Mix 400g,1
1979,1,1.0,149.34,2025-08-26,Dalda Cooking Oil 1L,22
1980,1,2.0,374.08,2025-08-26,Coca Cola 1.5L,15
1981,3,20.0,198.91,2025-08-26,Lifebuoy Soap 110g,20
1982,7,1.0,891.92,2025-08-26,Tapal Danedar 950g,16
1983,12,2.0,335.13,2025-08-26,National Ketchup 1kg,5
1984,8,2.0,,2025-08-26,None,
1985,18,2.0,606.63,2025-08-26,Shan Biryani Masala,6
1986,2,2.0,100.09,2025-08-26,Olpers Milk 1L,14
1987,19,1.0,374.08,2025-08-26,Coca Cola 1.5L,15
1988,8,2.0,310.0,2025-08-26,Nestle Milk Pack 1L,21
1989,14,1.0,386.73,2025-08-26,Dettol Handwash 200ml,13
1990,20,4.0,715.23,2025-08-26,Nimko Mix 400g,1
1991,6,3.0,715.23,2025-08-26,Nimko Mix 400g,1
1992,7,1.0,335.13,2025-08-26,National Ketchup 1kg,5
1993,10,1.0,149.34,2025-08-26,Dalda Cooking Oil 1L,22
1994,4,1.0,548.34,2025-08-26,Rice Basmati 5kg,8
1995,19,20.0,376.78,2025-08-26,Dove Shampoo 360ml,11
1996,10,4.0,201.09,2025-08-26,Tea Whitener 1kg,4
1997,3,3.0,357.09,2025-08-26,Colgate Toothpaste 100ml,17
1998,17,5.0,198.91,2025-08-26,Lifebuoy Soap 110g,20
1999,18,1.0,548.34,2025-08-26,Rice Basmati 5kg,8
2000,11,4.0,815.2,2025-08-26,Pepsi 1.5L,10
2001,2,4.0,149.34,2025-08-26,Dalda Cooking Oil 1L,22
2002,19,1.0,606.63,2025-08-26,Shan Biryani Masala,6
2003,4,2.0,310.0,2025-08-26,Nestle Milk Pack 1L,21
2004,15,2.0,357.09,2025-08-26,Colgate Toothpaste 100ml,17
2005,2,2.0,629.21,2025-08-26,Tissue Roll Rose Petal,23
2006,6,10.0,891.92,2025-08-26,Tapal Danedar 950g,16
2007,15,1.0,548.34,2025-08-26,Rice Basmati 5kg,8
2008,17,2.0,335.13,2025-08-26,National Ketchup 1kg,5
2009,9,3.0,815.2,2025-08-26,Pepsi 1.5L,10
2010,9,4.0,,2025-08-27,None,
2011,6,2.0,335.13,2025-08-27,National Ketchup 1kg,5
2012,20,4.0,361.73,2025-08-27,Lux Soap 110g,18
2013,5,1.0,891.92,2025-08-27,Tapal Danedar 950g,16
2014,19,2.0,815.2,2025-08-27,Pepsi 1.5L,10
2015,4,,,2025-08-27,nan,
2016,7,5.0,,2025-08-27,nan,
2017,4,2.0,548.34,2025-08-27,Rice Basmati 5kg,8
2018,11,1.0,153.28,2025-08-27,Surf Excel 1kg,19
2019,19,3.0,357.09,2025-08-27,Colgate Toothpaste 100ml,17
2020,17,5.0,201.09,2025-08-27,Tea Whitener 1kg,4
2021,3,4.0,,2025-08-27,None,
2022,16,2.0,,2025-08-27,nan,
2023,12,5.0,491.64,2025-08-27,Ariel Washing Powder 1kg,7
2024,20,1.0,361.73,2025-08-27,Lux Soap 110g,18
2025,19,3.0,715.23,2025-08-27,Nimko Mix 400g,1
2026,19,4.0,467.06,2025-08-27,Wheat Flour 10kg,12
2027,19,1.0,891.92,2025-08-27,Tapal Danedar 950g,16
2028,15,4.0,715.23,2025-08-27,Nimko Mix 400g,1
2029,5,5.0,201.09,2025-08-27,Tea Whitener 1kg,4
2030,9,1.0,361.73,2025-08-27,Lux Soap 110g,18
2031,1,,335.13,2025-08-27,National Ketchup 1kg,5
2032,13,,715.23,2025-08-27,Nimko Mix 400g,1
2033,11,1.0,815.2,2025-08-27,Pepsi 1.5L,10
2034,11,,357.09,2025-08-27,Colgate Toothpaste 100ml,17
2035,14,2.0,361.73,2025-08-27,Lux Soap 110g,18
2036,8,1.0,153.28,2025-08-27,Surf Excel 1kg,19
2037,5,1.0,815.2,2025-08-27,Pepsi 1.5L,10
2038,11,1.0,310.0,2025-08-27,Nestle Milk Pack 1L,21
2039,8,2.0,357.09,2025-08-27,Colgate Toothpaste 100ml,17
2040,19,2.0,491.64,2025-08-27,Ariel Washing Powder 1kg,7
2041,20,1.0,149.34,2025-08-27,Dalda Cooking Oil 1L,22
2042,19,5.0,198.91,2025-08-27,Lifebuoy Soap 110g,20
2043,17,3.0,357.09,2025-08-27,Colgate Toothpaste 100ml,17
2044,5,2.0,361.73,2025-08-27,Lux Soap 110g,18
2045,4,2.0,566.23,2025-08-27,Sprite 1.5L,2
2046,7,1.0,357.09,2025-08-27,Colgate Toothpaste 100ml,17
2047,12,1.0,335.13,2025-08-27,National Ketchup 1kg,5
2048,19,2.0,566.23,2025-08-27,Sprite 1.5L,2
2049,3,3.0,491.64,2025-08-27,Ariel Washing Powder 1kg,7
2050,12,1.0,311.35,2025-08-27,Sufi Banaspati 1kg,3
2051,7,3.0,374.08,2025-08-27,Coca Cola 1.5L,15
2052,13,2.0,467.06,2025-08-27,Wheat Flour 10kg,12
2053,14,4.0,606.63,2025-08-27,Shan Biryani Masala,6
2054,14,1.0,201.09,2025-08-27,Tea Whitener 1kg,4
2055,9,5.0,,2025-08-27,None,
2056,2,,467.06,2025-08-27,Wheat Flour 10kg,12
2057,17,3.0,201.09,2025-08-27,Tea Whitener 1kg,4
2058,13,3.0,361.73,2025-08-27,Lux Soap 110g,18
2059,12,3.0,374.08,2025-08-27,Coca Cola 1.5L,15
2060,2,2.0,815.2,2025-08-27,Pepsi 1.5L,10
2061,7,1.0,361.73,2025-08-27,Lux Soap 110g,18
2062,16,2.0,606.63,2025-08-27,Shan Biryani Masala,6
2063,4,,606.63,2025-08-27,Shan Biryani Masala,6
2064,17,2.0,153.28,2025-08-27,Surf Excel 1kg,19
2065,9,1.0,201.09,2025-08-27,Tea Whitener 1kg,4
2066,8,5.0,376.78,2025-08-27,Dove Shampoo 360ml,11
2067,5,2.0,629.21,2025-08-27,Tissue Roll Rose Petal,23
2068,3,2.0,606.63,2025-08-27,Shan Biryani Masala,6
2069,9,10.0,,2025-08-27,None,
2070,10,4.0,201.09,2025-08-27,Tea Whitener 1kg,4
2071,14,2.0,491.64,2025-08-27,Ariel Washing Powder 1kg,7
2072,1,1.0,629.21,2025-08-27,Tissue Roll Rose Petal,23
2073,14,5.0,357.09,2025-08-27,Colgate Toothpaste 100ml,17
2074,20,2.0,715.23,2025-08-27,Nimko Mix 400g,1
2075,19,5.0,606.63,2025-08-27,Shan Biryani Masala,6
2076,7,1.0,,2025-08-27,None,
2077,14,4.0,153.28,2025-08-27,Surf Excel 1kg,19
2078,6,5.0,467.06,2025-08-27,Wheat Flour 10kg,12
2079,20,1.0,335.13,2025-08-27,National Ketchup 1kg,5
2080,15,3.0,,2025-08-27,nan,
2081,4,1.0,629.21,2025-08-27,Tissue Roll Rose Petal,23
2082,7,4.0,361.73,2025-08-27,Lux Soap 110g,18
2083,5,4.0,815.2,2025-08-27,Pepsi 1.5L,10
2084,16,1.0,376.78,2025-08-27,Dove Shampoo 360ml,11
2085,7,1.0,361.73,2025-08-27,Lux Soap 110g,18
2086,10,2.0,100.09,2025-08-27,Olpers Milk 1L,14
2087,18,1.0,,2025-08-27,nan,
2088,14,1.0,606.63,2025-08-27,Shan Biryani Masala,6
2089,6,1.0,361.73,2025-08-27,Lux Soap 110g,18
2090,7,4.0,361.73,2025-08-27,Lux Soap 110g,18
2091,7,1.0,491.64,2025-08-27,Ariel Washing Powder 1kg,7
2092,4,4.0,335.13,2025-08-27,National Ketchup 1kg,5
2093,5,,715.23,2025-08-27,Nimko Mix 400g,1
2094,11,4.0,376.78,2025-08-28,Dove Shampoo 360ml,11
2095,18,4.0,606.63,2025-08-28,Shan Biryani Masala,6
2096,15,5.0,491.64,2025-08-28,Ariel Washing Powder 1kg,7
2097,2,10.0,311.35,2025-08-28,Sufi Banaspati 1kg,3
2098,9,1.0,548.34,2025-08-28,Rice Basmati 5kg,8
2099,17,2.0,606.63,2025-08-28,Shan Biryani Masala,6
2100,19,1.0,153.28,2025-08-28,Surf Excel 1kg,19
2101,12,2.0,,2025-08-28,nan,
2102,12,2.0,629.21,2025-08-28,Tissue Roll Rose Petal,23
2103,20,1.0,357.09,2025-08-28,Colgate Toothpaste 100ml,17
2104,1,5.0,357.09,2025-08-28,Colgate Toothpaste 100ml,17
2105,9,2.0,374.08,2025-08-28,Coca Cola 1.5L,15
2106,2,1.0,629.21,2025-08-28,Tissue Roll Rose Petal,23
2107,17,10.0,815.2,2025-08-28,Pepsi 1.5L,10
2108,10,2.0,335.13,2025-08-28,National Ketchup 1kg,5
2109,8,1.0,891.92,2025-08-28,Tapal Danedar 950g,16
2110,17,1.0,100.09,2025-08-28,Olpers Milk 1L,14
2111,16,2.0,815.2,2025-08-28,Pepsi 1.5L,10
2112,10,1.0,566.23,2025-08-28,Sprite 1.5L,2
2113,13,3.0,566.23,2025-08-28,Sprite 1.5L,2
2114,15,3.0,198.91,2025-08-28,Lifebuoy Soap 110g,20
2115,15,4.0,374.08,2025-08-28,Coca Cola 1.5L,15
2116,19,1.0,491.64,2025-08-28,Ariel Washing Powder 1kg,7
2117,3,1.0,198.91,2025-08-28,Lifebuoy Soap 110g,20
2118,15,3.0,566.23,2025-08-28,Sprite 1.5L,2
2119,9,5.0,153.28,2025-08-28,Surf Excel 1kg,19
2120,20,1.0,,2025-08-28,nan,
2121,7,2.0,629.21,2025-08-28,Tissue Roll Rose Petal,23
2122,1,2.0,606.63,2025-08-28,Shan Biryani Masala,6
2123,11,,201.09,2025-08-28,Tea Whitener 1kg,4
2124,5,2.0,361.73,2025-08-28,Lux Soap 110g,18
2125,16,4.0,386.73,2025-08-28,Dettol Handwash 200ml,13
2126,6,4.0,491.64,2025-08-28,Ariel Washing Powder 1kg,7
2127,20,1.0,198.91,2025-08-28,Lifebuoy Soap 110g,20
2128,19,4.0,201.09,2025-08-28,Tea Whitener 1kg,4
2129,7,1.0,376.78,2025-08-28,Dove Shampoo 360ml,11
2130,6,4.0,,2025-08-28,None,
2131,13,1.0,311.35,2025-08-28,Sufi Banaspati 1kg,3
2132,12,1.0,815.2,2025-08-28,Pepsi 1.5L,10
2133,7,4.0,815.2,2025-08-28,Pepsi 1.5L,10
2134,3,1.0,606.63,2025-08-28,Shan Biryani Masala,6
2135,20,1.0,566.23,2025-08-28,Sprite 1.5L,2
2136,16,1.0,361.73,2025-08-28,Lux Soap 110g,18
2137,12,4.0,198.91,2025-08-28,Lifebuoy Soap 110g,20
2138,7,1.0,606.63,2025-08-28,Shan Biryani Masala,6
2139,20,10.0,311.35,2025-08-28,Sufi Banaspati 1kg,3
2140,14,4.0,606.63,2025-08-28,Shan Biryani Masala,6
2141,12,5.0,376.78,2025-08-28,Dove Shampoo 360ml,11
2142,17,4.0,310.0,2025-08-28,Nestle Milk Pack 1L,21
2143,15,4.0,311.35,2025-08-28,Sufi Banaspati 1kg,3
2144,3,3.0,310.0,2025-08-28,Nestle Milk Pack 1L,21
2145,11,1.0,335.13,2025-08-28,National Ketchup 1kg,5
2146,14,5.0,357.09,2025-08-28,Colgate Toothpaste 100ml,17
2147,13,2.0,491.64,2025-08-28,Ariel Washing Powder 1kg,7
2148,12,10.0,374.08,2025-08-28,Coca Cola 1.5L,15
2149,6,3.0,100.09,2025-08-28,Olpers Milk 1L,14
2150,20,2.0,386.73,2025-08-28,Dettol Handwash 200ml,13
2151,5,5.0,629.21,2025-08-28,Tissue Roll Rose Petal,23
2152,17,20.0,361.73,2025-08-28,Lux Soap 110g,18
2153,19,2.0,335.13,2025-08-28,National Ketchup 1kg,5
2154,14,2.0,548.34,2025-08-28,Rice Basmati 5kg,8
2155,15,1.0,386.73,2025-08-29,Dettol Handwash 200ml,13
2156,13,10.0,361.73,2025-08-29,Lux Soap 110g,18
2157,2,1.0,311.35,2025-08-29,Sufi Banaspati 1kg,3
2158,12,4.0,201.09,2025-08-29,Tea Whitener 1kg,4
2159,1,4.0,201.09,2025-08-29,Tea Whitener 1kg,4
2160,4,4.0,335.13,2025-08-29,National Ketchup 1kg,5
2161,6,1.0,153.28,2025-08-29,Surf Excel 1kg,19
2162,11,2.0,153.28,2025-08-29,Surf Excel 1kg,19
2163,3,4.0,335.13,2025-08-29,National Ketchup 1kg,5
2164,5,5.0,566.23,2025-08-29,Sprite 1.5L,2
2165,14,1.0,715.23,2025-08-29,Nimko Mix 400g,1
2166,11,3.0,386.73,2025-08-29,Dettol Handwash 200ml,13
2167,19,1.0,149.34,2025-08-29,Dalda Cooking Oil 1L,22
2168,3,2.0,100.09,2025-08-29,Olpers Milk 1L,14
2169,15,5.0,606.63,2025-08-29,Shan Biryani Masala,6
2170,8,20.0,715.23,2025-08-29,Nimko Mix 400g,1
2171,14,1.0,566.23,2025-08-29,Sprite 1.5L,2
2172,8,5.0,153.28,2025-08-29,Surf Excel 1kg,19
2173,18,2.0,629.21,2025-08-29,Tissue Roll Rose Petal,23
2174,9,1.0,149.34,2025-08-29,Dalda Cooking Oil 1L,22
2175,20,5.0,374.08,2025-08-29,Coca Cola 1.5L,15
2176,3,5.0,815.2,2025-08-29,Pepsi 1.5L,10
2177,16,5.0,548.34,2025-08-29,Rice Basmati 5kg,8
2178,1,3.0,,2025-08-29,nan,
2179,8,1.0,335.13,2025-08-29,National Ketchup 1kg,5
2180,18,1.0,548.34,2025-08-29,Rice Basmati 5kg,8
2181,3,4.0,,2025-08-29,nan,
2182,3,4.0,629.21,2025-08-29,Tissue Roll Rose Petal,23
2183,13,5.0,311.35,2025-08-29,Sufi Banaspati 1kg,3
2184,13,2.0,815.2,2025-08-29,Pepsi 1.5L,10
2185,20,2.0,548.34,2025-08-29,Rice Basmati 5kg,8
2186,5,1.0,715.23,2025-08-29,Nimko Mix 400g,1
2187,2,4.0,606.63,2025-08-29,Shan Biryani Masala,6
2188,14,3.0,153.28,2025-08-29,Surf Excel 1kg,19
2189,9,1.0,891.92,2025-08-29,Tapal Danedar 950g,16
2190,8,2.0,,2025-08-29,None,
2191,2,5.0,491.64,2025-08-29,Ariel Washing Powder 1kg,7
2192,16,1.0,891.92,2025-08-29,Tapal Danedar 950g,16
2193,17,1.0,566.23,2025-08-29,Sprite 1.5L,2
2194,11,10.0,357.09,2025-08-29,Colgate Toothpaste 100ml,17
2195,7,5.0,467.06,2025-08-29,Wheat Flour 10kg,12
2196,14,1.0,149.34,2025-08-29,Dalda Cooking Oil 1L,22
2197,11,1.0,386.73,2025-08-29,Dettol Handwash 200ml,13
2198,9,3.0,629.21,2025-08-29,Tissue Roll Rose Petal,23
2199,11,2.0,376.78,2025-08-29,Dove Shampoo 360ml,11
2200,2,1.0,467.06,2025-08-29,Wheat Flour 10kg,12
2201,12,1.0,361.73,2025-08-29,Lux Soap 110g,18
2202,2,5.0,201.09,2025-08-29,Tea Whitener 1kg,4
2203,2,2.0,198.91,2025-08-29,Lifebuoy Soap 110g,20
2204,20,,361.73,2025-08-29,Lux Soap 110g,18
2205,18,,815.2,2025-08-29,Pepsi 1.5L,10
2206,12,2.0,815.2,2025-08-29,Pepsi 1.5L,10
2207,13,1.0,374.08,2025-08-29,Coca Cola 1.5L,15
2208,14,5.0,357.09,2025-08-29,Colgate Toothpaste 100ml,17
2209,1,4.0,100.09,2025-08-29,Olpers Milk 1L,14
2210,17,2.0,335.13,2025-08-29,National Ketchup 1kg,5
2211,18,3.0,374.08,2025-08-29,Coca Cola 1.5L,15
2212,2,1.0,376.78,2025-08-29,Dove Shampoo 360ml,11
2213,9,1.0,566.23,2025-08-29,Sprite 1.5L,2
2214,16,2.0,311.35,2025-08-29,Sufi Banaspati 1kg,3
2215,9,2.0,335.13,2025-08-29,National Ketchup 1kg,5
2216,1,2.0,386.73,2025-08-29,Dettol Handwash 200ml,13
2217,13,2.0,548.34,2025-08-29,Rice Basmati 5kg,8
2218,12,1.0,548.34,2025-08-29,Rice Basmati 5kg,8
2219,18,2.0,386.73,2025-08-29,Dettol Handwash 200ml,13
2220,1,4.0,376.78,2025-08-29,Dove Shampoo 360ml,11
2221,7,2.0,201.09,2025-08-29,Tea Whitener 1kg,4
2222,4,5.0,,2025-08-29,None,
2223,19,2.0,357.09,2025-08-29,Colgate Toothpaste 100ml,17
2224,1,1.0,198.91,2025-08-29,Lifebuoy Soap 110g,20
2225,9,1.0,100.09,2025-08-29,Olpers Milk 1L,14
2226,10,5.0,376.78,2025-08-29,Dove Shampoo 360ml,11
2227,9,4.0,149.34,2025-08-29,Dalda Cooking Oil 1L,22
2228,1,1.0,606.63,2025-08-29,Shan Biryani Masala,6
2229,1,5.0,715.23,2025-08-29,Nimko Mix 400g,1
2230,3,1.0,153.28,2025-08-29,Surf Excel 1kg,19
2231,20,4.0,629.21,2025-08-29,Tissue Roll Rose Petal,23
2232,15,1.0,891.92,2025-08-29,Tapal Danedar 950g,16
2233,1,1.0,376.78,2025-08-29,Dove Shampoo 360ml,11
2234,17,1.0,,2025-08-29,None,
2235,2,1.0,566.23,2025-08-29,Sprite 1.5L,2
2236,11,2.0,149.34,2025-08-29,Dalda Cooking Oil 1L,22
2237,20,5.0,629.21,2025-08-29,Tissue Roll Rose Petal,23
2238,7,5.0,153.28,2025-08-29,Surf Excel 1kg,19
2239,16,2.0,357.09,2025-08-30,Colgate Toothpaste 100ml,17
2240,16,1.0,386.73,2025-08-30,Dettol Handwash 200ml,13
2241,2,1.0,715.23,2025-08-30,Nimko Mix 400g,1
2242,18,1.0,376.78,2025-08-30,Dove Shampoo 360ml,11
2243,17,1.0,100.09,2025-08-30,Olpers Milk 1L,14
2244,8,10.0,566.23,2025-08-30,Sprite 1.5L,2
2245,20,2.0,491.64,2025-08-30,Ariel Washing Powder 1kg,7
2246,15,5.0,374.08,2025-08-30,Coca Cola 1.5L,15
2247,2,1.0,548.34,2025-08-30,Rice Basmati 5kg,8
2248,16,1.0,491.64,2025-08-30,Ariel Washing Powder 1kg,7
2249,12,,491.64,2025-08-30,Ariel Washing Powder 1kg,7
2250,13,4.0,548.34,2025-08-30,Rice Basmati 5kg,8
2251,19,4.0,201.09,2025-08-30,Tea Whitener 1kg,4
2252,4,10.0,376.78,2025-08-30,Dove Shampoo 360ml,11
2253,7,2.0,715.23,2025-08-30,Nimko Mix 400g,1
2254,8,1.0,,2025-08-30,nan,
2255,18,1.0,100.09,2025-08-30,Olpers Milk 1L,14
2256,5,2.0,606.63,2025-08-30,Shan Biryani Masala,6
2257,20,1.0,467.06,2025-08-30,Wheat Flour 10kg,12
2258,7,5.0,361.73,2025-08-30,Lux Soap 110g,18
2259,8,4.0,606.63,2025-08-30,Shan Biryani Masala,6
2260,11,5.0,335.13,2025-08-30,National Ketchup 1kg,5
2261,13,3.0,715.23,2025-08-30,Nimko Mix 400g,1
2262,12,1.0,201.09,2025-08-30,Tea Whitener 1kg,4
2263,11,1.0,548.34,2025-08-30,Rice Basmati 5kg,8
2264,9,3.0,361.73,2025-08-30,Lux Soap 110g,18
2265,4,2.0,467.06,2025-08-30,Wheat Flour 10kg,12
2266,7,2.0,815.2,2025-08-30,Pepsi 1.5L,10
2267,3,2.0,100.09,2025-08-30,Olpers Milk 1L,14
2268,18,4.0,815.2,2025-08-30,Pepsi 1.5L,10
2269,7,3.0,566.23,2025-08-30,Sprite 1.5L,2
2270,12,1.0,198.91,2025-08-30,Lifebuoy Soap 110g,20
2271,1,20.0,,2025-08-30,None,
2272,10,3.0,311.35,2025-08-30,Sufi Banaspati 1kg,3
2273,9,1.0,548.34,2025-08-30,Rice Basmati 5kg,8
2274,2,5.0,100.09,2025-08-30,Olpers Milk 1L,14
2275,19,3.0,629.21,2025-08-30,Tissue Roll Rose Petal,23
2276,14,2.0,201.09,2025-08-30,Tea Whitener 1kg,4
2277,1,1.0,361.73,2025-08-30,Lux Soap 110g,18
2278,5,4.0,311.35,2025-08-30,Sufi Banaspati 1kg,3
2279,5,1.0,149.34,2025-08-30,Dalda Cooking Oil 1L,22
2280,8,1.0,361.73,2025-08-30,Lux Soap 110g,18
2281,7,2.0,891.92,2025-08-30,Tapal Danedar 950g,16
2282,1,20.0,815.2,2025-08-30,Pepsi 1.5L,10
2283,16,5.0,361.73,2025-08-30,Lux Soap 110g,18
2284,4,2.0,310.0,2025-08-30,Nestle Milk Pack 1L,21
2285,14,1.0,467.06,2025-08-30,Wheat Flour 10kg,12
2286,12,1.0,376.78,2025-08-30,Dove Shampoo 360ml,11
2287,16,3.0,376.78,2025-08-30,Dove Shampoo 360ml,11
2288,18,5.0,629.21,2025-08-30,Tissue Roll Rose Petal,23
2289,15,1.0,606.63,2025-08-30,Shan Biryani Masala,6
2290,9,1.0,491.64,2025-08-30,Ariel Washing Powder 1kg,7
2291,1,1.0,335.13,2025-08-30,National Ketchup 1kg,5
2292,16,4.0,,2025-08-30,nan,
2293,8,1.0,629.21,2025-08-30,Tissue Roll Rose Petal,23
2294,19,4.0,374.08,2025-08-30,Coca Cola 1.5L,15
2295,15,2.0,361.73,2025-08-30,Lux Soap 110g,18
2296,11,2.0,201.09,2025-08-30,Tea Whitener 1kg,4
2297,11,20.0,566.23,2025-08-30,Sprite 1.5L,2
2298,2,4.0,815.2,2025-08-30,Pepsi 1.5L,10
2299,3,1.0,,2025-08-30,nan,
2300,2,1.0,310.0,2025-08-30,Nestle Milk Pack 1L,21
2301,11,4.0,,2025-08-30,nan,
2302,17,1.0,467.06,2025-08-30,Wheat Flour 10kg,12
2303,10,5.0,566.23,2025-08-30,Sprite 1.5L,2
2304,17,4.0,566.23,2025-08-30,Sprite 1.5L,2
2305,18,4.0,361.73,2025-08-30,Lux Soap 110g,18
2306,6,2.0,149.34,2025-08-30,Dalda Cooking Oil 1L,22
2307,4,5.0,361.73,2025-08-30,Lux Soap 110g,18
2308,17,1.0,815.2,2025-08-30,Pepsi 1.5L,10
2309,7,2.0,100.09,2025-08-30,Olpers Milk 1L,14
2310,18,1.0,361.73,2025-08-30,Lux Soap 110g,18
2311,1,1.0,201.09,2025-08-30,Tea Whitener 1kg,4
2312,10,5.0,,2025-08-30,None,
2313,8,1.0,198.91,2025-08-30,Lifebuoy Soap 110g,20
2314,11,4.0,467.06,2025-08-30,Wheat Flour 10kg,12
2315,19,4.0,198.91,2025-08-30,Lifebuoy Soap 110g,20
2316,16,1.0,386.73,2025-08-30,Dettol Handwash 200ml,13
2317,2,2.0,310.0,2025-08-30,Nestle Milk Pack 1L,21
2318,12,1.0,491.64,2025-08-30,Ariel Washing Powder 1kg,7
2319,7,10.0,629.21,2025-08-30,Tissue Roll Rose Petal,23
2320,12,2.0,715.23,2025-08-30,Nimko Mix 400g,1
2321,8,1.0,335.13,2025-08-30,National Ketchup 1kg,5
2322,11,1.0,,2025-08-30,nan,
2323,16,1.0,891.92,2025-08-30,Tapal Danedar 950g,16
2324,19,4.0,606.63,2025-08-30,Shan Biryani Masala,6
2325,4,10.0,201.09,2025-08-30,Tea Whitener 1kg,4
2326,7,2.0,606.63,2025-08-30,Shan Biryani Masala,6
2327,5,1.0,629.21,2025-08-30,Tissue Roll Rose Petal,23
2328,18,2.0,201.09,2025-08-30,Tea Whitener 1kg,4
2329,11,,815.2,2025-08-30,Pepsi 1.5L,10
2330,16,2.0,,2025-08-30,nan,
2331,13,2.0,,2025-08-30,None,
2332,16,2.0,815.2,2025-08-30,Pepsi 1.5L,10
2333,11,1.0,467.06,2025-08-30,Wheat Flour 10kg,12
2334,2,4.0,715.23,2025-08-30,Nimko Mix 400g,1
2335,15,5.0,201.09,2025-08-30,Tea Whitener 1kg,4
2336,13,2.0,,2025-08-30,nan,
2337,15,5.0,153.28,2025-08-30,Surf Excel 1kg,19
2338,1,2.0,,2025-08-30,None,
2339,17,1.0,891.92,2025-08-30,Tapal Danedar 950g,16
2340,1,3.0,566.23,2025-08-30,Sprite 1.5L,2
2341,16,3.0,201.09,2025-08-30,Tea Whitener 1kg,4
2342,2,2.0,566.23,2025-08-30,Sprite 1.5L,2
2343,8,10.0,491.64,2025-08-30,Ariel Washing Powder 1kg,7
2344,20,20.0,548.34,2025-08-30,Rice Basmati 5kg,8
2345,14,2.0,606.63,2025-08-31,Shan Biryani Masala,6
2346,15,1.0,361.73,2025-08-31,Lux Soap 110g,18
2347,19,5.0,376.78,2025-08-31,Dove Shampoo 360ml,11
2348,11,10.0,815.2,2025-08-31,Pepsi 1.5L,10
2349,20,3.0,201.09,2025-08-31,Tea Whitener 1kg,4
2350,1,1.0,,2025-08-31,nan,
2351,12,2.0,715.23,2025-08-31,Nimko Mix 400g,1
2352,3,1.0,149.34,2025-08-31,Dalda Cooking Oil 1L,22
2353,12,2.0,357.09,2025-08-31,Colgate Toothpaste 100ml,17
2354,7,1.0,374.08,2025-08-31,Coca Cola 1.5L,15
2355,7,3.0,815.2,2025-08-31,Pepsi 1.5L,10
2356,2,1.0,335.13,2025-08-31,National Ketchup 1kg,5
2357,16,1.0,100.09,2025-08-31,Olpers Milk 1L,14
2358,15,2.0,606.63,2025-08-31,Shan Biryani Masala,6
2359,8,4.0,335.13,2025-08-31,National Ketchup 1kg,5
2360,19,1.0,201.09,2025-08-31,Tea Whitener 1kg,4
2361,4,2.0,566.23,2025-08-31,Sprite 1.5L,2
2362,12,2.0,815.2,2025-08-31,Pepsi 1.5L,10
2363,11,3.0,335.13,2025-08-31,National Ketchup 1kg,5
2364,9,20.0,198.91,2025-08-31,Lifebuoy Soap 110g,20
2365,16,4.0,198.91,2025-08-31,Lifebuoy Soap 110g,20
2366,15,3.0,548.34,2025-08-31,Rice Basmati 5kg,8
2367,15,1.0,357.09,2025-08-31,Colgate Toothpaste 100ml,17
2368,3,2.0,201.09,2025-08-31,Tea Whitener 1kg,4
2369,3,3.0,153.28,2025-08-31,Surf Excel 1kg,19
2370,6,1.0,815.2,2025-08-31,Pepsi 1.5L,10
2371,14,3.0,153.28,2025-08-31,Surf Excel 1kg,19
2372,19,1.0,548.34,2025-08-31,Rice Basmati 5kg,8
2373,11,3.0,153.28,2025-08-31,Surf Excel 1kg,19
2374,17,4.0,198.91,2025-08-31,Lifebuoy Soap 110g,20
2375,11,4.0,100.09,2025-08-31,Olpers Milk 1L,14
2376,16,1.0,467.06,2025-08-31,Wheat Flour 10kg,12
2377,8,1.0,153.28,2025-08-31,Surf Excel 1kg,19
2378,16,1.0,606.63,2025-08-31,Shan Biryani Masala,6
2379,14,10.0,566.23,2025-08-31,Sprite 1.5L,2
2380,16,1.0,548.34,2025-08-31,Rice Basmati 5kg,8
2381,19,1.0,201.09,2025-08-31,Tea Whitener 1kg,4
2382,4,2.0,357.09,2025-08-31,Colgate Toothpaste 100ml,17
2383,20,3.0,201.09,2025-08-31,Tea Whitener 1kg,4
2384,12,3.0,606.63,2025-08-31,Shan Biryani Masala,6
2385,7,10.0,335.13,2025-08-31,National Ketchup 1kg,5
2386,15,5.0,629.21,2025-08-31,Tissue Roll Rose Petal,23
2387,6,3.0,566.23,2025-08-31,Sprite 1.5L,2
2388,11,2.0,198.91,2025-08-31,Lifebuoy Soap 110g,20
2389,17,4.0,361.73,2025-08-31,Lux Soap 110g,18
2390,14,1.0,100.09,2025-08-31,Olpers Milk 1L,14
2391,2,3.0,715.23,2025-08-31,Nimko Mix 400g,1
2392,9,3.0,361.73,2025-08-31,Lux Soap 110g,18
2393,10,10.0,548.34,2025-08-31,Rice Basmati 5kg,8
2394,13,1.0,815.2,2025-08-31,Pepsi 1.5L,10
2395,3,4.0,891.92,2025-08-31,Tapal Danedar 950g,16
2396,6,2.0,891.92,2025-08-31,Tapal Danedar 950g,16
2397,11,5.0,606.63,2025-08-31,Shan Biryani Masala,6
2398,15,1.0,629.21,2025-08-31,Tissue Roll Rose Petal,23
2399,19,1.0,,2025-09-01,None,
2400,3,1.0,715.23,2025-09-01,Nimko Mix 400g,1
2401,16,2.0,357.09,2025-09-01,Colgate Toothpaste 100ml,17
2402,15,10.0,386.73,2025-09-01,Dettol Handwash 200ml,13
2403,3,3.0,149.34,2025-09-01,Dalda Cooking Oil 1L,22
2404,10,4.0,891.92,2025-09-01,Tapal Danedar 950g,16
2405,11,3.0,891.92,2025-09-01,Tapal Danedar 950g,16
2406,20,5.0,715.23,2025-09-01,Nimko Mix 400g,1
2407,5,,100.09,2025-09-01,Olpers Milk 1L,14
2408,19,1.0,100.09,2025-09-01,Olpers Milk 1L,14
2409,20,3.0,335.13,2025-09-01,National Ketchup 1kg,5
2410,2,2.0,629.21,2025-09-01,Tissue Roll Rose Petal,23
2411,7,1.0,566.23,2025-09-01,Sprite 1.5L,2
2412,19,5.0,566.23,2025-09-01,Sprite 1.5L,2
2413,18,1.0,815.2,2025-09-01,Pepsi 1.5L,10
2414,9,5.0,100.09,2025-09-01,Olpers Milk 1L,14
2415,3,5.0,100.09,2025-09-01,Olpers Milk 1L,14
2416,3,2.0,357.09,2025-09-01,Colgate Toothpaste 100ml,17
2417,1,3.0,566.23,2025-09-01,Sprite 1.5L,2
2418,6,10.0,566.23,2025-09-01,Sprite 1.5L,2
2419,2,2.0,386.73,2025-09-01,Dettol Handwash 200ml,13
2420,6,20.0,491.64,2025-09-01,Ariel Washing Powder 1kg,7
2421,20,3.0,,2025-09-01,nan,
2422,2,,361.73,2025-09-01,Lux Soap 110g,18
2423,9,2.0,,2025-09-01,nan,
2424,11,2.0,715.23,2025-09-01,Nimko Mix 400g,1
2425,1,2.0,376.78,2025-09-01,Dove Shampoo 360ml,11
2426,8,1.0,153.28,2025-09-01,Surf Excel 1kg,19
2427,18,10.0,,2025-09-01,nan,
2428,3,3.0,361.73,2025-09-01,Lux Soap 110g,18
2429,8,3.0,606.63,2025-09-01,Shan Biryani Masala,6
2430,16,1.0,629.21,2025-09-01,Tissue Roll Rose Petal,23
2431,20,1.0,715.23,2025-09-01,Nimko Mix 400g,1
2432,2,4.0,361.73,2025-09-01,Lux Soap 110g,18
2433,12,3.0,361.73,2025-09-01,Lux Soap 110g,18
2434,5,,201.09,2025-09-01,Tea Whitener 1kg,4
2435,20,1.0,715.23,2025-09-01,Nimko Mix 400g,1
2436,18,10.0,467.06,2025-09-01,Wheat Flour 10kg,12
2437,7,2.0,629.21,2025-09-01,Tissue Roll Rose Petal,23
2438,5,2.0,386.73,2025-09-01,Dettol Handwash 200ml,13
2439,2,2.0,198.91,2025-09-01,Lifebuoy Soap 110g,20
2440,13,2.0,357.09,2025-09-01,Colgate Toothpaste 100ml,17
2441,19,2.0,715.23,2025-09-01,Nimko Mix 400g,1
2442,15,5.0,357.09,2025-09-01,Colgate Toothpaste 100ml,17
2443,6,1.0,335.13,2025-09-01,National Ketchup 1kg,5
2444,18,1.0,153.28,2025-09-01,Surf Excel 1kg,19
2445,4,5.0,,2025-09-01,None,
2446,19,1.0,386.73,2025-09-01,Dettol Handwash 200ml,13
2447,13,2.0,198.91,2025-09-01,Lifebuoy Soap 110g,20
2448,4,1.0,361.73,2025-09-01,Lux Soap 110g,18
2449,12,1.0,311.35,2025-09-01,Sufi Banaspati 1kg,3
2450,1,3.0,311.35,2025-09-01,Sufi Banaspati 1kg,3
2451,11,1.0,467.06,2025-09-01,Wheat Flour 10kg,12
2452,1,3.0,198.91,2025-09-01,Lifebuoy Soap 110g,20
2453,8,1.0,715.23,2025-09-01,Nimko Mix 400g,1
2454,9,5.0,467.06,2025-09-01,Wheat Flour 10kg,12
2455,19,1.0,566.23,2025-09-01,Sprite 1.5L,2
2456,19,2.0,153.28,2025-09-01,Surf Excel 1kg,19
2457,2,3.0,891.92,2025-09-01,Tapal Danedar 950g,16
2458,13,2.0,153.28,2025-09-01,Surf Excel 1kg,19
2459,1,1.0,153.28,2025-09-01,Surf Excel 1kg,19
2460,18,4.0,386.73,2025-09-01,Dettol Handwash 200ml,13
2461,8,1.0,153.28,2025-09-01,Surf Excel 1kg,19
2462,7,2.0,491.64,2025-09-01,Ariel Washing Powder 1kg,7
2463,9,20.0,,2025-09-01,nan,
2464,5,2.0,361.73,2025-09-01,Lux Soap 110g,18
2465,10,4.0,198.91,2025-09-01,Lifebuoy Soap 110g,20
2466,7,1.0,361.73,2025-09-01,Lux Soap 110g,18
2467,3,2.0,715.23,2025-09-01,Nimko Mix 400g,1
2468,8,2.0,201.09,2025-09-01,Tea Whitener 1kg,4
2469,8,4.0,153.28,2025-09-01,Surf Excel 1kg,19
2470,2,1.0,201.09,2025-09-01,Tea Whitener 1kg,4
2471,1,,100.09,2025-09-01,Olpers Milk 1L,14
2472,19,3.0,310.0,2025-09-01,Nestle Milk Pack 1L,21
2473,20,3.0,361.73,2025-09-01,Lux Soap 110g,18
2474,16,1.0,357.09,2025-09-01,Colgate Toothpaste 100ml,17
2475,1,5.0,311.35,2025-09-01,Sufi Banaspati 1kg,3
2476,6,1.0,629.21,2025-09-01,Tissue Roll Rose Petal,23
2477,1,4.0,311.35,2025-09-01,Sufi Banaspati 1kg,3
2478,14,3.0,815.2,2025-09-01,Pepsi 1.5L,10
2479,7,5.0,153.28,2025-09-02,Surf Excel 1kg,19
2480,7,2.0,376.78,2025-09-02,Dove Shampoo 360ml,11
2481,4,1.0,153.28,2025-09-02,Surf Excel 1kg,19
2482,6,1.0,311.35,2025-09-02,Sufi Banaspati 1kg,3
2483,11,3.0,100.09,2025-09-02,Olpers Milk 1L,14
2484,12,20.0,198.91,2025-09-02,Lifebuoy Soap 110g,20
2485,1,5.0,715.23,2025-09-02,Nimko Mix 400g,1
2486,7,,310.0,2025-09-02,Nestle Milk Pack 1L,21
2487,19,3.0,548.34,2025-09-02,Rice Basmati 5kg,8
2488,6,4.0,,2025-09-02,nan,
2489,2,3.0,,2025-09-02,nan,
2490,16,1.0,357.09,2025-09-02,Colgate Toothpaste 100ml,17
2491,20,1.0,198.91,2025-09-02,Lifebuoy Soap 110g,20
2492,1,3.0,891.92,2025-09-02,Tapal Danedar 950g,16
2493,20,2.0,491.64,2025-09-02,Ariel Washing Powder 1kg,7
2494,3,2.0,815.2,2025-09-02,Pepsi 1.5L,10
2495,20,3.0,100.09,2025-09-02,Olpers Milk 1L,14
2496,1,20.0,548.34,2025-09-02,Rice Basmati 5kg,8
2497,11,5.0,376.78,2025-09-02,Dove Shampoo 360ml,11
2498,20,4.0,376.78,2025-09-02,Dove Shampoo 360ml,11
2499,14,4.0,100.09,2025-09-02,Olpers Milk 1L,14
2500,1,4.0,361.73,2025-09-02,Lux Soap 110g,18
2501,20,5.0,198.91,2025-09-02,Lifebuoy Soap 110g,20
2502,7,4.0,361.73,2025-09-02,Lux Soap 110g,18
2503,2,5.0,149.34,2025-09-02,Dalda Cooking Oil 1L,22
2504,20,1.0,198.91,2025-09-02,Lifebuoy Soap 110g,20
2505,11,3.0,,2025-09-02,None,
2506,17,1.0,100.09,2025-09-02,Olpers Milk 1L,14
2507,14,2.0,491.64,2025-09-02,Ariel Washing Powder 1kg,7
2508,1,3.0,201.09,2025-09-02,Tea Whitener 1kg,4
2509,11,3.0,,2025-09-02,nan,
2510,5,4.0,335.13,2025-09-02,National Ketchup 1kg,5
2511,4,1.0,149.34,2025-09-02,Dalda Cooking Oil 1L,22
2512,3,1.0,715.23,2025-09-02,Nimko Mix 400g,1
2513,19,5.0,715.23,2025-09-02,Nimko Mix 400g,1
2514,3,5.0,201.09,2025-09-02,Tea Whitener 1kg,4
2515,10,,548.34,2025-09-02,Rice Basmati 5kg,8
2516,3,2.0,149.34,2025-09-02,Dalda Cooking Oil 1L,22
2517,3,,566.23,2025-09-02,Sprite 1.5L,2
2518,1,1.0,566.23,2025-09-02,Sprite 1.5L,2
2519,17,1.0,374.08,2025-09-02,Coca Cola 1.5L,15
2520,6,10.0,198.91,2025-09-02,Lifebuoy Soap 110g,20
2521,7,1.0,715.23,2025-09-02,Nimko Mix 400g,1
2522,6,1.0,201.09,2025-09-02,Tea Whitener 1kg,4
2523,11,3.0,606.63,2025-09-02,Shan Biryani Masala,6
2524,7,1.0,335.13,2025-09-02,National Ketchup 1kg,5
2525,11,1.0,374.08,2025-09-02,Coca Cola 1.5L,15
2526,3,1.0,100.09,2025-09-02,Olpers Milk 1L,14
2527,3,4.0,629.21,2025-09-02,Tissue Roll Rose Petal,23
2528,2,1.0,357.09,2025-09-02,Colgate Toothpaste 100ml,17
2529,15,5.0,,2025-09-02,None,
2530,3,1.0,386.73,2025-09-02,Dettol Handwash 200ml,13
2531,19,1.0,201.09,2025-09-02,Tea Whitener 1kg,4
2532,10,1.0,357.09,2025-09-02,Colgate Toothpaste 100ml,17
2533,5,3.0,357.09,2025-09-02,Colgate Toothpaste 100ml,17
2534,18,2.0,715.23,2025-09-03,Nimko Mix 400g,1
2535,9,1.0,361.73,2025-09-03,Lux Soap 110g,18
2536,10,,361.73,2025-09-03,Lux Soap 110g,18
2537,7,1.0,374.08,2025-09-03,Coca Cola 1.5L,15
2538,18,2.0,491.64,2025-09-03,Ariel Washing Powder 1kg,7
2539,18,5.0,566.23,2025-09-03,Sprite 1.5L,2
2540,2,2.0,566.23,2025-09-03,Sprite 1.5L,2
2541,19,2.0,815.2,2025-09-03,Pepsi 1.5L,10
2542,17,4.0,335.13,2025-09-03,National Ketchup 1kg,5
2543,14,2.0,201.09,2025-09-03,Tea Whitener 1kg,4
2544,16,2.0,357.09,2025-09-03,Colgate Toothpaste 100ml,17
2545,12,2.0,,2025-09-03,None,
2546,16,2.0,491.64,2025-09-03,Ariel Washing Powder 1kg,7
2547,19,2.0,566.23,2025-09-03,Sprite 1.5L,2
2548,16,1.0,149.34,2025-09-03,Dalda Cooking Oil 1L,22
2549,5,2.0,357.09,2025-09-03,Colgate Toothpaste 100ml,17
2550,15,4.0,629.21,2025-09-03,Tissue Roll Rose Petal,23
2551,8,2.0,201.09,2025-09-03,Tea Whitener 1kg,4
2552,3,,815.2,2025-09-03,Pepsi 1.5L,10
2553,15,3.0,153.28,2025-09-03,Surf Excel 1kg,19
2554,6,1.0,566.23,2025-09-03,Sprite 1.5L,2
2555,6,4.0,374.08,2025-09-03,Coca Cola 1.5L,15
2556,20,4.0,566.23,2025-09-03,Sprite 1.5L,2
2557,13,3.0,,2025-09-03,nan,
2558,8,1.0,100.09,2025-09-03,Olpers Milk 1L,14
2559,11,1.0,335.13,2025-09-03,National Ketchup 1kg,5
2560,20,1.0,715.23,2025-09-03,Nimko Mix 400g,1
2561,6,5.0,335.13,2025-09-03,National Ketchup 1kg,5
2562,19,,201.09,2025-09-03,Tea Whitener 1kg,4
2563,16,3.0,357.09,2025-09-03,Colgate Toothpaste 100ml,17
2564,9,1.0,311.35,2025-09-03,Sufi Banaspati 1kg,3
2565,20,3.0,386.73,2025-09-03,Dettol Handwash 200ml,13
2566,11,2.0,335.13,2025-09-03,National Ketchup 1kg,5
2567,6,4.0,548.34,2025-09-03,Rice Basmati 5kg,8
2568,17,2.0,566.23,2025-09-03,Sprite 1.5L,2
2569,16,4.0,566.23,2025-09-03,Sprite 1.5L,2
2570,6,5.0,715.23,2025-09-03,Nimko Mix 400g,1
2571,12,10.0,335.13,2025-09-03,National Ketchup 1kg,5
2572,4,1.0,376.78,2025-09-03,Dove Shampoo 360ml,11
2573,19,1.0,891.92,2025-09-03,Tapal Danedar 950g,16
2574,15,3.0,357.09,2025-09-03,Colgate Toothpaste 100ml,17
2575,15,1.0,815.2,2025-09-03,Pepsi 1.5L,10
2576,5,5.0,891.92,2025-09-03,Tapal Danedar 950g,16
2577,13,4.0,891.92,2025-09-03,Tapal Danedar 950g,16
2578,5,2.0,376.78,2025-09-03,Dove Shampoo 360ml,11
2579,11,1.0,335.13,2025-09-03,National Ketchup 1kg,5
2580,13,5.0,100.09,2025-09-03,Olpers Milk 1L,14
2581,8,1.0,629.21,2025-09-03,Tissue Roll Rose Petal,23
2582,14,3.0,100.09,2025-09-03,Olpers Milk 1L,14
2583,6,4.0,100.09,2025-09-03,Olpers Milk 1L,14
2584,1,1.0,467.06,2025-09-03,Wheat Flour 10kg,12
2585,8,4.0,891.92,2025-09-03,Tapal Danedar 950g,16
2586,4,5.0,606.63,2025-09-03,Shan Biryani Masala,6
2587,7,1.0,100.09,2025-09-03,Olpers Milk 1L,14
2588,19,2.0,566.23,2025-09-03,Sprite 1.5L,2
2589,10,3.0,566.23,2025-09-03,Sprite 1.5L,2
2590,12,3.0,374.08,2025-09-03,Coca Cola 1.5L,15
2591,11,2.0,198.91,2025-09-03,Lifebuoy Soap 110g,20
2592,7,1.0,566.23,2025-09-03,Sprite 1.5L,2
2593,19,1.0,606.63,2025-09-03,Shan Biryani Masala,6
2594,8,5.0,100.09,2025-09-03,Olpers Milk 1L,14
2595,5,5.0,201.09,2025-09-03,Tea Whitener 1kg,4
2596,16,3.0,335.13,2025-09-03,National Ketchup 1kg,5
2597,7,2.0,201.09,2025-09-03,Tea Whitener 1kg,4
2598,10,,566.23,2025-09-03,Sprite 1.5L,2
2599,11,5.0,374.08,2025-09-03,Coca Cola 1.5L,15
2600,14,1.0,891.92,2025-09-03,Tapal Danedar 950g,16
2601,16,1.0,566.23,2025-09-03,Sprite 1.5L,2
2602,9,2.0,467.06,2025-09-03,Wheat Flour 10kg,12
2603,14,3.0,335.13,2025-09-03,National Ketchup 1kg,5
2604,13,2.0,374.08,2025-09-03,Coca Cola 1.5L,15
2605,5,2.0,357.09,2025-09-03,Colgate Toothpaste 100ml,17
2606,14,4.0,201.09,2025-09-03,Tea Whitener 1kg,4
2607,9,1.0,361.73,2025-09-03,Lux Soap 110g,18
2608,12,1.0,467.06,2025-09-03,Wheat Flour 10kg,12
2609,14,2.0,386.73,2025-09-03,Dettol Handwash 200ml,13
2610,3,3.0,606.63,2025-09-04,Shan Biryani Masala,6
2611,7,,548.34,2025-09-04,Rice Basmati 5kg,8
2612,7,3.0,361.73,2025-09-04,Lux Soap 110g,18
2613,4,1.0,100.09,2025-09-04,Olpers Milk 1L,14
2614,19,3.0,374.08,2025-09-04,Coca Cola 1.5L,15
2615,11,5.0,891.92,2025-09-04,Tapal Danedar 950g,16
2616,2,2.0,467.06,2025-09-04,Wheat Flour 10kg,12
2617,10,3.0,201.09,2025-09-04,Tea Whitener 1kg,4
2618,2,4.0,376.78,2025-09-04,Dove Shampoo 360ml,11
2619,11,3.0,201.09,2025-09-04,Tea Whitener 1kg,4
2620,1,4.0,198.91,2025-09-04,Lifebuoy Soap 110g,20
2621,8,2.0,467.06,2025-09-04,Wheat Flour 10kg,12
2622,4,3.0,815.2,2025-09-04,Pepsi 1.5L,10
2623,2,1.0,715.23,2025-09-04,Nimko Mix 400g,1
2624,20,1.0,374.08,2025-09-04,Coca Cola 1.5L,15
2625,9,1.0,386.73,2025-09-04,Dettol Handwash 200ml,13
2626,6,1.0,606.63,2025-09-04,Shan Biryani Masala,6
2627,5,3.0,149.34,2025-09-04,Dalda Cooking Oil 1L,22
2628,11,3.0,,2025-09-04,nan,
2629,14,1.0,376.78,2025-09-04,Dove Shampoo 360ml,11
2630,20,2.0,467.06,2025-09-04,Wheat Flour 10kg,12
2631,20,3.0,467.06,2025-09-04,Wheat Flour 10kg,12
2632,16,4.0,715.23,2025-09-04,Nimko Mix 400g,1
2633,17,2.0,629.21,2025-09-04,Tissue Roll Rose Petal,23
2634,6,1.0,566.23,2025-09-04,Sprite 1.5L,2
2635,10,3.0,566.23,2025-09-04,Sprite 1.5L,2
2636,8,4.0,491.64,2025-09-04,Ariel Washing Powder 1kg,7
2637,12,1.0,,2025-09-04,nan,
2638,8,1.0,310.0,2025-09-04,Nestle Milk Pack 1L,21
2639,9,1.0,361.73,2025-09-04,Lux Soap 110g,18
2640,19,1.0,376.78,2025-09-04,Dove Shampoo 360ml,11
2641,20,2.0,467.06,2025-09-04,Wheat Flour 10kg,12
2642,12,,386.73,2025-09-04,Dettol Handwash 200ml,13
2643,20,1.0,,2025-09-04,nan,
2644,6,4.0,815.2,2025-09-04,Pepsi 1.5L,10
2645,9,3.0,149.34,2025-09-04,Dalda Cooking Oil 1L,22
2646,10,1.0,311.35,2025-09-04,Sufi Banaspati 1kg,3
2647,2,2.0,376.78,2025-09-04,Dove Shampoo 360ml,11
2648,7,1.0,357.09,2025-09-04,Colgate Toothpaste 100ml,17
2649,3,2.0,335.13,2025-09-04,National Ketchup 1kg,5
2650,16,4.0,357.09,2025-09-04,Colgate Toothpaste 100ml,17
2651,6,20.0,198.91,2025-09-04,Lifebuoy Soap 110g,20
2652,17,4.0,891.92,2025-09-04,Tapal Danedar 950g,16
2653,3,1.0,376.78,2025-09-04,Dove Shampoo 360ml,11
2654,10,2.0,629.21,2025-09-04,Tissue Roll Rose Petal,23
2655,2,,566.23,2025-09-04,Sprite 1.5L,2
2656,10,1.0,467.06,2025-09-04,Wheat Flour 10kg,12
2657,19,1.0,201.09,2025-09-04,Tea Whitener 1kg,4
2658,3,1.0,629.21,2025-09-04,Tissue Roll Rose Petal,23
2659,6,1.0,715.23,2025-09-04,Nimko Mix 400g,1
2660,15,1.0,376.78,2025-09-04,Dove Shampoo 360ml,11
2661,19,1.0,606.63,2025-09-04,Shan Biryani Masala,6
2662,16,3.0,566.23,2025-09-04,Sprite 1.5L,2
2663,3,2.0,361.73,2025-09-04,Lux Soap 110g,18
2664,19,3.0,100.09,2025-09-04,Olpers Milk 1L,14
2665,4,,715.23,2025-09-04,Nimko Mix 400g,1
2666,16,,467.06,2025-09-04,Wheat Flour 10kg,12
2667,12,1.0,548.34,2025-09-04,Rice Basmati 5kg,8
2668,18,,374.08,2025-09-04,Coca Cola 1.5L,15
2669,14,1.0,491.64,2025-09-04,Ariel Washing Powder 1kg,7
2670,17,2.0,335.13,2025-09-04,National Ketchup 1kg,5
2671,3,3.0,386.73,2025-09-04,Dettol Handwash 200ml,13
2672,15,2.0,201.09,2025-09-04,Tea Whitener 1kg,4
2673,11,10.0,201.09,2025-09-04,Tea Whitener 1kg,4
2674,3,1.0,335.13,2025-09-04,National Ketchup 1kg,5
2675,1,3.0,357.09,2025-09-04,Colgate Toothpaste 100ml,17
2676,6,1.0,491.64,2025-09-04,Ariel Washing Powder 1kg,7
2677,20,1.0,374.08,2025-09-04,Coca Cola 1.5L,15
2678,3,1.0,149.34,2025-09-05,Dalda Cooking Oil 1L,22
2679,10,1.0,201.09,2025-09-05,Tea Whitener 1kg,4
2680,16,1.0,198.91,2025-09-05,Lifebuoy Soap 110g,20
2681,13,1.0,491.64,2025-09-05,Ariel Washing Powder 1kg,7
2682,9,1.0,310.0,2025-09-05,Nestle Milk Pack 1L,21
2683,19,1.0,491.64,2025-09-05,Ariel Washing Powder 1kg,7
2684,8,10.0,,2025-09-05,nan,
2685,2,2.0,201.09,2025-09-05,Tea Whitener 1kg,4
2686,5,1.0,335.13,2025-09-05,National Ketchup 1kg,5
2687,20,1.0,335.13,2025-09-05,National Ketchup 1kg,5
2688,19,1.0,715.23,2025-09-05,Nimko Mix 400g,1
2689,7,20.0,815.2,2025-09-05,Pepsi 1.5L,10
2690,15,4.0,,2025-09-05,None,
2691,13,,566.23,2025-09-05,Sprite 1.5L,2
2692,8,1.0,566.23,2025-09-05,Sprite 1.5L,2
2693,18,1.0,310.0,2025-09-05,Nestle Milk Pack 1L,21
2694,12,2.0,198.91,2025-09-05,Lifebuoy Soap 110g,20
2695,16,2.0,335.13,2025-09-05,National Ketchup 1kg,5
2696,5,1.0,198.91,2025-09-05,Lifebuoy Soap 110g,20
2697,16,5.0,467.06,2025-09-05,Wheat Flour 10kg,12
2698,20,1.0,815.2,2025-09-05,Pepsi 1.5L,10
2699,7,1.0,361.73,2025-09-05,Lux Soap 110g,18
2700,8,1.0,335.13,2025-09-05,National Ketchup 1kg,5
2701,16,2.0,335.13,2025-09-05,National Ketchup 1kg,5
2702,3,2.0,715.23,2025-09-05,Nimko Mix 400g,1
2703,1,5.0,606.63,2025-09-05,Shan Biryani Masala,6
2704,4,2.0,153.28,2025-09-05,Surf Excel 1kg,19
2705,19,3.0,491.64,2025-09-05,Ariel Washing Powder 1kg,7
2706,7,1.0,198.91,2025-09-05,Lifebuoy Soap 110g,20
2707,8,1.0,,2025-09-05,nan,
2708,18,2.0,715.23,2025-09-05,Nimko Mix 400g,1
2709,11,3.0,606.63,2025-09-05,Shan Biryani Masala,6
2710,4,3.0,548.34,2025-09-05,Rice Basmati 5kg,8
2711,14,2.0,149.34,2025-09-05,Dalda Cooking Oil 1L,22
2712,15,2.0,,2025-09-05,nan,
2713,18,10.0,311.35,2025-09-05,Sufi Banaspati 1kg,3
2714,19,1.0,361.73,2025-09-05,Lux Soap 110g,18
2715,16,1.0,566.23,2025-09-05,Sprite 1.5L,2
2716,12,,715.23,2025-09-05,Nimko Mix 400g,1
2717,10,2.0,891.92,2025-09-05,Tapal Danedar 950g,16
2718,3,1.0,100.09,2025-09-05,Olpers Milk 1L,14
2719,12,2.0,153.28,2025-09-05,Surf Excel 1kg,19
2720,1,3.0,,2025-09-05,nan,
2721,4,3.0,376.78,2025-09-05,Dove Shampoo 360ml,11
2722,7,1.0,201.09,2025-09-05,Tea Whitener 1kg,4
2723,19,2.0,374.08,2025-09-05,Coca Cola 1.5L,15
2724,7,3.0,201.09,2025-09-05,Tea Whitener 1kg,4
2725,8,5.0,491.64,2025-09-05,Ariel Washing Powder 1kg,7
2726,19,2.0,566.23,2025-09-05,Sprite 1.5L,2
2727,8,2.0,,2025-09-05,nan,
2728,17,2.0,566.23,2025-09-05,Sprite 1.5L,2
2729,5,,100.09,2025-09-05,Olpers Milk 1L,14
2730,12,1.0,891.92,2025-09-05,Tapal Danedar 950g,16
2731,13,2.0,100.09,2025-09-05,Olpers Milk 1L,14
2732,18,,310.0,2025-09-05,Nestle Milk Pack 1L,21
2733,4,2.0,386.73,2025-09-05,Dettol Handwash 200ml,13
2734,7,1.0,548.34,2025-09-05,Rice Basmati 5kg,8
2735,10,1.0,566.23,2025-09-05,Sprite 1.5L,2
2736,6,10.0,,2025-09-05,nan,
2737,18,1.0,491.64,2025-09-05,Ariel Washing Powder 1kg,7
2738,13,2.0,361.73,2025-09-05,Lux Soap 110g,18
2739,14,5.0,100.09,2025-09-05,Olpers Milk 1L,14
2740,15,1.0,149.34,2025-09-05,Dalda Cooking Oil 1L,22
2741,7,2.0,467.06,2025-09-05,Wheat Flour 10kg,12
2742,17,2.0,311.35,2025-09-05,Sufi Banaspati 1kg,3
2743,11,5.0,815.2,2025-09-05,Pepsi 1.5L,10
2744,7,3.0,198.91,2025-09-05,Lifebuoy Soap 110g,20
2745,7,4.0,386.73,2025-09-05,Dettol Handwash 200ml,13
2746,16,1.0,,2025-09-05,None,
2747,4,1.0,715.23,2025-09-05,Nimko Mix 400g,1
2748,1,10.0,548.34,2025-09-05,Rice Basmati 5kg,8
2749,4,3.0,198.91,2025-09-06,Lifebuoy Soap 110g,20
2750,3,20.0,,2025-09-06,None,
2751,9,3.0,311.35,2025-09-06,Sufi Banaspati 1kg,3
2752,19,,335.13,2025-09-06,National Ketchup 1kg,5
2753,19,10.0,310.0,2025-09-06,Nestle Milk Pack 1L,21
2754,20,3.0,335.13,2025-09-06,National Ketchup 1kg,5
2755,16,5.0,548.34,2025-09-06,Rice Basmati 5kg,8
2756,3,,629.21,2025-09-06,Tissue Roll Rose Petal,23
2757,9,5.0,,2025-09-06,None,
2758,17,2.0,100.09,2025-09-06,Olpers Milk 1L,14
2759,3,3.0,815.2,2025-09-06,Pepsi 1.5L,10
2760,1,3.0,100.09,2025-09-06,Olpers Milk 1L,14
2761,18,2.0,566.23,2025-09-06,Sprite 1.5L,2
2762,10,2.0,198.91,2025-09-06,Lifebuoy Soap 110g,20
2763,17,1.0,198.91,2025-09-06,Lifebuoy Soap 110g,20
2764,14,3.0,629.21,2025-09-06,Tissue Roll Rose Petal,23
2765,4,3.0,629.21,2025-09-06,Tissue Roll Rose Petal,23
2766,18,2.0,335.13,2025-09-06,National Ketchup 1kg,5
2767,9,1.0,335.13,2025-09-06,National Ketchup 1kg,5
2768,14,1.0,891.92,2025-09-06,Tapal Danedar 950g,16
2769,5,3.0,376.78,2025-09-06,Dove Shampoo 360ml,11
2770,7,1.0,815.2,2025-09-06,Pepsi 1.5L,10
2771,18,,491.64,2025-09-06,Ariel Washing Powder 1kg,7
2772,14,1.0,566.23,2025-09-06,Sprite 1.5L,2
2773,9,2.0,,2025-09-06,nan,
2774,19,2.0,198.91,2025-09-06,Lifebuoy Soap 110g,20
2775,14,5.0,566.23,2025-09-06,Sprite 1.5L,2
2776,3,4.0,386.73,2025-09-06,Dettol Handwash 200ml,13
2777,7,,357.09,2025-09-06,Colgate Toothpaste 100ml,17
2778,19,1.0,361.73,2025-09-06,Lux Soap 110g,18
2779,12,1.0,491.64,2025-09-06,Ariel Washing Powder 1kg,7
2780,9,2.0,629.21,2025-09-06,Tissue Roll Rose Petal,23
2781,10,4.0,374.08,2025-09-06,Coca Cola 1.5L,15
2782,20,3.0,198.91,2025-09-06,Lifebuoy Soap 110g,20
2783,15,1.0,201.09,2025-09-06,Tea Whitener 1kg,4
2784,4,2.0,201.09,2025-09-06,Tea Whitener 1kg,4
2785,5,4.0,100.09,2025-09-06,Olpers Milk 1L,14
2786,15,5.0,201.09,2025-09-06,Tea Whitener 1kg,4
2787,19,1.0,361.73,2025-09-06,Lux Soap 110g,18
2788,2,3.0,100.09,2025-09-06,Olpers Milk 1L,14
2789,18,5.0,548.34,2025-09-06,Rice Basmati 5kg,8
2790,8,3.0,376.78,2025-09-06,Dove Shampoo 360ml,11
2791,8,,491.64,2025-09-06,Ariel Washing Powder 1kg,7
2792,8,2.0,715.23,2025-09-06,Nimko Mix 400g,1
2793,18,3.0,491.64,2025-09-06,Ariel Washing Powder 1kg,7
2794,11,10.0,100.09,2025-09-06,Olpers Milk 1L,14
2795,18,1.0,467.06,2025-09-06,Wheat Flour 10kg,12
2796,16,4.0,149.34,2025-09-06,Dalda Cooking Oil 1L,22
2797,13,5.0,,2025-09-06,nan,
2798,2,5.0,100.09,2025-09-06,Olpers Milk 1L,14
2799,17,3.0,335.13,2025-09-06,National Ketchup 1kg,5
2800,17,2.0,715.23,2025-09-06,Nimko Mix 400g,1
2801,19,2.0,201.09,2025-09-06,Tea Whitener 1kg,4
2802,20,4.0,566.23,2025-09-06,Sprite 1.5L,2
2803,13,2.0,629.21,2025-09-06,Tissue Roll Rose Petal,23
2804,18,3.0,566.23,2025-09-06,Sprite 1.5L,2
2805,12,1.0,386.73,2025-09-06,Dettol Handwash 200ml,13
2806,19,2.0,467.06,2025-09-06,Wheat Flour 10kg,12
2807,14,3.0,566.23,2025-09-06,Sprite 1.5L,2
2808,20,4.0,,2025-09-06,nan,
2809,4,1.0,376.78,2025-09-06,Dove Shampoo 360ml,11
2810,10,20.0,198.91,2025-09-06,Lifebuoy Soap 110g,20
2811,10,2.0,311.35,2025-09-06,Sufi Banaspati 1kg,3
2812,8,3.0,715.23,2025-09-06,Nimko Mix 400g,1
2813,14,2.0,566.23,2025-09-06,Sprite 1.5L,2
2814,8,5.0,198.91,2025-09-07,Lifebuoy Soap 110g,20
2815,4,1.0,361.73,2025-09-07,Lux Soap 110g,18
2816,1,5.0,386.73,2025-09-07,Dettol Handwash 200ml,13
2817,4,20.0,311.35,2025-09-07,Sufi Banaspati 1kg,3
2818,10,2.0,376.78,2025-09-07,Dove Shampoo 360ml,11
2819,4,1.0,374.08,2025-09-07,Coca Cola 1.5L,15
2820,4,2.0,815.2,2025-09-07,Pepsi 1.5L,10
2821,14,5.0,467.06,2025-09-07,Wheat Flour 10kg,12
2822,12,5.0,606.63,2025-09-07,Shan Biryani Masala,6
2823,8,2.0,491.64,2025-09-07,Ariel Washing Powder 1kg,7
2824,17,1.0,467.06,2025-09-07,Wheat Flour 10kg,12
2825,11,2.0,361.73,2025-09-07,Lux Soap 110g,18
2826,17,10.0,548.34,2025-09-07,Rice Basmati 5kg,8
2827,14,1.0,335.13,2025-09-07,National Ketchup 1kg,5
2828,11,2.0,357.09,2025-09-07,Colgate Toothpaste 100ml,17
2829,20,10.0,153.28,2025-09-07,Surf Excel 1kg,19
2830,5,,335.13,2025-09-07,National Ketchup 1kg,5
2831,8,4.0,815.2,2025-09-07,Pepsi 1.5L,10
2832,15,1.0,715.23,2025-09-07,Nimko Mix 400g,1
2833,3,3.0,374.08,2025-09-07,Coca Cola 1.5L,15
2834,18,3.0,376.78,2025-09-07,Dove Shampoo 360ml,11
2835,3,1.0,374.08,2025-09-07,Coca Cola 1.5L,15
2836,17,1.0,100.09,2025-09-07,Olpers Milk 1L,14
2837,17,3.0,815.2,2025-09-07,Pepsi 1.5L,10
2838,6,3.0,629.21,2025-09-07,Tissue Roll Rose Petal,23
2839,14,4.0,715.23,2025-09-07,Nimko Mix 400g,1
2840,17,1.0,100.09,2025-09-07,Olpers Milk 1L,14
2841,4,3.0,606.63,2025-09-07,Shan Biryani Masala,6
2842,12,1.0,153.28,2025-09-07,Surf Excel 1kg,19
2843,11,2.0,891.92,2025-09-07,Tapal Danedar 950g,16
2844,6,20.0,149.34,2025-09-07,Dalda Cooking Oil 1L,22
2845,15,4.0,153.28,2025-09-07,Surf Excel 1kg,19
2846,13,2.0,467.06,2025-09-07,Wheat Flour 10kg,12
2847,12,1.0,335.13,2025-09-07,National Ketchup 1kg,5
2848,1,1.0,491.64,2025-09-07,Ariel Washing Powder 1kg,7
2849,10,1.0,,2025-09-07,nan,
2850,5,2.0,310.0,2025-09-07,Nestle Milk Pack 1L,21
2851,6,1.0,311.35,2025-09-07,Sufi Banaspati 1kg,3
2852,14,2.0,149.34,2025-09-07,Dalda Cooking Oil 1L,22
2853,12,4.0,548.34,2025-09-07,Rice Basmati 5kg,8
2854,18,1.0,,2025-09-07,None,
2855,20,4.0,715.23,2025-09-07,Nimko Mix 400g,1
2856,2,1.0,198.91,2025-09-07,Lifebuoy Soap 110g,20
2857,10,1.0,,2025-09-07,nan,
2858,11,4.0,629.21,2025-09-07,Tissue Roll Rose Petal,23
2859,1,2.0,201.09,2025-09-07,Tea Whitener 1kg,4
2860,19,1.0,,2025-09-07,None,
2861,6,1.0,198.91,2025-09-07,Lifebuoy Soap 110g,20
2862,18,1.0,606.63,2025-09-07,Shan Biryani Masala,6
2863,1,1.0,100.09,2025-09-07,Olpers Milk 1L,14
2864,9,5.0,361.73,2025-09-07,Lux Soap 110g,18
2865,14,2.0,201.09,2025-09-07,Tea Whitener 1kg,4
2866,12,1.0,357.09,2025-09-07,Colgate Toothpaste 100ml,17
2867,15,4.0,491.64,2025-09-07,Ariel Washing Powder 1kg,7
2868,17,3.0,335.13,2025-09-07,National Ketchup 1kg,5
2869,11,2.0,715.23,2025-09-07,Nimko Mix 400g,1
2870,20,3.0,149.34,2025-09-07,Dalda Cooking Oil 1L,22
2871,18,3.0,335.13,2025-09-07,National Ketchup 1kg,5
2872,11,1.0,548.34,2025-09-07,Rice Basmati 5kg,8
2873,13,,815.2,2025-09-07,Pepsi 1.5L,10
2874,6,,201.09,2025-09-07,Tea Whitener 1kg,4
2875,4,1.0,548.34,2025-09-07,Rice Basmati 5kg,8
2876,17,,467.06,2025-09-07,Wheat Flour 10kg,12
2877,13,1.0,566.23,2025-09-07,Sprite 1.5L,2
2878,20,5.0,357.09,2025-09-07,Colgate Toothpaste 100ml,17
2879,3,2.0,815.2,2025-09-07,Pepsi 1.5L,10
2880,19,1.0,491.64,2025-09-07,Ariel Washing Powder 1kg,7
2881,4,2.0,386.73,2025-09-07,Dettol Handwash 200ml,13
2882,12,5.0,606.63,2025-09-07,Shan Biryani Masala,6
2883,16,2.0,,2025-09-07,nan,
2884,12,2.0,153.28,2025-09-07,Surf Excel 1kg,19
2885,20,4.0,891.92,2025-09-07,Tapal Danedar 950g,16
2886,18,,374.08,2025-09-07,Coca Cola 1.5L,15
2887,17,2.0,100.09,2025-09-07,Olpers Milk 1L,14
2888,20,2.0,361.73,2025-09-07,Lux Soap 110g,18
2889,6,1.0,606.63,2025-09-07,Shan Biryani Masala,6
2890,5,2.0,376.78,2025-09-07,Dove Shampoo 360ml,11
2891,6,2.0,566.23,2025-09-07,Sprite 1.5L,2
2892,13,5.0,376.78,2025-09-07,Dove Shampoo 360ml,11
2893,12,,815.2,2025-09-07,Pepsi 1.5L,10
2894,11,2.0,815.2,2025-09-07,Pepsi 1.5L,10
2895,9,20.0,606.63,2025-09-07,Shan Biryani Masala,6
2896,8,1.0,,2025-09-07,nan,
2897,19,4.0,715.23,2025-09-07,Nimko Mix 400g,1
2898,2,4.0,815.2,2025-09-07,Pepsi 1.5L,10
2899,2,2.0,566.23,2025-09-07,Sprite 1.5L,2
2900,5,2.0,357.09,2025-09-07,Colgate Toothpaste 100ml,17
2901,12,2.0,566.23,2025-09-07,Sprite 1.5L,2
2902,7,3.0,201.09,2025-09-07,Tea Whitener 1kg,4
2903,4,1.0,,2025-09-07,nan,
2904,6,1.0,335.13,2025-09-07,National Ketchup 1kg,5
2905,5,5.0,715.23,2025-09-07,Nimko Mix 400g,1
2906,14,1.0,201.09,2025-09-07,Tea Whitener 1kg,4
2907,11,4.0,201.09,2025-09-07,Tea Whitener 1kg,4
2908,14,1.0,467.06,2025-09-07,Wheat Flour 10kg,12
2909,2,2.0,100.09,2025-09-07,Olpers Milk 1L,14
2910,10,10.0,357.09,2025-09-07,Colgate Toothpaste 100ml,17
2911,14,1.0,357.09,2025-09-07,Colgate Toothpaste 100ml,17
2912,3,1.0,361.73,2025-09-08,Lux Soap 110g,18
2913,3,,201.09,2025-09-08,Tea Whitener 1kg,4
2914,10,2.0,,2025-09-08,nan,
2915,8,1.0,374.08,2025-09-08,Coca Cola 1.5L,15
2916,5,1.0,376.78,2025-09-08,Dove Shampoo 360ml,11
2917,16,5.0,357.09,2025-09-08,Colgate Toothpaste 100ml,17
2918,6,3.0,,2025-09-08,None,
2919,15,1.0,491.64,2025-09-08,Ariel Washing Powder 1kg,7
2920,13,2.0,357.09,2025-09-08,Colgate Toothpaste 100ml,17
2921,7,1.0,100.09,2025-09-08,Olpers Milk 1L,14
2922,5,1.0,,2025-09-08,nan,
2923,12,5.0,311.35,2025-09-08,Sufi Banaspati 1kg,3
2924,1,5.0,311.35,2025-09-08,Sufi Banaspati 1kg,3
2925,7,1.0,357.09,2025-09-08,Colgate Toothpaste 100ml,17
2926,8,4.0,361.73,2025-09-08,Lux Soap 110g,18
2927,2,,715.23,2025-09-08,Nimko Mix 400g,1
2928,15,2.0,201.09,2025-09-08,Tea Whitener 1kg,4
2929,14,1.0,153.28,2025-09-08,Surf Excel 1kg,19
2930,17,1.0,,2025-09-08,None,
2931,14,1.0,374.08,2025-09-08,Coca Cola 1.5L,15
2932,1,1.0,891.92,2025-09-08,Tapal Danedar 950g,16
2933,16,1.0,361.73,2025-09-08,Lux Soap 110g,18
2934,1,1.0,361.73,2025-09-08,Lux Soap 110g,18
2935,7,1.0,310.0,2025-09-08,Nestle Milk Pack 1L,21
2936,13,1.0,311.35,2025-09-08,Sufi Banaspati 1kg,3
2937,8,1.0,335.13,2025-09-08,National Ketchup 1kg,5
2938,10,4.0,374.08,2025-09-08,Coca Cola 1.5L,15
2939,20,1.0,201.09,2025-09-08,Tea Whitener 1kg,4
2940,13,3.0,149.34,2025-09-08,Dalda Cooking Oil 1L,22
2941,11,2.0,335.13,2025-09-08,National Ketchup 1kg,5
2942,19,5.0,386.73,2025-09-08,Dettol Handwash 200ml,13
2943,5,1.0,201.09,2025-09-08,Tea Whitener 1kg,4
2944,10,2.0,335.13,2025-09-08,National Ketchup 1kg,5
2945,7,1.0,376.78,2025-09-08,Dove Shampoo 360ml,11
2946,15,1.0,201.09,2025-09-08,Tea Whitener 1kg,4
2947,10,5.0,815.2,2025-09-08,Pepsi 1.5L,10
2948,4,1.0,201.09,2025-09-08,Tea Whitener 1kg,4
2949,17,4.0,891.92,2025-09-08,Tapal Danedar 950g,16
2950,7,3.0,153.28,2025-09-08,Surf Excel 1kg,19
2951,17,1.0,361.73,2025-09-08,Lux Soap 110g,18
2952,18,1.0,606.63,2025-09-08,Shan Biryani Masala,6
2953,18,5.0,629.21,2025-09-08,Tissue Roll Rose Petal,23
2954,15,2.0,815.2,2025-09-08,Pepsi 1.5L,10
2955,3,2.0,715.23,2025-09-08,Nimko Mix 400g,1
2956,6,,566.23,2025-09-08,Sprite 1.5L,2
2957,1,2.0,153.28,2025-09-08,Surf Excel 1kg,19
2958,16,4.0,198.91,2025-09-08,Lifebuoy Soap 110g,20
2959,17,1.0,153.28,2025-09-08,Surf Excel 1kg,19
2960,16,4.0,357.09,2025-09-08,Colgate Toothpaste 100ml,17
2961,5,3.0,376.78,2025-09-08,Dove Shampoo 360ml,11
2962,20,2.0,566.23,2025-09-08,Sprite 1.5L,2
2963,6,1.0,357.09,2025-09-08,Colgate Toothpaste 100ml,17
2964,15,1.0,357.09,2025-09-08,Colgate Toothpaste 100ml,17
2965,18,3.0,566.23,2025-09-08,Sprite 1.5L,2
2966,11,1.0,566.23,2025-09-08,Sprite 1.5L,2
2967,5,4.0,198.91,2025-09-08,Lifebuoy Soap 110g,20
2968,8,2.0,311.35,2025-09-08,Sufi Banaspati 1kg,3
2969,11,3.0,311.35,2025-09-08,Sufi Banaspati 1kg,3
2970,15,5.0,548.34,2025-09-08,Rice Basmati 5kg,8
2971,18,1.0,548.34,2025-09-08,Rice Basmati 5kg,8
2972,9,1.0,,2025-09-08,nan,
2973,14,1.0,361.73,2025-09-08,Lux Soap 110g,18
2974,20,1.0,376.78,2025-09-08,Dove Shampoo 360ml,11
2975,1,1.0,,2025-09-08,nan,
2976,6,1.0,376.78,2025-09-08,Dove Shampoo 360ml,11
2977,16,,153.28,2025-09-09,Surf Excel 1kg,19
2978,9,2.0,629.21,2025-09-09,Tissue Roll Rose Petal,23
2979,1,3.0,566.23,2025-09-09,Sprite 1.5L,2
2980,18,1.0,715.23,2025-09-09,Nimko Mix 400g,1
2981,18,2.0,335.13,2025-09-09,National Ketchup 1kg,5
2982,20,,201.09,2025-09-09,Tea Whitener 1kg,4
2983,13,2.0,386.73,2025-09-09,Dettol Handwash 200ml,13
2984,8,5.0,357.09,2025-09-09,Colgate Toothpaste 100ml,17
2985,17,2.0,566.23,2025-09-09,Sprite 1.5L,2
2986,13,3.0,149.34,2025-09-09,Dalda Cooking Oil 1L,22
2987,10,3.0,491.64,2025-09-09,Ariel Washing Powder 1kg,7
2988,10,4.0,467.06,2025-09-09,Wheat Flour 10kg,12
2989,20,4.0,376.78,2025-09-09,Dove Shampoo 360ml,11
2990,7,2.0,335.13,2025-09-09,National Ketchup 1kg,5
2991,10,1.0,149.34,2025-09-09,Dalda Cooking Oil 1L,22
2992,9,,891.92,2025-09-09,Tapal Danedar 950g,16
2993,14,1.0,374.08,2025-09-09,Coca Cola 1.5L,15
2994,12,4.0,153.28,2025-09-09,Surf Excel 1kg,19
2995,8,1.0,100.09,2025-09-09,Olpers Milk 1L,14
2996,5,1.0,629.21,2025-09-09,Tissue Roll Rose Petal,23
2997,5,3.0,,2025-09-09,None,
2998,7,1.0,566.23,2025-09-09,Sprite 1.5L,2
2999,2,1.0,606.63,2025-09-09,Shan Biryani Masala,6
3000,12,1.0,566.23,2025-09-09,Sprite 1.5L,2
3001,8,2.0,357.09,2025-09-09,Colgate Toothpaste 100ml,17
3002,18,2.0,891.92,2025-09-09,Tapal Danedar 950g,16
3003,13,5.0,311.35,2025-09-09,Sufi Banaspati 1kg,3
3004,14,5.0,374.08,2025-09-09,Coca Cola 1.5L,15
3005,7,3.0,357.09,2025-09-09,Colgate Toothpaste 100ml,17
3006,6,1.0,,2025-09-09,None,
3007,4,3.0,548.34,2025-09-09,Rice Basmati 5kg,8
3008,7,3.0,386.73,2025-09-09,Dettol Handwash 200ml,13
3009,3,1.0,566.23,2025-09-09,Sprite 1.5L,2
3010,12,1.0,606.63,2025-09-09,Shan Biryani Masala,6
3011,14,2.0,566.23,2025-09-09,Sprite 1.5L,2
3012,20,1.0,715.23,2025-09-09,Nimko Mix 400g,1
3013,16,1.0,311.35,2025-09-09,Sufi Banaspati 1kg,3
3014,5,3.0,374.08,2025-09-09,Coca Cola 1.5L,15
3015,18,4.0,386.73,2025-09-09,Dettol Handwash 200ml,13
3016,3,1.0,311.35,2025-09-09,Sufi Banaspati 1kg,3
3017,17,1.0,311.35,2025-09-09,Sufi Banaspati 1kg,3
3018,12,2.0,357.09,2025-09-09,Colgate Toothpaste 100ml,17
3019,12,1.0,361.73,2025-09-09,Lux Soap 110g,18
3020,17,2.0,149.34,2025-09-09,Dalda Cooking Oil 1L,22
3021,4,1.0,606.63,2025-09-09,Shan Biryani Masala,6
3022,17,2.0,310.0,2025-09-09,Nestle Milk Pack 1L,21
3023,3,10.0,361.73,2025-09-09,Lux Soap 110g,18
3024,5,4.0,335.13,2025-09-09,National Ketchup 1kg,5
3025,5,4.0,815.2,2025-09-09,Pepsi 1.5L,10
3026,19,3.0,606.63,2025-09-09,Shan Biryani Masala,6
3027,16,5.0,361.73,2025-09-09,Lux Soap 110g,18
3028,1,2.0,815.2,2025-09-09,Pepsi 1.5L,10
3029,14,2.0,548.34,2025-09-09,Rice Basmati 5kg,8
3030,13,5.0,335.13,2025-09-09,National Ketchup 1kg,5
3031,2,1.0,311.35,2025-09-09,Sufi Banaspati 1kg,3
3032,4,4.0,201.09,2025-09-09,Tea Whitener 1kg,4
3033,13,1.0,335.13,2025-09-09,National Ketchup 1kg,5
3034,10,3.0,201.09,2025-09-09,Tea Whitener 1kg,4
3035,1,1.0,149.34,2025-09-09,Dalda Cooking Oil 1L,22
3036,1,4.0,566.23,2025-09-09,Sprite 1.5L,2
3037,20,1.0,100.09,2025-09-09,Olpers Milk 1L,14
3038,12,5.0,153.28,2025-09-09,Surf Excel 1kg,19
3039,8,3.0,,2025-09-09,nan,
3040,14,1.0,491.64,2025-09-09,Ariel Washing Powder 1kg,7
3041,10,3.0,357.09,2025-09-09,Colgate Toothpaste 100ml,17
3042,7,1.0,,2025-09-09,None,
3043,18,2.0,715.23,2025-09-09,Nimko Mix 400g,1
3044,2,10.0,198.91,2025-09-09,Lifebuoy Soap 110g,20
3045,1,3.0,566.23,2025-09-09,Sprite 1.5L,2
3046,9,1.0,,2025-09-09,nan,
3047,15,1.0,311.35,2025-09-09,Sufi Banaspati 1kg,3
3048,13,5.0,311.35,2025-09-09,Sufi Banaspati 1kg,3
3049,19,5.0,715.23,2025-09-09,Nimko Mix 400g,1
3050,9,2.0,201.09,2025-09-09,Tea Whitener 1kg,4
3051,7,4.0,310.0,2025-09-09,Nestle Milk Pack 1L,21
3052,9,1.0,153.28,2025-09-09,Surf Excel 1kg,19
3053,9,4.0,153.28,2025-09-09,Surf Excel 1kg,19
3054,13,2.0,153.28,2025-09-09,Surf Excel 1kg,19
3055,20,4.0,548.34,2025-09-09,Rice Basmati 5kg,8
3056,2,3.0,361.73,2025-09-10,Lux Soap 110g,18
3057,12,4.0,311.35,2025-09-10,Sufi Banaspati 1kg,3
3058,16,2.0,491.64,2025-09-10,Ariel Washing Powder 1kg,7
3059,2,1.0,335.13,2025-09-10,National Ketchup 1kg,5
3060,19,1.0,149.34,2025-09-10,Dalda Cooking Oil 1L,22
3061,16,2.0,201.09,2025-09-10,Tea Whitener 1kg,4
3062,19,,491.64,2025-09-10,Ariel Washing Powder 1kg,7
3063,16,3.0,467.06,2025-09-10,Wheat Flour 10kg,12
3064,2,1.0,,2025-09-10,None,
3065,7,1.0,467.06,2025-09-10,Wheat Flour 10kg,12
3066,16,1.0,374.08,2025-09-10,Coca Cola 1.5L,15
3067,12,1.0,606.63,2025-09-10,Shan Biryani Masala,6
3068,1,,153.28,2025-09-10,Surf Excel 1kg,19
3069,11,2.0,548.34,2025-09-10,Rice Basmati 5kg,8
3070,7,5.0,153.28,2025-09-10,Surf Excel 1kg,19
3071,1,1.0,566.23,2025-09-10,Sprite 1.5L,2
3072,5,1.0,335.13,2025-09-10,National Ketchup 1kg,5
3073,9,2.0,606.63,2025-09-10,Shan Biryani Masala,6
3074,2,1.0,,2025-09-10,nan,
3075,17,2.0,361.73,2025-09-10,Lux Soap 110g,18
3076,15,3.0,100.09,2025-09-10,Olpers Milk 1L,14
3077,10,1.0,361.73,2025-09-10,Lux Soap 110g,18
3078,16,1.0,,2025-09-10,nan,
3079,1,4.0,201.09,2025-09-10,Tea Whitener 1kg,4
3080,7,2.0,,2025-09-10,nan,
3081,2,1.0,374.08,2025-09-10,Coca Cola 1.5L,15
3082,14,1.0,715.23,2025-09-10,Nimko Mix 400g,1
3083,7,,361.73,2025-09-10,Lux Soap 110g,18
3084,5,2.0,,2025-09-10,nan,
3085,8,1.0,153.28,2025-09-10,Surf Excel 1kg,19
3086,5,1.0,149.34,2025-09-10,Dalda Cooking Oil 1L,22
3087,9,1.0,467.06,2025-09-10,Wheat Flour 10kg,12
3088,19,3.0,100.09,2025-09-10,Olpers Milk 1L,14
3089,15,2.0,629.21,2025-09-10,Tissue Roll Rose Petal,23
3090,2,4.0,566.23,2025-09-10,Sprite 1.5L,2
3091,6,3.0,153.28,2025-09-10,Surf Excel 1kg,19
3092,10,2.0,311.35,2025-09-10,Sufi Banaspati 1kg,3
3093,9,1.0,715.23,2025-09-10,Nimko Mix 400g,1
3094,12,4.0,361.73,2025-09-10,Lux Soap 110g,18
3095,1,2.0,,2025-09-10,nan,
3096,2,1.0,548.34,2025-09-10,Rice Basmati 5kg,8
3097,4,1.0,376.78,2025-09-10,Dove Shampoo 360ml,11
3098,19,1.0,548.34,2025-09-10,Rice Basmati 5kg,8
3099,6,3.0,374.08,2025-09-10,Coca Cola 1.5L,15
3100,20,3.0,467.06,2025-09-10,Wheat Flour 10kg,12
3101,1,3.0,,2025-09-10,None,
3102,11,1.0,491.64,2025-09-10,Ariel Washing Powder 1kg,7
3103,3,3.0,376.78,2025-09-10,Dove Shampoo 360ml,11
3104,14,1.0,566.23,2025-09-10,Sprite 1.5L,2
3105,8,2.0,566.23,2025-09-10,Sprite 1.5L,2
3106,20,1.0,715.23,2025-09-10,Nimko Mix 400g,1
3107,10,2.0,153.28,2025-09-10,Surf Excel 1kg,19
3108,7,2.0,201.09,2025-09-10,Tea Whitener 1kg,4
3109,7,3.0,361.73,2025-09-10,Lux Soap 110g,18
3110,12,,,2025-09-10,None,
3111,14,2.0,629.21,2025-09-10,Tissue Roll Rose Petal,23
3112,14,4.0,491.64,2025-09-10,Ariel Washing Powder 1kg,7
3113,8,5.0,357.09,2025-09-10,Colgate Toothpaste 100ml,17
3114,8,1.0,198.91,2025-09-10,Lifebuoy Soap 110g,20
3115,13,1.0,629.21,2025-09-10,Tissue Roll Rose Petal,23
3116,6,1.0,357.09,2025-09-10,Colgate Toothpaste 100ml,17
3117,7,3.0,201.09,2025-09-10,Tea Whitener 1kg,4
3118,10,1.0,100.09,2025-09-10,Olpers Milk 1L,14
3119,16,5.0,153.28,2025-09-10,Surf Excel 1kg,19
3120,10,1.0,606.63,2025-09-10,Shan Biryani Masala,6
3121,15,10.0,815.2,2025-09-10,Pepsi 1.5L,10
3122,15,5.0,201.09,2025-09-11,Tea Whitener 1kg,4
3123,17,1.0,715.23,2025-09-11,Nimko Mix 400g,1
3124,15,,548.34,2025-09-11,Rice Basmati 5kg,8
3125,2,5.0,386.73,2025-09-11,Dettol Handwash 200ml,13
3126,15,1.0,815.2,2025-09-11,Pepsi 1.5L,10
3127,8,4.0,715.23,2025-09-11,Nimko Mix 400g,1
3128,19,2.0,201.09,2025-09-11,Tea Whitener 1kg,4
3129,7,,153.28,2025-09-11,Surf Excel 1kg,19
3130,15,3.0,198.91,2025-09-11,Lifebuoy Soap 110g,20
3131,3,1.0,357.09,2025-09-11,Colgate Toothpaste 100ml,17
3132,16,1.0,374.08,2025-09-11,Coca Cola 1.5L,15
3133,9,2.0,310.0,2025-09-11,Nestle Milk Pack 1L,21
3134,17,4.0,374.08,2025-09-11,Coca Cola 1.5L,15
3135,20,5.0,198.91,2025-09-11,Lifebuoy Soap 110g,20
3136,3,2.0,201.09,2025-09-11,Tea Whitener 1kg,4
3137,11,5.0,548.34,2025-09-11,Rice Basmati 5kg,8
3138,3,10.0,311.35,2025-09-11,Sufi Banaspati 1kg,3
3139,14,3.0,153.28,2025-09-11,Surf Excel 1kg,19
3140,16,5.0,357.09,2025-09-11,Colgate Toothpaste 100ml,17
3141,5,1.0,361.73,2025-09-11,Lux Soap 110g,18
3142,11,5.0,153.28,2025-09-11,Surf Excel 1kg,19
3143,5,,606.63,2025-09-11,Shan Biryani Masala,6
3144,3,3.0,566.23,2025-09-11,Sprite 1.5L,2
3145,10,1.0,311.35,2025-09-11,Sufi Banaspati 1kg,3
3146,17,1.0,566.23,2025-09-11,Sprite 1.5L,2
3147,1,3.0,335.13,2025-09-11,National Ketchup 1kg,5
3148,12,2.0,566.23,2025-09-11,Sprite 1.5L,2
3149,6,1.0,357.09,2025-09-11,Colgate Toothpaste 100ml,17
3150,8,2.0,311.35,2025-09-11,Sufi Banaspati 1kg,3
3151,3,2.0,548.34,2025-09-11,Rice Basmati 5kg,8
3152,9,1.0,100.09,2025-09-11,Olpers Milk 1L,14
3153,11,1.0,311.35,2025-09-11,Sufi Banaspati 1kg,3
3154,10,4.0,100.09,2025-09-11,Olpers Milk 1L,14
3155,16,,548.34,2025-09-11,Rice Basmati 5kg,8
3156,13,1.0,566.23,2025-09-11,Sprite 1.5L,2
3157,20,5.0,491.64,2025-09-11,Ariel Washing Powder 1kg,7
3158,4,3.0,311.35,2025-09-11,Sufi Banaspati 1kg,3
3159,15,10.0,491.64,2025-09-11,Ariel Washing Powder 1kg,7
3160,16,1.0,357.09,2025-09-11,Colgate Toothpaste 100ml,17
3161,18,3.0,386.73,2025-09-11,Dettol Handwash 200ml,13
3162,20,10.0,374.08,2025-09-11,Coca Cola 1.5L,15
3163,12,1.0,201.09,2025-09-11,Tea Whitener 1kg,4
3164,13,1.0,376.78,2025-09-11,Dove Shampoo 360ml,11
3165,19,1.0,201.09,2025-09-11,Tea Whitener 1kg,4
3166,15,1.0,715.23,2025-09-11,Nimko Mix 400g,1
3167,7,1.0,629.21,2025-09-11,Tissue Roll Rose Petal,23
3168,6,,,2025-09-11,nan,
3169,12,4.0,715.23,2025-09-11,Nimko Mix 400g,1
3170,17,,566.23,2025-09-11,Sprite 1.5L,2
3171,14,4.0,566.23,2025-09-11,Sprite 1.5L,2
3172,19,20.0,198.91,2025-09-11,Lifebuoy Soap 110g,20
3173,3,10.0,376.78,2025-09-11,Dove Shampoo 360ml,11
3174,11,2.0,815.2,2025-09-11,Pepsi 1.5L,10
3175,17,,100.09,2025-09-11,Olpers Milk 1L,14
3176,2,5.0,491.64,2025-09-11,Ariel Washing Powder 1kg,7
3177,9,2.0,,2025-09-11,nan,
3178,3,1.0,606.63,2025-09-11,Shan Biryani Masala,6
3179,4,5.0,149.34,2025-09-11,Dalda Cooking Oil 1L,22
3180,19,5.0,386.73,2025-09-11,Dettol Handwash 200ml,13
3181,16,2.0,629.21,2025-09-11,Tissue Roll Rose Petal,23
3182,4,1.0,310.0,2025-09-11,Nestle Milk Pack 1L,21
3183,9,1.0,,2025-09-11,nan,
3184,18,3.0,566.23,2025-09-11,Sprite 1.5L,2
3185,14,1.0,606.63,2025-09-11,Shan Biryani Masala,6
3186,20,3.0,357.09,2025-09-11,Colgate Toothpaste 100ml,17
3187,18,1.0,891.92,2025-09-11,Tapal Danedar 950g,16
3188,3,3.0,,2025-09-11,nan,
3189,9,2.0,198.91,2025-09-11,Lifebuoy Soap 110g,20
3190,14,1.0,310.0,2025-09-11,Nestle Milk Pack 1L,21
3191,20,2.0,,2025-09-11,nan,
3192,17,1.0,149.34,2025-09-11,Dalda Cooking Oil 1L,22
3193,6,3.0,198.91,2025-09-11,Lifebuoy Soap 110g,20
3194,9,3.0,153.28,2025-09-11,Surf Excel 1kg,19
3195,16,2.0,374.08,2025-09-11,Coca Cola 1.5L,15
3196,5,3.0,153.28,2025-09-11,Surf Excel 1kg,19
3197,4,1.0,815.2,2025-09-11,Pepsi 1.5L,10
3198,18,,,2025-09-11,nan,
3199,6,2.0,815.2,2025-09-11,Pepsi 1.5L,10
3200,9,2.0,357.09,2025-09-11,Colgate Toothpaste 100ml,17
3201,6,3.0,376.78,2025-09-11,Dove Shampoo 360ml,11
3202,10,1.0,815.2,2025-09-11,Pepsi 1.5L,10
3203,14,2.0,361.73,2025-09-11,Lux Soap 110g,18
3204,7,4.0,386.73,2025-09-11,Dettol Handwash 200ml,13
3205,2,1.0,198.91,2025-09-11,Lifebuoy Soap 110g,20
3206,16,20.0,361.73,2025-09-11,Lux Soap 110g,18
3207,17,3.0,,2025-09-11,None,
3208,17,1.0,100.09,2025-09-11,Olpers Milk 1L,14
3209,8,1.0,335.13,2025-09-11,National Ketchup 1kg,5
3210,7,1.0,100.09,2025-09-11,Olpers Milk 1L,14
3211,19,4.0,201.09,2025-09-11,Tea Whitener 1kg,4
3212,16,2.0,715.23,2025-09-11,Nimko Mix 400g,1
3213,1,3.0,153.28,2025-09-11,Surf Excel 1kg,19
3214,12,5.0,311.35,2025-09-11,Sufi Banaspati 1kg,3
3215,2,2.0,310.0,2025-09-11,Nestle Milk Pack 1L,21
3216,17,1.0,,2025-09-11,None,
3217,1,1.0,357.09,2025-09-11,Colgate Toothpaste 100ml,17
3218,13,2.0,311.35,2025-09-12,Sufi Banaspati 1kg,3
3219,2,2.0,386.73,2025-09-12,Dettol Handwash 200ml,13
3220,1,2.0,467.06,2025-09-12,Wheat Flour 10kg,12
3221,2,1.0,153.28,2025-09-12,Surf Excel 1kg,19
3222,8,5.0,149.34,2025-09-12,Dalda Cooking Oil 1L,22
3223,18,2.0,198.91,2025-09-12,Lifebuoy Soap 110g,20
3224,11,10.0,629.21,2025-09-12,Tissue Roll Rose Petal,23
3225,10,,467.06,2025-09-12,Wheat Flour 10kg,12
3226,2,3.0,153.28,2025-09-12,Surf Excel 1kg,19
3227,2,2.0,715.23,2025-09-12,Nimko Mix 400g,1
3228,1,4.0,311.35,2025-09-12,Sufi Banaspati 1kg,3
3229,19,3.0,361.73,2025-09-12,Lux Soap 110g,18
3230,3,5.0,311.35,2025-09-12,Sufi Banaspati 1kg,3
3231,11,1.0,566.23,2025-09-12,Sprite 1.5L,2
3232,18,5.0,374.08,2025-09-12,Coca Cola 1.5L,15
3233,17,5.0,467.06,2025-09-12,Wheat Flour 10kg,12
3234,9,3.0,548.34,2025-09-12,Rice Basmati 5kg,8
3235,3,1.0,815.2,2025-09-12,Pepsi 1.5L,10
3236,11,1.0,386.73,2025-09-12,Dettol Handwash 200ml,13
3237,2,2.0,201.09,2025-09-12,Tea Whitener 1kg,4
3238,16,4.0,891.92,2025-09-12,Tapal Danedar 950g,16
3239,15,2.0,357.09,2025-09-12,Colgate Toothpaste 100ml,17
3240,19,5.0,198.91,2025-09-12,Lifebuoy Soap 110g,20
3241,15,2.0,361.73,2025-09-12,Lux Soap 110g,18
3242,11,2.0,311.35,2025-09-12,Sufi Banaspati 1kg,3
3243,14,2.0,386.73,2025-09-12,Dettol Handwash 200ml,13
3244,13,2.0,815.2,2025-09-12,Pepsi 1.5L,10
3245,11,3.0,335.13,2025-09-12,National Ketchup 1kg,5
3246,13,2.0,100.09,2025-09-12,Olpers Milk 1L,14
3247,16,2.0,311.35,2025-09-12,Sufi Banaspati 1kg,3
3248,13,3.0,715.23,2025-09-12,Nimko Mix 400g,1
3249,5,1.0,100.09,2025-09-12,Olpers Milk 1L,14
3250,12,5.0,386.73,2025-09-12,Dettol Handwash 200ml,13
3251,5,4.0,891.92,2025-09-12,Tapal Danedar 950g,16
3252,18,1.0,361.73,2025-09-12,Lux Soap 110g,18
3253,2,1.0,,2025-09-12,nan,
3254,19,2.0,310.0,2025-09-12,Nestle Milk Pack 1L,21
3255,7,2.0,629.21,2025-09-12,Tissue Roll Rose Petal,23
3256,4,2.0,629.21,2025-09-12,Tissue Roll Rose Petal,23
3257,13,1.0,815.2,2025-09-12,Pepsi 1.5L,10
3258,17,1.0,149.34,2025-09-12,Dalda Cooking Oil 1L,22
3259,16,4.0,467.06,2025-09-12,Wheat Flour 10kg,12
3260,11,5.0,,2025-09-12,nan,
3261,9,3.0,,2025-09-12,None,
3262,9,2.0,566.23,2025-09-12,Sprite 1.5L,2
3263,20,2.0,198.91,2025-09-12,Lifebuoy Soap 110g,20
3264,7,5.0,491.64,2025-09-12,Ariel Washing Powder 1kg,7
3265,3,3.0,566.23,2025-09-12,Sprite 1.5L,2
3266,11,2.0,815.2,2025-09-12,Pepsi 1.5L,10
3267,16,2.0,149.34,2025-09-12,Dalda Cooking Oil 1L,22
3268,19,,361.73,2025-09-12,Lux Soap 110g,18
3269,6,4.0,566.23,2025-09-12,Sprite 1.5L,2
3270,10,4.0,491.64,2025-09-12,Ariel Washing Powder 1kg,7
3271,4,2.0,198.91,2025-09-12,Lifebuoy Soap 110g,20
3272,16,2.0,491.64,2025-09-12,Ariel Washing Powder 1kg,7
3273,16,2.0,201.09,2025-09-12,Tea Whitener 1kg,4
3274,11,3.0,566.23,2025-09-12,Sprite 1.5L,2
3275,8,1.0,815.2,2025-09-12,Pepsi 1.5L,10
3276,12,3.0,201.09,2025-09-12,Tea Whitener 1kg,4
3277,19,4.0,566.23,2025-09-12,Sprite 1.5L,2
3278,6,1.0,386.73,2025-09-12,Dettol Handwash 200ml,13
3279,7,4.0,201.09,2025-09-12,Tea Whitener 1kg,4
3280,13,10.0,100.09,2025-09-12,Olpers Milk 1L,14
3281,9,1.0,566.23,2025-09-12,Sprite 1.5L,2
3282,17,10.0,566.23,2025-09-12,Sprite 1.5L,2
3283,18,2.0,100.09,2025-09-12,Olpers Milk 1L,14
3284,4,5.0,374.08,2025-09-12,Coca Cola 1.5L,15
3285,2,1.0,357.09,2025-09-12,Colgate Toothpaste 100ml,17
3286,7,3.0,715.23,2025-09-12,Nimko Mix 400g,1
3287,11,2.0,198.91,2025-09-12,Lifebuoy Soap 110g,20
3288,2,1.0,201.09,2025-09-12,Tea Whitener 1kg,4
3289,6,2.0,357.09,2025-09-12,Colgate Toothpaste 100ml,17
3290,3,2.0,357.09,2025-09-12,Colgate Toothpaste 100ml,17
3291,4,1.0,491.64,2025-09-12,Ariel Washing Powder 1kg,7
3292,18,1.0,566.23,2025-09-12,Sprite 1.5L,2
3293,3,4.0,629.21,2025-09-12,Tissue Roll Rose Petal,23
3294,9,3.0,386.73,2025-09-12,Dettol Handwash 200ml,13
3295,2,1.0,566.23,2025-09-12,Sprite 1.5L,2
3296,5,1.0,361.73,2025-09-12,Lux Soap 110g,18
3297,15,,335.13,2025-09-12,National Ketchup 1kg,5
3298,16,2.0,376.78,2025-09-12,Dove Shampoo 360ml,11
3299,11,1.0,149.34,2025-09-12,Dalda Cooking Oil 1L,22
3300,15,3.0,357.09,2025-09-12,Colgate Toothpaste 100ml,17
3301,10,4.0,376.78,2025-09-13,Dove Shampoo 360ml,11
3302,11,,566.23,2025-09-13,Sprite 1.5L,2
3303,8,2.0,566.23,2025-09-13,Sprite 1.5L,2
3304,2,20.0,891.92,2025-09-13,Tapal Danedar 950g,16
3305,19,1.0,715.23,2025-09-13,Nimko Mix 400g,1
3306,9,1.0,491.64,2025-09-13,Ariel Washing Powder 1kg,7
3307,1,2.0,201.09,2025-09-13,Tea Whitener 1kg,4
3308,11,4.0,335.13,2025-09-13,National Ketchup 1kg,5
3309,14,1.0,153.28,2025-09-13,Surf Excel 1kg,19
3310,14,3.0,198.91,2025-09-13,Lifebuoy Soap 110g,20
3311,15,1.0,153.28,2025-09-13,Surf Excel 1kg,19
3312,17,3.0,376.78,2025-09-13,Dove Shampoo 360ml,11
3313,3,10.0,335.13,2025-09-13,National Ketchup 1kg,5
3314,3,2.0,198.91,2025-09-13,Lifebuoy Soap 110g,20
3315,6,1.0,467.06,2025-09-13,Wheat Flour 10kg,12
3316,13,1.0,566.23,2025-09-13,Sprite 1.5L,2
3317,7,4.0,361.73,2025-09-13,Lux Soap 110g,18
3318,13,20.0,201.09,2025-09-13,Tea Whitener 1kg,4
3319,8,3.0,491.64,2025-09-13,Ariel Washing Powder 1kg,7
3320,10,3.0,374.08,2025-09-13,Coca Cola 1.5L,15
3321,5,1.0,149.34,2025-09-13,Dalda Cooking Oil 1L,22
3322,15,4.0,153.28,2025-09-13,Surf Excel 1kg,19
3323,4,2.0,491.64,2025-09-13,Ariel Washing Powder 1kg,7
3324,3,,606.63,2025-09-13,Shan Biryani Masala,6
3325,18,3.0,606.63,2025-09-13,Shan Biryani Masala,6
3326,20,5.0,,2025-09-13,nan,
3327,16,,386.73,2025-09-13,Dettol Handwash 200ml,13
3328,18,1.0,149.34,2025-09-13,Dalda Cooking Oil 1L,22
3329,14,4.0,,2025-09-13,nan,
3330,17,3.0,100.09,2025-09-13,Olpers Milk 1L,14
3331,13,1.0,201.09,2025-09-13,Tea Whitener 1kg,4
3332,13,1.0,374.08,2025-09-13,Coca Cola 1.5L,15
3333,15,2.0,,2025-09-13,nan,
3334,1,1.0,201.09,2025-09-13,Tea Whitener 1kg,4
3335,14,3.0,,2025-09-13,nan,
3336,20,2.0,548.34,2025-09-13,Rice Basmati 5kg,8
3337,12,3.0,335.13,2025-09-13,National Ketchup 1kg,5
3338,6,10.0,201.09,2025-09-13,Tea Whitener 1kg,4
3339,19,1.0,,2025-09-13,nan,
3340,18,1.0,149.34,2025-09-13,Dalda Cooking Oil 1L,22
3341,12,2.0,311.35,2025-09-13,Sufi Banaspati 1kg,3
3342,6,2.0,386.73,2025-09-13,Dettol Handwash 200ml,13
3343,6,5.0,361.73,2025-09-13,Lux Soap 110g,18
3344,18,4.0,357.09,2025-09-13,Colgate Toothpaste 100ml,17
3345,13,1.0,153.28,2025-09-13,Surf Excel 1kg,19
3346,17,3.0,,2025-09-13,None,
3347,7,1.0,357.09,2025-09-13,Colgate Toothpaste 100ml,17
3348,8,,357.09,2025-09-13,Colgate Toothpaste 100ml,17
3349,1,2.0,374.08,2025-09-13,Coca Cola 1.5L,15
3350,14,1.0,566.23,2025-09-13,Sprite 1.5L,2
3351,15,5.0,606.63,2025-09-13,Shan Biryani Masala,6
3352,16,1.0,153.28,2025-09-13,Surf Excel 1kg,19
3353,4,1.0,149.34,2025-09-13,Dalda Cooking Oil 1L,22
3354,4,2.0,198.91,2025-09-13,Lifebuoy Soap 110g,20
3355,2,1.0,357.09,2025-09-13,Colgate Toothpaste 100ml,17
3356,5,4.0,357.09,2025-09-13,Colgate Toothpaste 100ml,17
3357,3,2.0,566.23,2025-09-13,Sprite 1.5L,2
3358,11,5.0,357.09,2025-09-13,Colgate Toothpaste 100ml,17
3359,20,2.0,100.09,2025-09-13,Olpers Milk 1L,14
3360,6,2.0,357.09,2025-09-13,Colgate Toothpaste 100ml,17
3361,16,4.0,100.09,2025-09-14,Olpers Milk 1L,14
3362,15,1.0,201.09,2025-09-14,Tea Whitener 1kg,4
3363,7,3.0,715.23,2025-09-14,Nimko Mix 400g,1
3364,4,1.0,153.28,2025-09-14,Surf Excel 1kg,19
3365,13,2.0,100.09,2025-09-14,Olpers Milk 1L,14
3366,7,10.0,629.21,2025-09-14,Tissue Roll Rose Petal,23
3367,10,1.0,100.09,2025-09-14,Olpers Milk 1L,14
3368,9,5.0,491.64,2025-09-14,Ariel Washing Powder 1kg,7
3369,11,2.0,198.91,2025-09-14,Lifebuoy Soap 110g,20
3370,4,2.0,361.73,2025-09-14,Lux Soap 110g,18
3371,12,2.0,149.34,2025-09-14,Dalda Cooking Oil 1L,22
3372,6,2.0,376.78,2025-09-14,Dove Shampoo 360ml,11
3373,7,,566.23,2025-09-14,Sprite 1.5L,2
3374,2,1.0,548.34,2025-09-14,Rice Basmati 5kg,8
3375,7,1.0,149.34,2025-09-14,Dalda Cooking Oil 1L,22
3376,19,4.0,491.64,2025-09-14,Ariel Washing Powder 1kg,7
3377,20,1.0,566.23,2025-09-14,Sprite 1.5L,2
3378,4,3.0,198.91,2025-09-14,Lifebuoy Soap 110g,20
3379,1,1.0,376.78,2025-09-14,Dove Shampoo 360ml,11
3380,17,1.0,491.64,2025-09-14,Ariel Washing Powder 1kg,7
3381,15,1.0,335.13,2025-09-14,National Ketchup 1kg,5
3382,1,1.0,311.35,2025-09-14,Sufi Banaspati 1kg,3
3383,1,1.0,629.21,2025-09-14,Tissue Roll Rose Petal,23
3384,6,2.0,891.92,2025-09-14,Tapal Danedar 950g,16
3385,5,2.0,606.63,2025-09-14,Shan Biryani Masala,6
3386,12,2.0,467.06,2025-09-14,Wheat Flour 10kg,12
3387,18,1.0,335.13,2025-09-14,National Ketchup 1kg,5
3388,20,2.0,606.63,2025-09-14,Shan Biryani Masala,6
3389,11,3.0,566.23,2025-09-14,Sprite 1.5L,2
3390,14,2.0,566.23,2025-09-14,Sprite 1.5L,2
3391,7,3.0,198.91,2025-09-14,Lifebuoy Soap 110g,20
3392,3,1.0,374.08,2025-09-14,Coca Cola 1.5L,15
3393,3,1.0,606.63,2025-09-14,Shan Biryani Masala,6
3394,3,2.0,311.35,2025-09-14,Sufi Banaspati 1kg,3
3395,11,2.0,566.23,2025-09-14,Sprite 1.5L,2
3396,6,3.0,629.21,2025-09-14,Tissue Roll Rose Petal,23
3397,4,2.0,606.63,2025-09-14,Shan Biryani Masala,6
3398,14,5.0,491.64,2025-09-14,Ariel Washing Powder 1kg,7
3399,9,2.0,149.34,2025-09-14,Dalda Cooking Oil 1L,22
3400,20,1.0,357.09,2025-09-14,Colgate Toothpaste 100ml,17
3401,2,5.0,715.23,2025-09-14,Nimko Mix 400g,1
3402,12,2.0,198.91,2025-09-14,Lifebuoy Soap 110g,20
3403,9,3.0,,2025-09-14,nan,
3404,15,,311.35,2025-09-14,Sufi Banaspati 1kg,3
3405,18,1.0,386.73,2025-09-14,Dettol Handwash 200ml,13
3406,1,4.0,310.0,2025-09-14,Nestle Milk Pack 1L,21
3407,12,2.0,376.78,2025-09-14,Dove Shampoo 360ml,11
3408,7,2.0,374.08,2025-09-14,Coca Cola 1.5L,15
3409,3,5.0,357.09,2025-09-14,Colgate Toothpaste 100ml,17
3410,13,5.0,815.2,2025-09-14,Pepsi 1.5L,10
3411,1,5.0,335.13,2025-09-14,National Ketchup 1kg,5
3412,5,5.0,201.09,2025-09-14,Tea Whitener 1kg,4
3413,11,5.0,361.73,2025-09-14,Lux Soap 110g,18
3414,7,5.0,149.34,2025-09-14,Dalda Cooking Oil 1L,22
3415,20,5.0,100.09,2025-09-14,Olpers Milk 1L,14
3416,16,4.0,,2025-09-14,nan,
3417,4,5.0,548.34,2025-09-14,Rice Basmati 5kg,8
3418,17,1.0,201.09,2025-09-14,Tea Whitener 1kg,4
3419,8,1.0,467.06,2025-09-14,Wheat Flour 10kg,12
3420,3,1.0,153.28,2025-09-14,Surf Excel 1kg,19
3421,1,,374.08,2025-09-14,Coca Cola 1.5L,15
3422,5,4.0,311.35,2025-09-14,Sufi Banaspati 1kg,3
3423,13,5.0,566.23,2025-09-14,Sprite 1.5L,2
3424,7,1.0,629.21,2025-09-14,Tissue Roll Rose Petal,23
3425,20,,467.06,2025-09-14,Wheat Flour 10kg,12
3426,15,2.0,374.08,2025-09-14,Coca Cola 1.5L,15
3427,3,1.0,198.91,2025-09-14,Lifebuoy Soap 110g,20
3428,15,1.0,201.09,2025-09-14,Tea Whitener 1kg,4
3429,2,2.0,606.63,2025-09-14,Shan Biryani Masala,6
3430,5,1.0,357.09,2025-09-14,Colgate Toothpaste 100ml,17
3431,2,4.0,566.23,2025-09-14,Sprite 1.5L,2
3432,14,,891.92,2025-09-14,Tapal Danedar 950g,16
3433,12,4.0,100.09,2025-09-14,Olpers Milk 1L,14
3434,10,2.0,198.91,2025-09-14,Lifebuoy Soap 110g,20
3435,16,2.0,100.09,2025-09-14,Olpers Milk 1L,14
3436,4,1.0,335.13,2025-09-14,National Ketchup 1kg,5
3437,12,3.0,149.34,2025-09-14,Dalda Cooking Oil 1L,22
3438,8,1.0,629.21,2025-09-14,Tissue Roll Rose Petal,23
3439,16,10.0,606.63,2025-09-14,Shan Biryani Masala,6
3440,2,1.0,361.73,2025-09-14,Lux Soap 110g,18
3441,8,2.0,376.78,2025-09-14,Dove Shampoo 360ml,11
3442,10,5.0,467.06,2025-09-14,Wheat Flour 10kg,12
3443,4,3.0,376.78,2025-09-14,Dove Shampoo 360ml,11
3444,2,2.0,335.13,2025-09-14,National Ketchup 1kg,5
3445,14,1.0,198.91,2025-09-14,Lifebuoy Soap 110g,20
3446,16,5.0,198.91,2025-09-15,Lifebuoy Soap 110g,20
3447,10,1.0,335.13,2025-09-15,National Ketchup 1kg,5
3448,14,2.0,201.09,2025-09-15,Tea Whitener 1kg,4
3449,4,4.0,548.34,2025-09-15,Rice Basmati 5kg,8
3450,7,3.0,335.13,2025-09-15,National Ketchup 1kg,5
3451,4,1.0,357.09,2025-09-15,Colgate Toothpaste 100ml,17
3452,4,2.0,149.34,2025-09-15,Dalda Cooking Oil 1L,22
3453,5,1.0,566.23,2025-09-15,Sprite 1.5L,2
3454,2,3.0,629.21,2025-09-15,Tissue Roll Rose Petal,23
3455,3,1.0,201.09,2025-09-15,Tea Whitener 1kg,4
3456,14,5.0,715.23,2025-09-15,Nimko Mix 400g,1
3457,15,2.0,201.09,2025-09-15,Tea Whitener 1kg,4
3458,12,3.0,386.73,2025-09-15,Dettol Handwash 200ml,13
3459,6,5.0,491.64,2025-09-15,Ariel Washing Powder 1kg,7
3460,11,1.0,715.23,2025-09-15,Nimko Mix 400g,1
3461,7,1.0,467.06,2025-09-15,Wheat Flour 10kg,12
3462,5,1.0,311.35,2025-09-15,Sufi Banaspati 1kg,3
3463,9,2.0,100.09,2025-09-15,Olpers Milk 1L,14
3464,6,1.0,361.73,2025-09-15,Lux Soap 110g,18
3465,11,1.0,891.92,2025-09-15,Tapal Danedar 950g,16
3466,15,2.0,467.06,2025-09-15,Wheat Flour 10kg,12
3467,8,2.0,153.28,2025-09-15,Surf Excel 1kg,19
3468,2,20.0,491.64,2025-09-15,Ariel Washing Powder 1kg,7
3469,19,5.0,606.63,2025-09-15,Shan Biryani Masala,6
3470,9,3.0,361.73,2025-09-15,Lux Soap 110g,18
3471,12,2.0,361.73,2025-09-15,Lux Soap 110g,18
3472,12,5.0,386.73,2025-09-15,Dettol Handwash 200ml,13
3473,3,1.0,715.23,2025-09-15,Nimko Mix 400g,1
3474,1,2.0,201.09,2025-09-15,Tea Whitener 1kg,4
3475,15,1.0,566.23,2025-09-15,Sprite 1.5L,2
3476,12,20.0,,2025-09-15,nan,
3477,19,1.0,606.63,2025-09-15,Shan Biryani Masala,6
3478,10,2.0,566.23,2025-09-15,Sprite 1.5L,2
3479,9,3.0,374.08,2025-09-15,Coca Cola 1.5L,15
3480,19,,153.28,2025-09-15,Surf Excel 1kg,19
3481,12,4.0,311.35,2025-09-15,Sufi Banaspati 1kg,3
3482,19,2.0,374.08,2025-09-15,Coca Cola 1.5L,15
3483,5,,153.28,2025-09-15,Surf Excel 1kg,19
3484,6,1.0,548.34,2025-09-15,Rice Basmati 5kg,8
3485,11,1.0,386.73,2025-09-15,Dettol Handwash 200ml,13
3486,5,1.0,153.28,2025-09-15,Surf Excel 1kg,19
3487,12,2.0,361.73,2025-09-15,Lux Soap 110g,18
3488,15,4.0,891.92,2025-09-15,Tapal Danedar 950g,16
3489,19,2.0,491.64,2025-09-15,Ariel Washing Powder 1kg,7
3490,14,1.0,201.09,2025-09-15,Tea Whitener 1kg,4
3491,17,20.0,715.23,2025-09-15,Nimko Mix 400g,1
3492,18,5.0,357.09,2025-09-15,Colgate Toothpaste 100ml,17
3493,10,1.0,891.92,2025-09-15,Tapal Danedar 950g,16
3494,15,2.0,311.35,2025-09-15,Sufi Banaspati 1kg,3
3495,7,2.0,361.73,2025-09-15,Lux Soap 110g,18
3496,9,3.0,606.63,2025-09-15,Shan Biryani Masala,6
3497,15,2.0,386.73,2025-09-15,Dettol Handwash 200ml,13
3498,19,3.0,201.09,2025-09-15,Tea Whitener 1kg,4
3499,7,4.0,335.13,2025-09-15,National Ketchup 1kg,5
3500,8,1.0,891.92,2025-09-15,Tapal Danedar 950g,16
3501,1,4.0,335.13,2025-09-15,National Ketchup 1kg,5
3502,2,,715.23,2025-09-15,Nimko Mix 400g,1
3503,12,1.0,361.73,2025-09-15,Lux Soap 110g,18
3504,18,1.0,386.73,2025-09-15,Dettol Handwash 200ml,13
3505,6,2.0,,2025-09-15,None,
3506,18,4.0,,2025-09-15,nan,
3507,12,2.0,198.91,2025-09-15,Lifebuoy Soap 110g,20
3508,6,2.0,467.06,2025-09-15,Wheat Flour 10kg,12
3509,2,4.0,566.23,2025-09-15,Sprite 1.5L,2
3510,10,3.0,629.21,2025-09-15,Tissue Roll Rose Petal,23
3511,20,2.0,,2025-09-15,nan,
3512,2,4.0,198.91,2025-09-16,Lifebuoy Soap 110g,20
3513,15,2.0,374.08,2025-09-16,Coca Cola 1.5L,15
3514,4,2.0,149.34,2025-09-16,Dalda Cooking Oil 1L,22
3515,4,3.0,891.92,2025-09-16,Tapal Danedar 950g,16
3516,12,4.0,,2025-09-16,None,
3517,1,1.0,815.2,2025-09-16,Pepsi 1.5L,10
3518,7,3.0,,2025-09-16,nan,
3519,5,3.0,374.08,2025-09-16,Coca Cola 1.5L,15
3520,11,,361.73,2025-09-16,Lux Soap 110g,18
3521,16,2.0,,2025-09-16,nan,
3522,19,5.0,201.09,2025-09-16,Tea Whitener 1kg,4
3523,19,1.0,386.73,2025-09-16,Dettol Handwash 200ml,13
3524,11,2.0,815.2,2025-09-16,Pepsi 1.5L,10
3525,2,1.0,153.28,2025-09-16,Surf Excel 1kg,19
3526,2,2.0,548.34,2025-09-16,Rice Basmati 5kg,8
3527,20,4.0,100.09,2025-09-16,Olpers Milk 1L,14
3528,20,3.0,311.35,2025-09-16,Sufi Banaspati 1kg,3
3529,16,2.0,310.0,2025-09-16,Nestle Milk Pack 1L,21
3530,19,1.0,198.91,2025-09-16,Lifebuoy Soap 110g,20
3531,13,4.0,149.34,2025-09-16,Dalda Cooking Oil 1L,22
3532,13,2.0,891.92,2025-09-16,Tapal Danedar 950g,16
3533,7,1.0,566.23,2025-09-16,Sprite 1.5L,2
3534,5,5.0,311.35,2025-09-16,Sufi Banaspati 1kg,3
3535,5,1.0,606.63,2025-09-16,Shan Biryani Masala,6
3536,12,1.0,153.28,2025-09-16,Surf Excel 1kg,19
3537,13,5.0,198.91,2025-09-16,Lifebuoy Soap 110g,20
3538,7,5.0,361.73,2025-09-16,Lux Soap 110g,18
3539,8,5.0,335.13,2025-09-16,National Ketchup 1kg,5
3540,9,2.0,467.06,2025-09-16,Wheat Flour 10kg,12
3541,3,,606.63,2025-09-16,Shan Biryani Masala,6
3542,15,2.0,715.23,2025-09-16,Nimko Mix 400g,1
3543,20,,311.35,2025-09-16,Sufi Banaspati 1kg,3
3544,3,1.0,815.2,2025-09-16,Pepsi 1.5L,10
3545,10,1.0,815.2,2025-09-16,Pepsi 1.5L,10
3546,7,2.0,335.13,2025-09-16,National Ketchup 1kg,5
3547,16,2.0,629.21,2025-09-16,Tissue Roll Rose Petal,23
3548,15,3.0,891.92,2025-09-16,Tapal Danedar 950g,16
3549,9,1.0,376.78,2025-09-16,Dove Shampoo 360ml,11
3550,9,2.0,374.08,2025-09-16,Coca Cola 1.5L,15
3551,6,3.0,566.23,2025-09-16,Sprite 1.5L,2
3552,19,3.0,335.13,2025-09-16,National Ketchup 1kg,5
3553,6,1.0,548.34,2025-09-16,Rice Basmati 5kg,8
3554,8,3.0,629.21,2025-09-16,Tissue Roll Rose Petal,23
3555,13,1.0,386.73,2025-09-16,Dettol Handwash 200ml,13
3556,12,3.0,891.92,2025-09-16,Tapal Danedar 950g,16
3557,14,4.0,467.06,2025-09-16,Wheat Flour 10kg,12
3558,6,1.0,606.63,2025-09-16,Shan Biryani Masala,6
3559,15,5.0,566.23,2025-09-16,Sprite 1.5L,2
3560,9,1.0,566.23,2025-09-16,Sprite 1.5L,2
3561,7,3.0,566.23,2025-09-16,Sprite 1.5L,2
3562,6,1.0,311.35,2025-09-16,Sufi Banaspati 1kg,3
3563,14,2.0,491.64,2025-09-16,Ariel Washing Powder 1kg,7
3564,19,3.0,715.23,2025-09-16,Nimko Mix 400g,1
3565,11,2.0,,2025-09-16,None,
3566,10,2.0,548.34,2025-09-16,Rice Basmati 5kg,8
3567,7,1.0,153.28,2025-09-16,Surf Excel 1kg,19
3568,5,3.0,376.78,2025-09-16,Dove Shampoo 360ml,11
3569,9,3.0,311.35,2025-09-16,Sufi Banaspati 1kg,3
3570,20,3.0,891.92,2025-09-16,Tapal Danedar 950g,16
3571,7,3.0,201.09,2025-09-17,Tea Whitener 1kg,4
3572,18,2.0,149.34,2025-09-17,Dalda Cooking Oil 1L,22
3573,2,3.0,467.06,2025-09-17,Wheat Flour 10kg,12
3574,11,3.0,311.35,2025-09-17,Sufi Banaspati 1kg,3
3575,12,1.0,,2025-09-17,nan,
3576,8,3.0,715.23,2025-09-17,Nimko Mix 400g,1
3577,6,1.0,357.09,2025-09-17,Colgate Toothpaste 100ml,17
3578,10,,,2025-09-17,nan,
3579,7,5.0,361.73,2025-09-17,Lux Soap 110g,18
3580,17,2.0,566.23,2025-09-17,Sprite 1.5L,2
3581,8,5.0,198.91,2025-09-17,Lifebuoy Soap 110g,20
3582,12,3.0,,2025-09-17,None,
3583,19,2.0,361.73,2025-09-17,Lux Soap 110g,18
3584,4,4.0,201.09,2025-09-17,Tea Whitener 1kg,4
3585,13,10.0,,2025-09-17,nan,
3586,7,3.0,201.09,2025-09-17,Tea Whitener 1kg,4
3587,11,2.0,311.35,2025-09-17,Sufi Banaspati 1kg,3
3588,15,4.0,100.09,2025-09-17,Olpers Milk 1L,14
3589,11,1.0,198.91,2025-09-17,Lifebuoy Soap 110g,20
3590,2,1.0,566.23,2025-09-17,Sprite 1.5L,2
3591,12,1.0,201.09,2025-09-17,Tea Whitener 1kg,4
3592,4,1.0,201.09,2025-09-17,Tea Whitener 1kg,4
3593,13,2.0,361.73,2025-09-17,Lux Soap 110g,18
3594,15,3.0,361.73,2025-09-17,Lux Soap 110g,18
3595,11,20.0,715.23,2025-09-17,Nimko Mix 400g,1
3596,9,1.0,376.78,2025-09-17,Dove Shampoo 360ml,11
3597,16,2.0,,2025-09-17,nan,
3598,7,2.0,201.09,2025-09-17,Tea Whitener 1kg,4
3599,18,,201.09,2025-09-17,Tea Whitener 1kg,4
3600,5,2.0,374.08,2025-09-17,Coca Cola 1.5L,15
3601,5,2.0,357.09,2025-09-17,Colgate Toothpaste 100ml,17
3602,4,1.0,815.2,2025-09-17,Pepsi 1.5L,10
3603,10,3.0,149.34,2025-09-17,Dalda Cooking Oil 1L,22
3604,8,5.0,311.35,2025-09-17,Sufi Banaspati 1kg,3
3605,16,3.0,467.06,2025-09-17,Wheat Flour 10kg,12
3606,10,2.0,606.63,2025-09-17,Shan Biryani Masala,6
3607,11,5.0,,2025-09-17,nan,
3608,16,1.0,467.06,2025-09-17,Wheat Flour 10kg,12
3609,9,3.0,715.23,2025-09-17,Nimko Mix 400g,1
3610,17,1.0,153.28,2025-09-17,Surf Excel 1kg,19
3611,19,1.0,566.23,2025-09-17,Sprite 1.5L,2
3612,5,4.0,815.2,2025-09-17,Pepsi 1.5L,10
3613,13,4.0,153.28,2025-09-17,Surf Excel 1kg,19
3614,17,3.0,815.2,2025-09-17,Pepsi 1.5L,10
3615,6,1.0,815.2,2025-09-17,Pepsi 1.5L,10
3616,16,1.0,,2025-09-17,None,
3617,19,1.0,715.23,2025-09-17,Nimko Mix 400g,1
3618,7,1.0,311.35,2025-09-17,Sufi Banaspati 1kg,3
3619,13,2.0,,2025-09-17,nan,
3620,5,1.0,386.73,2025-09-17,Dettol Handwash 200ml,13
3621,1,2.0,361.73,2025-09-17,Lux Soap 110g,18
3622,16,2.0,149.34,2025-09-17,Dalda Cooking Oil 1L,22
3623,6,2.0,548.34,2025-09-17,Rice Basmati 5kg,8
3624,6,3.0,386.73,2025-09-17,Dettol Handwash 200ml,13
3625,4,1.0,,2025-09-17,nan,
3626,13,,335.13,2025-09-17,National Ketchup 1kg,5
3627,1,4.0,149.34,2025-09-17,Dalda Cooking Oil 1L,22
3628,11,5.0,548.34,2025-09-17,Rice Basmati 5kg,8
3629,13,1.0,153.28,2025-09-17,Surf Excel 1kg,19
3630,17,2.0,357.09,2025-09-17,Colgate Toothpaste 100ml,17
3631,16,1.0,491.64,2025-09-17,Ariel Washing Powder 1kg,7
3632,14,3.0,149.34,2025-09-17,Dalda Cooking Oil 1L,22
3633,18,1.0,,2025-09-17,None,
3634,14,,,2025-09-17,nan,
3635,7,2.0,310.0,2025-09-17,Nestle Milk Pack 1L,21
3636,11,3.0,376.78,2025-09-17,Dove Shampoo 360ml,11
3637,2,1.0,467.06,2025-09-17,Wheat Flour 10kg,12
3638,17,4.0,376.78,2025-09-17,Dove Shampoo 360ml,11
3639,3,1.0,548.34,2025-09-17,Rice Basmati 5kg,8
3640,20,5.0,891.92,2025-09-17,Tapal Danedar 950g,16
3641,18,1.0,548.34,2025-09-17,Rice Basmati 5kg,8
3642,1,2.0,335.13,2025-09-17,National Ketchup 1kg,5
3643,1,2.0,149.34,2025-09-17,Dalda Cooking Oil 1L,22
3644,20,3.0,566.23,2025-09-17,Sprite 1.5L,2
3645,1,1.0,311.35,2025-09-18,Sufi Banaspati 1kg,3
3646,13,1.0,491.64,2025-09-18,Ariel Washing Powder 1kg,7
3647,15,1.0,566.23,2025-09-18,Sprite 1.5L,2
3648,10,2.0,201.09,2025-09-18,Tea Whitener 1kg,4
3649,1,1.0,,2025-09-18,None,
3650,14,1.0,100.09,2025-09-18,Olpers Milk 1L,14
3651,2,1.0,201.09,2025-09-18,Tea Whitener 1kg,4
3652,1,2.0,,2025-09-18,nan,
3653,19,1.0,467.06,2025-09-18,Wheat Flour 10kg,12
3654,1,1.0,566.23,2025-09-18,Sprite 1.5L,2
3655,1,1.0,310.0,2025-09-18,Nestle Milk Pack 1L,21
3656,10,2.0,201.09,2025-09-18,Tea Whitener 1kg,4
3657,15,1.0,715.23,2025-09-18,Nimko Mix 400g,1
3658,12,,566.23,2025-09-18,Sprite 1.5L,2
3659,11,5.0,,2025-09-18,None,
3660,4,2.0,335.13,2025-09-18,National Ketchup 1kg,5
3661,18,5.0,311.35,2025-09-18,Sufi Banaspati 1kg,3
3662,17,5.0,891.92,2025-09-18,Tapal Danedar 950g,16
3663,16,2.0,201.09,2025-09-18,Tea Whitener 1kg,4
3664,9,1.0,198.91,2025-09-18,Lifebuoy Soap 110g,20
3665,7,5.0,,2025-09-18,nan,
3666,15,1.0,491.64,2025-09-18,Ariel Washing Powder 1kg,7
3667,18,4.0,548.34,2025-09-18,Rice Basmati 5kg,8
3668,10,1.0,566.23,2025-09-18,Sprite 1.5L,2
3669,16,1.0,201.09,2025-09-18,Tea Whitener 1kg,4
3670,17,3.0,100.09,2025-09-18,Olpers Milk 1L,14
3671,8,3.0,361.73,2025-09-18,Lux Soap 110g,18
3672,19,2.0,548.34,2025-09-18,Rice Basmati 5kg,8
3673,6,2.0,548.34,2025-09-18,Rice Basmati 5kg,8
3674,6,,715.23,2025-09-18,Nimko Mix 400g,1
3675,3,1.0,,2025-09-18,nan,
3676,15,1.0,715.23,2025-09-18,Nimko Mix 400g,1
3677,15,1.0,311.35,2025-09-18,Sufi Banaspati 1kg,3
3678,20,2.0,311.35,2025-09-18,Sufi Banaspati 1kg,3
3679,1,2.0,153.28,2025-09-18,Surf Excel 1kg,19
3680,9,4.0,198.91,2025-09-18,Lifebuoy Soap 110g,20
3681,10,2.0,629.21,2025-09-18,Tissue Roll Rose Petal,23
3682,8,1.0,,2025-09-18,None,
3683,8,5.0,311.35,2025-09-18,Sufi Banaspati 1kg,3
3684,5,1.0,815.2,2025-09-18,Pepsi 1.5L,10
3685,10,2.0,153.28,2025-09-18,Surf Excel 1kg,19
3686,14,2.0,491.64,2025-09-18,Ariel Washing Powder 1kg,7
3687,2,1.0,149.34,2025-09-18,Dalda Cooking Oil 1L,22
3688,9,1.0,715.23,2025-09-18,Nimko Mix 400g,1
3689,3,,201.09,2025-09-18,Tea Whitener 1kg,4
3690,3,4.0,357.09,2025-09-18,Colgate Toothpaste 100ml,17
3691,14,10.0,374.08,2025-09-18,Coca Cola 1.5L,15
3692,7,2.0,201.09,2025-09-18,Tea Whitener 1kg,4
3693,10,1.0,467.06,2025-09-18,Wheat Flour 10kg,12
3694,3,2.0,566.23,2025-09-18,Sprite 1.5L,2
3695,13,1.0,153.28,2025-09-18,Surf Excel 1kg,19
3696,1,,566.23,2025-09-18,Sprite 1.5L,2
3697,3,10.0,566.23,2025-09-18,Sprite 1.5L,2
3698,3,3.0,629.21,2025-09-18,Tissue Roll Rose Petal,23
3699,9,2.0,201.09,2025-09-18,Tea Whitener 1kg,4
3700,13,5.0,335.13,2025-09-18,National Ketchup 1kg,5
3701,7,2.0,467.06,2025-09-18,Wheat Flour 10kg,12
3702,8,2.0,310.0,2025-09-18,Nestle Milk Pack 1L,21
3703,19,2.0,386.73,2025-09-18,Dettol Handwash 200ml,13
3704,19,20.0,361.73,2025-09-18,Lux Soap 110g,18
3705,18,3.0,361.73,2025-09-18,Lux Soap 110g,18
3706,14,4.0,,2025-09-18,nan,
3707,8,3.0,100.09,2025-09-18,Olpers Milk 1L,14
3708,13,1.0,566.23,2025-09-18,Sprite 1.5L,2
3709,17,1.0,,2025-09-18,None,
3710,2,4.0,891.92,2025-09-18,Tapal Danedar 950g,16
3711,3,4.0,201.09,2025-09-18,Tea Whitener 1kg,4
3712,1,3.0,361.73,2025-09-18,Lux Soap 110g,18
3713,9,5.0,,2025-09-18,nan,
3714,18,2.0,,2025-09-18,nan,
3715,15,4.0,,2025-09-18,None,
3716,4,,815.2,2025-09-18,Pepsi 1.5L,10
3717,20,3.0,467.06,2025-09-18,Wheat Flour 10kg,12
3718,3,3.0,891.92,2025-09-18,Tapal Danedar 950g,16
3719,9,2.0,715.23,2025-09-18,Nimko Mix 400g,1
3720,10,5.0,310.0,2025-09-18,Nestle Milk Pack 1L,21
3721,4,2.0,,2025-09-18,None,
3722,16,3.0,606.63,2025-09-19,Shan Biryani Masala,6
3723,15,1.0,100.09,2025-09-19,Olpers Milk 1L,14
3724,3,2.0,491.64,2025-09-19,Ariel Washing Powder 1kg,7
3725,15,5.0,566.23,2025-09-19,Sprite 1.5L,2
3726,17,4.0,376.78,2025-09-19,Dove Shampoo 360ml,11
3727,3,3.0,566.23,2025-09-19,Sprite 1.5L,2
3728,14,1.0,201.09,2025-09-19,Tea Whitener 1kg,4
3729,19,3.0,335.13,2025-09-19,National Ketchup 1kg,5
3730,9,2.0,361.73,2025-09-19,Lux Soap 110g,18
3731,19,1.0,153.28,2025-09-19,Surf Excel 1kg,19
3732,17,1.0,376.78,2025-09-19,Dove Shampoo 360ml,11
3733,11,2.0,606.63,2025-09-19,Shan Biryani Masala,6
3734,14,3.0,100.09,2025-09-19,Olpers Milk 1L,14
3735,13,3.0,,2025-09-19,None,
3736,16,1.0,361.73,2025-09-19,Lux Soap 110g,18
3737,8,1.0,566.23,2025-09-19,Sprite 1.5L,2
3738,3,2.0,566.23,2025-09-19,Sprite 1.5L,2
3739,6,1.0,357.09,2025-09-19,Colgate Toothpaste 100ml,17
3740,4,1.0,198.91,2025-09-19,Lifebuoy Soap 110g,20
3741,8,2.0,491.64,2025-09-19,Ariel Washing Powder 1kg,7
3742,9,1.0,,2025-09-19,nan,
3743,2,3.0,374.08,2025-09-19,Coca Cola 1.5L,15
3744,14,4.0,491.64,2025-09-19,Ariel Washing Powder 1kg,7
3745,6,1.0,467.06,2025-09-19,Wheat Flour 10kg,12
3746,4,5.0,566.23,2025-09-19,Sprite 1.5L,2
3747,16,,149.34,2025-09-19,Dalda Cooking Oil 1L,22
3748,4,1.0,357.09,2025-09-19,Colgate Toothpaste 100ml,17
3749,20,2.0,491.64,2025-09-19,Ariel Washing Powder 1kg,7
3750,6,1.0,361.73,2025-09-19,Lux Soap 110g,18
3751,19,1.0,201.09,2025-09-19,Tea Whitener 1kg,4
3752,8,3.0,566.23,2025-09-19,Sprite 1.5L,2
3753,20,3.0,606.63,2025-09-19,Shan Biryani Masala,6
3754,13,4.0,100.09,2025-09-19,Olpers Milk 1L,14
3755,13,1.0,357.09,2025-09-19,Colgate Toothpaste 100ml,17
3756,13,1.0,376.78,2025-09-19,Dove Shampoo 360ml,11
3757,11,1.0,548.34,2025-09-19,Rice Basmati 5kg,8
3758,14,1.0,153.28,2025-09-19,Surf Excel 1kg,19
3759,20,1.0,361.73,2025-09-19,Lux Soap 110g,18
3760,2,4.0,376.78,2025-09-19,Dove Shampoo 360ml,11
3761,11,4.0,715.23,2025-09-19,Nimko Mix 400g,1
3762,7,5.0,548.34,2025-09-19,Rice Basmati 5kg,8
3763,3,1.0,153.28,2025-09-19,Surf Excel 1kg,19
3764,1,2.0,891.92,2025-09-19,Tapal Danedar 950g,16
3765,12,2.0,149.34,2025-09-19,Dalda Cooking Oil 1L,22
3766,3,4.0,606.63,2025-09-19,Shan Biryani Masala,6
3767,12,1.0,100.09,2025-09-19,Olpers Milk 1L,14
3768,2,1.0,715.23,2025-09-19,Nimko Mix 400g,1
3769,15,3.0,357.09,2025-09-19,Colgate Toothpaste 100ml,17
3770,5,20.0,548.34,2025-09-19,Rice Basmati 5kg,8
3771,13,1.0,815.2,2025-09-19,Pepsi 1.5L,10
3772,9,3.0,606.63,2025-09-19,Shan Biryani Masala,6
3773,8,1.0,335.13,2025-09-19,National Ketchup 1kg,5
3774,1,3.0,,2025-09-19,nan,
3775,11,4.0,566.23,2025-09-19,Sprite 1.5L,2
3776,14,5.0,548.34,2025-09-19,Rice Basmati 5kg,8
3777,5,2.0,629.21,2025-09-19,Tissue Roll Rose Petal,23
3778,7,,357.09,2025-09-19,Colgate Toothpaste 100ml,17
3779,12,4.0,,2025-09-19,None,
3780,4,5.0,566.23,2025-09-19,Sprite 1.5L,2
3781,10,2.0,357.09,2025-09-19,Colgate Toothpaste 100ml,17
3782,20,1.0,715.23,2025-09-19,Nimko Mix 400g,1
3783,11,1.0,198.91,2025-09-19,Lifebuoy Soap 110g,20
3784,9,1.0,467.06,2025-09-19,Wheat Flour 10kg,12
3785,5,2.0,100.09,2025-09-19,Olpers Milk 1L,14
3786,4,3.0,335.13,2025-09-19,National Ketchup 1kg,5
3787,16,2.0,201.09,2025-09-19,Tea Whitener 1kg,4
3788,14,1.0,715.23,2025-09-19,Nimko Mix 400g,1
3789,7,,311.35,2025-09-19,Sufi Banaspati 1kg,3
3790,10,1.0,606.63,2025-09-19,Shan Biryani Masala,6
3791,12,2.0,357.09,2025-09-19,Colgate Toothpaste 100ml,17
3792,9,1.0,376.78,2025-09-19,Dove Shampoo 360ml,11
3793,19,4.0,201.09,2025-09-19,Tea Whitener 1kg,4
3794,15,1.0,374.08,2025-09-19,Coca Cola 1.5L,15
3795,14,1.0,715.23,2025-09-19,Nimko Mix 400g,1
3796,15,1.0,149.34,2025-09-19,Dalda Cooking Oil 1L,22
3797,8,10.0,100.09,2025-09-19,Olpers Milk 1L,14
3798,8,2.0,,2025-09-19,nan,
3799,11,,311.35,2025-09-19,Sufi Banaspati 1kg,3
3800,4,1.0,891.92,2025-09-19,Tapal Danedar 950g,16
3801,18,1.0,374.08,2025-09-19,Coca Cola 1.5L,15
3802,8,4.0,815.2,2025-09-19,Pepsi 1.5L,10
3803,13,2.0,100.09,2025-09-19,Olpers Milk 1L,14
3804,2,2.0,815.2,2025-09-19,Pepsi 1.5L,10
3805,8,1.0,491.64,2025-09-19,Ariel Washing Powder 1kg,7
3806,20,2.0,467.06,2025-09-19,Wheat Flour 10kg,12
3807,1,1.0,361.73,2025-09-19,Lux Soap 110g,18
3808,9,2.0,357.09,2025-09-20,Colgate Toothpaste 100ml,17
3809,2,20.0,467.06,2025-09-20,Wheat Flour 10kg,12
3810,11,1.0,386.73,2025-09-20,Dettol Handwash 200ml,13
3811,6,5.0,715.23,2025-09-20,Nimko Mix 400g,1
3812,16,1.0,566.23,2025-09-20,Sprite 1.5L,2
3813,6,20.0,201.09,2025-09-20,Tea Whitener 1kg,4
3814,8,4.0,491.64,2025-09-20,Ariel Washing Powder 1kg,7
3815,20,3.0,357.09,2025-09-20,Colgate Toothpaste 100ml,17
3816,6,,815.2,2025-09-20,Pepsi 1.5L,10
3817,19,2.0,335.13,2025-09-20,National Ketchup 1kg,5
3818,11,4.0,335.13,2025-09-20,National Ketchup 1kg,5
3819,20,2.0,361.73,2025-09-20,Lux Soap 110g,18
3820,5,2.0,376.78,2025-09-20,Dove Shampoo 360ml,11
3821,19,2.0,374.08,2025-09-20,Coca Cola 1.5L,15
3822,8,1.0,310.0,2025-09-20,Nestle Milk Pack 1L,21
3823,1,1.0,715.23,2025-09-20,Nimko Mix 400g,1
3824,7,2.0,100.09,2025-09-20,Olpers Milk 1L,14
3825,9,1.0,374.08,2025-09-20,Coca Cola 1.5L,15
3826,12,1.0,100.09,2025-09-20,Olpers Milk 1L,14
3827,11,1.0,335.13,2025-09-20,National Ketchup 1kg,5
3828,6,10.0,374.08,2025-09-20,Coca Cola 1.5L,15
3829,2,,815.2,2025-09-20,Pepsi 1.5L,10
3830,16,2.0,376.78,2025-09-20,Dove Shampoo 360ml,11
3831,6,1.0,374.08,2025-09-20,Coca Cola 1.5L,15
3832,5,4.0,361.73,2025-09-20,Lux Soap 110g,18
3833,13,1.0,467.06,2025-09-20,Wheat Flour 10kg,12
3834,12,,335.13,2025-09-20,National Ketchup 1kg,5
3835,15,5.0,357.09,2025-09-20,Colgate Toothpaste 100ml,17
3836,18,3.0,374.08,2025-09-20,Coca Cola 1.5L,15
3837,3,3.0,311.35,2025-09-20,Sufi Banaspati 1kg,3
3838,16,10.0,357.09,2025-09-20,Colgate Toothpaste 100ml,17
3839,10,5.0,566.23,2025-09-20,Sprite 1.5L,2
3840,8,2.0,311.35,2025-09-20,Sufi Banaspati 1kg,3
3841,6,1.0,548.34,2025-09-20,Rice Basmati 5kg,8
3842,15,1.0,606.63,2025-09-20,Shan Biryani Masala,6
3843,15,3.0,,2025-09-20,nan,
3844,12,10.0,335.13,2025-09-20,National Ketchup 1kg,5
3845,4,4.0,548.34,2025-09-20,Rice Basmati 5kg,8
3846,9,2.0,548.34,2025-09-20,Rice Basmati 5kg,8
3847,18,1.0,467.06,2025-09-20,Wheat Flour 10kg,12
3848,4,1.0,548.34,2025-09-20,Rice Basmati 5kg,8
3849,4,1.0,491.64,2025-09-20,Ariel Washing Powder 1kg,7
3850,3,4.0,467.06,2025-09-20,Wheat Flour 10kg,12
3851,20,4.0,815.2,2025-09-20,Pepsi 1.5L,10
3852,17,1.0,361.73,2025-09-20,Lux Soap 110g,18
3853,4,1.0,335.13,2025-09-20,National Ketchup 1kg,5
3854,17,1.0,311.35,2025-09-20,Sufi Banaspati 1kg,3
3855,2,2.0,548.34,2025-09-20,Rice Basmati 5kg,8
3856,15,2.0,715.23,2025-09-20,Nimko Mix 400g,1
3857,14,1.0,310.0,2025-09-20,Nestle Milk Pack 1L,21
3858,17,2.0,606.63,2025-09-20,Shan Biryani Masala,6
3859,19,3.0,149.34,2025-09-20,Dalda Cooking Oil 1L,22
3860,10,1.0,361.73,2025-09-20,Lux Soap 110g,18
3861,20,3.0,374.08,2025-09-20,Coca Cola 1.5L,15
3862,5,1.0,,2025-09-20,nan,
3863,5,2.0,,2025-09-20,None,
3864,11,1.0,357.09,2025-09-20,Colgate Toothpaste 100ml,17
3865,15,2.0,606.63,2025-09-20,Shan Biryani Masala,6
3866,18,2.0,198.91,2025-09-20,Lifebuoy Soap 110g,20
3867,9,1.0,201.09,2025-09-20,Tea Whitener 1kg,4
3868,11,3.0,815.2,2025-09-20,Pepsi 1.5L,10
3869,15,2.0,198.91,2025-09-20,Lifebuoy Soap 110g,20
3870,16,2.0,467.06,2025-09-20,Wheat Flour 10kg,12
3871,4,10.0,566.23,2025-09-20,Sprite 1.5L,2
3872,8,1.0,361.73,2025-09-20,Lux Soap 110g,18
3873,20,1.0,374.08,2025-09-20,Coca Cola 1.5L,15
3874,8,,491.64,2025-09-20,Ariel Washing Powder 1kg,7
3875,16,1.0,715.23,2025-09-20,Nimko Mix 400g,1
3876,12,2.0,153.28,2025-09-20,Surf Excel 1kg,19
3877,13,2.0,891.92,2025-09-20,Tapal Danedar 950g,16
3878,11,1.0,357.09,2025-09-20,Colgate Toothpaste 100ml,17
3879,14,2.0,201.09,2025-09-20,Tea Whitener 1kg,4
3880,17,1.0,491.64,2025-09-20,Ariel Washing Powder 1kg,7
3881,17,5.0,149.34,2025-09-20,Dalda Cooking Oil 1L,22
3882,10,20.0,548.34,2025-09-20,Rice Basmati 5kg,8
3883,20,2.0,376.78,2025-09-20,Dove Shampoo 360ml,11
3884,14,3.0,100.09,2025-09-20,Olpers Milk 1L,14
3885,7,2.0,715.23,2025-09-20,Nimko Mix 400g,1
3886,9,2.0,715.23,2025-09-20,Nimko Mix 400g,1
3887,19,1.0,606.63,2025-09-20,Shan Biryani Masala,6
3888,9,3.0,606.63,2025-09-20,Shan Biryani Masala,6
3889,17,1.0,386.73,2025-09-20,Dettol Handwash 200ml,13
3890,12,3.0,491.64,2025-09-20,Ariel Washing Powder 1kg,7
3891,7,3.0,335.13,2025-09-20,National Ketchup 1kg,5
3892,20,5.0,357.09,2025-09-20,Colgate Toothpaste 100ml,17
3893,3,4.0,149.34,2025-09-20,Dalda Cooking Oil 1L,22
3894,12,2.0,311.35,2025-09-21,Sufi Banaspati 1kg,3
3895,15,3.0,153.28,2025-09-21,Surf Excel 1kg,19
3896,3,2.0,361.73,2025-09-21,Lux Soap 110g,18
3897,3,1.0,629.21,2025-09-21,Tissue Roll Rose Petal,23
3898,9,3.0,201.09,2025-09-21,Tea Whitener 1kg,4
3899,17,3.0,891.92,2025-09-21,Tapal Danedar 950g,16
3900,6,1.0,311.35,2025-09-21,Sufi Banaspati 1kg,3
3901,6,2.0,467.06,2025-09-21,Wheat Flour 10kg,12
3902,13,2.0,,2025-09-21,nan,
3903,15,1.0,153.28,2025-09-21,Surf Excel 1kg,19
3904,2,1.0,374.08,2025-09-21,Coca Cola 1.5L,15
3905,2,1.0,386.73,2025-09-21,Dettol Handwash 200ml,13
3906,19,2.0,715.23,2025-09-21,Nimko Mix 400g,1
3907,18,5.0,100.09,2025-09-21,Olpers Milk 1L,14
3908,11,3.0,815.2,2025-09-21,Pepsi 1.5L,10
3909,10,2.0,,2025-09-21,nan,
3910,5,4.0,335.13,2025-09-21,National Ketchup 1kg,5
3911,1,1.0,310.0,2025-09-21,Nestle Milk Pack 1L,21
3912,17,2.0,376.78,2025-09-21,Dove Shampoo 360ml,11
3913,10,2.0,467.06,2025-09-21,Wheat Flour 10kg,12
3914,7,4.0,,2025-09-21,nan,
3915,14,1.0,491.64,2025-09-21,Ariel Washing Powder 1kg,7
3916,5,1.0,629.21,2025-09-21,Tissue Roll Rose Petal,23
3917,5,1.0,467.06,2025-09-21,Wheat Flour 10kg,12
3918,20,1.0,715.23,2025-09-21,Nimko Mix 400g,1
3919,2,1.0,606.63,2025-09-21,Shan Biryani Masala,6
3920,5,2.0,467.06,2025-09-21,Wheat Flour 10kg,12
3921,3,3.0,311.35,2025-09-21,Sufi Banaspati 1kg,3
3922,17,1.0,566.23,2025-09-21,Sprite 1.5L,2
3923,14,,153.28,2025-09-21,Surf Excel 1kg,19
3924,1,1.0,335.13,2025-09-21,National Ketchup 1kg,5
3925,9,2.0,201.09,2025-09-21,Tea Whitener 1kg,4
3926,16,5.0,386.73,2025-09-21,Dettol Handwash 200ml,13
3927,15,2.0,386.73,2025-09-21,Dettol Handwash 200ml,13
3928,6,4.0,,2025-09-21,None,
3929,3,,566.23,2025-09-21,Sprite 1.5L,2
3930,6,1.0,153.28,2025-09-21,Surf Excel 1kg,19
3931,10,5.0,374.08,2025-09-21,Coca Cola 1.5L,15
3932,1,20.0,201.09,2025-09-21,Tea Whitener 1kg,4
3933,8,2.0,891.92,2025-09-21,Tapal Danedar 950g,16
3934,7,2.0,386.73,2025-09-21,Dettol Handwash 200ml,13
3935,1,3.0,374.08,2025-09-21,Coca Cola 1.5L,15
3936,11,1.0,,2025-09-21,None,
3937,17,1.0,548.34,2025-09-21,Rice Basmati 5kg,8
3938,15,2.0,376.78,2025-09-21,Dove Shampoo 360ml,11
3939,5,,,2025-09-21,nan,
3940,20,3.0,891.92,2025-09-21,Tapal Danedar 950g,16
3941,12,3.0,198.91,2025-09-21,Lifebuoy Soap 110g,20
3942,4,3.0,629.21,2025-09-21,Tissue Roll Rose Petal,23
3943,7,5.0,467.06,2025-09-21,Wheat Flour 10kg,12
3944,4,3.0,310.0,2025-09-21,Nestle Milk Pack 1L,21
3945,10,1.0,467.06,2025-09-21,Wheat Flour 10kg,12
3946,7,3.0,629.21,2025-09-21,Tissue Roll Rose Petal,23
3947,18,,386.73,2025-09-21,Dettol Handwash 200ml,13
3948,1,2.0,,2025-09-22,nan,
3949,2,3.0,548.34,2025-09-22,Rice Basmati 5kg,8
3950,4,1.0,606.63,2025-09-22,Shan Biryani Masala,6
3951,19,2.0,357.09,2025-09-22,Colgate Toothpaste 100ml,17
3952,8,3.0,548.34,2025-09-22,Rice Basmati 5kg,8
3953,13,1.0,201.09,2025-09-22,Tea Whitener 1kg,4
3954,8,5.0,,2025-09-22,nan,
3955,12,1.0,198.91,2025-09-22,Lifebuoy Soap 110g,20
3956,20,3.0,201.09,2025-09-22,Tea Whitener 1kg,4
3957,4,1.0,198.91,2025-09-22,Lifebuoy Soap 110g,20
3958,11,1.0,891.92,2025-09-22,Tapal Danedar 950g,16
3959,18,4.0,715.23,2025-09-22,Nimko Mix 400g,1
3960,17,1.0,201.09,2025-09-22,Tea Whitener 1kg,4
3961,18,4.0,491.64,2025-09-22,Ariel Washing Powder 1kg,7
3962,5,,376.78,2025-09-22,Dove Shampoo 360ml,11
3963,3,1.0,361.73,2025-09-22,Lux Soap 110g,18
3964,17,20.0,548.34,2025-09-22,Rice Basmati 5kg,8
3965,12,2.0,335.13,2025-09-22,National Ketchup 1kg,5
3966,8,1.0,149.34,2025-09-22,Dalda Cooking Oil 1L,22
3967,14,5.0,361.73,2025-09-22,Lux Soap 110g,18
3968,10,1.0,566.23,2025-09-22,Sprite 1.5L,2
3969,18,2.0,374.08,2025-09-22,Coca Cola 1.5L,15
3970,2,2.0,,2025-09-22,nan,
3971,3,2.0,201.09,2025-09-22,Tea Whitener 1kg,4
3972,7,,566.23,2025-09-22,Sprite 1.5L,2
3973,19,1.0,,2025-09-22,nan,
3974,1,4.0,491.64,2025-09-22,Ariel Washing Powder 1kg,7
3975,19,5.0,467.06,2025-09-22,Wheat Flour 10kg,12
3976,5,1.0,715.23,2025-09-22,Nimko Mix 400g,1
3977,9,5.0,566.23,2025-09-22,Sprite 1.5L,2
3978,10,,153.28,2025-09-22,Surf Excel 1kg,19
3979,18,3.0,,2025-09-22,nan,
3980,2,5.0,566.23,2025-09-22,Sprite 1.5L,2
3981,15,1.0,386.73,2025-09-22,Dettol Handwash 200ml,13
3982,10,1.0,386.73,2025-09-22,Dettol Handwash 200ml,13
3983,5,3.0,,2025-09-22,None,
3984,14,1.0,891.92,2025-09-22,Tapal Danedar 950g,16
3985,8,2.0,386.73,2025-09-22,Dettol Handwash 200ml,13
3986,10,2.0,374.08,2025-09-22,Coca Cola 1.5L,15
3987,9,1.0,891.92,2025-09-22,Tapal Danedar 950g,16
3988,8,4.0,310.0,2025-09-22,Nestle Milk Pack 1L,21
3989,4,10.0,891.92,2025-09-22,Tapal Danedar 950g,16
3990,2,10.0,357.09,2025-09-22,Colgate Toothpaste 100ml,17
3991,17,2.0,386.73,2025-09-22,Dettol Handwash 200ml,13
3992,10,10.0,311.35,2025-09-22,Sufi Banaspati 1kg,3
3993,19,5.0,715.23,2025-09-22,Nimko Mix 400g,1
3994,18,1.0,606.63,2025-09-22,Shan Biryani Masala,6
3995,8,10.0,374.08,2025-09-22,Coca Cola 1.5L,15
3996,11,3.0,357.09,2025-09-22,Colgate Toothpaste 100ml,17
3997,11,3.0,629.21,2025-09-22,Tissue Roll Rose Petal,23
3998,12,1.0,311.35,2025-09-22,Sufi Banaspati 1kg,3
3999,20,5.0,386.73,2025-09-22,Dettol Handwash 200ml,13
4000,18,3.0,,2025-09-22,nan,
4001,18,1.0,566.23,2025-09-23,Sprite 1.5L,2
4002,16,1.0,361.73,2025-09-23,Lux Soap 110g,18
4003,9,,361.73,2025-09-23,Lux Soap 110g,18
4004,11,1.0,376.78,2025-09-23,Dove Shampoo 360ml,11
4005,13,3.0,376.78,2025-09-23,Dove Shampoo 360ml,11
4006,6,5.0,566.23,2025-09-23,Sprite 1.5L,2
4007,8,2.0,467.06,2025-09-23,Wheat Flour 10kg,12
4008,3,2.0,357.09,2025-09-23,Colgate Toothpaste 100ml,17
4009,2,2.0,467.06,2025-09-23,Wheat Flour 10kg,12
4010,13,3.0,357.09,2025-09-23,Colgate Toothpaste 100ml,17
4011,14,2.0,201.09,2025-09-23,Tea Whitener 1kg,4
4012,4,2.0,100.09,2025-09-23,Olpers Milk 1L,14
4013,5,1.0,153.28,2025-09-23,Surf Excel 1kg,19
4014,5,2.0,357.09,2025-09-23,Colgate Toothpaste 100ml,17
4015,5,1.0,361.73,2025-09-23,Lux Soap 110g,18
4016,19,3.0,815.2,2025-09-23,Pepsi 1.5L,10
4017,9,1.0,361.73,2025-09-23,Lux Soap 110g,18
4018,16,5.0,548.34,2025-09-23,Rice Basmati 5kg,8
4019,6,4.0,335.13,2025-09-23,National Ketchup 1kg,5
4020,11,4.0,467.06,2025-09-23,Wheat Flour 10kg,12
4021,16,2.0,311.35,2025-09-23,Sufi Banaspati 1kg,3
4022,13,2.0,376.78,2025-09-23,Dove Shampoo 360ml,11
4023,11,,386.73,2025-09-23,Dettol Handwash 200ml,13
4024,19,1.0,566.23,2025-09-23,Sprite 1.5L,2
4025,7,3.0,201.09,2025-09-23,Tea Whitener 1kg,4
4026,3,1.0,815.2,2025-09-23,Pepsi 1.5L,10
4027,12,1.0,374.08,2025-09-23,Coca Cola 1.5L,15
4028,6,1.0,311.35,2025-09-23,Sufi Banaspati 1kg,3
4029,16,,376.78,2025-09-23,Dove Shampoo 360ml,11
4030,10,2.0,491.64,2025-09-23,Ariel Washing Powder 1kg,7
4031,5,2.0,201.09,2025-09-23,Tea Whitener 1kg,4
4032,17,3.0,715.23,2025-09-23,Nimko Mix 400g,1
4033,2,10.0,376.78,2025-09-23,Dove Shampoo 360ml,11
4034,12,1.0,491.64,2025-09-23,Ariel Washing Powder 1kg,7
4035,15,4.0,,2025-09-23,None,
4036,20,1.0,386.73,2025-09-23,Dettol Handwash 200ml,13
4037,9,4.0,153.28,2025-09-23,Surf Excel 1kg,19
4038,15,20.0,374.08,2025-09-23,Coca Cola 1.5L,15
4039,16,1.0,198.91,2025-09-23,Lifebuoy Soap 110g,20
4040,14,1.0,566.23,2025-09-23,Sprite 1.5L,2
4041,20,4.0,153.28,2025-09-23,Surf Excel 1kg,19
4042,7,3.0,311.35,2025-09-23,Sufi Banaspati 1kg,3
4043,8,1.0,153.28,2025-09-23,Surf Excel 1kg,19
4044,7,1.0,,2025-09-23,nan,
4045,4,5.0,310.0,2025-09-23,Nestle Milk Pack 1L,21
4046,1,1.0,149.34,2025-09-23,Dalda Cooking Oil 1L,22
4047,8,1.0,891.92,2025-09-23,Tapal Danedar 950g,16
4048,3,,100.09,2025-09-23,Olpers Milk 1L,14
4049,9,2.0,,2025-09-23,nan,
4050,19,4.0,891.92,2025-09-23,Tapal Danedar 950g,16
4051,14,1.0,891.92,2025-09-23,Tapal Danedar 950g,16
4052,5,2.0,361.73,2025-09-24,Lux Soap 110g,18
4053,2,3.0,,2025-09-24,nan,
4054,14,3.0,153.28,2025-09-24,Surf Excel 1kg,19
4055,1,5.0,153.28,2025-09-24,Surf Excel 1kg,19
4056,12,1.0,311.35,2025-09-24,Sufi Banaspati 1kg,3
4057,4,3.0,335.13,2025-09-24,National Ketchup 1kg,5
4058,16,1.0,201.09,2025-09-24,Tea Whitener 1kg,4
4059,5,3.0,,2025-09-24,nan,
4060,12,1.0,606.63,2025-09-24,Shan Biryani Masala,6
4061,19,2.0,100.09,2025-09-24,Olpers Milk 1L,14
4062,7,5.0,201.09,2025-09-24,Tea Whitener 1kg,4
4063,20,2.0,815.2,2025-09-24,Pepsi 1.5L,10
4064,13,2.0,361.73,2025-09-24,Lux Soap 110g,18
4065,17,1.0,386.73,2025-09-24,Dettol Handwash 200ml,13
4066,14,4.0,815.2,2025-09-24,Pepsi 1.5L,10
4067,20,1.0,566.23,2025-09-24,Sprite 1.5L,2
4068,17,1.0,149.34,2025-09-24,Dalda Cooking Oil 1L,22
4069,16,,149.34,2025-09-24,Dalda Cooking Oil 1L,22
4070,15,1.0,386.73,2025-09-24,Dettol Handwash 200ml,13
4071,2,1.0,715.23,2025-09-24,Nimko Mix 400g,1
4072,20,3.0,311.35,2025-09-24,Sufi Banaspati 1kg,3
4073,19,3.0,357.09,2025-09-24,Colgate Toothpaste 100ml,17
4074,3,1.0,100.09,2025-09-24,Olpers Milk 1L,14
4075,5,3.0,386.73,2025-09-24,Dettol Handwash 200ml,13
4076,18,1.0,201.09,2025-09-24,Tea Whitener 1kg,4
4077,20,2.0,548.34,2025-09-24,Rice Basmati 5kg,8
4078,6,2.0,606.63,2025-09-24,Shan Biryani Masala,6
4079,15,4.0,715.23,2025-09-24,Nimko Mix 400g,1
4080,20,2.0,201.09,2025-09-24,Tea Whitener 1kg,4
4081,5,1.0,491.64,2025-09-24,Ariel Washing Powder 1kg,7
4082,8,2.0,376.78,2025-09-24,Dove Shampoo 360ml,11
4083,15,2.0,548.34,2025-09-24,Rice Basmati 5kg,8
4084,3,1.0,715.23,2025-09-24,Nimko Mix 400g,1
4085,18,3.0,815.2,2025-09-24,Pepsi 1.5L,10
4086,10,,311.35,2025-09-24,Sufi Banaspati 1kg,3
4087,18,10.0,606.63,2025-09-24,Shan Biryani Masala,6
4088,6,,815.2,2025-09-24,Pepsi 1.5L,10
4089,9,5.0,548.34,2025-09-24,Rice Basmati 5kg,8
4090,20,3.0,629.21,2025-09-24,Tissue Roll Rose Petal,23
4091,8,,100.09,2025-09-24,Olpers Milk 1L,14
4092,10,1.0,386.73,2025-09-24,Dettol Handwash 200ml,13
4093,15,2.0,,2025-09-24,nan,
4094,4,1.0,198.91,2025-09-24,Lifebuoy Soap 110g,20
4095,14,,815.2,2025-09-24,Pepsi 1.5L,10
4096,12,4.0,491.64,2025-09-24,Ariel Washing Powder 1kg,7
4097,3,3.0,891.92,2025-09-24,Tapal Danedar 950g,16
4098,3,4.0,100.09,2025-09-24,Olpers Milk 1L,14
4099,10,4.0,715.23,2025-09-24,Nimko Mix 400g,1
4100,2,1.0,715.23,2025-09-24,Nimko Mix 400g,1
4101,11,5.0,566.23,2025-09-24,Sprite 1.5L,2
4102,12,2.0,335.13,2025-09-24,National Ketchup 1kg,5
4103,5,2.0,310.0,2025-09-24,Nestle Milk Pack 1L,21
4104,12,2.0,361.73,2025-09-24,Lux Soap 110g,18
4105,6,1.0,149.34,2025-09-24,Dalda Cooking Oil 1L,22
4106,9,3.0,335.13,2025-09-24,National Ketchup 1kg,5
4107,15,1.0,386.73,2025-09-24,Dettol Handwash 200ml,13
4108,18,2.0,374.08,2025-09-24,Coca Cola 1.5L,15
4109,5,1.0,374.08,2025-09-24,Coca Cola 1.5L,15
4110,18,1.0,,2025-09-24,nan,
4111,14,2.0,201.09,2025-09-24,Tea Whitener 1kg,4
4112,14,1.0,357.09,2025-09-24,Colgate Toothpaste 100ml,17
4113,16,,201.09,2025-09-24,Tea Whitener 1kg,4
4114,17,,335.13,2025-09-24,National Ketchup 1kg,5
4115,15,1.0,715.23,2025-09-24,Nimko Mix 400g,1
4116,19,3.0,,2025-09-24,nan,
4117,2,1.0,491.64,2025-09-24,Ariel Washing Powder 1kg,7
4118,17,1.0,335.13,2025-09-24,National Ketchup 1kg,5
4119,8,2.0,386.73,2025-09-24,Dettol Handwash 200ml,13
4120,2,5.0,311.35,2025-09-24,Sufi Banaspati 1kg,3
4121,13,5.0,629.21,2025-09-24,Tissue Roll Rose Petal,23
4122,10,2.0,715.23,2025-09-24,Nimko Mix 400g,1
4123,1,4.0,,2025-09-24,None,
4124,17,1.0,374.08,2025-09-24,Coca Cola 1.5L,15
4125,4,2.0,357.09,2025-09-24,Colgate Toothpaste 100ml,17
4126,15,1.0,629.21,2025-09-24,Tissue Roll Rose Petal,23
4127,2,2.0,629.21,2025-09-24,Tissue Roll Rose Petal,23
4128,4,2.0,548.34,2025-09-24,Rice Basmati 5kg,8
4129,14,3.0,891.92,2025-09-25,Tapal Danedar 950g,16
4130,1,1.0,201.09,2025-09-25,Tea Whitener 1kg,4
4131,15,,201.09,2025-09-25,Tea Whitener 1kg,4
4132,7,4.0,311.35,2025-09-25,Sufi Banaspati 1kg,3
4133,16,5.0,566.23,2025-09-25,Sprite 1.5L,2
4134,4,1.0,310.0,2025-09-25,Nestle Milk Pack 1L,21
4135,13,,491.64,2025-09-25,Ariel Washing Powder 1kg,7
4136,19,4.0,548.34,2025-09-25,Rice Basmati 5kg,8
4137,7,1.0,374.08,2025-09-25,Coca Cola 1.5L,15
4138,14,1.0,335.13,2025-09-25,National Ketchup 1kg,5
4139,18,2.0,361.73,2025-09-25,Lux Soap 110g,18
4140,20,,566.23,2025-09-25,Sprite 1.5L,2
4141,2,3.0,357.09,2025-09-25,Colgate Toothpaste 100ml,17
4142,4,,386.73,2025-09-25,Dettol Handwash 200ml,13
4143,5,5.0,201.09,2025-09-25,Tea Whitener 1kg,4
4144,15,1.0,100.09,2025-09-25,Olpers Milk 1L,14
4145,4,5.0,606.63,2025-09-25,Shan Biryani Masala,6
4146,18,2.0,357.09,2025-09-25,Colgate Toothpaste 100ml,17
4147,5,1.0,310.0,2025-09-25,Nestle Milk Pack 1L,21
4148,7,4.0,566.23,2025-09-25,Sprite 1.5L,2
4149,19,1.0,467.06,2025-09-25,Wheat Flour 10kg,12
4150,4,1.0,201.09,2025-09-25,Tea Whitener 1kg,4
4151,7,1.0,491.64,2025-09-25,Ariel Washing Powder 1kg,7
4152,3,10.0,491.64,2025-09-25,Ariel Washing Powder 1kg,7
4153,18,1.0,491.64,2025-09-25,Ariel Washing Powder 1kg,7
4154,3,20.0,,2025-09-25,None,
4155,18,2.0,606.63,2025-09-25,Shan Biryani Masala,6
4156,15,,,2025-09-25,nan,
4157,17,2.0,491.64,2025-09-25,Ariel Washing Powder 1kg,7
4158,8,2.0,357.09,2025-09-25,Colgate Toothpaste 100ml,17
4159,11,1.0,,2025-09-25,nan,
4160,19,20.0,153.28,2025-09-25,Surf Excel 1kg,19
4161,8,2.0,201.09,2025-09-25,Tea Whitener 1kg,4
4162,16,1.0,467.06,2025-09-25,Wheat Flour 10kg,12
4163,19,5.0,566.23,2025-09-25,Sprite 1.5L,2
4164,8,1.0,386.73,2025-09-25,Dettol Handwash 200ml,13
4165,2,4.0,376.78,2025-09-25,Dove Shampoo 360ml,11
4166,2,2.0,357.09,2025-09-25,Colgate Toothpaste 100ml,17
4167,3,1.0,201.09,2025-09-25,Tea Whitener 1kg,4
4168,9,20.0,374.08,2025-09-25,Coca Cola 1.5L,15
4169,3,3.0,386.73,2025-09-25,Dettol Handwash 200ml,13
4170,18,,376.78,2025-09-25,Dove Shampoo 360ml,11
4171,17,1.0,629.21,2025-09-25,Tissue Roll Rose Petal,23
4172,19,2.0,100.09,2025-09-25,Olpers Milk 1L,14
4173,9,10.0,629.21,2025-09-25,Tissue Roll Rose Petal,23
4174,6,5.0,361.73,2025-09-25,Lux Soap 110g,18
4175,15,4.0,715.23,2025-09-25,Nimko Mix 400g,1
4176,13,3.0,548.34,2025-09-25,Rice Basmati 5kg,8
4177,12,5.0,548.34,2025-09-25,Rice Basmati 5kg,8
4178,5,2.0,361.73,2025-09-25,Lux Soap 110g,18
4179,4,5.0,357.09,2025-09-25,Colgate Toothpaste 100ml,17
4180,2,,606.63,2025-09-25,Shan Biryani Masala,6
4181,8,,815.2,2025-09-25,Pepsi 1.5L,10
4182,18,2.0,201.09,2025-09-25,Tea Whitener 1kg,4
4183,18,5.0,376.78,2025-09-25,Dove Shampoo 360ml,11
4184,19,1.0,311.35,2025-09-25,Sufi Banaspati 1kg,3
4185,11,5.0,310.0,2025-09-25,Nestle Milk Pack 1L,21
4186,2,2.0,566.23,2025-09-25,Sprite 1.5L,2
4187,13,3.0,376.78,2025-09-26,Dove Shampoo 360ml,11
4188,2,1.0,566.23,2025-09-26,Sprite 1.5L,2
4189,18,1.0,386.73,2025-09-26,Dettol Handwash 200ml,13
4190,2,3.0,,2025-09-26,nan,
4191,11,1.0,374.08,2025-09-26,Coca Cola 1.5L,15
4192,8,1.0,376.78,2025-09-26,Dove Shampoo 360ml,11
4193,4,1.0,566.23,2025-09-26,Sprite 1.5L,2
4194,2,1.0,357.09,2025-09-26,Colgate Toothpaste 100ml,17
4195,20,2.0,311.35,2025-09-26,Sufi Banaspati 1kg,3
4196,5,3.0,374.08,2025-09-26,Coca Cola 1.5L,15
4197,6,3.0,335.13,2025-09-26,National Ketchup 1kg,5
4198,11,2.0,201.09,2025-09-26,Tea Whitener 1kg,4
4199,20,3.0,149.34,2025-09-26,Dalda Cooking Oil 1L,22
4200,12,2.0,357.09,2025-09-26,Colgate Toothpaste 100ml,17
4201,4,,361.73,2025-09-26,Lux Soap 110g,18
4202,4,,374.08,2025-09-26,Coca Cola 1.5L,15
4203,13,1.0,311.35,2025-09-26,Sufi Banaspati 1kg,3
4204,16,5.0,548.34,2025-09-26,Rice Basmati 5kg,8
4205,3,2.0,335.13,2025-09-26,National Ketchup 1kg,5
4206,8,5.0,386.73,2025-09-26,Dettol Handwash 200ml,13
4207,16,1.0,815.2,2025-09-26,Pepsi 1.5L,10
4208,19,3.0,,2025-09-26,nan,
4209,17,1.0,153.28,2025-09-26,Surf Excel 1kg,19
4210,14,10.0,100.09,2025-09-26,Olpers Milk 1L,14
4211,8,5.0,361.73,2025-09-26,Lux Soap 110g,18
4212,3,2.0,,2025-09-26,None,
4213,4,5.0,311.35,2025-09-26,Sufi Banaspati 1kg,3
4214,18,2.0,548.34,2025-09-26,Rice Basmati 5kg,8
4215,4,5.0,606.63,2025-09-26,Shan Biryani Masala,6
4216,15,5.0,891.92,2025-09-26,Tapal Danedar 950g,16
4217,4,1.0,,2025-09-26,nan,
4218,19,3.0,153.28,2025-09-26,Surf Excel 1kg,19
4219,12,1.0,335.13,2025-09-26,National Ketchup 1kg,5
4220,15,2.0,376.78,2025-09-26,Dove Shampoo 360ml,11
4221,2,2.0,310.0,2025-09-26,Nestle Milk Pack 1L,21
4222,14,1.0,,2025-09-26,None,
4223,8,3.0,815.2,2025-09-26,Pepsi 1.5L,10
4224,19,3.0,891.92,2025-09-26,Tapal Danedar 950g,16
4225,6,2.0,,2025-09-26,None,
4226,19,1.0,335.13,2025-09-26,National Ketchup 1kg,5
4227,4,10.0,153.28,2025-09-26,Surf Excel 1kg,19
4228,5,1.0,491.64,2025-09-26,Ariel Washing Powder 1kg,7
4229,10,1.0,374.08,2025-09-26,Coca Cola 1.5L,15
4230,5,3.0,548.34,2025-09-26,Rice Basmati 5kg,8
4231,10,2.0,629.21,2025-09-26,Tissue Roll Rose Petal,23
4232,13,1.0,891.92,2025-09-26,Tapal Danedar 950g,16
4233,17,1.0,311.35,2025-09-26,Sufi Banaspati 1kg,3
4234,3,1.0,376.78,2025-09-26,Dove Shampoo 360ml,11
4235,4,1.0,467.06,2025-09-26,Wheat Flour 10kg,12
4236,6,,357.09,2025-09-26,Colgate Toothpaste 100ml,17
4237,3,1.0,386.73,2025-09-26,Dettol Handwash 200ml,13
4238,3,3.0,361.73,2025-09-26,Lux Soap 110g,18
4239,16,1.0,548.34,2025-09-26,Rice Basmati 5kg,8
4240,13,1.0,357.09,2025-09-26,Colgate Toothpaste 100ml,17
4241,1,3.0,491.64,2025-09-26,Ariel Washing Powder 1kg,7
4242,5,3.0,467.06,2025-09-26,Wheat Flour 10kg,12
4243,5,3.0,361.73,2025-09-26,Lux Soap 110g,18
4244,12,2.0,491.64,2025-09-26,Ariel Washing Powder 1kg,7
4245,11,1.0,467.06,2025-09-26,Wheat Flour 10kg,12
4246,19,2.0,201.09,2025-09-26,Tea Whitener 1kg,4
4247,4,1.0,548.34,2025-09-26,Rice Basmati 5kg,8
4248,8,,815.2,2025-09-26,Pepsi 1.5L,10
4249,18,3.0,548.34,2025-09-26,Rice Basmati 5kg,8
4250,20,4.0,376.78,2025-09-26,Dove Shampoo 360ml,11
4251,8,5.0,815.2,2025-09-26,Pepsi 1.5L,10
4252,10,1.0,198.91,2025-09-26,Lifebuoy Soap 110g,20
4253,20,1.0,100.09,2025-09-27,Olpers Milk 1L,14
4254,2,4.0,,2025-09-27,nan,
4255,9,3.0,357.09,2025-09-27,Colgate Toothpaste 100ml,17
4256,13,5.0,335.13,2025-09-27,National Ketchup 1kg,5
4257,15,1.0,715.23,2025-09-27,Nimko Mix 400g,1
4258,8,3.0,891.92,2025-09-27,Tapal Danedar 950g,16
4259,6,3.0,,2025-09-27,nan,
4260,19,2.0,357.09,2025-09-27,Colgate Toothpaste 100ml,17
4261,17,3.0,467.06,2025-09-27,Wheat Flour 10kg,12
4262,3,1.0,467.06,2025-09-27,Wheat Flour 10kg,12
4263,10,1.0,566.23,2025-09-27,Sprite 1.5L,2
4264,2,1.0,310.0,2025-09-27,Nestle Milk Pack 1L,21
4265,6,1.0,566.23,2025-09-27,Sprite 1.5L,2
4266,12,1.0,629.21,2025-09-27,Tissue Roll Rose Petal,23
4267,18,1.0,361.73,2025-09-27,Lux Soap 110g,18
4268,13,3.0,,2025-09-27,None,
4269,20,2.0,386.73,2025-09-27,Dettol Handwash 200ml,13
4270,14,2.0,548.34,2025-09-27,Rice Basmati 5kg,8
4271,10,4.0,201.09,2025-09-27,Tea Whitener 1kg,4
4272,9,3.0,715.23,2025-09-27,Nimko Mix 400g,1
4273,7,1.0,566.23,2025-09-27,Sprite 1.5L,2
4274,3,2.0,491.64,2025-09-27,Ariel Washing Powder 1kg,7
4275,8,3.0,606.63,2025-09-27,Shan Biryani Masala,6
4276,1,1.0,715.23,2025-09-27,Nimko Mix 400g,1
4277,17,2.0,335.13,2025-09-27,National Ketchup 1kg,5
4278,4,2.0,311.35,2025-09-27,Sufi Banaspati 1kg,3
4279,16,3.0,566.23,2025-09-27,Sprite 1.5L,2
4280,12,4.0,335.13,2025-09-27,National Ketchup 1kg,5
4281,10,,201.09,2025-09-27,Tea Whitener 1kg,4
4282,3,1.0,361.73,2025-09-27,Lux Soap 110g,18
4283,3,,198.91,2025-09-27,Lifebuoy Soap 110g,20
4284,18,4.0,100.09,2025-09-27,Olpers Milk 1L,14
4285,6,1.0,201.09,2025-09-27,Tea Whitener 1kg,4
4286,16,2.0,198.91,2025-09-27,Lifebuoy Soap 110g,20
4287,5,3.0,715.23,2025-09-27,Nimko Mix 400g,1
4288,17,2.0,815.2,2025-09-27,Pepsi 1.5L,10
4289,12,3.0,100.09,2025-09-27,Olpers Milk 1L,14
4290,6,4.0,715.23,2025-09-27,Nimko Mix 400g,1
4291,19,2.0,376.78,2025-09-27,Dove Shampoo 360ml,11
4292,1,2.0,361.73,2025-09-27,Lux Soap 110g,18
4293,6,1.0,715.23,2025-09-27,Nimko Mix 400g,1
4294,3,1.0,566.23,2025-09-27,Sprite 1.5L,2
4295,3,2.0,100.09,2025-09-27,Olpers Milk 1L,14
4296,20,4.0,548.34,2025-09-27,Rice Basmati 5kg,8
4297,14,3.0,606.63,2025-09-27,Shan Biryani Masala,6
4298,13,2.0,153.28,2025-09-27,Surf Excel 1kg,19
4299,3,1.0,548.34,2025-09-27,Rice Basmati 5kg,8
4300,18,1.0,606.63,2025-09-27,Shan Biryani Masala,6
4301,17,1.0,386.73,2025-09-27,Dettol Handwash 200ml,13
4302,18,3.0,,2025-09-27,nan,
4303,2,1.0,566.23,2025-09-27,Sprite 1.5L,2
4304,11,1.0,374.08,2025-09-27,Coca Cola 1.5L,15
4305,11,,311.35,2025-09-27,Sufi Banaspati 1kg,3
4306,10,1.0,629.21,2025-09-27,Tissue Roll Rose Petal,23
4307,20,5.0,548.34,2025-09-27,Rice Basmati 5kg,8
4308,10,4.0,201.09,2025-09-27,Tea Whitener 1kg,4
4309,7,,310.0,2025-09-27,Nestle Milk Pack 1L,21
4310,7,4.0,,2025-09-27,nan,
4311,9,5.0,,2025-09-27,None,
4312,18,4.0,629.21,2025-09-27,Tissue Roll Rose Petal,23
4313,4,3.0,891.92,2025-09-27,Tapal Danedar 950g,16
4314,13,2.0,467.06,2025-09-27,Wheat Flour 10kg,12
4315,17,1.0,335.13,2025-09-27,National Ketchup 1kg,5
4316,17,1.0,361.73,2025-09-27,Lux Soap 110g,18
4317,19,1.0,153.28,2025-09-27,Surf Excel 1kg,19
4318,2,20.0,311.35,2025-09-27,Sufi Banaspati 1kg,3
4319,6,1.0,357.09,2025-09-27,Colgate Toothpaste 100ml,17
4320,19,2.0,311.35,2025-09-27,Sufi Banaspati 1kg,3
4321,13,3.0,310.0,2025-09-27,Nestle Milk Pack 1L,21
4322,10,5.0,715.23,2025-09-27,Nimko Mix 400g,1
4323,7,1.0,606.63,2025-09-27,Shan Biryani Masala,6
4324,12,2.0,310.0,2025-09-27,Nestle Milk Pack 1L,21
4325,4,1.0,201.09,2025-09-27,Tea Whitener 1kg,4
4326,6,,374.08,2025-09-27,Coca Cola 1.5L,15
4327,15,1.0,606.63,2025-09-27,Shan Biryani Masala,6
4328,5,1.0,606.63,2025-09-27,Shan Biryani Masala,6
4329,7,,201.09,2025-09-27,Tea Whitener 1kg,4
4330,9,1.0,467.06,2025-09-27,Wheat Flour 10kg,12
4331,7,2.0,357.09,2025-09-27,Colgate Toothpaste 100ml,17
4332,13,3.0,311.35,2025-09-27,Sufi Banaspati 1kg,3
4333,9,1.0,606.63,2025-09-27,Shan Biryani Masala,6
4334,1,2.0,,2025-09-27,nan,
4335,10,2.0,149.34,2025-09-27,Dalda Cooking Oil 1L,22
4336,17,2.0,386.73,2025-09-27,Dettol Handwash 200ml,13
4337,16,2.0,715.23,2025-09-27,Nimko Mix 400g,1
4338,10,10.0,715.23,2025-09-27,Nimko Mix 400g,1
4339,17,2.0,815.2,2025-09-27,Pepsi 1.5L,10
4340,17,1.0,548.34,2025-09-27,Rice Basmati 5kg,8
4341,8,1.0,629.21,2025-09-27,Tissue Roll Rose Petal,23
4342,4,3.0,566.23,2025-09-27,Sprite 1.5L,2
4343,16,,153.28,2025-09-27,Surf Excel 1kg,19
4344,18,10.0,815.2,2025-09-27,Pepsi 1.5L,10
4345,9,1.0,815.2,2025-09-27,Pepsi 1.5L,10
4346,2,20.0,606.63,2025-09-27,Shan Biryani Masala,6
4347,18,20.0,606.63,2025-09-28,Shan Biryani Masala,6
4348,5,,153.28,2025-09-28,Surf Excel 1kg,19
4349,17,1.0,386.73,2025-09-28,Dettol Handwash 200ml,13
4350,7,,386.73,2025-09-28,Dettol Handwash 200ml,13
4351,6,1.0,310.0,2025-09-28,Nestle Milk Pack 1L,21
4352,2,1.0,310.0,2025-09-28,Nestle Milk Pack 1L,21
4353,5,,335.13,2025-09-28,National Ketchup 1kg,5
4354,14,3.0,606.63,2025-09-28,Shan Biryani Masala,6
4355,2,4.0,815.2,2025-09-28,Pepsi 1.5L,10
4356,2,1.0,153.28,2025-09-28,Surf Excel 1kg,19
4357,8,1.0,548.34,2025-09-28,Rice Basmati 5kg,8
4358,2,4.0,566.23,2025-09-28,Sprite 1.5L,2
4359,8,2.0,815.2,2025-09-28,Pepsi 1.5L,10
4360,19,2.0,566.23,2025-09-28,Sprite 1.5L,2
4361,5,4.0,100.09,2025-09-28,Olpers Milk 1L,14
4362,15,4.0,376.78,2025-09-28,Dove Shampoo 360ml,11
4363,8,1.0,715.23,2025-09-28,Nimko Mix 400g,1
4364,14,4.0,376.78,2025-09-28,Dove Shampoo 360ml,11
4365,18,3.0,149.34,2025-09-28,Dalda Cooking Oil 1L,22
4366,13,1.0,335.13,2025-09-28,National Ketchup 1kg,5
4367,17,1.0,361.73,2025-09-28,Lux Soap 110g,18
4368,10,10.0,335.13,2025-09-28,National Ketchup 1kg,5
4369,11,5.0,153.28,2025-09-28,Surf Excel 1kg,19
4370,1,1.0,310.0,2025-09-28,Nestle Milk Pack 1L,21
4371,17,1.0,374.08,2025-09-28,Coca Cola 1.5L,15
4372,11,2.0,361.73,2025-09-28,Lux Soap 110g,18
4373,2,3.0,548.34,2025-09-28,Rice Basmati 5kg,8
4374,8,3.0,357.09,2025-09-28,Colgate Toothpaste 100ml,17
4375,10,4.0,153.28,2025-09-28,Surf Excel 1kg,19
4376,17,10.0,311.35,2025-09-28,Sufi Banaspati 1kg,3
4377,13,1.0,149.34,2025-09-28,Dalda Cooking Oil 1L,22
4378,15,1.0,311.35,2025-09-28,Sufi Banaspati 1kg,3
4379,13,1.0,335.13,2025-09-28,National Ketchup 1kg,5
4380,8,,100.09,2025-09-28,Olpers Milk 1L,14
4381,10,3.0,,2025-09-28,nan,
4382,3,2.0,491.64,2025-09-28,Ariel Washing Powder 1kg,7
4383,15,2.0,715.23,2025-09-28,Nimko Mix 400g,1
4384,16,2.0,891.92,2025-09-28,Tapal Danedar 950g,16
4385,11,2.0,606.63,2025-09-28,Shan Biryani Masala,6
4386,6,2.0,335.13,2025-09-28,National Ketchup 1kg,5
4387,9,4.0,491.64,2025-09-28,Ariel Washing Powder 1kg,7
4388,11,3.0,100.09,2025-09-28,Olpers Milk 1L,14
4389,8,1.0,310.0,2025-09-28,Nestle Milk Pack 1L,21
4390,3,2.0,548.34,2025-09-28,Rice Basmati 5kg,8
4391,6,1.0,311.35,2025-09-28,Sufi Banaspati 1kg,3
4392,19,1.0,548.34,2025-09-28,Rice Basmati 5kg,8
4393,13,4.0,100.09,2025-09-28,Olpers Milk 1L,14
4394,13,5.0,815.2,2025-09-28,Pepsi 1.5L,10
4395,17,1.0,606.63,2025-09-28,Shan Biryani Masala,6
4396,2,1.0,548.34,2025-09-28,Rice Basmati 5kg,8
4397,5,1.0,715.23,2025-09-28,Nimko Mix 400g,1
4398,8,4.0,491.64,2025-09-28,Ariel Washing Powder 1kg,7
4399,3,1.0,548.34,2025-09-28,Rice Basmati 5kg,8
4400,18,5.0,629.21,2025-09-29,Tissue Roll Rose Petal,23
4401,7,2.0,467.06,2025-09-29,Wheat Flour 10kg,12
4402,6,1.0,311.35,2025-09-29,Sufi Banaspati 1kg,3
4403,16,10.0,815.2,2025-09-29,Pepsi 1.5L,10
4404,17,1.0,201.09,2025-09-29,Tea Whitener 1kg,4
4405,8,2.0,491.64,2025-09-29,Ariel Washing Powder 1kg,7
4406,8,3.0,311.35,2025-09-29,Sufi Banaspati 1kg,3
4407,8,,100.09,2025-09-29,Olpers Milk 1L,14
4408,4,2.0,715.23,2025-09-29,Nimko Mix 400g,1
4409,18,1.0,201.09,2025-09-29,Tea Whitener 1kg,4
4410,1,2.0,629.21,2025-09-29,Tissue Roll Rose Petal,23
4411,6,4.0,100.09,2025-09-29,Olpers Milk 1L,14
4412,20,5.0,361.73,2025-09-29,Lux Soap 110g,18
4413,3,3.0,606.63,2025-09-29,Shan Biryani Masala,6
4414,11,2.0,467.06,2025-09-29,Wheat Flour 10kg,12
4415,7,3.0,606.63,2025-09-29,Shan Biryani Masala,6
4416,4,1.0,100.09,2025-09-29,Olpers Milk 1L,14
4417,18,2.0,153.28,2025-09-29,Surf Excel 1kg,19
4418,8,10.0,100.09,2025-09-29,Olpers Milk 1L,14
4419,2,2.0,153.28,2025-09-29,Surf Excel 1kg,19
4420,3,1.0,,2025-09-29,nan,
4421,9,1.0,891.92,2025-09-29,Tapal Danedar 950g,16
4422,15,1.0,100.09,2025-09-29,Olpers Milk 1L,14
4423,1,2.0,715.23,2025-09-29,Nimko Mix 400g,1
4424,9,5.0,,2025-09-29,nan,
4425,19,4.0,198.91,2025-09-29,Lifebuoy Soap 110g,20
4426,9,1.0,198.91,2025-09-29,Lifebuoy Soap 110g,20
4427,19,2.0,201.09,2025-09-29,Tea Whitener 1kg,4
4428,18,1.0,715.23,2025-09-29,Nimko Mix 400g,1
4429,13,1.0,891.92,2025-09-29,Tapal Danedar 950g,16
4430,12,4.0,198.91,2025-09-29,Lifebuoy Soap 110g,20
4431,15,1.0,467.06,2025-09-29,Wheat Flour 10kg,12
4432,4,1.0,,2025-09-29,nan,
4433,1,1.0,606.63,2025-09-29,Shan Biryani Masala,6
4434,2,4.0,310.0,2025-09-29,Nestle Milk Pack 1L,21
4435,7,5.0,386.73,2025-09-29,Dettol Handwash 200ml,13
4436,12,2.0,374.08,2025-09-29,Coca Cola 1.5L,15
4437,17,1.0,629.21,2025-09-29,Tissue Roll Rose Petal,23
4438,13,2.0,153.28,2025-09-29,Surf Excel 1kg,19
4439,17,3.0,815.2,2025-09-29,Pepsi 1.5L,10
4440,6,20.0,491.64,2025-09-29,Ariel Washing Powder 1kg,7
4441,16,2.0,201.09,2025-09-29,Tea Whitener 1kg,4
4442,20,5.0,386.73,2025-09-29,Dettol Handwash 200ml,13
4443,15,4.0,,2025-09-29,nan,
4444,5,,153.28,2025-09-29,Surf Excel 1kg,19
4445,13,1.0,311.35,2025-09-29,Sufi Banaspati 1kg,3
4446,12,1.0,,2025-09-29,None,
4447,2,3.0,153.28,2025-09-29,Surf Excel 1kg,19
4448,14,3.0,467.06,2025-09-29,Wheat Flour 10kg,12
4449,3,4.0,,2025-09-29,None,
4450,1,2.0,491.64,2025-09-29,Ariel Washing Powder 1kg,7
4451,13,,153.28,2025-09-29,Surf Excel 1kg,19
4452,18,1.0,386.73,2025-09-29,Dettol Handwash 200ml,13
4453,20,2.0,715.23,2025-09-29,Nimko Mix 400g,1
4454,8,4.0,361.73,2025-09-29,Lux Soap 110g,18
4455,14,5.0,548.34,2025-09-29,Rice Basmati 5kg,8
4456,15,3.0,,2025-09-29,None,
4457,1,5.0,201.09,2025-09-29,Tea Whitener 1kg,4
4458,20,1.0,891.92,2025-09-29,Tapal Danedar 950g,16
4459,6,4.0,566.23,2025-09-29,Sprite 1.5L,2
4460,3,2.0,153.28,2025-09-29,Surf Excel 1kg,19
4461,15,1.0,311.35,2025-09-29,Sufi Banaspati 1kg,3
4462,4,5.0,467.06,2025-09-29,Wheat Flour 10kg,12
4463,4,5.0,629.21,2025-09-29,Tissue Roll Rose Petal,23
4464,13,1.0,891.92,2025-09-29,Tapal Danedar 950g,16
4465,6,2.0,335.13,2025-09-29,National Ketchup 1kg,5
4466,2,1.0,361.73,2025-09-29,Lux Soap 110g,18
4467,9,1.0,566.23,2025-09-29,Sprite 1.5L,2
4468,7,2.0,891.92,2025-09-29,Tapal Danedar 950g,16
4469,10,1.0,201.09,2025-09-29,Tea Whitener 1kg,4
4470,11,2.0,715.23,2025-09-29,Nimko Mix 400g,1
4471,20,2.0,566.23,2025-09-29,Sprite 1.5L,2
4472,1,2.0,467.06,2025-09-29,Wheat Flour 10kg,12
4473,1,20.0,311.35,2025-09-29,Sufi Banaspati 1kg,3
4474,19,1.0,335.13,2025-09-29,National Ketchup 1kg,5
4475,14,5.0,335.13,2025-09-29,National Ketchup 1kg,5
4476,6,3.0,,2025-09-29,None,
4477,4,3.0,310.0,2025-09-29,Nestle Milk Pack 1L,21
4478,20,2.0,311.35,2025-09-29,Sufi Banaspati 1kg,3
4479,1,2.0,715.23,2025-09-29,Nimko Mix 400g,1
4480,11,1.0,815.2,2025-09-29,Pepsi 1.5L,10
4481,16,3.0,566.23,2025-09-29,Sprite 1.5L,2
4482,20,2.0,815.2,2025-09-29,Pepsi 1.5L,10
4483,18,4.0,566.23,2025-09-29,Sprite 1.5L,2
4484,7,2.0,357.09,2025-09-29,Colgate Toothpaste 100ml,17
4485,11,1.0,335.13,2025-09-29,National Ketchup 1kg,5
4486,2,1.0,153.28,2025-09-29,Surf Excel 1kg,19
4487,3,1.0,467.06,2025-09-29,Wheat Flour 10kg,12
4488,12,2.0,815.2,2025-09-29,Pepsi 1.5L,10
4489,12,4.0,,2025-09-29,None,
4490,9,2.0,201.09,2025-09-29,Tea Whitener 1kg,4
4491,16,3.0,374.08,2025-09-29,Coca Cola 1.5L,15
4492,17,5.0,629.21,2025-09-29,Tissue Roll Rose Petal,23
4493,9,1.0,606.63,2025-09-29,Shan Biryani Masala,6
4494,20,5.0,467.06,2025-09-29,Wheat Flour 10kg,12
4495,5,3.0,201.09,2025-09-29,Tea Whitener 1kg,4
4496,4,2.0,606.63,2025-09-29,Shan Biryani Masala,6
4497,3,2.0,,2025-09-29,None,
4498,10,1.0,386.73,2025-09-29,Dettol Handwash 200ml,13
4499,12,4.0,566.23,2025-09-29,Sprite 1.5L,2
4500,13,10.0,467.06,2025-09-30,Wheat Flour 10kg,12
4501,2,3.0,386.73,2025-09-30,Dettol Handwash 200ml,13
4502,20,1.0,491.64,2025-09-30,Ariel Washing Powder 1kg,7
4503,5,5.0,548.34,2025-09-30,Rice Basmati 5kg,8
4504,20,1.0,153.28,2025-09-30,Surf Excel 1kg,19
4505,8,3.0,,2025-09-30,None,
4506,2,2.0,715.23,2025-09-30,Nimko Mix 400g,1
4507,17,1.0,335.13,2025-09-30,National Ketchup 1kg,5
4508,11,1.0,386.73,2025-09-30,Dettol Handwash 200ml,13
4509,8,5.0,,2025-09-30,nan,
4510,5,1.0,629.21,2025-09-30,Tissue Roll Rose Petal,23
4511,10,5.0,357.09,2025-09-30,Colgate Toothpaste 100ml,17
4512,4,3.0,606.63,2025-09-30,Shan Biryani Masala,6
4513,18,,548.34,2025-09-30,Rice Basmati 5kg,8
4514,13,10.0,606.63,2025-09-30,Shan Biryani Masala,6
4515,2,10.0,629.21,2025-09-30,Tissue Roll Rose Petal,23
4516,5,1.0,201.09,2025-09-30,Tea Whitener 1kg,4
4517,13,3.0,100.09,2025-09-30,Olpers Milk 1L,14
4518,20,3.0,815.2,2025-09-30,Pepsi 1.5L,10
4519,14,5.0,335.13,2025-09-30,National Ketchup 1kg,5
4520,16,5.0,357.09,2025-09-30,Colgate Toothpaste 100ml,17
4521,16,5.0,715.23,2025-09-30,Nimko Mix 400g,1
4522,17,4.0,467.06,2025-09-30,Wheat Flour 10kg,12
4523,16,2.0,376.78,2025-09-30,Dove Shampoo 360ml,11
4524,17,2.0,198.91,2025-09-30,Lifebuoy Soap 110g,20
4525,14,3.0,201.09,2025-09-30,Tea Whitener 1kg,4
4526,12,4.0,386.73,2025-09-30,Dettol Handwash 200ml,13
4527,17,2.0,311.35,2025-09-30,Sufi Banaspati 1kg,3
4528,16,1.0,891.92,2025-09-30,Tapal Danedar 950g,16
4529,5,5.0,335.13,2025-09-30,National Ketchup 1kg,5
4530,17,1.0,566.23,2025-09-30,Sprite 1.5L,2
4531,18,1.0,149.34,2025-09-30,Dalda Cooking Oil 1L,22
4532,5,10.0,376.78,2025-09-30,Dove Shampoo 360ml,11
4533,18,20.0,891.92,2025-09-30,Tapal Danedar 950g,16
4534,6,5.0,149.34,2025-09-30,Dalda Cooking Oil 1L,22
4535,8,2.0,,2025-09-30,None,
4536,20,1.0,201.09,2025-09-30,Tea Whitener 1kg,4
4537,10,1.0,629.21,2025-09-30,Tissue Roll Rose Petal,23
4538,7,4.0,376.78,2025-09-30,Dove Shampoo 360ml,11
4539,10,4.0,149.34,2025-09-30,Dalda Cooking Oil 1L,22
4540,16,5.0,606.63,2025-09-30,Shan Biryani Masala,6
4541,13,1.0,149.34,2025-09-30,Dalda Cooking Oil 1L,22
4542,20,2.0,891.92,2025-09-30,Tapal Danedar 950g,16
4543,20,2.0,201.09,2025-09-30,Tea Whitener 1kg,4
4544,2,4.0,386.73,2025-09-30,Dettol Handwash 200ml,13
4545,9,5.0,361.73,2025-09-30,Lux Soap 110g,18
4546,18,4.0,891.92,2025-09-30,Tapal Danedar 950g,16
4547,1,2.0,153.28,2025-09-30,Surf Excel 1kg,19
4548,1,1.0,548.34,2025-09-30,Rice Basmati 5kg,8
4549,8,3.0,566.23,2025-09-30,Sprite 1.5L,2
4550,18,1.0,311.35,2025-09-30,Sufi Banaspati 1kg,3
4551,11,3.0,374.08,2025-09-30,Coca Cola 1.5L,15
4552,13,5.0,566.23,2025-09-30,Sprite 1.5L,2
4553,3,3.0,491.64,2025-09-30,Ariel Washing Powder 1kg,7
4554,14,3.0,201.09,2025-09-30,Tea Whitener 1kg,4
4555,6,,606.63,2025-09-30,Shan Biryani Masala,6
4556,10,3.0,715.23,2025-09-30,Nimko Mix 400g,1
4557,3,2.0,361.73,2025-09-30,Lux Soap 110g,18
4558,11,4.0,715.23,2025-09-30,Nimko Mix 400g,1
4559,1,3.0,361.73,2025-09-30,Lux Soap 110g,18
4560,6,20.0,629.21,2025-09-30,Tissue Roll Rose Petal,23
4561,9,5.0,311.35,2025-09-30,Sufi Banaspati 1kg,3
4562,19,5.0,891.92,2025-09-30,Tapal Danedar 950g,16
4563,7,2.0,629.21,2025-09-30,Tissue Roll Rose Petal,23
4564,9,2.0,153.28,2025-09-30,Surf Excel 1kg,19
4565,10,1.0,566.23,2025-09-30,Sprite 1.5L,2
4566,2,2.0,153.28,2025-09-30,Surf Excel 1kg,19
4567,16,1.0,715.23,2025-09-30,Nimko Mix 400g,1
4568,6,1.0,548.34,2025-09-30,Rice Basmati 5kg,8
4569,4,1.0,361.73,2025-09-30,Lux Soap 110g,18
4570,6,5.0,715.23,2025-09-30,Nimko Mix 400g,1
4571,10,4.0,100.09,2025-09-30,Olpers Milk 1L,14
4572,8,2.0,374.08,2025-09-30,Coca Cola 1.5L,15
4573,8,2.0,361.73,2025-09-30,Lux Soap 110g,18
4574,6,1.0,374.08,2025-09-30,Coca Cola 1.5L,15
4575,6,3.0,,2025-09-30,nan,
4576,14,,310.0,2025-09-30,Nestle Milk Pack 1L,21
4577,17,1.0,815.2,2025-09-30,Pepsi 1.5L,10
4578,8,1.0,491.64,2025-09-30,Ariel Washing Powder 1kg,7
4579,14,1.0,491.64,2025-09-30,Ariel Washing Powder 1kg,7
4580,11,1.0,,2025-09-30,nan,
4581,16,1.0,548.34,2025-09-30,Rice Basmati 5kg,8
4582,17,3.0,201.09,2025-09-30,Tea Whitener 1kg,4
4583,1,3.0,100.09,2025-09-30,Olpers Milk 1L,14
4584,9,1.0,153.28,2025-09-30,Surf Excel 1kg,19
4585,12,1.0,310.0,2025-09-30,Nestle Milk Pack 1L,21
4586,13,2.0,361.73,2025-09-30,Lux Soap 110g,18
4587,10,2.0,715.23,2025-09-30,Nimko Mix 400g,1
4588,13,3.0,566.23,2025-09-30,Sprite 1.5L,2
4589,16,1.0,548.34,2025-09-30,Rice Basmati 5kg,8
4590,16,5.0,311.35,2025-09-30,Sufi Banaspati 1kg,3
4591,8,1.0,566.23,2025-09-30,Sprite 1.5L,2
4592,4,5.0,357.09,2025-09-30,Colgate Toothpaste 100ml,17
4593,5,5.0,,2025-09-30,nan,
4594,19,1.0,100.09,2025-09-30,Olpers Milk 1L,14
4595,9,1.0,467.06,2025-09-30,Wheat Flour 10kg,12
4596,12,1.0,566.23,2025-09-30,Sprite 1.5L,2
4597,5,3.0,815.2,2025-09-30,Pepsi 1.5L,10
4598,17,5.0,815.2,2025-09-30,Pepsi 1.5L,10
4599,17,4.0,491.64,2025-09-30,Ariel Washing Powder 1kg,7
4600,11,3.0,361.73,2025-09-30,Lux Soap 110g,18
4601,16,1.0,311.35,2025-09-30,Sufi Banaspati 1kg,3
4602,14,1.0,,2025-09-30,nan,
4603,20,3.0,715.23,2025-09-30,Nimko Mix 400g,1
4604,2,1.0,,2025-09-30,nan,
4605,11,1.0,566.23,2025-09-30,Sprite 1.5L,2
4606,14,4.0,,2025-09-30,nan,
4607,11,1.0,374.08,2025-10-01,Coca Cola 1.5L,15
4608,7,3.0,815.2,2025-10-01,Pepsi 1.5L,10
4609,8,20.0,606.63,2025-10-01,Shan Biryani Masala,6
4610,18,,201.09,2025-10-01,Tea Whitener 1kg,4
4611,18,20.0,491.64,2025-10-01,Ariel Washing Powder 1kg,7
4612,10,3.0,891.92,2025-10-01,Tapal Danedar 950g,16
4613,14,5.0,491.64,2025-10-01,Ariel Washing Powder 1kg,7
4614,7,,629.21,2025-10-01,Tissue Roll Rose Petal,23
4615,9,3.0,201.09,2025-10-01,Tea Whitener 1kg,4
4616,2,3.0,606.63,2025-10-01,Shan Biryani Masala,6
4617,6,1.0,491.64,2025-10-01,Ariel Washing Powder 1kg,7
4618,10,1.0,201.09,2025-10-01,Tea Whitener 1kg,4
4619,11,1.0,149.34,2025-10-01,Dalda Cooking Oil 1L,22
4620,5,3.0,100.09,2025-10-01,Olpers Milk 1L,14
4621,18,2.0,,2025-10-01,nan,
4622,7,1.0,149.34,2025-10-01,Dalda Cooking Oil 1L,22
4623,6,10.0,201.09,2025-10-01,Tea Whitener 1kg,4
4624,10,,153.28,2025-10-01,Surf Excel 1kg,19
4625,13,,153.28,2025-10-01,Surf Excel 1kg,19
4626,18,,198.91,2025-10-01,Lifebuoy Soap 110g,20
4627,15,1.0,566.23,2025-10-01,Sprite 1.5L,2
4628,7,20.0,357.09,2025-10-01,Colgate Toothpaste 100ml,17
4629,10,5.0,361.73,2025-10-01,Lux Soap 110g,18
4630,9,,566.23,2025-10-01,Sprite 1.5L,2
4631,8,,491.64,2025-10-01,Ariel Washing Powder 1kg,7
4632,3,1.0,376.78,2025-10-01,Dove Shampoo 360ml,11
4633,18,1.0,715.23,2025-10-01,Nimko Mix 400g,1
4634,1,2.0,386.73,2025-10-01,Dettol Handwash 200ml,13
4635,7,2.0,891.92,2025-10-01,Tapal Danedar 950g,16
4636,20,4.0,386.73,2025-10-01,Dettol Handwash 200ml,13
4637,20,3.0,357.09,2025-10-01,Colgate Toothpaste 100ml,17
4638,1,3.0,566.23,2025-10-01,Sprite 1.5L,2
4639,11,1.0,,2025-10-01,None,
4640,14,4.0,149.34,2025-10-01,Dalda Cooking Oil 1L,22
4641,16,1.0,357.09,2025-10-01,Colgate Toothpaste 100ml,17
4642,8,1.0,335.13,2025-10-01,National Ketchup 1kg,5
4643,5,5.0,891.92,2025-10-01,Tapal Danedar 950g,16
4644,4,2.0,335.13,2025-10-01,National Ketchup 1kg,5
4645,14,1.0,357.09,2025-10-01,Colgate Toothpaste 100ml,17
4646,6,1.0,891.92,2025-10-01,Tapal Danedar 950g,16
4647,1,1.0,566.23,2025-10-01,Sprite 1.5L,2
4648,14,1.0,149.34,2025-10-01,Dalda Cooking Oil 1L,22
4649,7,1.0,357.09,2025-10-01,Colgate Toothpaste 100ml,17
4650,13,5.0,201.09,2025-10-01,Tea Whitener 1kg,4
4651,1,1.0,374.08,2025-10-01,Coca Cola 1.5L,15
4652,5,4.0,629.21,2025-10-01,Tissue Roll Rose Petal,23
4653,5,1.0,629.21,2025-10-01,Tissue Roll Rose Petal,23
4654,6,2.0,,2025-10-01,None,
4655,19,3.0,815.2,2025-10-01,Pepsi 1.5L,10
4656,3,1.0,815.2,2025-10-01,Pepsi 1.5L,10
4657,6,1.0,715.23,2025-10-01,Nimko Mix 400g,1
4658,13,3.0,357.09,2025-10-01,Colgate Toothpaste 100ml,17
4659,16,1.0,153.28,2025-10-01,Surf Excel 1kg,19
4660,17,4.0,715.23,2025-10-01,Nimko Mix 400g,1
4661,9,2.0,100.09,2025-10-01,Olpers Milk 1L,14
4662,9,10.0,,2025-10-01,nan,
4663,8,1.0,491.64,2025-10-01,Ariel Washing Powder 1kg,7
4664,18,5.0,,2025-10-01,nan,
4665,9,2.0,386.73,2025-10-01,Dettol Handwash 200ml,13
4666,13,4.0,310.0,2025-10-01,Nestle Milk Pack 1L,21
4667,6,3.0,715.23,2025-10-01,Nimko Mix 400g,1
4668,7,5.0,310.0,2025-10-01,Nestle Milk Pack 1L,21
4669,19,5.0,,2025-10-01,nan,
4670,15,,198.91,2025-10-01,Lifebuoy Soap 110g,20
4671,14,2.0,100.09,2025-10-01,Olpers Milk 1L,14
4672,15,3.0,606.63,2025-10-01,Shan Biryani Masala,6
4673,5,1.0,361.73,2025-10-01,Lux Soap 110g,18
4674,18,10.0,198.91,2025-10-01,Lifebuoy Soap 110g,20
4675,16,5.0,386.73,2025-10-01,Dettol Handwash 200ml,13
4676,15,,715.23,2025-10-01,Nimko Mix 400g,1
4677,9,2.0,357.09,2025-10-01,Colgate Toothpaste 100ml,17
4678,3,5.0,311.35,2025-10-01,Sufi Banaspati 1kg,3
4679,16,4.0,629.21,2025-10-01,Tissue Roll Rose Petal,23
4680,1,1.0,815.2,2025-10-01,Pepsi 1.5L,10
4681,10,1.0,566.23,2025-10-01,Sprite 1.5L,2
4682,18,3.0,335.13,2025-10-01,National Ketchup 1kg,5
4683,15,5.0,629.21,2025-10-01,Tissue Roll Rose Petal,23
4684,19,3.0,891.92,2025-10-01,Tapal Danedar 950g,16
4685,6,2.0,566.23,2025-10-02,Sprite 1.5L,2
4686,2,1.0,335.13,2025-10-02,National Ketchup 1kg,5
4687,20,4.0,100.09,2025-10-02,Olpers Milk 1L,14
4688,14,4.0,149.34,2025-10-02,Dalda Cooking Oil 1L,22
4689,6,4.0,566.23,2025-10-02,Sprite 1.5L,2
4690,1,1.0,149.34,2025-10-02,Dalda Cooking Oil 1L,22
4691,13,1.0,153.28,2025-10-02,Surf Excel 1kg,19
4692,2,2.0,153.28,2025-10-02,Surf Excel 1kg,19
4693,13,2.0,100.09,2025-10-02,Olpers Milk 1L,14
4694,14,20.0,629.21,2025-10-02,Tissue Roll Rose Petal,23
4695,13,2.0,891.92,2025-10-02,Tapal Danedar 950g,16
4696,1,3.0,,2025-10-02,nan,
4697,15,1.0,153.28,2025-10-02,Surf Excel 1kg,19
4698,11,,335.13,2025-10-02,National Ketchup 1kg,5
4699,9,3.0,153.28,2025-10-02,Surf Excel 1kg,19
4700,2,1.0,374.08,2025-10-02,Coca Cola 1.5L,15
4701,15,4.0,,2025-10-02,None,
4702,10,1.0,467.06,2025-10-02,Wheat Flour 10kg,12
4703,17,5.0,467.06,2025-10-02,Wheat Flour 10kg,12
4704,8,3.0,357.09,2025-10-02,Colgate Toothpaste 100ml,17
4705,2,1.0,467.06,2025-10-02,Wheat Flour 10kg,12
4706,10,4.0,361.73,2025-10-02,Lux Soap 110g,18
4707,5,1.0,,2025-10-02,nan,
4708,12,5.0,715.23,2025-10-02,Nimko Mix 400g,1
4709,3,1.0,606.63,2025-10-02,Shan Biryani Masala,6
4710,13,4.0,361.73,2025-10-02,Lux Soap 110g,18
4711,12,4.0,566.23,2025-10-02,Sprite 1.5L,2
4712,6,1.0,386.73,2025-10-02,Dettol Handwash 200ml,13
4713,2,2.0,467.06,2025-10-02,Wheat Flour 10kg,12
4714,11,4.0,198.91,2025-10-02,Lifebuoy Soap 110g,20
4715,8,5.0,374.08,2025-10-02,Coca Cola 1.5L,15
4716,19,1.0,311.35,2025-10-02,Sufi Banaspati 1kg,3
4717,10,1.0,201.09,2025-10-02,Tea Whitener 1kg,4
4718,3,2.0,361.73,2025-10-02,Lux Soap 110g,18
4719,2,2.0,467.06,2025-10-02,Wheat Flour 10kg,12
4720,11,5.0,467.06,2025-10-02,Wheat Flour 10kg,12
4721,8,,815.2,2025-10-02,Pepsi 1.5L,10
4722,1,1.0,606.63,2025-10-02,Shan Biryani Masala,6
4723,2,1.0,386.73,2025-10-02,Dettol Handwash 200ml,13
4724,7,3.0,201.09,2025-10-02,Tea Whitener 1kg,4
4725,16,3.0,,2025-10-02,None,
4726,15,1.0,,2025-10-02,nan,
4727,13,,335.13,2025-10-02,National Ketchup 1kg,5
4728,16,1.0,335.13,2025-10-02,National Ketchup 1kg,5
4729,7,2.0,361.73,2025-10-02,Lux Soap 110g,18
4730,18,2.0,548.34,2025-10-02,Rice Basmati 5kg,8
4731,9,1.0,201.09,2025-10-02,Tea Whitener 1kg,4
4732,4,4.0,,2025-10-02,None,
4733,15,1.0,566.23,2025-10-02,Sprite 1.5L,2
4734,5,3.0,357.09,2025-10-02,Colgate Toothpaste 100ml,17
4735,13,4.0,715.23,2025-10-02,Nimko Mix 400g,1
4736,9,5.0,629.21,2025-10-02,Tissue Roll Rose Petal,23
4737,2,1.0,629.21,2025-10-02,Tissue Roll Rose Petal,23
4738,9,1.0,815.2,2025-10-02,Pepsi 1.5L,10
4739,15,5.0,606.63,2025-10-02,Shan Biryani Masala,6
4740,14,1.0,201.09,2025-10-02,Tea Whitener 1kg,4
4741,15,1.0,149.34,2025-10-02,Dalda Cooking Oil 1L,22
4742,18,1.0,606.63,2025-10-02,Shan Biryani Masala,6
4743,5,4.0,715.23,2025-10-02,Nimko Mix 400g,1
4744,7,10.0,153.28,2025-10-02,Surf Excel 1kg,19
4745,13,,,2025-10-02,None,
4746,13,2.0,335.13,2025-10-02,National Ketchup 1kg,5
4747,17,5.0,566.23,2025-10-02,Sprite 1.5L,2
4748,16,1.0,361.73,2025-10-02,Lux Soap 110g,18
4749,5,,815.2,2025-10-02,Pepsi 1.5L,10
4750,5,1.0,374.08,2025-10-02,Coca Cola 1.5L,15
4751,2,10.0,715.23,2025-10-02,Nimko Mix 400g,1
4752,17,3.0,606.63,2025-10-02,Shan Biryani Masala,6
4753,16,1.0,715.23,2025-10-02,Nimko Mix 400g,1
4754,17,2.0,361.73,2025-10-02,Lux Soap 110g,18
4755,18,,374.08,2025-10-02,Coca Cola 1.5L,15
4756,3,2.0,,2025-10-02,nan,
4757,2,3.0,100.09,2025-10-02,Olpers Milk 1L,14
4758,13,1.0,715.23,2025-10-02,Nimko Mix 400g,1
4759,3,2.0,357.09,2025-10-02,Colgate Toothpaste 100ml,17
4760,6,2.0,310.0,2025-10-02,Nestle Milk Pack 1L,21
4761,19,,715.23,2025-10-02,Nimko Mix 400g,1
4762,14,4.0,548.34,2025-10-02,Rice Basmati 5kg,8
4763,17,1.0,386.73,2025-10-02,Dettol Handwash 200ml,13
4764,20,1.0,715.23,2025-10-02,Nimko Mix 400g,1
4765,5,5.0,606.63,2025-10-02,Shan Biryani Masala,6
4766,2,2.0,149.34,2025-10-02,Dalda Cooking Oil 1L,22
4767,9,3.0,491.64,2025-10-03,Ariel Washing Powder 1kg,7
4768,3,2.0,566.23,2025-10-03,Sprite 1.5L,2
4769,6,2.0,566.23,2025-10-03,Sprite 1.5L,2
4770,2,1.0,376.78,2025-10-03,Dove Shampoo 360ml,11
4771,15,4.0,335.13,2025-10-03,National Ketchup 1kg,5
4772,13,4.0,149.34,2025-10-03,Dalda Cooking Oil 1L,22
4773,15,2.0,374.08,2025-10-03,Coca Cola 1.5L,15
4774,20,3.0,153.28,2025-10-03,Surf Excel 1kg,19
4775,10,1.0,201.09,2025-10-03,Tea Whitener 1kg,4
4776,9,2.0,386.73,2025-10-03,Dettol Handwash 200ml,13
4777,8,2.0,153.28,2025-10-03,Surf Excel 1kg,19
4778,13,1.0,629.21,2025-10-03,Tissue Roll Rose Petal,23
4779,5,3.0,815.2,2025-10-03,Pepsi 1.5L,10
4780,2,1.0,606.63,2025-10-03,Shan Biryani Masala,6
4781,5,1.0,310.0,2025-10-03,Nestle Milk Pack 1L,21
4782,13,1.0,,2025-10-03,nan,
4783,12,2.0,311.35,2025-10-03,Sufi Banaspati 1kg,3
4784,17,2.0,149.34,2025-10-03,Dalda Cooking Oil 1L,22
4785,11,5.0,566.23,2025-10-03,Sprite 1.5L,2
4786,3,4.0,606.63,2025-10-03,Shan Biryani Masala,6
4787,2,3.0,467.06,2025-10-03,Wheat Flour 10kg,12
4788,12,3.0,198.91,2025-10-03,Lifebuoy Soap 110g,20
4789,10,2.0,198.91,2025-10-03,Lifebuoy Soap 110g,20
4790,8,3.0,491.64,2025-10-03,Ariel Washing Powder 1kg,7
4791,8,2.0,100.09,2025-10-03,Olpers Milk 1L,14
4792,13,4.0,606.63,2025-10-03,Shan Biryani Masala,6
4793,1,4.0,310.0,2025-10-03,Nestle Milk Pack 1L,21
4794,19,1.0,361.73,2025-10-03,Lux Soap 110g,18
4795,7,1.0,153.28,2025-10-03,Surf Excel 1kg,19
4796,11,2.0,335.13,2025-10-03,National Ketchup 1kg,5
4797,9,5.0,198.91,2025-10-03,Lifebuoy Soap 110g,20
4798,9,20.0,815.2,2025-10-03,Pepsi 1.5L,10
4799,2,1.0,715.23,2025-10-03,Nimko Mix 400g,1
4800,4,,715.23,2025-10-03,Nimko Mix 400g,1
4801,8,3.0,153.28,2025-10-03,Surf Excel 1kg,19
4802,17,2.0,,2025-10-03,nan,
4803,20,4.0,153.28,2025-10-03,Surf Excel 1kg,19
4804,16,2.0,,2025-10-03,None,
4805,10,,361.73,2025-10-03,Lux Soap 110g,18
4806,4,1.0,376.78,2025-10-03,Dove Shampoo 360ml,11
4807,6,1.0,311.35,2025-10-03,Sufi Banaspati 1kg,3
4808,1,3.0,311.35,2025-10-03,Sufi Banaspati 1kg,3
4809,17,5.0,491.64,2025-10-03,Ariel Washing Powder 1kg,7
4810,19,,201.09,2025-10-03,Tea Whitener 1kg,4
4811,17,2.0,566.23,2025-10-03,Sprite 1.5L,2
4812,19,1.0,198.91,2025-10-03,Lifebuoy Soap 110g,20
4813,20,4.0,361.73,2025-10-03,Lux Soap 110g,18
4814,14,,311.35,2025-10-03,Sufi Banaspati 1kg,3
4815,2,1.0,310.0,2025-10-03,Nestle Milk Pack 1L,21
4816,4,4.0,376.78,2025-10-03,Dove Shampoo 360ml,11
4817,2,1.0,153.28,2025-10-03,Surf Excel 1kg,19
4818,8,3.0,198.91,2025-10-03,Lifebuoy Soap 110g,20
4819,11,1.0,467.06,2025-10-03,Wheat Flour 10kg,12
4820,6,5.0,566.23,2025-10-03,Sprite 1.5L,2
4821,1,1.0,,2025-10-03,nan,
4822,12,2.0,361.73,2025-10-03,Lux Soap 110g,18
4823,9,2.0,491.64,2025-10-03,Ariel Washing Powder 1kg,7
4824,15,1.0,467.06,2025-10-03,Wheat Flour 10kg,12
4825,5,1.0,361.73,2025-10-03,Lux Soap 110g,18
4826,11,5.0,,2025-10-03,nan,
4827,8,1.0,201.09,2025-10-03,Tea Whitener 1kg,4
4828,19,5.0,715.23,2025-10-04,Nimko Mix 400g,1
4829,10,4.0,,2025-10-04,nan,
4830,6,1.0,149.34,2025-10-04,Dalda Cooking Oil 1L,22
4831,10,1.0,153.28,2025-10-04,Surf Excel 1kg,19
4832,18,1.0,566.23,2025-10-04,Sprite 1.5L,2
4833,20,2.0,311.35,2025-10-04,Sufi Banaspati 1kg,3
4834,8,1.0,374.08,2025-10-04,Coca Cola 1.5L,15
4835,5,1.0,891.92,2025-10-04,Tapal Danedar 950g,16
4836,2,,311.35,2025-10-04,Sufi Banaspati 1kg,3
4837,1,2.0,,2025-10-04,None,
4838,16,5.0,715.23,2025-10-04,Nimko Mix 400g,1
4839,18,1.0,198.91,2025-10-04,Lifebuoy Soap 110g,20
4840,13,5.0,100.09,2025-10-04,Olpers Milk 1L,14
4841,3,1.0,335.13,2025-10-04,National Ketchup 1kg,5
4842,1,1.0,201.09,2025-10-04,Tea Whitener 1kg,4
4843,5,1.0,566.23,2025-10-04,Sprite 1.5L,2
4844,17,2.0,374.08,2025-10-04,Coca Cola 1.5L,15
4845,5,1.0,100.09,2025-10-04,Olpers Milk 1L,14
4846,15,1.0,,2025-10-04,None,
4847,1,1.0,100.09,2025-10-04,Olpers Milk 1L,14
4848,3,10.0,201.09,2025-10-04,Tea Whitener 1kg,4
4849,11,10.0,310.0,2025-10-04,Nestle Milk Pack 1L,21
4850,14,2.0,606.63,2025-10-04,Shan Biryani Masala,6
4851,17,1.0,606.63,2025-10-04,Shan Biryani Masala,6
4852,15,4.0,606.63,2025-10-04,Shan Biryani Masala,6
4853,18,1.0,376.78,2025-10-04,Dove Shampoo 360ml,11
4854,10,1.0,153.28,2025-10-04,Surf Excel 1kg,19
4855,16,1.0,629.21,2025-10-04,Tissue Roll Rose Petal,23
4856,9,2.0,361.73,2025-10-04,Lux Soap 110g,18
4857,16,2.0,201.09,2025-10-04,Tea Whitener 1kg,4
4858,7,5.0,715.23,2025-10-04,Nimko Mix 400g,1
4859,12,5.0,386.73,2025-10-04,Dettol Handwash 200ml,13
4860,11,2.0,566.23,2025-10-04,Sprite 1.5L,2
4861,4,2.0,,2025-10-04,nan,
4862,2,1.0,891.92,2025-10-04,Tapal Danedar 950g,16
4863,17,1.0,,2025-10-04,None,
4864,17,5.0,491.64,2025-10-04,Ariel Washing Powder 1kg,7
4865,12,1.0,629.21,2025-10-04,Tissue Roll Rose Petal,23
4866,16,,198.91,2025-10-04,Lifebuoy Soap 110g,20
4867,11,2.0,201.09,2025-10-04,Tea Whitener 1kg,4
4868,11,3.0,201.09,2025-10-04,Tea Whitener 1kg,4
4869,18,10.0,374.08,2025-10-04,Coca Cola 1.5L,15
4870,17,2.0,891.92,2025-10-04,Tapal Danedar 950g,16
4871,2,3.0,361.73,2025-10-04,Lux Soap 110g,18
4872,4,2.0,357.09,2025-10-04,Colgate Toothpaste 100ml,17
4873,19,,566.23,2025-10-04,Sprite 1.5L,2
4874,12,2.0,198.91,2025-10-04,Lifebuoy Soap 110g,20
4875,3,1.0,100.09,2025-10-04,Olpers Milk 1L,14
4876,3,1.0,153.28,2025-10-04,Surf Excel 1kg,19
4877,5,2.0,198.91,2025-10-04,Lifebuoy Soap 110g,20
4878,13,1.0,335.13,2025-10-04,National Ketchup 1kg,5
4879,7,3.0,335.13,2025-10-04,National Ketchup 1kg,5
4880,13,,566.23,2025-10-04,Sprite 1.5L,2
4881,17,3.0,891.92,2025-10-04,Tapal Danedar 950g,16
4882,9,2.0,467.06,2025-10-04,Wheat Flour 10kg,12
4883,7,4.0,311.35,2025-10-04,Sufi Banaspati 1kg,3
4884,10,3.0,153.28,2025-10-04,Surf Excel 1kg,19
4885,5,1.0,815.2,2025-10-04,Pepsi 1.5L,10
4886,13,2.0,361.73,2025-10-04,Lux Soap 110g,18
4887,9,5.0,,2025-10-04,None,
4888,1,1.0,491.64,2025-10-04,Ariel Washing Powder 1kg,7
4889,16,3.0,361.73,2025-10-04,Lux Soap 110g,18
4890,11,5.0,386.73,2025-10-04,Dettol Handwash 200ml,13
4891,10,1.0,566.23,2025-10-04,Sprite 1.5L,2
4892,13,4.0,361.73,2025-10-04,Lux Soap 110g,18
4893,1,2.0,566.23,2025-10-04,Sprite 1.5L,2
4894,1,4.0,566.23,2025-10-04,Sprite 1.5L,2
4895,6,1.0,357.09,2025-10-04,Colgate Toothpaste 100ml,17
4896,13,5.0,566.23,2025-10-04,Sprite 1.5L,2
4897,16,2.0,376.78,2025-10-04,Dove Shampoo 360ml,11
4898,6,1.0,374.08,2025-10-04,Coca Cola 1.5L,15
4899,7,2.0,376.78,2025-10-04,Dove Shampoo 360ml,11
4900,8,1.0,361.73,2025-10-04,Lux Soap 110g,18
4901,18,3.0,891.92,2025-10-04,Tapal Danedar 950g,16
4902,7,2.0,891.92,2025-10-04,Tapal Danedar 950g,16
4903,11,1.0,467.06,2025-10-04,Wheat Flour 10kg,12
4904,15,1.0,201.09,2025-10-04,Tea Whitener 1kg,4
4905,18,,566.23,2025-10-05,Sprite 1.5L,2
4906,19,2.0,153.28,2025-10-05,Surf Excel 1kg,19
4907,16,,491.64,2025-10-05,Ariel Washing Powder 1kg,7
4908,15,1.0,361.73,2025-10-05,Lux Soap 110g,18
4909,6,3.0,361.73,2025-10-05,Lux Soap 110g,18
4910,4,1.0,361.73,2025-10-05,Lux Soap 110g,18
4911,4,3.0,606.63,2025-10-05,Shan Biryani Masala,6
4912,2,4.0,376.78,2025-10-05,Dove Shampoo 360ml,11
4913,17,5.0,566.23,2025-10-05,Sprite 1.5L,2
4914,7,,149.34,2025-10-05,Dalda Cooking Oil 1L,22
4915,5,,606.63,2025-10-05,Shan Biryani Masala,6
4916,6,4.0,198.91,2025-10-05,Lifebuoy Soap 110g,20
4917,12,,376.78,2025-10-05,Dove Shampoo 360ml,11
4918,2,4.0,606.63,2025-10-05,Shan Biryani Masala,6
4919,15,1.0,566.23,2025-10-05,Sprite 1.5L,2
4920,15,4.0,149.34,2025-10-05,Dalda Cooking Oil 1L,22
4921,17,2.0,201.09,2025-10-05,Tea Whitener 1kg,4
4922,10,5.0,386.73,2025-10-05,Dettol Handwash 200ml,13
4923,4,2.0,100.09,2025-10-05,Olpers Milk 1L,14
4924,4,1.0,335.13,2025-10-05,National Ketchup 1kg,5
4925,6,3.0,149.34,2025-10-05,Dalda Cooking Oil 1L,22
4926,20,2.0,,2025-10-05,None,
4927,7,1.0,467.06,2025-10-05,Wheat Flour 10kg,12
4928,1,5.0,815.2,2025-10-05,Pepsi 1.5L,10
4929,19,1.0,361.73,2025-10-05,Lux Soap 110g,18
4930,14,5.0,606.63,2025-10-05,Shan Biryani Masala,6
4931,13,1.0,715.23,2025-10-05,Nimko Mix 400g,1
4932,5,1.0,201.09,2025-10-05,Tea Whitener 1kg,4
4933,3,10.0,,2025-10-05,None,
4934,8,5.0,376.78,2025-10-05,Dove Shampoo 360ml,11
4935,6,1.0,361.73,2025-10-05,Lux Soap 110g,18
4936,14,,,2025-10-05,None,
4937,9,10.0,491.64,2025-10-05,Ariel Washing Powder 1kg,7
4938,13,1.0,566.23,2025-10-05,Sprite 1.5L,2
4939,2,1.0,311.35,2025-10-05,Sufi Banaspati 1kg,3
4940,12,1.0,311.35,2025-10-05,Sufi Banaspati 1kg,3
4941,9,1.0,376.78,2025-10-05,Dove Shampoo 360ml,11
4942,10,20.0,100.09,2025-10-05,Olpers Milk 1L,14
4943,13,3.0,198.91,2025-10-05,Lifebuoy Soap 110g,20
4944,6,,361.73,2025-10-05,Lux Soap 110g,18
4945,20,1.0,374.08,2025-10-05,Coca Cola 1.5L,15
4946,2,2.0,715.23,2025-10-05,Nimko Mix 400g,1
4947,16,4.0,548.34,2025-10-05,Rice Basmati 5kg,8
4948,2,1.0,198.91,2025-10-05,Lifebuoy Soap 110g,20
4949,17,3.0,629.21,2025-10-05,Tissue Roll Rose Petal,23
4950,17,,891.92,2025-10-05,Tapal Danedar 950g,16
4951,13,1.0,548.34,2025-10-05,Rice Basmati 5kg,8
4952,8,1.0,335.13,2025-10-05,National Ketchup 1kg,5
4953,6,4.0,357.09,2025-10-05,Colgate Toothpaste 100ml,17
4954,2,3.0,467.06,2025-10-05,Wheat Flour 10kg,12
4955,15,,198.91,2025-10-05,Lifebuoy Soap 110g,20
4956,2,1.0,310.0,2025-10-05,Nestle Milk Pack 1L,21
4957,8,5.0,198.91,2025-10-06,Lifebuoy Soap 110g,20
4958,15,1.0,566.23,2025-10-06,Sprite 1.5L,2
4959,15,3.0,149.34,2025-10-06,Dalda Cooking Oil 1L,22
4960,5,20.0,201.09,2025-10-06,Tea Whitener 1kg,4
4961,8,3.0,335.13,2025-10-06,National Ketchup 1kg,5
4962,3,3.0,715.23,2025-10-06,Nimko Mix 400g,1
4963,16,3.0,,2025-10-06,None,
4964,1,1.0,815.2,2025-10-06,Pepsi 1.5L,10
4965,4,3.0,335.13,2025-10-06,National Ketchup 1kg,5
4966,8,2.0,715.23,2025-10-06,Nimko Mix 400g,1
4967,15,3.0,361.73,2025-10-06,Lux Soap 110g,18
4968,6,3.0,,2025-10-06,None,
4969,7,2.0,310.0,2025-10-06,Nestle Milk Pack 1L,21
4970,1,2.0,467.06,2025-10-06,Wheat Flour 10kg,12
4971,16,2.0,153.28,2025-10-06,Surf Excel 1kg,19
4972,17,10.0,149.34,2025-10-06,Dalda Cooking Oil 1L,22
4973,18,1.0,361.73,2025-10-06,Lux Soap 110g,18
4974,11,3.0,357.09,2025-10-06,Colgate Toothpaste 100ml,17
4975,2,1.0,376.78,2025-10-06,Dove Shampoo 360ml,11
4976,7,2.0,566.23,2025-10-06,Sprite 1.5L,2
4977,7,1.0,310.0,2025-10-06,Nestle Milk Pack 1L,21
4978,20,2.0,201.09,2025-10-06,Tea Whitener 1kg,4
4979,6,2.0,100.09,2025-10-06,Olpers Milk 1L,14
4980,11,,361.73,2025-10-06,Lux Soap 110g,18
4981,11,4.0,335.13,2025-10-06,National Ketchup 1kg,5
4982,14,3.0,715.23,2025-10-06,Nimko Mix 400g,1
4983,18,2.0,153.28,2025-10-06,Surf Excel 1kg,19
4984,20,1.0,198.91,2025-10-06,Lifebuoy Soap 110g,20
4985,12,2.0,629.21,2025-10-06,Tissue Roll Rose Petal,23
4986,20,1.0,201.09,2025-10-06,Tea Whitener 1kg,4
4987,19,4.0,386.73,2025-10-06,Dettol Handwash 200ml,13
4988,10,2.0,311.35,2025-10-06,Sufi Banaspati 1kg,3
4989,19,10.0,149.34,2025-10-06,Dalda Cooking Oil 1L,22
4990,4,10.0,357.09,2025-10-06,Colgate Toothpaste 100ml,17
4991,20,5.0,715.23,2025-10-06,Nimko Mix 400g,1
4992,1,1.0,,2025-10-06,nan,
4993,18,4.0,715.23,2025-10-06,Nimko Mix 400g,1
4994,2,2.0,153.28,2025-10-06,Surf Excel 1kg,19
4995,11,2.0,891.92,2025-10-06,Tapal Danedar 950g,16
4996,3,1.0,715.23,2025-10-06,Nimko Mix 400g,1
4997,12,3.0,,2025-10-06,None,
4998,3,1.0,815.2,2025-10-06,Pepsi 1.5L,10
4999,14,5.0,,2025-10-06,None,
5000,3,1.0,376.78,2025-10-06,Dove Shampoo 360ml,11
5001,19,1.0,629.21,2025-10-06,Tissue Roll Rose Petal,23
5002,6,20.0,386.73,2025-10-06,Dettol Handwash 200ml,13
5003,5,2.0,201.09,2025-10-06,Tea Whitener 1kg,4
5004,5,2.0,891.92,2025-10-06,Tapal Danedar 950g,16
5005,13,1.0,,2025-10-06,None,
5006,5,10.0,335.13,2025-10-06,National Ketchup 1kg,5
5007,7,5.0,491.64,2025-10-06,Ariel Washing Powder 1kg,7
5008,6,1.0,715.23,2025-10-06,Nimko Mix 400g,1
5009,14,1.0,357.09,2025-10-06,Colgate Toothpaste 100ml,17
5010,9,4.0,,2025-10-06,None,
5011,14,2.0,566.23,2025-10-06,Sprite 1.5L,2
5012,20,3.0,715.23,2025-10-06,Nimko Mix 400g,1
5013,2,1.0,606.63,2025-10-06,Shan Biryani Masala,6
5014,1,1.0,374.08,2025-10-06,Coca Cola 1.5L,15
5015,16,2.0,376.78,2025-10-06,Dove Shampoo 360ml,11
5016,18,2.0,198.91,2025-10-06,Lifebuoy Soap 110g,20
5017,11,5.0,361.73,2025-10-06,Lux Soap 110g,18
5018,2,2.0,335.13,2025-10-06,National Ketchup 1kg,5
5019,9,5.0,715.23,2025-10-06,Nimko Mix 400g,1
5020,20,2.0,198.91,2025-10-06,Lifebuoy Soap 110g,20
5021,1,2.0,153.28,2025-10-06,Surf Excel 1kg,19
5022,16,1.0,335.13,2025-10-06,National Ketchup 1kg,5
5023,4,1.0,566.23,2025-10-06,Sprite 1.5L,2
5024,13,1.0,491.64,2025-10-06,Ariel Washing Powder 1kg,7
5025,19,1.0,606.63,2025-10-06,Shan Biryani Masala,6
5026,8,1.0,,2025-10-06,None,
5027,11,3.0,361.73,2025-10-06,Lux Soap 110g,18
5028,3,3.0,361.73,2025-10-06,Lux Soap 110g,18
5029,18,2.0,311.35,2025-10-06,Sufi Banaspati 1kg,3
5030,6,2.0,310.0,2025-10-06,Nestle Milk Pack 1L,21
5031,19,2.0,198.91,2025-10-06,Lifebuoy Soap 110g,20
5032,6,10.0,311.35,2025-10-06,Sufi Banaspati 1kg,3
5033,6,2.0,149.34,2025-10-06,Dalda Cooking Oil 1L,22
5034,18,2.0,491.64,2025-10-06,Ariel Washing Powder 1kg,7
5035,7,3.0,335.13,2025-10-06,National Ketchup 1kg,5
5036,9,5.0,629.21,2025-10-06,Tissue Roll Rose Petal,23
5037,16,5.0,548.34,2025-10-06,Rice Basmati 5kg,8
5038,3,2.0,386.73,2025-10-06,Dettol Handwash 200ml,13
5039,5,2.0,374.08,2025-10-06,Coca Cola 1.5L,15
5040,5,1.0,491.64,2025-10-06,Ariel Washing Powder 1kg,7
5041,8,5.0,357.09,2025-10-06,Colgate Toothpaste 100ml,17
5042,13,2.0,815.2,2025-10-06,Pepsi 1.5L,10
5043,6,1.0,566.23,2025-10-06,Sprite 1.5L,2
5044,19,2.0,201.09,2025-10-06,Tea Whitener 1kg,4
5045,6,5.0,376.78,2025-10-07,Dove Shampoo 360ml,11
5046,6,20.0,386.73,2025-10-07,Dettol Handwash 200ml,13
5047,16,2.0,,2025-10-07,nan,
5048,1,20.0,310.0,2025-10-07,Nestle Milk Pack 1L,21
5049,11,1.0,566.23,2025-10-07,Sprite 1.5L,2
5050,2,4.0,357.09,2025-10-07,Colgate Toothpaste 100ml,17
5051,18,1.0,,2025-10-07,None,
5052,5,5.0,566.23,2025-10-07,Sprite 1.5L,2
5053,6,4.0,891.92,2025-10-07,Tapal Danedar 950g,16
5054,13,3.0,491.64,2025-10-07,Ariel Washing Powder 1kg,7
5055,14,2.0,100.09,2025-10-07,Olpers Milk 1L,14
5056,6,1.0,100.09,2025-10-07,Olpers Milk 1L,14
5057,7,1.0,153.28,2025-10-07,Surf Excel 1kg,19
5058,16,1.0,606.63,2025-10-07,Shan Biryani Masala,6
5059,7,1.0,153.28,2025-10-07,Surf Excel 1kg,19
5060,5,1.0,374.08,2025-10-07,Coca Cola 1.5L,15
5061,13,4.0,335.13,2025-10-07,National Ketchup 1kg,5
5062,15,4.0,374.08,2025-10-07,Coca Cola 1.5L,15
5063,6,2.0,357.09,2025-10-07,Colgate Toothpaste 100ml,17
5064,10,2.0,467.06,2025-10-07,Wheat Flour 10kg,12
5065,13,2.0,100.09,2025-10-07,Olpers Milk 1L,14
5066,6,20.0,467.06,2025-10-07,Wheat Flour 10kg,12
5067,8,3.0,386.73,2025-10-07,Dettol Handwash 200ml,13
5068,3,4.0,153.28,2025-10-07,Surf Excel 1kg,19
5069,11,1.0,606.63,2025-10-07,Shan Biryani Masala,6
5070,9,1.0,386.73,2025-10-07,Dettol Handwash 200ml,13
5071,3,1.0,201.09,2025-10-07,Tea Whitener 1kg,4
5072,15,,491.64,2025-10-07,Ariel Washing Powder 1kg,7
5073,11,3.0,374.08,2025-10-07,Coca Cola 1.5L,15
5074,20,1.0,198.91,2025-10-07,Lifebuoy Soap 110g,20
5075,18,,891.92,2025-10-07,Tapal Danedar 950g,16
5076,10,4.0,311.35,2025-10-07,Sufi Banaspati 1kg,3
5077,2,2.0,153.28,2025-10-07,Surf Excel 1kg,19
5078,20,3.0,386.73,2025-10-07,Dettol Handwash 200ml,13
5079,10,3.0,548.34,2025-10-07,Rice Basmati 5kg,8
5080,3,3.0,,2025-10-07,None,
5081,2,2.0,815.2,2025-10-07,Pepsi 1.5L,10
5082,17,,815.2,2025-10-07,Pepsi 1.5L,10
5083,13,1.0,815.2,2025-10-07,Pepsi 1.5L,10
5084,13,1.0,491.64,2025-10-07,Ariel Washing Powder 1kg,7
5085,8,5.0,386.73,2025-10-07,Dettol Handwash 200ml,13
5086,19,1.0,566.23,2025-10-07,Sprite 1.5L,2
5087,9,1.0,374.08,2025-10-07,Coca Cola 1.5L,15
5088,1,1.0,606.63,2025-10-07,Shan Biryani Masala,6
5089,8,1.0,201.09,2025-10-07,Tea Whitener 1kg,4
5090,7,,361.73,2025-10-07,Lux Soap 110g,18
5091,19,1.0,715.23,2025-10-07,Nimko Mix 400g,1
5092,2,3.0,198.91,2025-10-07,Lifebuoy Soap 110g,20
5093,4,1.0,201.09,2025-10-07,Tea Whitener 1kg,4
5094,18,4.0,201.09,2025-10-07,Tea Whitener 1kg,4
5095,18,5.0,548.34,2025-10-07,Rice Basmati 5kg,8
5096,15,2.0,,2025-10-07,nan,
5097,12,1.0,149.34,2025-10-07,Dalda Cooking Oil 1L,22
5098,17,2.0,815.2,2025-10-07,Pepsi 1.5L,10
5099,1,3.0,153.28,2025-10-07,Surf Excel 1kg,19
5100,3,4.0,149.34,2025-10-07,Dalda Cooking Oil 1L,22
5101,12,1.0,891.92,2025-10-07,Tapal Danedar 950g,16
5102,19,2.0,153.28,2025-10-07,Surf Excel 1kg,19
5103,1,1.0,374.08,2025-10-07,Coca Cola 1.5L,15
5104,2,,815.2,2025-10-07,Pepsi 1.5L,10
5105,13,3.0,357.09,2025-10-07,Colgate Toothpaste 100ml,17
5106,6,1.0,357.09,2025-10-07,Colgate Toothpaste 100ml,17
5107,18,1.0,891.92,2025-10-07,Tapal Danedar 950g,16
5108,18,,357.09,2025-10-07,Colgate Toothpaste 100ml,17
5109,7,4.0,715.23,2025-10-07,Nimko Mix 400g,1
5110,16,2.0,100.09,2025-10-07,Olpers Milk 1L,14
5111,7,1.0,201.09,2025-10-07,Tea Whitener 1kg,4
5112,7,2.0,310.0,2025-10-07,Nestle Milk Pack 1L,21
5113,14,1.0,100.09,2025-10-07,Olpers Milk 1L,14
5114,2,2.0,153.28,2025-10-07,Surf Excel 1kg,19
5115,1,2.0,566.23,2025-10-07,Sprite 1.5L,2
5116,10,3.0,201.09,2025-10-07,Tea Whitener 1kg,4
5117,8,2.0,548.34,2025-10-07,Rice Basmati 5kg,8
5118,18,1.0,153.28,2025-10-07,Surf Excel 1kg,19
5119,20,1.0,629.21,2025-10-07,Tissue Roll Rose Petal,23
5120,16,2.0,198.91,2025-10-07,Lifebuoy Soap 110g,20
5121,3,1.0,467.06,2025-10-07,Wheat Flour 10kg,12
5122,19,5.0,386.73,2025-10-07,Dettol Handwash 200ml,13
5123,17,1.0,357.09,2025-10-07,Colgate Toothpaste 100ml,17
5124,18,3.0,376.78,2025-10-07,Dove Shampoo 360ml,11
5125,12,,,2025-10-08,None,
5126,2,4.0,361.73,2025-10-08,Lux Soap 110g,18
5127,5,2.0,891.92,2025-10-08,Tapal Danedar 950g,16
5128,5,3.0,566.23,2025-10-08,Sprite 1.5L,2
5129,5,10.0,467.06,2025-10-08,Wheat Flour 10kg,12
5130,6,3.0,201.09,2025-10-08,Tea Whitener 1kg,4
5131,14,2.0,335.13,2025-10-08,National Ketchup 1kg,5
5132,1,3.0,311.35,2025-10-08,Sufi Banaspati 1kg,3
5133,9,2.0,201.09,2025-10-08,Tea Whitener 1kg,4
5134,7,,566.23,2025-10-08,Sprite 1.5L,2
5135,2,1.0,357.09,2025-10-08,Colgate Toothpaste 100ml,17
5136,3,2.0,491.64,2025-10-08,Ariel Washing Powder 1kg,7
5137,6,1.0,606.63,2025-10-08,Shan Biryani Masala,6
5138,12,5.0,,2025-10-08,nan,
5139,6,1.0,201.09,2025-10-08,Tea Whitener 1kg,4
5140,12,3.0,335.13,2025-10-08,National Ketchup 1kg,5
5141,12,1.0,566.23,2025-10-08,Sprite 1.5L,2
5142,11,3.0,100.09,2025-10-08,Olpers Milk 1L,14
5143,5,1.0,335.13,2025-10-08,National Ketchup 1kg,5
5144,8,5.0,100.09,2025-10-08,Olpers Milk 1L,14
5145,5,4.0,566.23,2025-10-08,Sprite 1.5L,2
5146,13,3.0,149.34,2025-10-08,Dalda Cooking Oil 1L,22
5147,1,2.0,566.23,2025-10-08,Sprite 1.5L,2
5148,11,2.0,386.73,2025-10-08,Dettol Handwash 200ml,13
5149,2,2.0,100.09,2025-10-08,Olpers Milk 1L,14
5150,12,1.0,891.92,2025-10-08,Tapal Danedar 950g,16
5151,10,2.0,815.2,2025-10-08,Pepsi 1.5L,10
5152,14,2.0,815.2,2025-10-08,Pepsi 1.5L,10
5153,11,3.0,715.23,2025-10-08,Nimko Mix 400g,1
5154,14,2.0,198.91,2025-10-08,Lifebuoy Soap 110g,20
5155,17,1.0,335.13,2025-10-08,National Ketchup 1kg,5
5156,16,3.0,100.09,2025-10-08,Olpers Milk 1L,14
5157,11,1.0,149.34,2025-10-08,Dalda Cooking Oil 1L,22
5158,11,2.0,715.23,2025-10-08,Nimko Mix 400g,1
5159,1,2.0,548.34,2025-10-08,Rice Basmati 5kg,8
5160,10,2.0,153.28,2025-10-08,Surf Excel 1kg,19
5161,7,3.0,606.63,2025-10-08,Shan Biryani Masala,6
5162,13,2.0,100.09,2025-10-08,Olpers Milk 1L,14
5163,9,4.0,386.73,2025-10-08,Dettol Handwash 200ml,13
5164,8,2.0,386.73,2025-10-08,Dettol Handwash 200ml,13
5165,7,2.0,310.0,2025-10-08,Nestle Milk Pack 1L,21
5166,14,1.0,361.73,2025-10-08,Lux Soap 110g,18
5167,5,4.0,566.23,2025-10-08,Sprite 1.5L,2
5168,5,1.0,335.13,2025-10-08,National Ketchup 1kg,5
5169,11,4.0,310.0,2025-10-08,Nestle Milk Pack 1L,21
5170,7,10.0,548.34,2025-10-08,Rice Basmati 5kg,8
5171,12,2.0,153.28,2025-10-08,Surf Excel 1kg,19
5172,14,2.0,201.09,2025-10-08,Tea Whitener 1kg,4
5173,10,3.0,374.08,2025-10-08,Coca Cola 1.5L,15
5174,12,20.0,386.73,2025-10-08,Dettol Handwash 200ml,13
5175,3,2.0,335.13,2025-10-08,National Ketchup 1kg,5
5176,15,1.0,357.09,2025-10-08,Colgate Toothpaste 100ml,17
5177,2,5.0,566.23,2025-10-08,Sprite 1.5L,2
5178,17,1.0,357.09,2025-10-08,Colgate Toothpaste 100ml,17
5179,16,3.0,566.23,2025-10-08,Sprite 1.5L,2
5180,5,2.0,201.09,2025-10-08,Tea Whitener 1kg,4
5181,14,1.0,201.09,2025-10-08,Tea Whitener 1kg,4
5182,18,,374.08,2025-10-08,Coca Cola 1.5L,15
5183,15,3.0,606.63,2025-10-08,Shan Biryani Masala,6
5184,16,3.0,153.28,2025-10-08,Surf Excel 1kg,19
5185,10,,715.23,2025-10-08,Nimko Mix 400g,1
5186,5,4.0,548.34,2025-10-08,Rice Basmati 5kg,8
5187,4,5.0,361.73,2025-10-08,Lux Soap 110g,18
5188,9,2.0,386.73,2025-10-08,Dettol Handwash 200ml,13
5189,16,5.0,361.73,2025-10-08,Lux Soap 110g,18
5190,11,2.0,100.09,2025-10-08,Olpers Milk 1L,14
5191,10,3.0,606.63,2025-10-08,Shan Biryani Masala,6
5192,19,1.0,201.09,2025-10-08,Tea Whitener 1kg,4
5193,12,2.0,715.23,2025-10-08,Nimko Mix 400g,1
5194,9,4.0,,2025-10-08,None,
5195,2,2.0,,2025-10-08,nan,
5196,20,1.0,715.23,2025-10-08,Nimko Mix 400g,1
5197,10,5.0,357.09,2025-10-08,Colgate Toothpaste 100ml,17
5198,2,5.0,566.23,2025-10-08,Sprite 1.5L,2
5199,17,1.0,100.09,2025-10-08,Olpers Milk 1L,14
5200,15,2.0,566.23,2025-10-08,Sprite 1.5L,2
5201,6,3.0,100.09,2025-10-08,Olpers Milk 1L,14
5202,7,2.0,153.28,2025-10-08,Surf Excel 1kg,19
5203,13,1.0,100.09,2025-10-08,Olpers Milk 1L,14
5204,16,2.0,198.91,2025-10-08,Lifebuoy Soap 110g,20
5205,9,5.0,548.34,2025-10-08,Rice Basmati 5kg,8
5206,7,1.0,201.09,2025-10-08,Tea Whitener 1kg,4
5207,10,3.0,149.34,2025-10-08,Dalda Cooking Oil 1L,22
5208,1,4.0,715.23,2025-10-08,Nimko Mix 400g,1
5209,2,1.0,311.35,2025-10-08,Sufi Banaspati 1kg,3
5210,18,1.0,201.09,2025-10-08,Tea Whitener 1kg,4
5211,18,,,2025-10-08,nan,
5212,1,10.0,201.09,2025-10-08,Tea Whitener 1kg,4
5213,1,1.0,201.09,2025-10-08,Tea Whitener 1kg,4
5214,6,3.0,629.21,2025-10-08,Tissue Roll Rose Petal,23
5215,10,3.0,376.78,2025-10-08,Dove Shampoo 360ml,11
5216,7,1.0,100.09,2025-10-08,Olpers Milk 1L,14
5217,2,2.0,153.28,2025-10-08,Surf Excel 1kg,19
5218,6,3.0,201.09,2025-10-08,Tea Whitener 1kg,4
5219,13,3.0,149.34,2025-10-08,Dalda Cooking Oil 1L,22
5220,9,20.0,201.09,2025-10-08,Tea Whitener 1kg,4
5221,10,1.0,311.35,2025-10-08,Sufi Banaspati 1kg,3
5222,15,2.0,153.28,2025-10-09,Surf Excel 1kg,19
5223,6,1.0,376.78,2025-10-09,Dove Shampoo 360ml,11
5224,19,,361.73,2025-10-09,Lux Soap 110g,18
5225,11,,566.23,2025-10-09,Sprite 1.5L,2
5226,15,1.0,153.28,2025-10-09,Surf Excel 1kg,19
5227,2,1.0,491.64,2025-10-09,Ariel Washing Powder 1kg,7
5228,20,2.0,386.73,2025-10-09,Dettol Handwash 200ml,13
5229,6,4.0,467.06,2025-10-09,Wheat Flour 10kg,12
5230,15,1.0,,2025-10-09,None,
5231,7,1.0,386.73,2025-10-09,Dettol Handwash 200ml,13
5232,5,2.0,374.08,2025-10-09,Coca Cola 1.5L,15
5233,5,2.0,100.09,2025-10-09,Olpers Milk 1L,14
5234,16,1.0,548.34,2025-10-09,Rice Basmati 5kg,8
5235,7,5.0,715.23,2025-10-09,Nimko Mix 400g,1
5236,8,1.0,374.08,2025-10-09,Coca Cola 1.5L,15
5237,19,3.0,198.91,2025-10-09,Lifebuoy Soap 110g,20
5238,4,3.0,376.78,2025-10-09,Dove Shampoo 360ml,11
5239,3,1.0,100.09,2025-10-09,Olpers Milk 1L,14
5240,4,10.0,374.08,2025-10-09,Coca Cola 1.5L,15
5241,7,4.0,311.35,2025-10-09,Sufi Banaspati 1kg,3
5242,10,3.0,715.23,2025-10-09,Nimko Mix 400g,1
5243,3,2.0,376.78,2025-10-09,Dove Shampoo 360ml,11
5244,15,2.0,491.64,2025-10-09,Ariel Washing Powder 1kg,7
5245,14,5.0,386.73,2025-10-09,Dettol Handwash 200ml,13
5246,11,,153.28,2025-10-09,Surf Excel 1kg,19
5247,14,4.0,566.23,2025-10-09,Sprite 1.5L,2
5248,11,1.0,335.13,2025-10-09,National Ketchup 1kg,5
5249,4,2.0,153.28,2025-10-09,Surf Excel 1kg,19
5250,20,2.0,491.64,2025-10-09,Ariel Washing Powder 1kg,7
5251,16,1.0,361.73,2025-10-09,Lux Soap 110g,18
5252,12,1.0,198.91,2025-10-09,Lifebuoy Soap 110g,20
5253,6,2.0,566.23,2025-10-09,Sprite 1.5L,2
5254,15,4.0,311.35,2025-10-09,Sufi Banaspati 1kg,3
5255,1,10.0,467.06,2025-10-09,Wheat Flour 10kg,12
5256,7,1.0,566.23,2025-10-09,Sprite 1.5L,2
5257,6,1.0,548.34,2025-10-09,Rice Basmati 5kg,8
5258,18,3.0,629.21,2025-10-09,Tissue Roll Rose Petal,23
5259,1,1.0,201.09,2025-10-09,Tea Whitener 1kg,4
5260,7,3.0,,2025-10-09,nan,
5261,9,2.0,201.09,2025-10-09,Tea Whitener 1kg,4
5262,20,1.0,149.34,2025-10-09,Dalda Cooking Oil 1L,22
5263,3,1.0,376.78,2025-10-09,Dove Shampoo 360ml,11
5264,12,1.0,198.91,2025-10-09,Lifebuoy Soap 110g,20
5265,16,4.0,715.23,2025-10-09,Nimko Mix 400g,1
5266,14,4.0,100.09,2025-10-09,Olpers Milk 1L,14
5267,17,20.0,386.73,2025-10-09,Dettol Handwash 200ml,13
5268,17,2.0,357.09,2025-10-09,Colgate Toothpaste 100ml,17
5269,9,5.0,149.34,2025-10-09,Dalda Cooking Oil 1L,22
5270,12,1.0,467.06,2025-10-09,Wheat Flour 10kg,12
5271,12,1.0,629.21,2025-10-09,Tissue Roll Rose Petal,23
5272,8,5.0,100.09,2025-10-09,Olpers Milk 1L,14
5273,10,1.0,,2025-10-09,nan,
5274,15,2.0,629.21,2025-10-09,Tissue Roll Rose Petal,23
5275,16,2.0,198.91,2025-10-09,Lifebuoy Soap 110g,20
5276,2,1.0,606.63,2025-10-09,Shan Biryani Masala,6
5277,1,3.0,606.63,2025-10-09,Shan Biryani Masala,6
5278,5,4.0,374.08,2025-10-09,Coca Cola 1.5L,15
5279,14,2.0,566.23,2025-10-09,Sprite 1.5L,2
5280,7,3.0,,2025-10-09,None,
5281,17,2.0,,2025-10-09,nan,
5282,16,10.0,374.08,2025-10-09,Coca Cola 1.5L,15
5283,17,3.0,100.09,2025-10-09,Olpers Milk 1L,14
5284,17,10.0,201.09,2025-10-09,Tea Whitener 1kg,4
5285,16,1.0,548.34,2025-10-09,Rice Basmati 5kg,8
5286,17,4.0,361.73,2025-10-09,Lux Soap 110g,18
5287,2,3.0,566.23,2025-10-09,Sprite 1.5L,2
5288,13,2.0,891.92,2025-10-09,Tapal Danedar 950g,16
5289,8,3.0,566.23,2025-10-10,Sprite 1.5L,2
5290,10,1.0,386.73,2025-10-10,Dettol Handwash 200ml,13
5291,13,4.0,357.09,2025-10-10,Colgate Toothpaste 100ml,17
5292,2,3.0,815.2,2025-10-10,Pepsi 1.5L,10
5293,4,4.0,374.08,2025-10-10,Coca Cola 1.5L,15
5294,7,1.0,376.78,2025-10-10,Dove Shampoo 360ml,11
5295,11,4.0,606.63,2025-10-10,Shan Biryani Masala,6
5296,6,,335.13,2025-10-10,National Ketchup 1kg,5
5297,6,1.0,310.0,2025-10-10,Nestle Milk Pack 1L,21
5298,8,2.0,361.73,2025-10-10,Lux Soap 110g,18
5299,10,1.0,,2025-10-10,None,
5300,15,10.0,198.91,2025-10-10,Lifebuoy Soap 110g,20
5301,14,1.0,376.78,2025-10-10,Dove Shampoo 360ml,11
5302,3,2.0,153.28,2025-10-10,Surf Excel 1kg,19
5303,13,,311.35,2025-10-10,Sufi Banaspati 1kg,3
5304,1,3.0,566.23,2025-10-10,Sprite 1.5L,2
5305,13,3.0,606.63,2025-10-10,Shan Biryani Masala,6
5306,16,1.0,374.08,2025-10-10,Coca Cola 1.5L,15
5307,18,1.0,548.34,2025-10-10,Rice Basmati 5kg,8
5308,12,5.0,629.21,2025-10-10,Tissue Roll Rose Petal,23
5309,18,1.0,335.13,2025-10-10,National Ketchup 1kg,5
5310,17,2.0,153.28,2025-10-10,Surf Excel 1kg,19
5311,14,4.0,335.13,2025-10-10,National Ketchup 1kg,5
5312,8,3.0,311.35,2025-10-10,Sufi Banaspati 1kg,3
5313,3,2.0,606.63,2025-10-10,Shan Biryani Masala,6
5314,14,1.0,335.13,2025-10-10,National Ketchup 1kg,5
5315,9,1.0,311.35,2025-10-10,Sufi Banaspati 1kg,3
5316,2,2.0,311.35,2025-10-10,Sufi Banaspati 1kg,3
5317,10,1.0,,2025-10-10,None,
5318,20,2.0,335.13,2025-10-10,National Ketchup 1kg,5
5319,17,1.0,629.21,2025-10-10,Tissue Roll Rose Petal,23
5320,3,1.0,201.09,2025-10-10,Tea Whitener 1kg,4
5321,20,2.0,198.91,2025-10-10,Lifebuoy Soap 110g,20
5322,17,2.0,815.2,2025-10-10,Pepsi 1.5L,10
5323,13,3.0,201.09,2025-10-10,Tea Whitener 1kg,4
5324,1,3.0,311.35,2025-10-10,Sufi Banaspati 1kg,3
5325,11,1.0,153.28,2025-10-10,Surf Excel 1kg,19
5326,6,3.0,311.35,2025-10-10,Sufi Banaspati 1kg,3
5327,11,2.0,311.35,2025-10-10,Sufi Banaspati 1kg,3
5328,4,1.0,891.92,2025-10-10,Tapal Danedar 950g,16
5329,18,2.0,467.06,2025-10-10,Wheat Flour 10kg,12
5330,13,3.0,201.09,2025-10-10,Tea Whitener 1kg,4
5331,16,1.0,566.23,2025-10-10,Sprite 1.5L,2
5332,19,1.0,491.64,2025-10-10,Ariel Washing Powder 1kg,7
5333,19,10.0,715.23,2025-10-10,Nimko Mix 400g,1
5334,20,2.0,357.09,2025-10-10,Colgate Toothpaste 100ml,17
5335,16,1.0,374.08,2025-10-10,Coca Cola 1.5L,15
5336,20,5.0,,2025-10-10,None,
5337,12,,100.09,2025-10-10,Olpers Milk 1L,14
5338,7,5.0,201.09,2025-10-10,Tea Whitener 1kg,4
5339,6,2.0,566.23,2025-10-10,Sprite 1.5L,2
5340,5,2.0,467.06,2025-10-10,Wheat Flour 10kg,12
5341,4,1.0,376.78,2025-10-10,Dove Shampoo 360ml,11
5342,6,5.0,310.0,2025-10-10,Nestle Milk Pack 1L,21
5343,3,1.0,198.91,2025-10-10,Lifebuoy Soap 110g,20
5344,9,1.0,,2025-10-10,None,
5345,14,2.0,606.63,2025-10-10,Shan Biryani Masala,6
5346,7,1.0,357.09,2025-10-10,Colgate Toothpaste 100ml,17
5347,4,1.0,467.06,2025-10-10,Wheat Flour 10kg,12
5348,11,2.0,715.23,2025-10-10,Nimko Mix 400g,1
5349,17,1.0,491.64,2025-10-10,Ariel Washing Powder 1kg,7
5350,20,5.0,,2025-10-10,nan,
5351,3,2.0,386.73,2025-10-10,Dettol Handwash 200ml,13
5352,17,1.0,310.0,2025-10-10,Nestle Milk Pack 1L,21
5353,14,1.0,201.09,2025-10-10,Tea Whitener 1kg,4
5354,10,1.0,491.64,2025-10-10,Ariel Washing Powder 1kg,7
5355,7,5.0,891.92,2025-10-10,Tapal Danedar 950g,16
5356,19,,201.09,2025-10-10,Tea Whitener 1kg,4
5357,12,2.0,310.0,2025-10-10,Nestle Milk Pack 1L,21
5358,17,5.0,815.2,2025-10-10,Pepsi 1.5L,10
5359,16,2.0,606.63,2025-10-10,Shan Biryani Masala,6
5360,15,1.0,548.34,2025-10-10,Rice Basmati 5kg,8
5361,16,,815.2,2025-10-10,Pepsi 1.5L,10
5362,6,2.0,374.08,2025-10-10,Coca Cola 1.5L,15
5363,2,2.0,,2025-10-10,nan,
5364,1,1.0,198.91,2025-10-10,Lifebuoy Soap 110g,20
5365,12,1.0,311.35,2025-10-10,Sufi Banaspati 1kg,3
5366,3,1.0,715.23,2025-10-10,Nimko Mix 400g,1
5367,3,1.0,,2025-10-10,nan,
5368,15,1.0,376.78,2025-10-10,Dove Shampoo 360ml,11
5369,20,1.0,335.13,2025-10-10,National Ketchup 1kg,5
5370,19,5.0,891.92,2025-10-10,Tapal Danedar 950g,16
5371,14,3.0,100.09,2025-10-10,Olpers Milk 1L,14
5372,8,1.0,491.64,2025-10-10,Ariel Washing Powder 1kg,7
5373,11,3.0,566.23,2025-10-10,Sprite 1.5L,2
5374,2,4.0,606.63,2025-10-10,Shan Biryani Masala,6
5375,11,2.0,335.13,2025-10-10,National Ketchup 1kg,5
5376,11,20.0,815.2,2025-10-10,Pepsi 1.5L,10
5377,9,10.0,491.64,2025-10-10,Ariel Washing Powder 1kg,7
5378,13,1.0,566.23,2025-10-10,Sprite 1.5L,2
5379,11,1.0,566.23,2025-10-10,Sprite 1.5L,2
5380,7,1.0,310.0,2025-10-10,Nestle Milk Pack 1L,21
5381,9,2.0,311.35,2025-10-10,Sufi Banaspati 1kg,3
5382,9,,201.09,2025-10-10,Tea Whitener 1kg,4
5383,13,5.0,374.08,2025-10-10,Coca Cola 1.5L,15
5384,12,2.0,467.06,2025-10-10,Wheat Flour 10kg,12
5385,8,2.0,715.23,2025-10-10,Nimko Mix 400g,1
5386,1,2.0,,2025-10-10,nan,
5387,9,3.0,335.13,2025-10-10,National Ketchup 1kg,5
5388,16,2.0,491.64,2025-10-10,Ariel Washing Powder 1kg,7
5389,18,,548.34,2025-10-10,Rice Basmati 5kg,8
5390,1,1.0,815.2,2025-10-10,Pepsi 1.5L,10
5391,14,3.0,153.28,2025-10-10,Surf Excel 1kg,19
5392,10,2.0,715.23,2025-10-10,Nimko Mix 400g,1
5393,1,,891.92,2025-10-11,Tapal Danedar 950g,16
5394,12,2.0,201.09,2025-10-11,Tea Whitener 1kg,4
5395,17,2.0,100.09,2025-10-11,Olpers Milk 1L,14
5396,20,,357.09,2025-10-11,Colgate Toothpaste 100ml,17
5397,18,1.0,467.06,2025-10-11,Wheat Flour 10kg,12
5398,3,2.0,310.0,2025-10-11,Nestle Milk Pack 1L,21
5399,6,1.0,374.08,2025-10-11,Coca Cola 1.5L,15
5400,11,1.0,311.35,2025-10-11,Sufi Banaspati 1kg,3
5401,9,2.0,891.92,2025-10-11,Tapal Danedar 950g,16
5402,1,1.0,374.08,2025-10-11,Coca Cola 1.5L,15
5403,13,2.0,606.63,2025-10-11,Shan Biryani Masala,6
5404,4,1.0,149.34,2025-10-11,Dalda Cooking Oil 1L,22
5405,12,1.0,386.73,2025-10-11,Dettol Handwash 200ml,13
5406,19,1.0,715.23,2025-10-11,Nimko Mix 400g,1
5407,17,4.0,,2025-10-11,None,
5408,6,2.0,361.73,2025-10-11,Lux Soap 110g,18
5409,2,5.0,376.78,2025-10-11,Dove Shampoo 360ml,11
5410,6,2.0,467.06,2025-10-11,Wheat Flour 10kg,12
5411,9,3.0,149.34,2025-10-11,Dalda Cooking Oil 1L,22
5412,9,2.0,361.73,2025-10-11,Lux Soap 110g,18
5413,5,1.0,891.92,2025-10-11,Tapal Danedar 950g,16
5414,9,2.0,376.78,2025-10-11,Dove Shampoo 360ml,11
5415,12,1.0,201.09,2025-10-11,Tea Whitener 1kg,4
5416,2,1.0,386.73,2025-10-11,Dettol Handwash 200ml,13
5417,9,4.0,198.91,2025-10-11,Lifebuoy Soap 110g,20
5418,8,1.0,100.09,2025-10-11,Olpers Milk 1L,14
5419,4,1.0,548.34,2025-10-11,Rice Basmati 5kg,8
5420,7,1.0,715.23,2025-10-11,Nimko Mix 400g,1
5421,19,1.0,,2025-10-11,None,
5422,11,2.0,149.34,2025-10-11,Dalda Cooking Oil 1L,22
5423,19,1.0,310.0,2025-10-11,Nestle Milk Pack 1L,21
5424,15,2.0,891.92,2025-10-11,Tapal Danedar 950g,16
5425,16,2.0,198.91,2025-10-11,Lifebuoy Soap 110g,20
5426,9,1.0,386.73,2025-10-11,Dettol Handwash 200ml,13
5427,2,1.0,715.23,2025-10-11,Nimko Mix 400g,1
5428,18,1.0,629.21,2025-10-11,Tissue Roll Rose Petal,23
5429,13,2.0,606.63,2025-10-11,Shan Biryani Masala,6
5430,9,1.0,,2025-10-11,None,
5431,2,2.0,361.73,2025-10-11,Lux Soap 110g,18
5432,4,4.0,335.13,2025-10-11,National Ketchup 1kg,5
5433,20,1.0,153.28,2025-10-11,Surf Excel 1kg,19
5434,9,1.0,361.73,2025-10-11,Lux Soap 110g,18
5435,6,4.0,374.08,2025-10-11,Coca Cola 1.5L,15
5436,10,1.0,201.09,2025-10-11,Tea Whitener 1kg,4
5437,20,1.0,629.21,2025-10-11,Tissue Roll Rose Petal,23
5438,10,1.0,361.73,2025-10-11,Lux Soap 110g,18
5439,4,,311.35,2025-10-11,Sufi Banaspati 1kg,3
5440,11,1.0,149.34,2025-10-11,Dalda Cooking Oil 1L,22
5441,5,10.0,566.23,2025-10-11,Sprite 1.5L,2
5442,10,4.0,891.92,2025-10-11,Tapal Danedar 950g,16
5443,18,1.0,201.09,2025-10-11,Tea Whitener 1kg,4
5444,9,1.0,149.34,2025-10-11,Dalda Cooking Oil 1L,22
5445,10,1.0,361.73,2025-10-11,Lux Soap 110g,18
5446,9,3.0,335.13,2025-10-11,National Ketchup 1kg,5
5447,2,1.0,891.92,2025-10-11,Tapal Danedar 950g,16
5448,4,,311.35,2025-10-11,Sufi Banaspati 1kg,3
5449,17,2.0,491.64,2025-10-11,Ariel Washing Powder 1kg,7
5450,20,5.0,361.73,2025-10-11,Lux Soap 110g,18
5451,9,5.0,311.35,2025-10-11,Sufi Banaspati 1kg,3
5452,13,1.0,153.28,2025-10-11,Surf Excel 1kg,19
5453,2,3.0,100.09,2025-10-11,Olpers Milk 1L,14
5454,4,1.0,153.28,2025-10-11,Surf Excel 1kg,19
5455,7,20.0,310.0,2025-10-11,Nestle Milk Pack 1L,21
5456,12,2.0,335.13,2025-10-11,National Ketchup 1kg,5
5457,5,1.0,153.28,2025-10-11,Surf Excel 1kg,19
5458,19,2.0,198.91,2025-10-11,Lifebuoy Soap 110g,20
5459,14,2.0,153.28,2025-10-11,Surf Excel 1kg,19
5460,18,2.0,629.21,2025-10-11,Tissue Roll Rose Petal,23
5461,5,3.0,891.92,2025-10-11,Tapal Danedar 950g,16
5462,9,1.0,201.09,2025-10-11,Tea Whitener 1kg,4
5463,20,1.0,606.63,2025-10-11,Shan Biryani Masala,6
5464,10,2.0,629.21,2025-10-11,Tissue Roll Rose Petal,23
5465,15,3.0,361.73,2025-10-11,Lux Soap 110g,18
5466,9,20.0,467.06,2025-10-11,Wheat Flour 10kg,12
5467,20,1.0,491.64,2025-10-11,Ariel Washing Powder 1kg,7
5468,18,1.0,311.35,2025-10-11,Sufi Banaspati 1kg,3
5469,18,,201.09,2025-10-12,Tea Whitener 1kg,4
5470,17,2.0,,2025-10-12,nan,
5471,16,4.0,361.73,2025-10-12,Lux Soap 110g,18
5472,19,3.0,548.34,2025-10-12,Rice Basmati 5kg,8
5473,11,2.0,201.09,2025-10-12,Tea Whitener 1kg,4
5474,4,,,2025-10-12,nan,
5475,11,2.0,,2025-10-12,nan,
5476,15,1.0,566.23,2025-10-12,Sprite 1.5L,2
5477,9,1.0,815.2,2025-10-12,Pepsi 1.5L,10
5478,12,3.0,100.09,2025-10-12,Olpers Milk 1L,14
5479,12,4.0,361.73,2025-10-12,Lux Soap 110g,18
5480,19,1.0,153.28,2025-10-12,Surf Excel 1kg,19
5481,4,3.0,201.09,2025-10-12,Tea Whitener 1kg,4
5482,1,5.0,491.64,2025-10-12,Ariel Washing Powder 1kg,7
5483,3,5.0,100.09,2025-10-12,Olpers Milk 1L,14
5484,20,4.0,335.13,2025-10-12,National Ketchup 1kg,5
5485,2,2.0,357.09,2025-10-12,Colgate Toothpaste 100ml,17
5486,17,1.0,566.23,2025-10-12,Sprite 1.5L,2
5487,2,2.0,149.34,2025-10-12,Dalda Cooking Oil 1L,22
5488,2,2.0,491.64,2025-10-12,Ariel Washing Powder 1kg,7
5489,9,,374.08,2025-10-12,Coca Cola 1.5L,15
5490,5,1.0,715.23,2025-10-12,Nimko Mix 400g,1
5491,15,5.0,548.34,2025-10-12,Rice Basmati 5kg,8
5492,18,2.0,491.64,2025-10-12,Ariel Washing Powder 1kg,7
5493,3,2.0,198.91,2025-10-12,Lifebuoy Soap 110g,20
5494,15,3.0,376.78,2025-10-12,Dove Shampoo 360ml,11
5495,3,1.0,149.34,2025-10-12,Dalda Cooking Oil 1L,22
5496,14,2.0,566.23,2025-10-12,Sprite 1.5L,2
5497,13,1.0,198.91,2025-10-12,Lifebuoy Soap 110g,20
5498,5,2.0,891.92,2025-10-12,Tapal Danedar 950g,16
5499,10,1.0,201.09,2025-10-12,Tea Whitener 1kg,4
5500,19,10.0,606.63,2025-10-12,Shan Biryani Masala,6
5501,10,1.0,361.73,2025-10-12,Lux Soap 110g,18
5502,9,2.0,606.63,2025-10-12,Shan Biryani Masala,6
5503,10,2.0,386.73,2025-10-12,Dettol Handwash 200ml,13
5504,20,1.0,715.23,2025-10-12,Nimko Mix 400g,1
5505,11,2.0,201.09,2025-10-12,Tea Whitener 1kg,4
5506,12,3.0,311.35,2025-10-12,Sufi Banaspati 1kg,3
5507,4,3.0,715.23,2025-10-12,Nimko Mix 400g,1
5508,1,3.0,198.91,2025-10-12,Lifebuoy Soap 110g,20
5509,15,1.0,100.09,2025-10-12,Olpers Milk 1L,14
5510,20,3.0,491.64,2025-10-12,Ariel Washing Powder 1kg,7
5511,8,1.0,386.73,2025-10-12,Dettol Handwash 200ml,13
5512,18,4.0,361.73,2025-10-12,Lux Soap 110g,18
5513,5,1.0,715.23,2025-10-12,Nimko Mix 400g,1
5514,11,1.0,361.73,2025-10-12,Lux Soap 110g,18
5515,5,1.0,357.09,2025-10-12,Colgate Toothpaste 100ml,17
5516,3,2.0,361.73,2025-10-12,Lux Soap 110g,18
5517,20,2.0,374.08,2025-10-12,Coca Cola 1.5L,15
5518,9,3.0,386.73,2025-10-12,Dettol Handwash 200ml,13
5519,6,1.0,376.78,2025-10-12,Dove Shampoo 360ml,11
5520,14,1.0,361.73,2025-10-12,Lux Soap 110g,18
5521,17,5.0,310.0,2025-10-13,Nestle Milk Pack 1L,21
5522,12,1.0,606.63,2025-10-13,Shan Biryani Masala,6
5523,6,3.0,566.23,2025-10-13,Sprite 1.5L,2
5524,5,1.0,,2025-10-13,nan,
5525,2,,153.28,2025-10-13,Surf Excel 1kg,19
5526,11,20.0,149.34,2025-10-13,Dalda Cooking Oil 1L,22
5527,11,1.0,,2025-10-13,nan,
5528,19,1.0,,2025-10-13,nan,
5529,20,10.0,,2025-10-13,nan,
5530,4,2.0,201.09,2025-10-13,Tea Whitener 1kg,4
5531,6,20.0,198.91,2025-10-13,Lifebuoy Soap 110g,20
5532,16,4.0,606.63,2025-10-13,Shan Biryani Masala,6
5533,14,1.0,153.28,2025-10-13,Surf Excel 1kg,19
5534,16,5.0,467.06,2025-10-13,Wheat Flour 10kg,12
5535,14,5.0,153.28,2025-10-13,Surf Excel 1kg,19
5536,12,4.0,815.2,2025-10-13,Pepsi 1.5L,10
5537,6,3.0,100.09,2025-10-13,Olpers Milk 1L,14
5538,2,1.0,311.35,2025-10-13,Sufi Banaspati 1kg,3
5539,11,3.0,198.91,2025-10-13,Lifebuoy Soap 110g,20
5540,10,2.0,606.63,2025-10-13,Shan Biryani Masala,6
5541,12,1.0,374.08,2025-10-13,Coca Cola 1.5L,15
5542,2,3.0,361.73,2025-10-13,Lux Soap 110g,18
5543,12,4.0,891.92,2025-10-13,Tapal Danedar 950g,16
5544,5,3.0,,2025-10-13,nan,
5545,6,3.0,715.23,2025-10-13,Nimko Mix 400g,1
5546,16,1.0,361.73,2025-10-13,Lux Soap 110g,18
5547,12,2.0,467.06,2025-10-13,Wheat Flour 10kg,12
5548,12,5.0,491.64,2025-10-13,Ariel Washing Powder 1kg,7
5549,3,4.0,198.91,2025-10-13,Lifebuoy Soap 110g,20
5550,8,20.0,376.78,2025-10-13,Dove Shampoo 360ml,11
5551,18,1.0,,2025-10-13,nan,
5552,7,5.0,376.78,2025-10-13,Dove Shampoo 360ml,11
5553,16,,357.09,2025-10-13,Colgate Toothpaste 100ml,17
5554,7,1.0,198.91,2025-10-13,Lifebuoy Soap 110g,20
5555,14,3.0,311.35,2025-10-13,Sufi Banaspati 1kg,3
5556,12,2.0,361.73,2025-10-13,Lux Soap 110g,18
5557,15,2.0,548.34,2025-10-13,Rice Basmati 5kg,8
5558,12,4.0,548.34,2025-10-13,Rice Basmati 5kg,8
5559,15,2.0,357.09,2025-10-13,Colgate Toothpaste 100ml,17
5560,20,10.0,386.73,2025-10-13,Dettol Handwash 200ml,13
5561,4,,100.09,2025-10-13,Olpers Milk 1L,14
5562,15,3.0,815.2,2025-10-13,Pepsi 1.5L,10
5563,5,1.0,606.63,2025-10-13,Shan Biryani Masala,6
5564,7,1.0,310.0,2025-10-13,Nestle Milk Pack 1L,21
5565,1,3.0,,2025-10-13,None,
5566,18,2.0,,2025-10-13,None,
5567,4,3.0,467.06,2025-10-13,Wheat Flour 10kg,12
5568,15,4.0,491.64,2025-10-13,Ariel Washing Powder 1kg,7
5569,16,3.0,335.13,2025-10-13,National Ketchup 1kg,5
5570,10,2.0,891.92,2025-10-13,Tapal Danedar 950g,16
5571,13,1.0,374.08,2025-10-13,Coca Cola 1.5L,15
5572,2,3.0,374.08,2025-10-13,Coca Cola 1.5L,15
5573,2,4.0,491.64,2025-10-13,Ariel Washing Powder 1kg,7
5574,5,1.0,335.13,2025-10-13,National Ketchup 1kg,5
5575,19,1.0,,2025-10-13,nan,
5576,10,4.0,361.73,2025-10-13,Lux Soap 110g,18
5577,12,4.0,374.08,2025-10-13,Coca Cola 1.5L,15
5578,17,1.0,386.73,2025-10-13,Dettol Handwash 200ml,13
5579,5,10.0,376.78,2025-10-13,Dove Shampoo 360ml,11
5580,7,1.0,815.2,2025-10-13,Pepsi 1.5L,10
5581,9,1.0,467.06,2025-10-13,Wheat Flour 10kg,12
5582,1,1.0,,2025-10-13,None,
5583,2,1.0,566.23,2025-10-13,Sprite 1.5L,2
5584,8,5.0,361.73,2025-10-13,Lux Soap 110g,18
5585,3,2.0,311.35,2025-10-13,Sufi Banaspati 1kg,3
5586,7,10.0,491.64,2025-10-13,Ariel Washing Powder 1kg,7
5587,6,1.0,153.28,2025-10-13,Surf Excel 1kg,19
5588,20,1.0,198.91,2025-10-13,Lifebuoy Soap 110g,20
5589,9,1.0,491.64,2025-10-13,Ariel Washing Powder 1kg,7
5590,1,1.0,606.63,2025-10-13,Shan Biryani Masala,6
5591,12,1.0,357.09,2025-10-13,Colgate Toothpaste 100ml,17
5592,17,2.0,335.13,2025-10-13,National Ketchup 1kg,5
5593,13,2.0,198.91,2025-10-13,Lifebuoy Soap 110g,20
5594,1,4.0,311.35,2025-10-13,Sufi Banaspati 1kg,3
5595,2,2.0,100.09,2025-10-13,Olpers Milk 1L,14
5596,17,3.0,310.0,2025-10-13,Nestle Milk Pack 1L,21
5597,2,2.0,361.73,2025-10-13,Lux Soap 110g,18
5598,13,4.0,361.73,2025-10-13,Lux Soap 110g,18
5599,8,1.0,,2025-10-13,None,
5600,15,1.0,606.63,2025-10-13,Shan Biryani Masala,6
5601,3,5.0,606.63,2025-10-13,Shan Biryani Masala,6
5602,7,2.0,100.09,2025-10-13,Olpers Milk 1L,14
5603,11,3.0,606.63,2025-10-13,Shan Biryani Masala,6
5604,4,4.0,891.92,2025-10-13,Tapal Danedar 950g,16
5605,16,1.0,715.23,2025-10-13,Nimko Mix 400g,1
5606,5,1.0,374.08,2025-10-13,Coca Cola 1.5L,15
5607,10,2.0,815.2,2025-10-13,Pepsi 1.5L,10
5608,1,2.0,198.91,2025-10-13,Lifebuoy Soap 110g,20
5609,16,10.0,491.64,2025-10-13,Ariel Washing Powder 1kg,7
5610,15,4.0,361.73,2025-10-13,Lux Soap 110g,18
5611,12,10.0,815.2,2025-10-13,Pepsi 1.5L,10
5612,15,1.0,815.2,2025-10-13,Pepsi 1.5L,10
5613,4,5.0,100.09,2025-10-14,Olpers Milk 1L,14
5614,16,2.0,361.73,2025-10-14,Lux Soap 110g,18
5615,17,2.0,198.91,2025-10-14,Lifebuoy Soap 110g,20
5616,19,3.0,566.23,2025-10-14,Sprite 1.5L,2
5617,18,1.0,,2025-10-14,nan,
5618,4,1.0,566.23,2025-10-14,Sprite 1.5L,2
5619,2,3.0,357.09,2025-10-14,Colgate Toothpaste 100ml,17
5620,2,5.0,566.23,2025-10-14,Sprite 1.5L,2
5621,4,5.0,566.23,2025-10-14,Sprite 1.5L,2
5622,11,1.0,566.23,2025-10-14,Sprite 1.5L,2
5623,20,,629.21,2025-10-14,Tissue Roll Rose Petal,23
5624,4,5.0,891.92,2025-10-14,Tapal Danedar 950g,16
5625,2,1.0,566.23,2025-10-14,Sprite 1.5L,2
5626,6,1.0,891.92,2025-10-14,Tapal Danedar 950g,16
5627,19,3.0,198.91,2025-10-14,Lifebuoy Soap 110g,20
5628,10,,376.78,2025-10-14,Dove Shampoo 360ml,11
5629,13,3.0,,2025-10-14,None,
5630,2,3.0,386.73,2025-10-14,Dettol Handwash 200ml,13
5631,14,1.0,,2025-10-14,nan,
5632,9,5.0,,2025-10-14,nan,
5633,14,1.0,,2025-10-14,None,
5634,12,3.0,335.13,2025-10-14,National Ketchup 1kg,5
5635,14,3.0,357.09,2025-10-14,Colgate Toothpaste 100ml,17
5636,17,2.0,491.64,2025-10-14,Ariel Washing Powder 1kg,7
5637,5,2.0,491.64,2025-10-14,Ariel Washing Powder 1kg,7
5638,2,4.0,201.09,2025-10-14,Tea Whitener 1kg,4
5639,10,,198.91,2025-10-14,Lifebuoy Soap 110g,20
5640,9,1.0,606.63,2025-10-14,Shan Biryani Masala,6
5641,7,4.0,566.23,2025-10-14,Sprite 1.5L,2
5642,2,2.0,491.64,2025-10-14,Ariel Washing Powder 1kg,7
5643,19,4.0,153.28,2025-10-14,Surf Excel 1kg,19
5644,20,1.0,491.64,2025-10-14,Ariel Washing Powder 1kg,7
5645,5,5.0,100.09,2025-10-14,Olpers Milk 1L,14
5646,20,4.0,310.0,2025-10-14,Nestle Milk Pack 1L,21
5647,20,1.0,715.23,2025-10-14,Nimko Mix 400g,1
5648,11,5.0,198.91,2025-10-14,Lifebuoy Soap 110g,20
5649,19,2.0,201.09,2025-10-14,Tea Whitener 1kg,4
5650,8,2.0,715.23,2025-10-14,Nimko Mix 400g,1
5651,4,4.0,311.35,2025-10-14,Sufi Banaspati 1kg,3
5652,18,4.0,606.63,2025-10-14,Shan Biryani Masala,6
5653,19,2.0,311.35,2025-10-14,Sufi Banaspati 1kg,3
5654,1,,149.34,2025-10-14,Dalda Cooking Oil 1L,22
5655,19,2.0,629.21,2025-10-14,Tissue Roll Rose Petal,23
5656,15,1.0,201.09,2025-10-14,Tea Whitener 1kg,4
5657,11,2.0,374.08,2025-10-14,Coca Cola 1.5L,15
5658,1,1.0,311.35,2025-10-14,Sufi Banaspati 1kg,3
5659,6,1.0,548.34,2025-10-14,Rice Basmati 5kg,8
5660,17,2.0,606.63,2025-10-14,Shan Biryani Masala,6
5661,16,4.0,566.23,2025-10-14,Sprite 1.5L,2
5662,12,5.0,548.34,2025-10-14,Rice Basmati 5kg,8
5663,4,2.0,548.34,2025-10-14,Rice Basmati 5kg,8
5664,20,2.0,374.08,2025-10-14,Coca Cola 1.5L,15
5665,8,3.0,,2025-10-14,nan,
5666,17,1.0,,2025-10-14,nan,
5667,19,,361.73,2025-10-14,Lux Soap 110g,18
5668,15,1.0,467.06,2025-10-14,Wheat Flour 10kg,12
5669,10,4.0,357.09,2025-10-14,Colgate Toothpaste 100ml,17
5670,2,5.0,566.23,2025-10-14,Sprite 1.5L,2
5671,16,2.0,606.63,2025-10-14,Shan Biryani Masala,6
5672,3,1.0,201.09,2025-10-14,Tea Whitener 1kg,4
5673,12,3.0,548.34,2025-10-14,Rice Basmati 5kg,8
5674,4,1.0,357.09,2025-10-14,Colgate Toothpaste 100ml,17
5675,16,1.0,335.13,2025-10-14,National Ketchup 1kg,5
5676,11,2.0,,2025-10-14,nan,
5677,4,1.0,,2025-10-14,None,
5678,19,3.0,,2025-10-14,None,
5679,11,4.0,153.28,2025-10-14,Surf Excel 1kg,19
5680,1,1.0,386.73,2025-10-14,Dettol Handwash 200ml,13
5681,2,5.0,100.09,2025-10-14,Olpers Milk 1L,14
5682,6,1.0,153.28,2025-10-14,Surf Excel 1kg,19
5683,13,2.0,153.28,2025-10-14,Surf Excel 1kg,19
5684,5,1.0,335.13,2025-10-14,National Ketchup 1kg,5
5685,6,4.0,357.09,2025-10-14,Colgate Toothpaste 100ml,17
5686,3,5.0,311.35,2025-10-14,Sufi Banaspati 1kg,3
5687,12,1.0,715.23,2025-10-14,Nimko Mix 400g,1
5688,11,2.0,715.23,2025-10-14,Nimko Mix 400g,1
5689,2,1.0,149.34,2025-10-14,Dalda Cooking Oil 1L,22
5690,13,3.0,,2025-10-14,None,
5691,2,4.0,566.23,2025-10-14,Sprite 1.5L,2
5692,11,,149.34,2025-10-14,Dalda Cooking Oil 1L,22
5693,6,1.0,357.09,2025-10-14,Colgate Toothpaste 100ml,17
5694,18,1.0,198.91,2025-10-14,Lifebuoy Soap 110g,20
5695,5,2.0,374.08,2025-10-14,Coca Cola 1.5L,15
5696,20,1.0,566.23,2025-10-14,Sprite 1.5L,2
5697,17,5.0,374.08,2025-10-14,Coca Cola 1.5L,15
5698,7,2.0,376.78,2025-10-14,Dove Shampoo 360ml,11
5699,1,2.0,311.35,2025-10-14,Sufi Banaspati 1kg,3
5700,13,20.0,310.0,2025-10-14,Nestle Milk Pack 1L,21
5701,7,10.0,198.91,2025-10-14,Lifebuoy Soap 110g,20
5702,3,5.0,,2025-10-14,nan,
5703,15,,153.28,2025-10-14,Surf Excel 1kg,19
5704,16,2.0,153.28,2025-10-14,Surf Excel 1kg,19
5705,20,3.0,467.06,2025-10-14,Wheat Flour 10kg,12
5706,11,,566.23,2025-10-14,Sprite 1.5L,2
5707,10,3.0,548.34,2025-10-14,Rice Basmati 5kg,8
5708,4,2.0,149.34,2025-10-14,Dalda Cooking Oil 1L,22
5709,19,1.0,376.78,2025-10-14,Dove Shampoo 360ml,11
5710,8,1.0,100.09,2025-10-14,Olpers Milk 1L,14
5711,11,20.0,198.91,2025-10-14,Lifebuoy Soap 110g,20
5712,4,,715.23,2025-10-14,Nimko Mix 400g,1
5713,5,1.0,467.06,2025-10-14,Wheat Flour 10kg,12
5714,5,2.0,357.09,2025-10-14,Colgate Toothpaste 100ml,17
5715,16,4.0,,2025-10-14,nan,
5716,5,1.0,386.73,2025-10-14,Dettol Handwash 200ml,13
5717,2,5.0,629.21,2025-10-14,Tissue Roll Rose Petal,23
5718,4,3.0,386.73,2025-10-14,Dettol Handwash 200ml,13
5719,13,20.0,357.09,2025-10-14,Colgate Toothpaste 100ml,17
5720,10,2.0,467.06,2025-10-14,Wheat Flour 10kg,12
5721,2,,606.63,2025-10-15,Shan Biryani Masala,6
5722,6,,891.92,2025-10-15,Tapal Danedar 950g,16
5723,8,3.0,629.21,2025-10-15,Tissue Roll Rose Petal,23
5724,2,4.0,566.23,2025-10-15,Sprite 1.5L,2
5725,18,1.0,715.23,2025-10-15,Nimko Mix 400g,1
5726,12,1.0,198.91,2025-10-15,Lifebuoy Soap 110g,20
5727,3,5.0,310.0,2025-10-15,Nestle Milk Pack 1L,21
5728,1,1.0,629.21,2025-10-15,Tissue Roll Rose Petal,23
5729,19,5.0,153.28,2025-10-15,Surf Excel 1kg,19
5730,10,5.0,376.78,2025-10-15,Dove Shampoo 360ml,11
5731,20,5.0,386.73,2025-10-15,Dettol Handwash 200ml,13
5732,4,4.0,715.23,2025-10-15,Nimko Mix 400g,1
5733,11,2.0,311.35,2025-10-15,Sufi Banaspati 1kg,3
5734,11,3.0,376.78,2025-10-15,Dove Shampoo 360ml,11
5735,14,1.0,201.09,2025-10-15,Tea Whitener 1kg,4
5736,4,2.0,,2025-10-15,None,
5737,9,1.0,201.09,2025-10-15,Tea Whitener 1kg,4
5738,18,2.0,361.73,2025-10-15,Lux Soap 110g,18
5739,20,1.0,357.09,2025-10-15,Colgate Toothpaste 100ml,17
5740,3,1.0,311.35,2025-10-15,Sufi Banaspati 1kg,3
5741,14,3.0,548.34,2025-10-15,Rice Basmati 5kg,8
5742,10,20.0,,2025-10-15,nan,
5743,1,2.0,149.34,2025-10-15,Dalda Cooking Oil 1L,22
5744,16,2.0,198.91,2025-10-15,Lifebuoy Soap 110g,20
5745,17,4.0,891.92,2025-10-15,Tapal Danedar 950g,16
5746,2,10.0,100.09,2025-10-15,Olpers Milk 1L,14
5747,4,2.0,311.35,2025-10-15,Sufi Banaspati 1kg,3
5748,13,5.0,376.78,2025-10-15,Dove Shampoo 360ml,11
5749,2,20.0,467.06,2025-10-15,Wheat Flour 10kg,12
5750,5,3.0,198.91,2025-10-15,Lifebuoy Soap 110g,20
5751,14,2.0,386.73,2025-10-15,Dettol Handwash 200ml,13
5752,8,1.0,335.13,2025-10-15,National Ketchup 1kg,5
5753,13,5.0,629.21,2025-10-15,Tissue Roll Rose Petal,23
5754,14,2.0,566.23,2025-10-15,Sprite 1.5L,2
5755,9,,153.28,2025-10-15,Surf Excel 1kg,19
5756,4,1.0,198.91,2025-10-15,Lifebuoy Soap 110g,20
5757,6,2.0,357.09,2025-10-15,Colgate Toothpaste 100ml,17
5758,14,3.0,715.23,2025-10-15,Nimko Mix 400g,1
5759,14,1.0,335.13,2025-10-15,National Ketchup 1kg,5
5760,14,1.0,374.08,2025-10-15,Coca Cola 1.5L,15
5761,8,10.0,566.23,2025-10-15,Sprite 1.5L,2
5762,10,4.0,198.91,2025-10-15,Lifebuoy Soap 110g,20
5763,8,20.0,361.73,2025-10-15,Lux Soap 110g,18
5764,7,1.0,715.23,2025-10-15,Nimko Mix 400g,1
5765,17,1.0,374.08,2025-10-15,Coca Cola 1.5L,15
5766,4,4.0,629.21,2025-10-15,Tissue Roll Rose Petal,23
5767,17,1.0,201.09,2025-10-15,Tea Whitener 1kg,4
5768,3,2.0,815.2,2025-10-15,Pepsi 1.5L,10
5769,5,1.0,386.73,2025-10-15,Dettol Handwash 200ml,13
5770,4,3.0,,2025-10-15,nan,
5771,2,1.0,548.34,2025-10-15,Rice Basmati 5kg,8
5772,16,5.0,,2025-10-15,nan,
5773,14,10.0,491.64,2025-10-15,Ariel Washing Powder 1kg,7
5774,15,1.0,566.23,2025-10-15,Sprite 1.5L,2
5775,9,2.0,198.91,2025-10-15,Lifebuoy Soap 110g,20
5776,3,2.0,,2025-10-15,nan,
5777,17,5.0,311.35,2025-10-15,Sufi Banaspati 1kg,3
5778,13,2.0,,2025-10-15,nan,
5779,3,1.0,815.2,2025-10-15,Pepsi 1.5L,10
5780,4,4.0,153.28,2025-10-15,Surf Excel 1kg,19
5867,1,2.0,374.08,2025-10-16,Coca Cola 1.5L,15
5781,6,5.0,357.09,2025-10-15,Colgate Toothpaste 100ml,17
5782,12,4.0,,2025-10-15,nan,
5783,2,2.0,386.73,2025-10-15,Dettol Handwash 200ml,13
5784,10,3.0,361.73,2025-10-15,Lux Soap 110g,18
5785,16,1.0,357.09,2025-10-15,Colgate Toothpaste 100ml,17
5786,6,2.0,467.06,2025-10-15,Wheat Flour 10kg,12
5787,1,2.0,310.0,2025-10-15,Nestle Milk Pack 1L,21
5788,8,3.0,491.64,2025-10-15,Ariel Washing Powder 1kg,7
5789,17,1.0,201.09,2025-10-15,Tea Whitener 1kg,4
5790,6,2.0,,2025-10-15,nan,
5791,5,3.0,376.78,2025-10-15,Dove Shampoo 360ml,11
5792,13,2.0,198.91,2025-10-15,Lifebuoy Soap 110g,20
5793,15,4.0,335.13,2025-10-15,National Ketchup 1kg,5
5794,11,2.0,548.34,2025-10-15,Rice Basmati 5kg,8
5795,1,10.0,100.09,2025-10-15,Olpers Milk 1L,14
5796,5,1.0,310.0,2025-10-15,Nestle Milk Pack 1L,21
5797,19,1.0,311.35,2025-10-15,Sufi Banaspati 1kg,3
5798,16,1.0,,2025-10-15,nan,
5799,18,,201.09,2025-10-15,Tea Whitener 1kg,4
5800,14,4.0,386.73,2025-10-15,Dettol Handwash 200ml,13
5801,10,2.0,311.35,2025-10-15,Sufi Banaspati 1kg,3
5802,12,3.0,361.73,2025-10-15,Lux Soap 110g,18
5803,4,2.0,,2025-10-15,None,
5804,7,4.0,100.09,2025-10-15,Olpers Milk 1L,14
5805,9,5.0,311.35,2025-10-15,Sufi Banaspati 1kg,3
5806,18,1.0,361.73,2025-10-15,Lux Soap 110g,18
5807,3,2.0,201.09,2025-10-15,Tea Whitener 1kg,4
5808,3,,386.73,2025-10-15,Dettol Handwash 200ml,13
5809,10,3.0,715.23,2025-10-15,Nimko Mix 400g,1
5810,20,1.0,566.23,2025-10-15,Sprite 1.5L,2
5811,10,,815.2,2025-10-15,Pepsi 1.5L,10
5812,16,1.0,566.23,2025-10-15,Sprite 1.5L,2
5813,7,1.0,201.09,2025-10-15,Tea Whitener 1kg,4
5814,18,2.0,629.21,2025-10-15,Tissue Roll Rose Petal,23
5815,4,1.0,,2025-10-15,None,
5816,2,2.0,606.63,2025-10-15,Shan Biryani Masala,6
5817,15,1.0,,2025-10-15,nan,
5818,14,1.0,715.23,2025-10-15,Nimko Mix 400g,1
5819,12,5.0,467.06,2025-10-15,Wheat Flour 10kg,12
5820,3,1.0,606.63,2025-10-15,Shan Biryani Masala,6
5821,14,4.0,386.73,2025-10-15,Dettol Handwash 200ml,13
5822,18,4.0,629.21,2025-10-15,Tissue Roll Rose Petal,23
5823,7,1.0,491.64,2025-10-15,Ariel Washing Powder 1kg,7
5824,7,5.0,374.08,2025-10-15,Coca Cola 1.5L,15
5825,7,2.0,198.91,2025-10-16,Lifebuoy Soap 110g,20
5826,7,3.0,491.64,2025-10-16,Ariel Washing Powder 1kg,7
5827,14,2.0,467.06,2025-10-16,Wheat Flour 10kg,12
5828,11,1.0,566.23,2025-10-16,Sprite 1.5L,2
5829,9,1.0,335.13,2025-10-16,National Ketchup 1kg,5
5830,9,10.0,335.13,2025-10-16,National Ketchup 1kg,5
5831,19,3.0,153.28,2025-10-16,Surf Excel 1kg,19
5832,6,2.0,606.63,2025-10-16,Shan Biryani Masala,6
5833,4,2.0,,2025-10-16,None,
5834,17,2.0,491.64,2025-10-16,Ariel Washing Powder 1kg,7
5835,17,1.0,201.09,2025-10-16,Tea Whitener 1kg,4
5836,9,1.0,606.63,2025-10-16,Shan Biryani Masala,6
5837,9,1.0,606.63,2025-10-16,Shan Biryani Masala,6
5838,17,2.0,548.34,2025-10-16,Rice Basmati 5kg,8
5839,13,4.0,357.09,2025-10-16,Colgate Toothpaste 100ml,17
5840,9,2.0,374.08,2025-10-16,Coca Cola 1.5L,15
5841,18,2.0,715.23,2025-10-16,Nimko Mix 400g,1
5842,14,1.0,361.73,2025-10-16,Lux Soap 110g,18
5843,13,3.0,310.0,2025-10-16,Nestle Milk Pack 1L,21
5844,1,4.0,100.09,2025-10-16,Olpers Milk 1L,14
5845,12,1.0,491.64,2025-10-16,Ariel Washing Powder 1kg,7
5846,11,1.0,566.23,2025-10-16,Sprite 1.5L,2
5847,16,1.0,815.2,2025-10-16,Pepsi 1.5L,10
5848,2,5.0,,2025-10-16,None,
5849,11,3.0,715.23,2025-10-16,Nimko Mix 400g,1
5850,17,5.0,629.21,2025-10-16,Tissue Roll Rose Petal,23
5851,20,1.0,566.23,2025-10-16,Sprite 1.5L,2
5852,14,2.0,100.09,2025-10-16,Olpers Milk 1L,14
5853,16,1.0,311.35,2025-10-16,Sufi Banaspati 1kg,3
5854,8,1.0,715.23,2025-10-16,Nimko Mix 400g,1
5855,16,1.0,606.63,2025-10-16,Shan Biryani Masala,6
5856,20,4.0,357.09,2025-10-16,Colgate Toothpaste 100ml,17
5857,3,1.0,357.09,2025-10-16,Colgate Toothpaste 100ml,17
5858,4,1.0,335.13,2025-10-16,National Ketchup 1kg,5
5859,5,1.0,149.34,2025-10-16,Dalda Cooking Oil 1L,22
5860,3,2.0,310.0,2025-10-16,Nestle Milk Pack 1L,21
5861,13,4.0,361.73,2025-10-16,Lux Soap 110g,18
5862,8,20.0,606.63,2025-10-16,Shan Biryani Masala,6
5863,17,,374.08,2025-10-16,Coca Cola 1.5L,15
5864,5,1.0,153.28,2025-10-16,Surf Excel 1kg,19
5865,14,5.0,198.91,2025-10-16,Lifebuoy Soap 110g,20
5866,6,2.0,386.73,2025-10-16,Dettol Handwash 200ml,13
5868,5,2.0,201.09,2025-10-16,Tea Whitener 1kg,4
5869,17,2.0,715.23,2025-10-16,Nimko Mix 400g,1
5870,4,1.0,,2025-10-16,nan,
5871,13,,566.23,2025-10-16,Sprite 1.5L,2
5872,3,3.0,335.13,2025-10-16,National Ketchup 1kg,5
5873,8,4.0,357.09,2025-10-16,Colgate Toothpaste 100ml,17
5874,19,4.0,815.2,2025-10-16,Pepsi 1.5L,10
5875,2,1.0,715.23,2025-10-16,Nimko Mix 400g,1
5876,10,2.0,386.73,2025-10-16,Dettol Handwash 200ml,13
5877,1,2.0,566.23,2025-10-16,Sprite 1.5L,2
5878,6,1.0,201.09,2025-10-16,Tea Whitener 1kg,4
5879,9,1.0,606.63,2025-10-16,Shan Biryani Masala,6
5880,16,1.0,715.23,2025-10-16,Nimko Mix 400g,1
5881,8,1.0,891.92,2025-10-16,Tapal Danedar 950g,16
5882,8,3.0,153.28,2025-10-16,Surf Excel 1kg,19
5883,16,2.0,386.73,2025-10-16,Dettol Handwash 200ml,13
5884,2,3.0,335.13,2025-10-16,National Ketchup 1kg,5
5885,7,2.0,376.78,2025-10-16,Dove Shampoo 360ml,11
5886,20,,357.09,2025-10-16,Colgate Toothpaste 100ml,17
5887,11,2.0,361.73,2025-10-16,Lux Soap 110g,18
5888,11,5.0,361.73,2025-10-16,Lux Soap 110g,18
5889,7,3.0,357.09,2025-10-16,Colgate Toothpaste 100ml,17
5890,3,2.0,335.13,2025-10-16,National Ketchup 1kg,5
5891,19,2.0,335.13,2025-10-16,National Ketchup 1kg,5
5892,8,2.0,548.34,2025-10-16,Rice Basmati 5kg,8
5893,17,5.0,566.23,2025-10-16,Sprite 1.5L,2
5894,15,2.0,198.91,2025-10-16,Lifebuoy Soap 110g,20
5895,10,2.0,,2025-10-16,None,
5896,3,20.0,491.64,2025-10-16,Ariel Washing Powder 1kg,7
5897,4,3.0,606.63,2025-10-16,Shan Biryani Masala,6
5898,15,5.0,311.35,2025-10-16,Sufi Banaspati 1kg,3
5899,2,4.0,715.23,2025-10-16,Nimko Mix 400g,1
5900,9,4.0,566.23,2025-10-16,Sprite 1.5L,2
5901,2,1.0,335.13,2025-10-16,National Ketchup 1kg,5
5902,16,3.0,606.63,2025-10-16,Shan Biryani Masala,6
5903,16,2.0,357.09,2025-10-16,Colgate Toothpaste 100ml,17
5904,18,1.0,198.91,2025-10-16,Lifebuoy Soap 110g,20
5905,13,20.0,201.09,2025-10-16,Tea Whitener 1kg,4
5906,13,20.0,715.23,2025-10-16,Nimko Mix 400g,1
5907,6,5.0,548.34,2025-10-16,Rice Basmati 5kg,8
5908,5,1.0,374.08,2025-10-16,Coca Cola 1.5L,15
5909,6,1.0,357.09,2025-10-16,Colgate Toothpaste 100ml,17
5910,7,3.0,357.09,2025-10-16,Colgate Toothpaste 100ml,17
5911,16,3.0,386.73,2025-10-16,Dettol Handwash 200ml,13
5912,14,1.0,566.23,2025-10-16,Sprite 1.5L,2
5913,19,1.0,566.23,2025-10-17,Sprite 1.5L,2
5914,1,1.0,815.2,2025-10-17,Pepsi 1.5L,10
5915,19,5.0,100.09,2025-10-17,Olpers Milk 1L,14
5916,20,3.0,153.28,2025-10-17,Surf Excel 1kg,19
5917,1,2.0,361.73,2025-10-17,Lux Soap 110g,18
5918,15,2.0,715.23,2025-10-17,Nimko Mix 400g,1
5919,1,10.0,361.73,2025-10-17,Lux Soap 110g,18
5920,19,1.0,311.35,2025-10-17,Sufi Banaspati 1kg,3
5921,16,2.0,100.09,2025-10-17,Olpers Milk 1L,14
5922,18,2.0,374.08,2025-10-17,Coca Cola 1.5L,15
5923,12,3.0,715.23,2025-10-17,Nimko Mix 400g,1
5924,2,3.0,153.28,2025-10-17,Surf Excel 1kg,19
5925,4,2.0,629.21,2025-10-17,Tissue Roll Rose Petal,23
5926,13,1.0,201.09,2025-10-17,Tea Whitener 1kg,4
5927,12,2.0,467.06,2025-10-17,Wheat Flour 10kg,12
5928,4,1.0,548.34,2025-10-17,Rice Basmati 5kg,8
5929,11,5.0,548.34,2025-10-17,Rice Basmati 5kg,8
5930,14,1.0,629.21,2025-10-17,Tissue Roll Rose Petal,23
5931,16,1.0,311.35,2025-10-17,Sufi Banaspati 1kg,3
5932,3,3.0,606.63,2025-10-17,Shan Biryani Masala,6
5933,6,3.0,335.13,2025-10-17,National Ketchup 1kg,5
5934,16,1.0,376.78,2025-10-17,Dove Shampoo 360ml,11
5935,13,1.0,311.35,2025-10-17,Sufi Banaspati 1kg,3
5936,17,2.0,566.23,2025-10-17,Sprite 1.5L,2
5937,16,1.0,310.0,2025-10-17,Nestle Milk Pack 1L,21
5938,20,10.0,,2025-10-17,nan,
5939,15,5.0,376.78,2025-10-17,Dove Shampoo 360ml,11
5940,1,1.0,715.23,2025-10-17,Nimko Mix 400g,1
5941,1,1.0,566.23,2025-10-17,Sprite 1.5L,2
5942,17,3.0,566.23,2025-10-17,Sprite 1.5L,2
5943,12,5.0,361.73,2025-10-17,Lux Soap 110g,18
5944,9,1.0,606.63,2025-10-17,Shan Biryani Masala,6
5945,19,2.0,491.64,2025-10-17,Ariel Washing Powder 1kg,7
5946,15,1.0,467.06,2025-10-17,Wheat Flour 10kg,12
5947,11,2.0,361.73,2025-10-17,Lux Soap 110g,18
5948,14,1.0,815.2,2025-10-17,Pepsi 1.5L,10
5949,4,,491.64,2025-10-17,Ariel Washing Powder 1kg,7
5950,17,1.0,891.92,2025-10-17,Tapal Danedar 950g,16
5951,12,1.0,467.06,2025-10-17,Wheat Flour 10kg,12
5952,19,1.0,198.91,2025-10-17,Lifebuoy Soap 110g,20
5953,4,1.0,715.23,2025-10-17,Nimko Mix 400g,1
5954,9,1.0,374.08,2025-10-17,Coca Cola 1.5L,15
5955,19,2.0,,2025-10-17,None,
5956,16,4.0,815.2,2025-10-17,Pepsi 1.5L,10
5957,20,2.0,361.73,2025-10-17,Lux Soap 110g,18
5958,13,1.0,357.09,2025-10-17,Colgate Toothpaste 100ml,17
5959,11,3.0,361.73,2025-10-17,Lux Soap 110g,18
5960,7,4.0,815.2,2025-10-17,Pepsi 1.5L,10
5961,3,3.0,198.91,2025-10-17,Lifebuoy Soap 110g,20
5962,17,2.0,715.23,2025-10-17,Nimko Mix 400g,1
5963,16,1.0,361.73,2025-10-17,Lux Soap 110g,18
5964,9,4.0,715.23,2025-10-17,Nimko Mix 400g,1
5965,19,5.0,374.08,2025-10-17,Coca Cola 1.5L,15
5966,18,3.0,566.23,2025-10-17,Sprite 1.5L,2
5967,8,2.0,310.0,2025-10-17,Nestle Milk Pack 1L,21
5968,4,1.0,335.13,2025-10-17,National Ketchup 1kg,5
5969,5,5.0,361.73,2025-10-17,Lux Soap 110g,18
5970,4,2.0,310.0,2025-10-17,Nestle Milk Pack 1L,21
5971,13,1.0,,2025-10-17,nan,
5972,15,2.0,715.23,2025-10-18,Nimko Mix 400g,1
5973,4,1.0,335.13,2025-10-18,National Ketchup 1kg,5
5974,5,1.0,467.06,2025-10-18,Wheat Flour 10kg,12
5975,14,1.0,566.23,2025-10-18,Sprite 1.5L,2
5976,15,2.0,335.13,2025-10-18,National Ketchup 1kg,5
5977,5,1.0,311.35,2025-10-18,Sufi Banaspati 1kg,3
5978,7,5.0,606.63,2025-10-18,Shan Biryani Masala,6
5979,4,2.0,198.91,2025-10-18,Lifebuoy Soap 110g,20
5980,19,2.0,566.23,2025-10-18,Sprite 1.5L,2
5981,10,,606.63,2025-10-18,Shan Biryani Masala,6
5982,6,5.0,467.06,2025-10-18,Wheat Flour 10kg,12
5983,19,1.0,198.91,2025-10-18,Lifebuoy Soap 110g,20
5984,19,1.0,566.23,2025-10-18,Sprite 1.5L,2
5985,18,5.0,566.23,2025-10-18,Sprite 1.5L,2
5986,11,5.0,361.73,2025-10-18,Lux Soap 110g,18
5987,7,2.0,715.23,2025-10-18,Nimko Mix 400g,1
5988,1,1.0,715.23,2025-10-18,Nimko Mix 400g,1
5989,14,2.0,361.73,2025-10-18,Lux Soap 110g,18
5990,8,1.0,715.23,2025-10-18,Nimko Mix 400g,1
5991,14,,,2025-10-18,nan,
5992,9,2.0,153.28,2025-10-18,Surf Excel 1kg,19
5993,4,5.0,,2025-10-18,nan,
5994,6,1.0,629.21,2025-10-18,Tissue Roll Rose Petal,23
5995,4,4.0,467.06,2025-10-18,Wheat Flour 10kg,12
5996,17,3.0,891.92,2025-10-18,Tapal Danedar 950g,16
5997,6,1.0,311.35,2025-10-18,Sufi Banaspati 1kg,3
5998,8,1.0,815.2,2025-10-18,Pepsi 1.5L,10
5999,8,2.0,374.08,2025-10-18,Coca Cola 1.5L,15
6000,18,1.0,386.73,2025-10-18,Dettol Handwash 200ml,13
6001,10,2.0,311.35,2025-10-18,Sufi Banaspati 1kg,3
6002,6,3.0,548.34,2025-10-18,Rice Basmati 5kg,8
6003,2,5.0,629.21,2025-10-18,Tissue Roll Rose Petal,23
6004,4,10.0,357.09,2025-10-18,Colgate Toothpaste 100ml,17
6005,11,4.0,,2025-10-18,None,
6006,11,2.0,491.64,2025-10-18,Ariel Washing Powder 1kg,7
6007,2,3.0,201.09,2025-10-18,Tea Whitener 1kg,4
6008,8,4.0,566.23,2025-10-18,Sprite 1.5L,2
6009,9,5.0,815.2,2025-10-18,Pepsi 1.5L,10
6010,15,3.0,566.23,2025-10-18,Sprite 1.5L,2
6011,2,4.0,,2025-10-18,None,
6012,14,1.0,149.34,2025-10-18,Dalda Cooking Oil 1L,22
6013,5,2.0,491.64,2025-10-18,Ariel Washing Powder 1kg,7
6014,16,1.0,891.92,2025-10-18,Tapal Danedar 950g,16
6015,8,4.0,629.21,2025-10-18,Tissue Roll Rose Petal,23
6016,20,3.0,311.35,2025-10-18,Sufi Banaspati 1kg,3
6017,15,5.0,606.63,2025-10-18,Shan Biryani Masala,6
6018,17,1.0,548.34,2025-10-18,Rice Basmati 5kg,8
6019,17,1.0,100.09,2025-10-18,Olpers Milk 1L,14
6020,18,2.0,566.23,2025-10-18,Sprite 1.5L,2
6021,18,2.0,361.73,2025-10-18,Lux Soap 110g,18
6022,13,1.0,201.09,2025-10-18,Tea Whitener 1kg,4
6023,14,1.0,153.28,2025-10-18,Surf Excel 1kg,19
6024,19,1.0,153.28,2025-10-18,Surf Excel 1kg,19
6025,15,2.0,198.91,2025-10-18,Lifebuoy Soap 110g,20
6026,2,2.0,467.06,2025-10-18,Wheat Flour 10kg,12
6027,16,2.0,311.35,2025-10-18,Sufi Banaspati 1kg,3
6028,8,2.0,198.91,2025-10-18,Lifebuoy Soap 110g,20
6029,20,3.0,149.34,2025-10-18,Dalda Cooking Oil 1L,22
6030,8,4.0,386.73,2025-10-18,Dettol Handwash 200ml,13
6031,15,2.0,467.06,2025-10-18,Wheat Flour 10kg,12
6032,16,1.0,566.23,2025-10-18,Sprite 1.5L,2
6033,19,1.0,566.23,2025-10-18,Sprite 1.5L,2
6034,10,2.0,374.08,2025-10-18,Coca Cola 1.5L,15
6035,9,1.0,891.92,2025-10-18,Tapal Danedar 950g,16
6036,16,4.0,548.34,2025-10-18,Rice Basmati 5kg,8
6037,3,5.0,374.08,2025-10-18,Coca Cola 1.5L,15
6038,5,3.0,374.08,2025-10-19,Coca Cola 1.5L,15
6039,4,1.0,891.92,2025-10-19,Tapal Danedar 950g,16
6040,14,2.0,715.23,2025-10-19,Nimko Mix 400g,1
6041,15,20.0,715.23,2025-10-19,Nimko Mix 400g,1
6042,6,10.0,815.2,2025-10-19,Pepsi 1.5L,10
6043,16,20.0,100.09,2025-10-19,Olpers Milk 1L,14
6044,7,4.0,629.21,2025-10-19,Tissue Roll Rose Petal,23
6045,5,2.0,,2025-10-19,nan,
6046,20,3.0,815.2,2025-10-19,Pepsi 1.5L,10
6047,14,3.0,,2025-10-19,nan,
6048,4,1.0,,2025-10-19,None,
6049,18,3.0,386.73,2025-10-19,Dettol Handwash 200ml,13
6050,7,4.0,491.64,2025-10-19,Ariel Washing Powder 1kg,7
6051,16,1.0,361.73,2025-10-19,Lux Soap 110g,18
6052,8,2.0,361.73,2025-10-19,Lux Soap 110g,18
6053,12,4.0,386.73,2025-10-19,Dettol Handwash 200ml,13
6054,15,3.0,715.23,2025-10-19,Nimko Mix 400g,1
6055,4,4.0,198.91,2025-10-19,Lifebuoy Soap 110g,20
6056,14,1.0,815.2,2025-10-19,Pepsi 1.5L,10
6057,3,2.0,,2025-10-19,nan,
6058,14,1.0,548.34,2025-10-19,Rice Basmati 5kg,8
6059,16,1.0,491.64,2025-10-19,Ariel Washing Powder 1kg,7
6060,9,2.0,310.0,2025-10-19,Nestle Milk Pack 1L,21
6061,17,2.0,357.09,2025-10-19,Colgate Toothpaste 100ml,17
6062,13,2.0,201.09,2025-10-19,Tea Whitener 1kg,4
6063,11,1.0,715.23,2025-10-19,Nimko Mix 400g,1
6064,13,1.0,311.35,2025-10-19,Sufi Banaspati 1kg,3
6065,3,5.0,100.09,2025-10-19,Olpers Milk 1L,14
6066,4,3.0,,2025-10-19,nan,
6067,12,2.0,335.13,2025-10-19,National Ketchup 1kg,5
6068,15,1.0,891.92,2025-10-19,Tapal Danedar 950g,16
6069,17,2.0,715.23,2025-10-19,Nimko Mix 400g,1
6070,9,2.0,153.28,2025-10-19,Surf Excel 1kg,19
6071,15,1.0,149.34,2025-10-19,Dalda Cooking Oil 1L,22
6072,7,3.0,566.23,2025-10-19,Sprite 1.5L,2
6073,15,1.0,715.23,2025-10-19,Nimko Mix 400g,1
6074,6,3.0,566.23,2025-10-19,Sprite 1.5L,2
6075,14,3.0,311.35,2025-10-19,Sufi Banaspati 1kg,3
6076,9,2.0,100.09,2025-10-19,Olpers Milk 1L,14
6077,3,2.0,357.09,2025-10-19,Colgate Toothpaste 100ml,17
6078,6,3.0,,2025-10-19,nan,
6079,4,2.0,891.92,2025-10-19,Tapal Danedar 950g,16
6080,1,4.0,374.08,2025-10-19,Coca Cola 1.5L,15
6081,20,3.0,357.09,2025-10-19,Colgate Toothpaste 100ml,17
6082,20,5.0,374.08,2025-10-19,Coca Cola 1.5L,15
6083,12,5.0,,2025-10-19,None,
6084,14,1.0,715.23,2025-10-19,Nimko Mix 400g,1
6085,20,1.0,201.09,2025-10-19,Tea Whitener 1kg,4
6086,17,1.0,153.28,2025-10-19,Surf Excel 1kg,19
6087,8,1.0,153.28,2025-10-19,Surf Excel 1kg,19
6088,2,3.0,201.09,2025-10-19,Tea Whitener 1kg,4
6089,1,2.0,548.34,2025-10-19,Rice Basmati 5kg,8
6090,4,4.0,335.13,2025-10-19,National Ketchup 1kg,5
6091,5,1.0,629.21,2025-10-19,Tissue Roll Rose Petal,23
6092,2,1.0,100.09,2025-10-19,Olpers Milk 1L,14
6093,3,2.0,891.92,2025-10-19,Tapal Danedar 950g,16
6094,12,1.0,376.78,2025-10-19,Dove Shampoo 360ml,11
6095,12,1.0,149.34,2025-10-19,Dalda Cooking Oil 1L,22
6096,17,1.0,467.06,2025-10-19,Wheat Flour 10kg,12
6097,13,2.0,467.06,2025-10-19,Wheat Flour 10kg,12
6098,16,3.0,361.73,2025-10-19,Lux Soap 110g,18
6099,15,1.0,311.35,2025-10-19,Sufi Banaspati 1kg,3
6100,1,1.0,491.64,2025-10-19,Ariel Washing Powder 1kg,7
6101,8,1.0,201.09,2025-10-19,Tea Whitener 1kg,4
6102,10,1.0,374.08,2025-10-19,Coca Cola 1.5L,15
6103,16,2.0,149.34,2025-10-19,Dalda Cooking Oil 1L,22
6104,6,2.0,357.09,2025-10-19,Colgate Toothpaste 100ml,17
6105,5,2.0,548.34,2025-10-19,Rice Basmati 5kg,8
6106,3,1.0,566.23,2025-10-19,Sprite 1.5L,2
6107,3,1.0,376.78,2025-10-19,Dove Shampoo 360ml,11
6108,6,5.0,201.09,2025-10-19,Tea Whitener 1kg,4
6109,1,1.0,201.09,2025-10-19,Tea Whitener 1kg,4
6110,18,1.0,198.91,2025-10-19,Lifebuoy Soap 110g,20
6111,9,1.0,715.23,2025-10-19,Nimko Mix 400g,1
6112,15,2.0,374.08,2025-10-19,Coca Cola 1.5L,15
6113,16,5.0,100.09,2025-10-20,Olpers Milk 1L,14
6114,20,,491.64,2025-10-20,Ariel Washing Powder 1kg,7
6115,6,1.0,153.28,2025-10-20,Surf Excel 1kg,19
6116,15,2.0,198.91,2025-10-20,Lifebuoy Soap 110g,20
6117,20,,153.28,2025-10-20,Surf Excel 1kg,19
6118,17,2.0,376.78,2025-10-20,Dove Shampoo 360ml,11
6119,17,5.0,815.2,2025-10-20,Pepsi 1.5L,10
6120,7,5.0,201.09,2025-10-20,Tea Whitener 1kg,4
6121,14,10.0,357.09,2025-10-20,Colgate Toothpaste 100ml,17
6122,11,,891.92,2025-10-20,Tapal Danedar 950g,16
6123,13,1.0,,2025-10-20,None,
6124,15,1.0,374.08,2025-10-20,Coca Cola 1.5L,15
6125,16,1.0,357.09,2025-10-20,Colgate Toothpaste 100ml,17
6472,8,1.0,,2025-10-23,None,
6126,3,1.0,629.21,2025-10-20,Tissue Roll Rose Petal,23
6127,7,2.0,201.09,2025-10-20,Tea Whitener 1kg,4
6128,16,1.0,566.23,2025-10-20,Sprite 1.5L,2
6129,6,2.0,891.92,2025-10-20,Tapal Danedar 950g,16
6130,7,5.0,491.64,2025-10-20,Ariel Washing Powder 1kg,7
6131,16,1.0,491.64,2025-10-20,Ariel Washing Powder 1kg,7
6132,9,3.0,566.23,2025-10-20,Sprite 1.5L,2
6133,12,20.0,198.91,2025-10-20,Lifebuoy Soap 110g,20
6134,9,10.0,,2025-10-20,nan,
6135,20,5.0,606.63,2025-10-20,Shan Biryani Masala,6
6136,13,1.0,386.73,2025-10-20,Dettol Handwash 200ml,13
6137,8,1.0,891.92,2025-10-20,Tapal Danedar 950g,16
6138,2,4.0,491.64,2025-10-20,Ariel Washing Powder 1kg,7
6139,5,1.0,201.09,2025-10-20,Tea Whitener 1kg,4
6140,10,1.0,,2025-10-20,None,
6141,9,2.0,715.23,2025-10-20,Nimko Mix 400g,1
6142,18,2.0,467.06,2025-10-20,Wheat Flour 10kg,12
6143,12,,149.34,2025-10-20,Dalda Cooking Oil 1L,22
6144,9,5.0,467.06,2025-10-20,Wheat Flour 10kg,12
6145,10,2.0,815.2,2025-10-20,Pepsi 1.5L,10
6146,14,1.0,357.09,2025-10-20,Colgate Toothpaste 100ml,17
6147,3,1.0,566.23,2025-10-20,Sprite 1.5L,2
6148,11,5.0,815.2,2025-10-20,Pepsi 1.5L,10
6149,2,3.0,566.23,2025-10-20,Sprite 1.5L,2
6150,12,2.0,201.09,2025-10-20,Tea Whitener 1kg,4
6151,13,3.0,198.91,2025-10-20,Lifebuoy Soap 110g,20
6152,16,3.0,,2025-10-20,nan,
6153,15,2.0,100.09,2025-10-20,Olpers Milk 1L,14
6154,4,3.0,310.0,2025-10-20,Nestle Milk Pack 1L,21
6155,3,1.0,491.64,2025-10-20,Ariel Washing Powder 1kg,7
6156,10,3.0,201.09,2025-10-20,Tea Whitener 1kg,4
6157,6,2.0,357.09,2025-10-20,Colgate Toothpaste 100ml,17
6158,3,4.0,311.35,2025-10-20,Sufi Banaspati 1kg,3
6159,8,20.0,201.09,2025-10-20,Tea Whitener 1kg,4
6160,18,1.0,566.23,2025-10-20,Sprite 1.5L,2
6161,17,2.0,715.23,2025-10-20,Nimko Mix 400g,1
6162,4,4.0,149.34,2025-10-20,Dalda Cooking Oil 1L,22
6163,15,3.0,386.73,2025-10-20,Dettol Handwash 200ml,13
6164,6,3.0,715.23,2025-10-20,Nimko Mix 400g,1
6165,17,3.0,815.2,2025-10-20,Pepsi 1.5L,10
6166,11,4.0,815.2,2025-10-20,Pepsi 1.5L,10
6167,13,1.0,715.23,2025-10-20,Nimko Mix 400g,1
6168,5,3.0,715.23,2025-10-20,Nimko Mix 400g,1
6169,2,5.0,629.21,2025-10-20,Tissue Roll Rose Petal,23
6170,17,2.0,467.06,2025-10-20,Wheat Flour 10kg,12
6171,8,3.0,201.09,2025-10-20,Tea Whitener 1kg,4
6172,6,1.0,715.23,2025-10-20,Nimko Mix 400g,1
6173,15,,715.23,2025-10-20,Nimko Mix 400g,1
6174,14,2.0,467.06,2025-10-20,Wheat Flour 10kg,12
6175,14,4.0,,2025-10-20,nan,
6176,3,1.0,201.09,2025-10-20,Tea Whitener 1kg,4
6177,3,1.0,201.09,2025-10-20,Tea Whitener 1kg,4
6178,4,2.0,201.09,2025-10-20,Tea Whitener 1kg,4
6179,2,2.0,386.73,2025-10-20,Dettol Handwash 200ml,13
6180,13,5.0,357.09,2025-10-20,Colgate Toothpaste 100ml,17
6181,13,3.0,815.2,2025-10-20,Pepsi 1.5L,10
6182,10,1.0,715.23,2025-10-20,Nimko Mix 400g,1
6183,13,3.0,201.09,2025-10-20,Tea Whitener 1kg,4
6184,4,2.0,386.73,2025-10-20,Dettol Handwash 200ml,13
6185,6,1.0,491.64,2025-10-21,Ariel Washing Powder 1kg,7
6186,12,,,2025-10-21,None,
6187,5,1.0,153.28,2025-10-21,Surf Excel 1kg,19
6188,10,1.0,467.06,2025-10-21,Wheat Flour 10kg,12
6189,19,5.0,566.23,2025-10-21,Sprite 1.5L,2
6190,2,4.0,361.73,2025-10-21,Lux Soap 110g,18
6191,6,3.0,566.23,2025-10-21,Sprite 1.5L,2
6192,9,2.0,467.06,2025-10-21,Wheat Flour 10kg,12
6193,7,2.0,891.92,2025-10-21,Tapal Danedar 950g,16
6194,15,1.0,201.09,2025-10-21,Tea Whitener 1kg,4
6195,9,1.0,100.09,2025-10-21,Olpers Milk 1L,14
6196,13,2.0,815.2,2025-10-21,Pepsi 1.5L,10
6197,8,5.0,,2025-10-21,None,
6198,19,2.0,606.63,2025-10-21,Shan Biryani Masala,6
6199,9,1.0,335.13,2025-10-21,National Ketchup 1kg,5
6200,13,1.0,566.23,2025-10-21,Sprite 1.5L,2
6201,11,1.0,606.63,2025-10-21,Shan Biryani Masala,6
6202,8,1.0,715.23,2025-10-21,Nimko Mix 400g,1
6203,13,3.0,606.63,2025-10-21,Shan Biryani Masala,6
6204,16,2.0,891.92,2025-10-21,Tapal Danedar 950g,16
6205,17,1.0,357.09,2025-10-21,Colgate Toothpaste 100ml,17
6206,3,2.0,,2025-10-21,nan,
6207,1,1.0,153.28,2025-10-21,Surf Excel 1kg,19
6208,10,4.0,201.09,2025-10-21,Tea Whitener 1kg,4
6209,11,3.0,,2025-10-21,nan,
6210,2,2.0,335.13,2025-10-21,National Ketchup 1kg,5
6211,5,1.0,311.35,2025-10-21,Sufi Banaspati 1kg,3
6212,8,1.0,376.78,2025-10-21,Dove Shampoo 360ml,11
6213,4,5.0,715.23,2025-10-21,Nimko Mix 400g,1
6214,15,2.0,357.09,2025-10-21,Colgate Toothpaste 100ml,17
6215,1,10.0,815.2,2025-10-21,Pepsi 1.5L,10
6216,7,3.0,891.92,2025-10-21,Tapal Danedar 950g,16
6217,6,1.0,149.34,2025-10-21,Dalda Cooking Oil 1L,22
6218,16,,629.21,2025-10-21,Tissue Roll Rose Petal,23
6219,20,5.0,566.23,2025-10-21,Sprite 1.5L,2
6220,9,2.0,335.13,2025-10-21,National Ketchup 1kg,5
6221,4,2.0,,2025-10-21,None,
6222,10,2.0,153.28,2025-10-21,Surf Excel 1kg,19
6223,19,2.0,,2025-10-21,nan,
6224,20,2.0,715.23,2025-10-21,Nimko Mix 400g,1
6225,5,1.0,491.64,2025-10-21,Ariel Washing Powder 1kg,7
6226,3,1.0,,2025-10-21,None,
6227,17,5.0,606.63,2025-10-21,Shan Biryani Masala,6
6228,12,2.0,361.73,2025-10-21,Lux Soap 110g,18
6229,18,5.0,629.21,2025-10-21,Tissue Roll Rose Petal,23
6230,11,2.0,491.64,2025-10-21,Ariel Washing Powder 1kg,7
6231,10,2.0,357.09,2025-10-21,Colgate Toothpaste 100ml,17
6232,19,1.0,357.09,2025-10-21,Colgate Toothpaste 100ml,17
6233,20,1.0,467.06,2025-10-21,Wheat Flour 10kg,12
6234,10,20.0,100.09,2025-10-21,Olpers Milk 1L,14
6235,11,1.0,491.64,2025-10-21,Ariel Washing Powder 1kg,7
6236,5,1.0,198.91,2025-10-21,Lifebuoy Soap 110g,20
6237,11,2.0,386.73,2025-10-21,Dettol Handwash 200ml,13
6238,11,5.0,566.23,2025-10-21,Sprite 1.5L,2
6239,18,4.0,,2025-10-21,None,
6240,4,3.0,201.09,2025-10-21,Tea Whitener 1kg,4
6241,7,1.0,361.73,2025-10-21,Lux Soap 110g,18
6242,16,2.0,,2025-10-21,nan,
6243,2,1.0,548.34,2025-10-21,Rice Basmati 5kg,8
6244,7,4.0,310.0,2025-10-21,Nestle Milk Pack 1L,21
6245,20,3.0,566.23,2025-10-21,Sprite 1.5L,2
6246,10,1.0,815.2,2025-10-21,Pepsi 1.5L,10
6247,16,,201.09,2025-10-21,Tea Whitener 1kg,4
6248,5,1.0,467.06,2025-10-21,Wheat Flour 10kg,12
6249,17,4.0,,2025-10-21,None,
6250,5,5.0,100.09,2025-10-21,Olpers Milk 1L,14
6251,14,1.0,606.63,2025-10-21,Shan Biryani Masala,6
6252,14,2.0,201.09,2025-10-21,Tea Whitener 1kg,4
6253,4,4.0,566.23,2025-10-21,Sprite 1.5L,2
6254,9,1.0,629.21,2025-10-21,Tissue Roll Rose Petal,23
6255,19,5.0,153.28,2025-10-21,Surf Excel 1kg,19
6256,16,3.0,715.23,2025-10-21,Nimko Mix 400g,1
6257,9,3.0,335.13,2025-10-21,National Ketchup 1kg,5
6258,9,,153.28,2025-10-21,Surf Excel 1kg,19
6259,1,2.0,357.09,2025-10-21,Colgate Toothpaste 100ml,17
6260,1,2.0,566.23,2025-10-21,Sprite 1.5L,2
6261,3,2.0,606.63,2025-10-21,Shan Biryani Masala,6
6262,13,2.0,335.13,2025-10-21,National Ketchup 1kg,5
6263,15,1.0,629.21,2025-10-21,Tissue Roll Rose Petal,23
6264,5,4.0,310.0,2025-10-21,Nestle Milk Pack 1L,21
6265,15,2.0,491.64,2025-10-21,Ariel Washing Powder 1kg,7
6266,19,4.0,606.63,2025-10-21,Shan Biryani Masala,6
6267,17,3.0,606.63,2025-10-21,Shan Biryani Masala,6
6268,10,1.0,361.73,2025-10-21,Lux Soap 110g,18
6269,20,5.0,201.09,2025-10-21,Tea Whitener 1kg,4
6270,18,5.0,715.23,2025-10-21,Nimko Mix 400g,1
6271,3,2.0,153.28,2025-10-21,Surf Excel 1kg,19
6272,12,5.0,198.91,2025-10-21,Lifebuoy Soap 110g,20
6273,16,,548.34,2025-10-21,Rice Basmati 5kg,8
6274,11,3.0,357.09,2025-10-21,Colgate Toothpaste 100ml,17
6275,1,4.0,491.64,2025-10-21,Ariel Washing Powder 1kg,7
6276,18,,891.92,2025-10-21,Tapal Danedar 950g,16
6277,7,1.0,361.73,2025-10-21,Lux Soap 110g,18
6278,17,1.0,100.09,2025-10-21,Olpers Milk 1L,14
6279,20,1.0,491.64,2025-10-21,Ariel Washing Powder 1kg,7
6280,3,5.0,,2025-10-21,nan,
6281,3,3.0,100.09,2025-10-21,Olpers Milk 1L,14
6282,15,3.0,,2025-10-21,None,
6283,6,3.0,311.35,2025-10-22,Sufi Banaspati 1kg,3
6284,15,2.0,357.09,2025-10-22,Colgate Toothpaste 100ml,17
6285,20,2.0,361.73,2025-10-22,Lux Soap 110g,18
6286,8,2.0,100.09,2025-10-22,Olpers Milk 1L,14
6287,4,2.0,335.13,2025-10-22,National Ketchup 1kg,5
6288,4,2.0,606.63,2025-10-22,Shan Biryani Masala,6
6289,2,1.0,606.63,2025-10-22,Shan Biryani Masala,6
6290,12,1.0,715.23,2025-10-22,Nimko Mix 400g,1
6291,5,2.0,310.0,2025-10-22,Nestle Milk Pack 1L,21
6292,8,1.0,,2025-10-22,None,
6293,12,5.0,198.91,2025-10-22,Lifebuoy Soap 110g,20
6294,5,1.0,198.91,2025-10-22,Lifebuoy Soap 110g,20
6295,16,20.0,,2025-10-22,nan,
6296,16,5.0,566.23,2025-10-22,Sprite 1.5L,2
6297,6,1.0,361.73,2025-10-22,Lux Soap 110g,18
6298,9,4.0,357.09,2025-10-22,Colgate Toothpaste 100ml,17
6299,14,5.0,715.23,2025-10-22,Nimko Mix 400g,1
6300,11,4.0,491.64,2025-10-22,Ariel Washing Powder 1kg,7
6301,18,,376.78,2025-10-22,Dove Shampoo 360ml,11
6302,9,1.0,715.23,2025-10-22,Nimko Mix 400g,1
6303,20,1.0,,2025-10-22,nan,
6304,1,2.0,891.92,2025-10-22,Tapal Danedar 950g,16
6305,16,4.0,566.23,2025-10-22,Sprite 1.5L,2
6306,8,1.0,629.21,2025-10-22,Tissue Roll Rose Petal,23
6307,10,2.0,149.34,2025-10-22,Dalda Cooking Oil 1L,22
6308,14,3.0,815.2,2025-10-22,Pepsi 1.5L,10
6309,8,3.0,566.23,2025-10-22,Sprite 1.5L,2
6310,18,1.0,374.08,2025-10-22,Coca Cola 1.5L,15
6311,9,2.0,386.73,2025-10-22,Dettol Handwash 200ml,13
6312,13,1.0,,2025-10-22,nan,
6313,2,2.0,566.23,2025-10-22,Sprite 1.5L,2
6314,4,1.0,361.73,2025-10-22,Lux Soap 110g,18
6315,8,4.0,361.73,2025-10-22,Lux Soap 110g,18
6316,17,2.0,149.34,2025-10-22,Dalda Cooking Oil 1L,22
6317,1,4.0,311.35,2025-10-22,Sufi Banaspati 1kg,3
6318,18,1.0,335.13,2025-10-22,National Ketchup 1kg,5
6319,15,,335.13,2025-10-22,National Ketchup 1kg,5
6320,3,2.0,153.28,2025-10-22,Surf Excel 1kg,19
6321,10,5.0,467.06,2025-10-22,Wheat Flour 10kg,12
6322,14,2.0,566.23,2025-10-22,Sprite 1.5L,2
6323,20,3.0,361.73,2025-10-22,Lux Soap 110g,18
6324,6,,201.09,2025-10-22,Tea Whitener 1kg,4
6325,9,1.0,201.09,2025-10-22,Tea Whitener 1kg,4
6326,14,4.0,335.13,2025-10-22,National Ketchup 1kg,5
6327,6,3.0,,2025-10-22,nan,
6328,9,1.0,606.63,2025-10-22,Shan Biryani Masala,6
6329,2,1.0,201.09,2025-10-22,Tea Whitener 1kg,4
6330,14,4.0,606.63,2025-10-22,Shan Biryani Masala,6
6331,18,4.0,361.73,2025-10-22,Lux Soap 110g,18
6332,20,,153.28,2025-10-22,Surf Excel 1kg,19
6333,7,3.0,374.08,2025-10-22,Coca Cola 1.5L,15
6334,6,5.0,376.78,2025-10-22,Dove Shampoo 360ml,11
6335,6,5.0,198.91,2025-10-22,Lifebuoy Soap 110g,20
6336,6,1.0,376.78,2025-10-22,Dove Shampoo 360ml,11
6337,10,5.0,386.73,2025-10-22,Dettol Handwash 200ml,13
6338,8,1.0,153.28,2025-10-22,Surf Excel 1kg,19
6339,16,2.0,311.35,2025-10-22,Sufi Banaspati 1kg,3
6340,9,1.0,386.73,2025-10-22,Dettol Handwash 200ml,13
6341,20,1.0,357.09,2025-10-22,Colgate Toothpaste 100ml,17
6342,20,10.0,629.21,2025-10-22,Tissue Roll Rose Petal,23
6343,12,4.0,,2025-10-22,nan,
6344,18,20.0,149.34,2025-10-22,Dalda Cooking Oil 1L,22
6345,16,2.0,201.09,2025-10-22,Tea Whitener 1kg,4
6346,4,3.0,335.13,2025-10-22,National Ketchup 1kg,5
6347,20,2.0,491.64,2025-10-22,Ariel Washing Powder 1kg,7
6348,3,1.0,386.73,2025-10-22,Dettol Handwash 200ml,13
6349,4,3.0,629.21,2025-10-22,Tissue Roll Rose Petal,23
6350,18,4.0,361.73,2025-10-22,Lux Soap 110g,18
6351,10,2.0,153.28,2025-10-22,Surf Excel 1kg,19
6352,6,2.0,566.23,2025-10-22,Sprite 1.5L,2
6353,14,1.0,548.34,2025-10-22,Rice Basmati 5kg,8
6354,20,2.0,376.78,2025-10-22,Dove Shampoo 360ml,11
6355,9,3.0,361.73,2025-10-22,Lux Soap 110g,18
6356,5,1.0,566.23,2025-10-22,Sprite 1.5L,2
6357,6,2.0,311.35,2025-10-22,Sufi Banaspati 1kg,3
6358,15,1.0,100.09,2025-10-22,Olpers Milk 1L,14
6359,1,5.0,153.28,2025-10-22,Surf Excel 1kg,19
6360,8,1.0,361.73,2025-10-22,Lux Soap 110g,18
6361,20,4.0,815.2,2025-10-22,Pepsi 1.5L,10
6362,18,2.0,335.13,2025-10-22,National Ketchup 1kg,5
6363,7,2.0,100.09,2025-10-22,Olpers Milk 1L,14
6364,7,1.0,198.91,2025-10-22,Lifebuoy Soap 110g,20
6365,3,1.0,815.2,2025-10-22,Pepsi 1.5L,10
6366,16,10.0,548.34,2025-10-22,Rice Basmati 5kg,8
6367,5,3.0,891.92,2025-10-22,Tapal Danedar 950g,16
6368,11,1.0,467.06,2025-10-23,Wheat Flour 10kg,12
6369,3,1.0,198.91,2025-10-23,Lifebuoy Soap 110g,20
6370,3,1.0,335.13,2025-10-23,National Ketchup 1kg,5
6371,3,3.0,201.09,2025-10-23,Tea Whitener 1kg,4
6372,1,1.0,201.09,2025-10-23,Tea Whitener 1kg,4
6373,13,3.0,198.91,2025-10-23,Lifebuoy Soap 110g,20
6374,15,1.0,,2025-10-23,None,
6375,11,3.0,815.2,2025-10-23,Pepsi 1.5L,10
6376,7,2.0,,2025-10-23,nan,
6377,4,1.0,,2025-10-23,None,
6378,7,1.0,153.28,2025-10-23,Surf Excel 1kg,19
6379,2,3.0,,2025-10-23,None,
6380,13,2.0,311.35,2025-10-23,Sufi Banaspati 1kg,3
6381,14,2.0,815.2,2025-10-23,Pepsi 1.5L,10
6382,1,2.0,335.13,2025-10-23,National Ketchup 1kg,5
6383,19,,374.08,2025-10-23,Coca Cola 1.5L,15
6384,8,20.0,606.63,2025-10-23,Shan Biryani Masala,6
6385,14,2.0,335.13,2025-10-23,National Ketchup 1kg,5
6386,20,2.0,467.06,2025-10-23,Wheat Flour 10kg,12
6387,1,1.0,,2025-10-23,nan,
6388,3,5.0,566.23,2025-10-23,Sprite 1.5L,2
6389,10,1.0,201.09,2025-10-23,Tea Whitener 1kg,4
6390,19,2.0,386.73,2025-10-23,Dettol Handwash 200ml,13
6391,9,3.0,715.23,2025-10-23,Nimko Mix 400g,1
6392,9,2.0,386.73,2025-10-23,Dettol Handwash 200ml,13
6393,8,2.0,376.78,2025-10-23,Dove Shampoo 360ml,11
6394,4,,335.13,2025-10-23,National Ketchup 1kg,5
6395,19,,201.09,2025-10-23,Tea Whitener 1kg,4
6396,12,2.0,357.09,2025-10-23,Colgate Toothpaste 100ml,17
6397,12,3.0,491.64,2025-10-23,Ariel Washing Powder 1kg,7
6398,2,1.0,606.63,2025-10-23,Shan Biryani Masala,6
6399,3,1.0,629.21,2025-10-23,Tissue Roll Rose Petal,23
6400,11,3.0,376.78,2025-10-23,Dove Shampoo 360ml,11
6401,11,3.0,715.23,2025-10-23,Nimko Mix 400g,1
6402,9,1.0,715.23,2025-10-23,Nimko Mix 400g,1
6403,3,1.0,,2025-10-23,None,
6404,18,1.0,198.91,2025-10-23,Lifebuoy Soap 110g,20
6405,11,4.0,,2025-10-23,nan,
6406,4,4.0,376.78,2025-10-23,Dove Shampoo 360ml,11
6407,7,2.0,149.34,2025-10-23,Dalda Cooking Oil 1L,22
6408,7,2.0,357.09,2025-10-23,Colgate Toothpaste 100ml,17
6409,14,1.0,467.06,2025-10-23,Wheat Flour 10kg,12
6410,4,5.0,566.23,2025-10-23,Sprite 1.5L,2
6411,7,1.0,311.35,2025-10-23,Sufi Banaspati 1kg,3
6412,17,4.0,357.09,2025-10-23,Colgate Toothpaste 100ml,17
6413,9,1.0,606.63,2025-10-23,Shan Biryani Masala,6
6414,10,2.0,361.73,2025-10-23,Lux Soap 110g,18
6415,1,1.0,,2025-10-23,None,
6416,16,2.0,311.35,2025-10-23,Sufi Banaspati 1kg,3
6417,5,3.0,357.09,2025-10-23,Colgate Toothpaste 100ml,17
6418,19,2.0,606.63,2025-10-23,Shan Biryani Masala,6
6419,6,1.0,153.28,2025-10-23,Surf Excel 1kg,19
6420,10,1.0,311.35,2025-10-23,Sufi Banaspati 1kg,3
6421,10,5.0,357.09,2025-10-23,Colgate Toothpaste 100ml,17
6422,2,2.0,606.63,2025-10-23,Shan Biryani Masala,6
6423,19,2.0,,2025-10-23,nan,
6424,19,5.0,467.06,2025-10-23,Wheat Flour 10kg,12
6425,17,2.0,201.09,2025-10-23,Tea Whitener 1kg,4
6426,19,1.0,715.23,2025-10-23,Nimko Mix 400g,1
6427,3,5.0,100.09,2025-10-23,Olpers Milk 1L,14
6428,13,,201.09,2025-10-23,Tea Whitener 1kg,4
6429,4,4.0,715.23,2025-10-23,Nimko Mix 400g,1
6430,18,5.0,,2025-10-23,None,
6431,17,,715.23,2025-10-23,Nimko Mix 400g,1
6432,17,5.0,374.08,2025-10-23,Coca Cola 1.5L,15
6433,4,5.0,374.08,2025-10-23,Coca Cola 1.5L,15
6434,9,3.0,361.73,2025-10-23,Lux Soap 110g,18
6435,15,3.0,361.73,2025-10-23,Lux Soap 110g,18
6436,6,2.0,629.21,2025-10-23,Tissue Roll Rose Petal,23
6437,2,1.0,357.09,2025-10-23,Colgate Toothpaste 100ml,17
6438,6,1.0,,2025-10-23,nan,
6439,12,2.0,629.21,2025-10-23,Tissue Roll Rose Petal,23
6440,8,3.0,153.28,2025-10-23,Surf Excel 1kg,19
6441,17,1.0,198.91,2025-10-23,Lifebuoy Soap 110g,20
6442,12,1.0,153.28,2025-10-23,Surf Excel 1kg,19
6443,11,4.0,310.0,2025-10-23,Nestle Milk Pack 1L,21
6444,8,10.0,153.28,2025-10-23,Surf Excel 1kg,19
6445,10,5.0,566.23,2025-10-23,Sprite 1.5L,2
6446,18,1.0,386.73,2025-10-23,Dettol Handwash 200ml,13
6447,3,1.0,386.73,2025-10-23,Dettol Handwash 200ml,13
6448,7,2.0,374.08,2025-10-23,Coca Cola 1.5L,15
6449,2,2.0,311.35,2025-10-23,Sufi Banaspati 1kg,3
6450,8,1.0,357.09,2025-10-23,Colgate Toothpaste 100ml,17
6451,2,1.0,361.73,2025-10-23,Lux Soap 110g,18
6452,20,4.0,149.34,2025-10-23,Dalda Cooking Oil 1L,22
6453,6,2.0,149.34,2025-10-23,Dalda Cooking Oil 1L,22
6454,2,2.0,201.09,2025-10-23,Tea Whitener 1kg,4
6455,17,2.0,548.34,2025-10-23,Rice Basmati 5kg,8
6456,3,3.0,491.64,2025-10-23,Ariel Washing Powder 1kg,7
6457,6,2.0,891.92,2025-10-23,Tapal Danedar 950g,16
6458,12,3.0,891.92,2025-10-23,Tapal Danedar 950g,16
6459,15,2.0,335.13,2025-10-23,National Ketchup 1kg,5
6460,17,3.0,149.34,2025-10-23,Dalda Cooking Oil 1L,22
6461,6,2.0,606.63,2025-10-23,Shan Biryani Masala,6
6462,1,1.0,310.0,2025-10-23,Nestle Milk Pack 1L,21
6463,2,1.0,467.06,2025-10-23,Wheat Flour 10kg,12
6464,12,4.0,566.23,2025-10-23,Sprite 1.5L,2
6465,16,3.0,201.09,2025-10-23,Tea Whitener 1kg,4
6466,12,1.0,,2025-10-23,nan,
6467,2,,100.09,2025-10-23,Olpers Milk 1L,14
6468,6,3.0,815.2,2025-10-23,Pepsi 1.5L,10
6469,5,20.0,149.34,2025-10-23,Dalda Cooking Oil 1L,22
6470,17,1.0,715.23,2025-10-23,Nimko Mix 400g,1
6471,3,2.0,491.64,2025-10-23,Ariel Washing Powder 1kg,7
6473,11,2.0,149.34,2025-10-23,Dalda Cooking Oil 1L,22
6474,19,1.0,815.2,2025-10-23,Pepsi 1.5L,10
6475,16,5.0,198.91,2025-10-24,Lifebuoy Soap 110g,20
6476,18,1.0,,2025-10-24,nan,
6477,19,2.0,310.0,2025-10-24,Nestle Milk Pack 1L,21
6478,7,5.0,,2025-10-24,None,
6479,10,1.0,548.34,2025-10-24,Rice Basmati 5kg,8
6480,9,3.0,715.23,2025-10-24,Nimko Mix 400g,1
6481,2,2.0,361.73,2025-10-24,Lux Soap 110g,18
6482,7,5.0,,2025-10-24,nan,
6483,16,10.0,606.63,2025-10-24,Shan Biryani Masala,6
6484,10,10.0,361.73,2025-10-24,Lux Soap 110g,18
6485,15,,,2025-10-24,nan,
6486,18,2.0,467.06,2025-10-24,Wheat Flour 10kg,12
6487,8,1.0,566.23,2025-10-24,Sprite 1.5L,2
6488,9,5.0,491.64,2025-10-24,Ariel Washing Powder 1kg,7
6489,4,3.0,198.91,2025-10-24,Lifebuoy Soap 110g,20
6490,6,3.0,376.78,2025-10-24,Dove Shampoo 360ml,11
6491,7,1.0,491.64,2025-10-24,Ariel Washing Powder 1kg,7
6492,8,1.0,566.23,2025-10-24,Sprite 1.5L,2
6493,2,1.0,,2025-10-24,None,
6494,12,3.0,149.34,2025-10-24,Dalda Cooking Oil 1L,22
6495,11,3.0,386.73,2025-10-24,Dettol Handwash 200ml,13
6496,11,4.0,566.23,2025-10-24,Sprite 1.5L,2
6497,4,1.0,891.92,2025-10-24,Tapal Danedar 950g,16
6498,12,1.0,566.23,2025-10-24,Sprite 1.5L,2
6499,3,1.0,715.23,2025-10-24,Nimko Mix 400g,1
6500,2,4.0,149.34,2025-10-24,Dalda Cooking Oil 1L,22
6501,5,4.0,491.64,2025-10-24,Ariel Washing Powder 1kg,7
6502,13,3.0,376.78,2025-10-24,Dove Shampoo 360ml,11
6503,4,3.0,715.23,2025-10-24,Nimko Mix 400g,1
6504,16,1.0,335.13,2025-10-24,National Ketchup 1kg,5
6505,1,1.0,891.92,2025-10-24,Tapal Danedar 950g,16
6506,14,1.0,,2025-10-24,nan,
6507,6,1.0,629.21,2025-10-24,Tissue Roll Rose Petal,23
6508,3,2.0,374.08,2025-10-24,Coca Cola 1.5L,15
6509,16,3.0,374.08,2025-10-24,Coca Cola 1.5L,15
6510,10,4.0,376.78,2025-10-24,Dove Shampoo 360ml,11
6511,19,3.0,467.06,2025-10-24,Wheat Flour 10kg,12
6512,14,2.0,891.92,2025-10-24,Tapal Danedar 950g,16
6513,20,1.0,606.63,2025-10-24,Shan Biryani Masala,6
6514,7,2.0,335.13,2025-10-24,National Ketchup 1kg,5
6515,5,10.0,,2025-10-24,nan,
6516,14,1.0,201.09,2025-10-24,Tea Whitener 1kg,4
6517,5,1.0,149.34,2025-10-24,Dalda Cooking Oil 1L,22
6518,19,1.0,891.92,2025-10-24,Tapal Danedar 950g,16
6519,16,1.0,566.23,2025-10-24,Sprite 1.5L,2
6520,17,5.0,100.09,2025-10-24,Olpers Milk 1L,14
6521,7,3.0,548.34,2025-10-24,Rice Basmati 5kg,8
6522,3,4.0,198.91,2025-10-24,Lifebuoy Soap 110g,20
6523,12,1.0,100.09,2025-10-24,Olpers Milk 1L,14
6524,20,3.0,198.91,2025-10-24,Lifebuoy Soap 110g,20
6525,18,1.0,335.13,2025-10-24,National Ketchup 1kg,5
6526,9,4.0,335.13,2025-10-24,National Ketchup 1kg,5
6527,6,3.0,153.28,2025-10-24,Surf Excel 1kg,19
6528,2,3.0,361.73,2025-10-24,Lux Soap 110g,18
6529,16,5.0,311.35,2025-10-24,Sufi Banaspati 1kg,3
6530,15,1.0,548.34,2025-10-24,Rice Basmati 5kg,8
6531,8,2.0,153.28,2025-10-24,Surf Excel 1kg,19
6532,14,1.0,566.23,2025-10-24,Sprite 1.5L,2
6533,8,2.0,198.91,2025-10-24,Lifebuoy Soap 110g,20
6534,16,4.0,606.63,2025-10-24,Shan Biryani Masala,6
6535,19,1.0,606.63,2025-10-24,Shan Biryani Masala,6
6536,7,1.0,815.2,2025-10-24,Pepsi 1.5L,10
6537,8,4.0,566.23,2025-10-24,Sprite 1.5L,2
6538,19,10.0,715.23,2025-10-24,Nimko Mix 400g,1
6539,17,1.0,,2025-10-24,nan,
6540,16,4.0,566.23,2025-10-24,Sprite 1.5L,2
6541,11,2.0,467.06,2025-10-24,Wheat Flour 10kg,12
6542,4,5.0,,2025-10-24,None,
6543,7,,201.09,2025-10-24,Tea Whitener 1kg,4
6544,1,3.0,,2025-10-24,None,
6545,17,1.0,376.78,2025-10-24,Dove Shampoo 360ml,11
6546,12,1.0,361.73,2025-10-24,Lux Soap 110g,18
6547,19,4.0,357.09,2025-10-24,Colgate Toothpaste 100ml,17
6548,9,5.0,629.21,2025-10-24,Tissue Roll Rose Petal,23
6549,17,1.0,198.91,2025-10-24,Lifebuoy Soap 110g,20
6550,8,2.0,467.06,2025-10-24,Wheat Flour 10kg,12
6551,20,2.0,,2025-10-24,None,
6552,15,2.0,376.78,2025-10-24,Dove Shampoo 360ml,11
6553,9,10.0,311.35,2025-10-24,Sufi Banaspati 1kg,3
6554,10,2.0,815.2,2025-10-24,Pepsi 1.5L,10
6555,1,3.0,566.23,2025-10-24,Sprite 1.5L,2
6556,4,1.0,201.09,2025-10-24,Tea Whitener 1kg,4
6557,8,,153.28,2025-10-24,Surf Excel 1kg,19
6558,2,3.0,376.78,2025-10-24,Dove Shampoo 360ml,11
6559,15,1.0,715.23,2025-10-24,Nimko Mix 400g,1
6560,3,4.0,357.09,2025-10-24,Colgate Toothpaste 100ml,17
6561,15,1.0,335.13,2025-10-24,National Ketchup 1kg,5
6562,19,10.0,376.78,2025-10-24,Dove Shampoo 360ml,11
6563,11,1.0,153.28,2025-10-24,Surf Excel 1kg,19
6564,6,2.0,629.21,2025-10-24,Tissue Roll Rose Petal,23
6565,7,3.0,198.91,2025-10-24,Lifebuoy Soap 110g,20
6566,19,10.0,374.08,2025-10-24,Coca Cola 1.5L,15
6567,20,,386.73,2025-10-24,Dettol Handwash 200ml,13
6568,6,2.0,310.0,2025-10-24,Nestle Milk Pack 1L,21
6569,3,1.0,153.28,2025-10-24,Surf Excel 1kg,19
6570,7,3.0,100.09,2025-10-25,Olpers Milk 1L,14
6571,13,,374.08,2025-10-25,Coca Cola 1.5L,15
6572,6,2.0,606.63,2025-10-25,Shan Biryani Masala,6
6573,8,1.0,361.73,2025-10-25,Lux Soap 110g,18
6574,11,3.0,198.91,2025-10-25,Lifebuoy Soap 110g,20
6575,5,3.0,,2025-10-25,nan,
6576,8,,,2025-10-25,nan,
6577,17,2.0,566.23,2025-10-25,Sprite 1.5L,2
6578,10,2.0,201.09,2025-10-25,Tea Whitener 1kg,4
6579,11,1.0,386.73,2025-10-25,Dettol Handwash 200ml,13
6580,3,,,2025-10-25,nan,
6581,1,1.0,149.34,2025-10-25,Dalda Cooking Oil 1L,22
6582,14,3.0,891.92,2025-10-25,Tapal Danedar 950g,16
6583,6,,149.34,2025-10-25,Dalda Cooking Oil 1L,22
6584,9,1.0,335.13,2025-10-25,National Ketchup 1kg,5
6585,8,1.0,815.2,2025-10-25,Pepsi 1.5L,10
6586,15,2.0,100.09,2025-10-25,Olpers Milk 1L,14
6587,3,1.0,891.92,2025-10-25,Tapal Danedar 950g,16
6588,7,5.0,374.08,2025-10-25,Coca Cola 1.5L,15
6589,5,2.0,566.23,2025-10-25,Sprite 1.5L,2
6590,11,2.0,548.34,2025-10-25,Rice Basmati 5kg,8
6591,18,2.0,,2025-10-25,None,
6592,19,,357.09,2025-10-25,Colgate Toothpaste 100ml,17
6593,2,10.0,361.73,2025-10-25,Lux Soap 110g,18
6594,12,3.0,386.73,2025-10-25,Dettol Handwash 200ml,13
6595,7,2.0,361.73,2025-10-25,Lux Soap 110g,18
6596,4,3.0,357.09,2025-10-25,Colgate Toothpaste 100ml,17
6597,16,1.0,815.2,2025-10-25,Pepsi 1.5L,10
6598,3,20.0,815.2,2025-10-25,Pepsi 1.5L,10
6599,7,1.0,491.64,2025-10-25,Ariel Washing Powder 1kg,7
6600,8,,467.06,2025-10-25,Wheat Flour 10kg,12
6601,16,3.0,715.23,2025-10-25,Nimko Mix 400g,1
6602,1,10.0,361.73,2025-10-25,Lux Soap 110g,18
6603,12,1.0,,2025-10-25,nan,
6604,4,1.0,386.73,2025-10-25,Dettol Handwash 200ml,13
6605,4,2.0,374.08,2025-10-25,Coca Cola 1.5L,15
6606,16,1.0,374.08,2025-10-25,Coca Cola 1.5L,15
6607,7,1.0,361.73,2025-10-25,Lux Soap 110g,18
6608,11,5.0,201.09,2025-10-25,Tea Whitener 1kg,4
6609,17,2.0,606.63,2025-10-25,Shan Biryani Masala,6
6610,1,3.0,311.35,2025-10-25,Sufi Banaspati 1kg,3
6611,9,1.0,374.08,2025-10-25,Coca Cola 1.5L,15
6612,1,1.0,,2025-10-25,nan,
6613,10,5.0,548.34,2025-10-25,Rice Basmati 5kg,8
6614,14,1.0,467.06,2025-10-25,Wheat Flour 10kg,12
6615,19,3.0,891.92,2025-10-25,Tapal Danedar 950g,16
6616,4,10.0,198.91,2025-10-25,Lifebuoy Soap 110g,20
6617,13,3.0,335.13,2025-10-25,National Ketchup 1kg,5
6618,10,1.0,201.09,2025-10-25,Tea Whitener 1kg,4
6619,12,2.0,361.73,2025-10-25,Lux Soap 110g,18
6620,14,2.0,467.06,2025-10-25,Wheat Flour 10kg,12
6621,19,2.0,386.73,2025-10-25,Dettol Handwash 200ml,13
6622,8,2.0,198.91,2025-10-25,Lifebuoy Soap 110g,20
6623,1,4.0,311.35,2025-10-25,Sufi Banaspati 1kg,3
6624,12,4.0,311.35,2025-10-25,Sufi Banaspati 1kg,3
6625,9,1.0,198.91,2025-10-25,Lifebuoy Soap 110g,20
6626,10,10.0,715.23,2025-10-25,Nimko Mix 400g,1
6627,11,2.0,311.35,2025-10-25,Sufi Banaspati 1kg,3
6628,11,1.0,,2025-10-25,None,
6629,4,2.0,311.35,2025-10-25,Sufi Banaspati 1kg,3
6630,5,2.0,376.78,2025-10-25,Dove Shampoo 360ml,11
6631,12,1.0,715.23,2025-10-25,Nimko Mix 400g,1
6632,11,3.0,629.21,2025-10-25,Tissue Roll Rose Petal,23
6633,6,2.0,201.09,2025-10-25,Tea Whitener 1kg,4
6634,11,2.0,467.06,2025-10-25,Wheat Flour 10kg,12
6635,2,1.0,335.13,2025-10-25,National Ketchup 1kg,5
6636,12,1.0,153.28,2025-10-25,Surf Excel 1kg,19
6637,8,,201.09,2025-10-25,Tea Whitener 1kg,4
6638,5,4.0,149.34,2025-10-25,Dalda Cooking Oil 1L,22
6639,10,3.0,566.23,2025-10-25,Sprite 1.5L,2
6640,7,1.0,386.73,2025-10-25,Dettol Handwash 200ml,13
6641,9,1.0,,2025-10-25,nan,
6642,4,1.0,548.34,2025-10-25,Rice Basmati 5kg,8
6643,13,1.0,,2025-10-25,nan,
6644,6,1.0,386.73,2025-10-25,Dettol Handwash 200ml,13
6645,12,1.0,566.23,2025-10-25,Sprite 1.5L,2
6646,15,3.0,815.2,2025-10-25,Pepsi 1.5L,10
6647,2,1.0,386.73,2025-10-25,Dettol Handwash 200ml,13
6648,13,4.0,201.09,2025-10-25,Tea Whitener 1kg,4
6649,20,1.0,491.64,2025-10-25,Ariel Washing Powder 1kg,7
6650,9,5.0,311.35,2025-10-25,Sufi Banaspati 1kg,3
6651,8,1.0,629.21,2025-10-25,Tissue Roll Rose Petal,23
6652,3,20.0,629.21,2025-10-25,Tissue Roll Rose Petal,23
6653,10,1.0,566.23,2025-10-25,Sprite 1.5L,2
6654,16,5.0,374.08,2025-10-25,Coca Cola 1.5L,15
6655,13,1.0,715.23,2025-10-25,Nimko Mix 400g,1
6656,13,1.0,153.28,2025-10-25,Surf Excel 1kg,19
6657,16,1.0,,2025-10-25,None,
6658,17,5.0,715.23,2025-10-25,Nimko Mix 400g,1
6659,9,2.0,815.2,2025-10-25,Pepsi 1.5L,10
6660,8,1.0,311.35,2025-10-25,Sufi Banaspati 1kg,3
6661,20,2.0,201.09,2025-10-25,Tea Whitener 1kg,4
6662,15,2.0,376.78,2025-10-25,Dove Shampoo 360ml,11
6663,20,2.0,361.73,2025-10-25,Lux Soap 110g,18
6664,18,1.0,335.13,2025-10-25,National Ketchup 1kg,5
6665,15,1.0,361.73,2025-10-25,Lux Soap 110g,18
6666,20,4.0,815.2,2025-10-25,Pepsi 1.5L,10
6667,15,5.0,715.23,2025-10-25,Nimko Mix 400g,1
6668,16,5.0,357.09,2025-10-25,Colgate Toothpaste 100ml,17
6669,17,1.0,491.64,2025-10-25,Ariel Washing Powder 1kg,7
6670,18,1.0,198.91,2025-10-25,Lifebuoy Soap 110g,20
6671,5,1.0,198.91,2025-10-25,Lifebuoy Soap 110g,20
6672,13,,376.78,2025-10-25,Dove Shampoo 360ml,11
6673,2,5.0,357.09,2025-10-25,Colgate Toothpaste 100ml,17
6674,7,2.0,335.13,2025-10-25,National Ketchup 1kg,5
6675,3,10.0,566.23,2025-10-26,Sprite 1.5L,2
6676,11,1.0,548.34,2025-10-26,Rice Basmati 5kg,8
6677,2,5.0,,2025-10-26,nan,
6678,20,10.0,,2025-10-26,nan,
6679,10,5.0,,2025-10-26,nan,
6680,12,1.0,815.2,2025-10-26,Pepsi 1.5L,10
6681,18,4.0,361.73,2025-10-26,Lux Soap 110g,18
6682,14,1.0,548.34,2025-10-26,Rice Basmati 5kg,8
6683,14,2.0,891.92,2025-10-26,Tapal Danedar 950g,16
6684,1,2.0,149.34,2025-10-26,Dalda Cooking Oil 1L,22
6685,13,5.0,386.73,2025-10-26,Dettol Handwash 200ml,13
6686,1,20.0,361.73,2025-10-26,Lux Soap 110g,18
6687,6,2.0,149.34,2025-10-26,Dalda Cooking Oil 1L,22
6688,14,3.0,606.63,2025-10-26,Shan Biryani Masala,6
6689,3,2.0,386.73,2025-10-26,Dettol Handwash 200ml,13
6690,6,1.0,100.09,2025-10-26,Olpers Milk 1L,14
6691,14,1.0,891.92,2025-10-26,Tapal Danedar 950g,16
6692,1,3.0,361.73,2025-10-26,Lux Soap 110g,18
6693,4,5.0,,2025-10-26,None,
6694,3,10.0,891.92,2025-10-26,Tapal Danedar 950g,16
6695,15,4.0,548.34,2025-10-26,Rice Basmati 5kg,8
6696,5,1.0,374.08,2025-10-26,Coca Cola 1.5L,15
6697,3,3.0,491.64,2025-10-26,Ariel Washing Powder 1kg,7
6698,17,3.0,198.91,2025-10-26,Lifebuoy Soap 110g,20
6699,13,1.0,,2025-10-26,nan,
6700,4,5.0,566.23,2025-10-26,Sprite 1.5L,2
6701,15,3.0,374.08,2025-10-26,Coca Cola 1.5L,15
6702,17,1.0,310.0,2025-10-26,Nestle Milk Pack 1L,21
6703,15,,,2025-10-26,None,
6704,5,2.0,467.06,2025-10-26,Wheat Flour 10kg,12
6705,10,1.0,201.09,2025-10-26,Tea Whitener 1kg,4
6706,6,20.0,374.08,2025-10-26,Coca Cola 1.5L,15
6707,2,10.0,357.09,2025-10-26,Colgate Toothpaste 100ml,17
6708,14,2.0,,2025-10-26,nan,
6709,12,1.0,548.34,2025-10-26,Rice Basmati 5kg,8
6710,4,1.0,815.2,2025-10-26,Pepsi 1.5L,10
6711,3,1.0,566.23,2025-10-26,Sprite 1.5L,2
6712,16,3.0,310.0,2025-10-26,Nestle Milk Pack 1L,21
6713,19,3.0,311.35,2025-10-26,Sufi Banaspati 1kg,3
6714,7,4.0,361.73,2025-10-26,Lux Soap 110g,18
6715,6,2.0,629.21,2025-10-26,Tissue Roll Rose Petal,23
6716,10,2.0,606.63,2025-10-26,Shan Biryani Masala,6
6717,17,2.0,357.09,2025-10-26,Colgate Toothpaste 100ml,17
6718,7,4.0,201.09,2025-10-26,Tea Whitener 1kg,4
6719,7,3.0,606.63,2025-10-26,Shan Biryani Masala,6
6720,4,4.0,361.73,2025-10-26,Lux Soap 110g,18
6721,19,,335.13,2025-10-26,National Ketchup 1kg,5
6722,11,2.0,201.09,2025-10-26,Tea Whitener 1kg,4
6723,11,3.0,149.34,2025-10-26,Dalda Cooking Oil 1L,22
6724,11,2.0,491.64,2025-10-26,Ariel Washing Powder 1kg,7
6725,16,1.0,386.73,2025-10-26,Dettol Handwash 200ml,13
6726,6,1.0,198.91,2025-10-26,Lifebuoy Soap 110g,20
6727,9,1.0,149.34,2025-10-26,Dalda Cooking Oil 1L,22
6728,19,2.0,201.09,2025-10-26,Tea Whitener 1kg,4
6729,18,2.0,715.23,2025-10-26,Nimko Mix 400g,1
6730,13,1.0,,2025-10-26,nan,
6731,12,4.0,715.23,2025-10-26,Nimko Mix 400g,1
6732,9,2.0,201.09,2025-10-26,Tea Whitener 1kg,4
6733,15,2.0,357.09,2025-10-26,Colgate Toothpaste 100ml,17
6734,20,1.0,467.06,2025-10-26,Wheat Flour 10kg,12
6735,5,5.0,149.34,2025-10-26,Dalda Cooking Oil 1L,22
6736,17,4.0,629.21,2025-10-26,Tissue Roll Rose Petal,23
6737,14,1.0,149.34,2025-10-26,Dalda Cooking Oil 1L,22
6738,9,2.0,566.23,2025-10-26,Sprite 1.5L,2
6739,15,1.0,566.23,2025-10-26,Sprite 1.5L,2
6740,5,,386.73,2025-10-27,Dettol Handwash 200ml,13
6741,10,2.0,467.06,2025-10-27,Wheat Flour 10kg,12
6742,12,3.0,467.06,2025-10-27,Wheat Flour 10kg,12
6743,17,4.0,335.13,2025-10-27,National Ketchup 1kg,5
6744,7,3.0,,2025-10-27,None,
6745,16,5.0,376.78,2025-10-27,Dove Shampoo 360ml,11
6746,17,1.0,374.08,2025-10-27,Coca Cola 1.5L,15
6747,15,4.0,629.21,2025-10-27,Tissue Roll Rose Petal,23
6748,6,2.0,566.23,2025-10-27,Sprite 1.5L,2
6749,8,2.0,100.09,2025-10-27,Olpers Milk 1L,14
6750,7,1.0,201.09,2025-10-27,Tea Whitener 1kg,4
6751,14,3.0,715.23,2025-10-27,Nimko Mix 400g,1
6752,1,2.0,198.91,2025-10-27,Lifebuoy Soap 110g,20
6753,5,2.0,153.28,2025-10-27,Surf Excel 1kg,19
6754,8,2.0,815.2,2025-10-27,Pepsi 1.5L,10
6755,11,1.0,311.35,2025-10-27,Sufi Banaspati 1kg,3
6756,12,20.0,311.35,2025-10-27,Sufi Banaspati 1kg,3
6757,7,3.0,361.73,2025-10-27,Lux Soap 110g,18
6758,18,5.0,201.09,2025-10-27,Tea Whitener 1kg,4
6759,10,1.0,361.73,2025-10-27,Lux Soap 110g,18
6760,8,4.0,335.13,2025-10-27,National Ketchup 1kg,5
6761,16,1.0,467.06,2025-10-27,Wheat Flour 10kg,12
6762,4,,566.23,2025-10-27,Sprite 1.5L,2
6763,2,,201.09,2025-10-27,Tea Whitener 1kg,4
6764,18,5.0,467.06,2025-10-27,Wheat Flour 10kg,12
6765,16,1.0,376.78,2025-10-27,Dove Shampoo 360ml,11
6766,20,1.0,715.23,2025-10-27,Nimko Mix 400g,1
6767,2,3.0,198.91,2025-10-27,Lifebuoy Soap 110g,20
6768,4,1.0,198.91,2025-10-27,Lifebuoy Soap 110g,20
6769,19,1.0,310.0,2025-10-27,Nestle Milk Pack 1L,21
6770,3,2.0,,2025-10-27,None,
6771,14,2.0,386.73,2025-10-27,Dettol Handwash 200ml,13
6772,20,1.0,715.23,2025-10-27,Nimko Mix 400g,1
6773,7,3.0,566.23,2025-10-27,Sprite 1.5L,2
6774,10,5.0,,2025-10-27,None,
6775,15,1.0,629.21,2025-10-27,Tissue Roll Rose Petal,23
6776,5,4.0,201.09,2025-10-27,Tea Whitener 1kg,4
6777,7,1.0,310.0,2025-10-27,Nestle Milk Pack 1L,21
6778,19,2.0,361.73,2025-10-27,Lux Soap 110g,18
6779,12,20.0,491.64,2025-10-27,Ariel Washing Powder 1kg,7
6780,19,1.0,606.63,2025-10-27,Shan Biryani Masala,6
6781,4,3.0,361.73,2025-10-27,Lux Soap 110g,18
6782,8,5.0,467.06,2025-10-27,Wheat Flour 10kg,12
6783,4,5.0,,2025-10-27,None,
6784,4,2.0,201.09,2025-10-27,Tea Whitener 1kg,4
6785,13,2.0,,2025-10-27,nan,
6786,20,2.0,198.91,2025-10-27,Lifebuoy Soap 110g,20
6787,4,3.0,201.09,2025-10-27,Tea Whitener 1kg,4
6788,19,5.0,,2025-10-27,nan,
6789,19,5.0,467.06,2025-10-27,Wheat Flour 10kg,12
6790,12,2.0,153.28,2025-10-27,Surf Excel 1kg,19
6791,2,10.0,201.09,2025-10-27,Tea Whitener 1kg,4
6792,14,2.0,153.28,2025-10-27,Surf Excel 1kg,19
6793,18,10.0,100.09,2025-10-27,Olpers Milk 1L,14
6794,18,20.0,376.78,2025-10-27,Dove Shampoo 360ml,11
6795,4,2.0,335.13,2025-10-27,National Ketchup 1kg,5
6796,2,2.0,548.34,2025-10-27,Rice Basmati 5kg,8
6797,12,1.0,201.09,2025-10-27,Tea Whitener 1kg,4
6798,14,3.0,891.92,2025-10-27,Tapal Danedar 950g,16
6799,3,1.0,606.63,2025-10-27,Shan Biryani Masala,6
6800,9,5.0,100.09,2025-10-27,Olpers Milk 1L,14
6801,14,1.0,,2025-10-27,None,
6802,6,4.0,548.34,2025-10-27,Rice Basmati 5kg,8
6803,10,,548.34,2025-10-27,Rice Basmati 5kg,8
6804,6,1.0,491.64,2025-10-27,Ariel Washing Powder 1kg,7
6805,6,4.0,,2025-10-27,nan,
6806,3,2.0,606.63,2025-10-27,Shan Biryani Masala,6
6807,18,2.0,566.23,2025-10-27,Sprite 1.5L,2
6808,2,1.0,548.34,2025-10-27,Rice Basmati 5kg,8
6809,8,2.0,,2025-10-27,None,
6810,4,3.0,629.21,2025-10-27,Tissue Roll Rose Petal,23
6811,2,3.0,374.08,2025-10-27,Coca Cola 1.5L,15
6812,14,2.0,,2025-10-27,nan,
6813,19,2.0,891.92,2025-10-27,Tapal Danedar 950g,16
6814,19,2.0,153.28,2025-10-27,Surf Excel 1kg,19
6815,12,1.0,149.34,2025-10-27,Dalda Cooking Oil 1L,22
6816,15,5.0,361.73,2025-10-27,Lux Soap 110g,18
6817,15,2.0,335.13,2025-10-27,National Ketchup 1kg,5
6818,10,3.0,153.28,2025-10-27,Surf Excel 1kg,19
6819,18,1.0,198.91,2025-10-27,Lifebuoy Soap 110g,20
6820,1,1.0,566.23,2025-10-27,Sprite 1.5L,2
6821,16,1.0,629.21,2025-10-27,Tissue Roll Rose Petal,23
6822,2,5.0,891.92,2025-10-27,Tapal Danedar 950g,16
6823,4,5.0,361.73,2025-10-27,Lux Soap 110g,18
6824,8,20.0,386.73,2025-10-27,Dettol Handwash 200ml,13
6825,9,4.0,311.35,2025-10-27,Sufi Banaspati 1kg,3
6826,20,3.0,311.35,2025-10-27,Sufi Banaspati 1kg,3
6827,10,2.0,335.13,2025-10-27,National Ketchup 1kg,5
6828,4,2.0,198.91,2025-10-27,Lifebuoy Soap 110g,20
6829,14,3.0,153.28,2025-10-27,Surf Excel 1kg,19
6830,4,2.0,335.13,2025-10-27,National Ketchup 1kg,5
6831,9,2.0,311.35,2025-10-27,Sufi Banaspati 1kg,3
6832,20,3.0,606.63,2025-10-27,Shan Biryani Masala,6
6833,14,1.0,891.92,2025-10-27,Tapal Danedar 950g,16
6834,7,3.0,715.23,2025-10-27,Nimko Mix 400g,1
6835,4,20.0,548.34,2025-10-27,Rice Basmati 5kg,8
6836,2,5.0,361.73,2025-10-28,Lux Soap 110g,18
6837,20,10.0,100.09,2025-10-28,Olpers Milk 1L,14
6838,1,2.0,357.09,2025-10-28,Colgate Toothpaste 100ml,17
6839,6,1.0,629.21,2025-10-28,Tissue Roll Rose Petal,23
6840,9,2.0,386.73,2025-10-28,Dettol Handwash 200ml,13
6841,14,1.0,201.09,2025-10-28,Tea Whitener 1kg,4
6842,9,5.0,,2025-10-28,nan,
6843,11,1.0,310.0,2025-10-28,Nestle Milk Pack 1L,21
6844,10,2.0,,2025-10-28,None,
6845,2,2.0,311.35,2025-10-28,Sufi Banaspati 1kg,3
6846,17,5.0,201.09,2025-10-28,Tea Whitener 1kg,4
6847,2,2.0,891.92,2025-10-28,Tapal Danedar 950g,16
6848,8,2.0,629.21,2025-10-28,Tissue Roll Rose Petal,23
6849,6,10.0,606.63,2025-10-28,Shan Biryani Masala,6
6850,15,1.0,815.2,2025-10-28,Pepsi 1.5L,10
6851,14,5.0,566.23,2025-10-28,Sprite 1.5L,2
6852,18,1.0,715.23,2025-10-28,Nimko Mix 400g,1
6853,19,2.0,715.23,2025-10-28,Nimko Mix 400g,1
6854,10,1.0,491.64,2025-10-28,Ariel Washing Powder 1kg,7
6855,6,1.0,815.2,2025-10-28,Pepsi 1.5L,10
6856,20,1.0,374.08,2025-10-28,Coca Cola 1.5L,15
6857,4,,311.35,2025-10-28,Sufi Banaspati 1kg,3
6858,9,1.0,153.28,2025-10-28,Surf Excel 1kg,19
6859,8,4.0,815.2,2025-10-28,Pepsi 1.5L,10
6860,7,1.0,815.2,2025-10-28,Pepsi 1.5L,10
6861,16,4.0,149.34,2025-10-28,Dalda Cooking Oil 1L,22
6862,3,5.0,715.23,2025-10-28,Nimko Mix 400g,1
6863,7,1.0,467.06,2025-10-28,Wheat Flour 10kg,12
6864,14,2.0,467.06,2025-10-28,Wheat Flour 10kg,12
6865,15,5.0,566.23,2025-10-28,Sprite 1.5L,2
6866,15,,311.35,2025-10-28,Sufi Banaspati 1kg,3
6867,8,2.0,629.21,2025-10-28,Tissue Roll Rose Petal,23
6868,16,1.0,815.2,2025-10-28,Pepsi 1.5L,10
6869,9,3.0,310.0,2025-10-28,Nestle Milk Pack 1L,21
6870,12,2.0,310.0,2025-10-28,Nestle Milk Pack 1L,21
6871,5,2.0,566.23,2025-10-28,Sprite 1.5L,2
6872,3,2.0,491.64,2025-10-28,Ariel Washing Powder 1kg,7
6873,4,2.0,,2025-10-28,nan,
6874,19,1.0,376.78,2025-10-28,Dove Shampoo 360ml,11
6875,15,2.0,,2025-10-28,nan,
6876,3,1.0,311.35,2025-10-28,Sufi Banaspati 1kg,3
6877,1,1.0,311.35,2025-10-28,Sufi Banaspati 1kg,3
6878,5,1.0,386.73,2025-10-28,Dettol Handwash 200ml,13
6879,12,1.0,149.34,2025-10-28,Dalda Cooking Oil 1L,22
6880,7,1.0,374.08,2025-10-28,Coca Cola 1.5L,15
6881,17,2.0,491.64,2025-10-28,Ariel Washing Powder 1kg,7
6882,19,1.0,198.91,2025-10-28,Lifebuoy Soap 110g,20
6883,4,2.0,198.91,2025-10-28,Lifebuoy Soap 110g,20
6884,7,3.0,815.2,2025-10-28,Pepsi 1.5L,10
6885,11,1.0,606.63,2025-10-28,Shan Biryani Masala,6
6886,1,1.0,715.23,2025-10-28,Nimko Mix 400g,1
6887,9,1.0,335.13,2025-10-28,National Ketchup 1kg,5
6888,3,1.0,386.73,2025-10-28,Dettol Handwash 200ml,13
6889,6,3.0,311.35,2025-10-28,Sufi Banaspati 1kg,3
6890,19,1.0,386.73,2025-10-28,Dettol Handwash 200ml,13
6891,8,3.0,467.06,2025-10-28,Wheat Flour 10kg,12
6892,5,2.0,815.2,2025-10-28,Pepsi 1.5L,10
6893,19,5.0,310.0,2025-10-28,Nestle Milk Pack 1L,21
6894,12,5.0,715.23,2025-10-28,Nimko Mix 400g,1
6895,19,1.0,310.0,2025-10-28,Nestle Milk Pack 1L,21
6896,8,4.0,566.23,2025-10-28,Sprite 1.5L,2
6897,11,1.0,149.34,2025-10-28,Dalda Cooking Oil 1L,22
6898,19,,715.23,2025-10-28,Nimko Mix 400g,1
6899,1,4.0,311.35,2025-10-29,Sufi Banaspati 1kg,3
6900,4,4.0,201.09,2025-10-29,Tea Whitener 1kg,4
6901,11,,149.34,2025-10-29,Dalda Cooking Oil 1L,22
6902,16,5.0,335.13,2025-10-29,National Ketchup 1kg,5
6903,19,,198.91,2025-10-29,Lifebuoy Soap 110g,20
6904,7,3.0,491.64,2025-10-29,Ariel Washing Powder 1kg,7
6905,13,2.0,100.09,2025-10-29,Olpers Milk 1L,14
6906,5,1.0,153.28,2025-10-29,Surf Excel 1kg,19
6907,9,1.0,201.09,2025-10-29,Tea Whitener 1kg,4
6908,10,1.0,815.2,2025-10-29,Pepsi 1.5L,10
6909,4,3.0,357.09,2025-10-29,Colgate Toothpaste 100ml,17
6910,16,1.0,310.0,2025-10-29,Nestle Milk Pack 1L,21
6911,14,3.0,201.09,2025-10-29,Tea Whitener 1kg,4
6912,3,2.0,311.35,2025-10-29,Sufi Banaspati 1kg,3
6913,5,1.0,,2025-10-29,None,
6914,12,1.0,815.2,2025-10-29,Pepsi 1.5L,10
6915,13,5.0,,2025-10-29,nan,
6916,3,2.0,311.35,2025-10-29,Sufi Banaspati 1kg,3
6917,14,5.0,310.0,2025-10-29,Nestle Milk Pack 1L,21
6918,14,1.0,715.23,2025-10-29,Nimko Mix 400g,1
6919,17,1.0,629.21,2025-10-29,Tissue Roll Rose Petal,23
6920,14,2.0,310.0,2025-10-29,Nestle Milk Pack 1L,21
6921,5,5.0,335.13,2025-10-29,National Ketchup 1kg,5
6922,11,5.0,374.08,2025-10-29,Coca Cola 1.5L,15
6923,6,1.0,357.09,2025-10-29,Colgate Toothpaste 100ml,17
6924,6,3.0,201.09,2025-10-29,Tea Whitener 1kg,4
6925,4,1.0,386.73,2025-10-29,Dettol Handwash 200ml,13
6926,1,2.0,,2025-10-29,nan,
6927,6,1.0,566.23,2025-10-29,Sprite 1.5L,2
6928,17,3.0,374.08,2025-10-29,Coca Cola 1.5L,15
6929,17,5.0,335.13,2025-10-29,National Ketchup 1kg,5
6930,8,3.0,629.21,2025-10-29,Tissue Roll Rose Petal,23
6931,2,5.0,629.21,2025-10-29,Tissue Roll Rose Petal,23
6932,18,1.0,715.23,2025-10-29,Nimko Mix 400g,1
6933,14,5.0,467.06,2025-10-29,Wheat Flour 10kg,12
6934,16,2.0,815.2,2025-10-29,Pepsi 1.5L,10
6935,11,1.0,606.63,2025-10-29,Shan Biryani Masala,6
6936,15,5.0,361.73,2025-10-29,Lux Soap 110g,18
6937,16,2.0,715.23,2025-10-29,Nimko Mix 400g,1
6938,6,1.0,386.73,2025-10-29,Dettol Handwash 200ml,13
6939,9,2.0,,2025-10-29,nan,
6940,14,5.0,201.09,2025-10-29,Tea Whitener 1kg,4
6941,6,5.0,100.09,2025-10-29,Olpers Milk 1L,14
6942,3,3.0,566.23,2025-10-29,Sprite 1.5L,2
6943,13,2.0,566.23,2025-10-29,Sprite 1.5L,2
6944,15,1.0,891.92,2025-10-29,Tapal Danedar 950g,16
6945,3,10.0,491.64,2025-10-29,Ariel Washing Powder 1kg,7
6946,17,2.0,357.09,2025-10-29,Colgate Toothpaste 100ml,17
6947,16,1.0,606.63,2025-10-29,Shan Biryani Masala,6
6948,3,1.0,715.23,2025-10-29,Nimko Mix 400g,1
6949,7,1.0,361.73,2025-10-29,Lux Soap 110g,18
6950,9,2.0,606.63,2025-10-29,Shan Biryani Masala,6
6951,8,2.0,566.23,2025-10-29,Sprite 1.5L,2
6952,15,3.0,629.21,2025-10-29,Tissue Roll Rose Petal,23
6953,14,2.0,,2025-10-29,nan,
6954,20,2.0,629.21,2025-10-29,Tissue Roll Rose Petal,23
6955,1,1.0,374.08,2025-10-29,Coca Cola 1.5L,15
6956,18,4.0,153.28,2025-10-29,Surf Excel 1kg,19
6957,2,1.0,361.73,2025-10-29,Lux Soap 110g,18
6958,1,3.0,891.92,2025-10-29,Tapal Danedar 950g,16
6959,1,4.0,100.09,2025-10-29,Olpers Milk 1L,14
6960,1,5.0,,2025-10-30,nan,
6961,19,5.0,566.23,2025-10-30,Sprite 1.5L,2
6962,6,2.0,198.91,2025-10-30,Lifebuoy Soap 110g,20
6963,6,3.0,891.92,2025-10-30,Tapal Danedar 950g,16
6964,17,1.0,361.73,2025-10-30,Lux Soap 110g,18
6965,1,1.0,311.35,2025-10-30,Sufi Banaspati 1kg,3
6966,9,2.0,310.0,2025-10-30,Nestle Milk Pack 1L,21
6967,18,1.0,201.09,2025-10-30,Tea Whitener 1kg,4
6968,13,1.0,815.2,2025-10-30,Pepsi 1.5L,10
6969,12,1.0,100.09,2025-10-30,Olpers Milk 1L,14
6970,18,3.0,491.64,2025-10-30,Ariel Washing Powder 1kg,7
6971,12,3.0,606.63,2025-10-30,Shan Biryani Masala,6
6972,18,,376.78,2025-10-30,Dove Shampoo 360ml,11
6973,10,1.0,566.23,2025-10-30,Sprite 1.5L,2
6974,14,2.0,198.91,2025-10-30,Lifebuoy Soap 110g,20
6975,7,1.0,374.08,2025-10-30,Coca Cola 1.5L,15
6976,7,2.0,100.09,2025-10-30,Olpers Milk 1L,14
6977,3,4.0,335.13,2025-10-30,National Ketchup 1kg,5
6978,13,1.0,361.73,2025-10-30,Lux Soap 110g,18
6979,19,1.0,374.08,2025-10-30,Coca Cola 1.5L,15
6980,10,2.0,201.09,2025-10-30,Tea Whitener 1kg,4
6981,8,2.0,715.23,2025-10-30,Nimko Mix 400g,1
6982,10,20.0,357.09,2025-10-30,Colgate Toothpaste 100ml,17
6983,6,1.0,548.34,2025-10-30,Rice Basmati 5kg,8
6984,18,1.0,,2025-10-30,None,
6985,19,2.0,566.23,2025-10-30,Sprite 1.5L,2
6986,4,1.0,815.2,2025-10-30,Pepsi 1.5L,10
6987,7,1.0,198.91,2025-10-30,Lifebuoy Soap 110g,20
6988,14,4.0,491.64,2025-10-30,Ariel Washing Powder 1kg,7
6989,7,2.0,153.28,2025-10-30,Surf Excel 1kg,19
6990,19,5.0,566.23,2025-10-30,Sprite 1.5L,2
6991,17,,153.28,2025-10-30,Surf Excel 1kg,19
6992,18,2.0,311.35,2025-10-30,Sufi Banaspati 1kg,3
6993,17,1.0,361.73,2025-10-30,Lux Soap 110g,18
6994,2,1.0,149.34,2025-10-30,Dalda Cooking Oil 1L,22
6995,15,5.0,335.13,2025-10-30,National Ketchup 1kg,5
6996,6,1.0,357.09,2025-10-30,Colgate Toothpaste 100ml,17
6997,9,5.0,201.09,2025-10-30,Tea Whitener 1kg,4
6998,2,1.0,311.35,2025-10-30,Sufi Banaspati 1kg,3
6999,12,1.0,361.73,2025-10-30,Lux Soap 110g,18
7000,13,3.0,,2025-10-30,None,
7001,15,2.0,311.35,2025-10-30,Sufi Banaspati 1kg,3
7002,5,1.0,149.34,2025-10-30,Dalda Cooking Oil 1L,22
7003,20,1.0,149.34,2025-10-30,Dalda Cooking Oil 1L,22
7004,20,5.0,361.73,2025-10-30,Lux Soap 110g,18
7005,20,1.0,491.64,2025-10-30,Ariel Washing Powder 1kg,7
7006,14,10.0,467.06,2025-10-30,Wheat Flour 10kg,12
7007,2,1.0,715.23,2025-10-30,Nimko Mix 400g,1
7008,4,4.0,566.23,2025-10-30,Sprite 1.5L,2
7009,11,3.0,376.78,2025-10-30,Dove Shampoo 360ml,11
7010,18,2.0,566.23,2025-10-30,Sprite 1.5L,2
7011,1,2.0,606.63,2025-10-30,Shan Biryani Masala,6
7012,11,20.0,491.64,2025-10-30,Ariel Washing Powder 1kg,7
7013,15,1.0,201.09,2025-10-30,Tea Whitener 1kg,4
7014,13,2.0,566.23,2025-10-30,Sprite 1.5L,2
7015,11,10.0,310.0,2025-10-30,Nestle Milk Pack 1L,21
7016,1,1.0,548.34,2025-10-30,Rice Basmati 5kg,8
7017,15,3.0,153.28,2025-10-30,Surf Excel 1kg,19
7018,14,10.0,149.34,2025-10-30,Dalda Cooking Oil 1L,22
7019,20,1.0,566.23,2025-10-30,Sprite 1.5L,2
7020,3,1.0,548.34,2025-10-30,Rice Basmati 5kg,8
7021,1,20.0,891.92,2025-10-30,Tapal Danedar 950g,16
7022,13,5.0,357.09,2025-10-30,Colgate Toothpaste 100ml,17
7023,7,3.0,548.34,2025-10-30,Rice Basmati 5kg,8
7024,1,2.0,,2025-10-30,None,
7025,15,1.0,310.0,2025-10-30,Nestle Milk Pack 1L,21
7026,1,2.0,815.2,2025-10-30,Pepsi 1.5L,10
7027,5,5.0,,2025-10-30,None,
7028,11,5.0,629.21,2025-10-31,Tissue Roll Rose Petal,23
7029,1,,361.73,2025-10-31,Lux Soap 110g,18
7030,18,3.0,311.35,2025-10-31,Sufi Banaspati 1kg,3
7031,6,5.0,376.78,2025-10-31,Dove Shampoo 360ml,11
7032,11,10.0,629.21,2025-10-31,Tissue Roll Rose Petal,23
7033,3,1.0,311.35,2025-10-31,Sufi Banaspati 1kg,3
7034,16,3.0,201.09,2025-10-31,Tea Whitener 1kg,4
7035,15,1.0,,2025-10-31,None,
7036,16,1.0,467.06,2025-10-31,Wheat Flour 10kg,12
7037,7,4.0,310.0,2025-10-31,Nestle Milk Pack 1L,21
7038,8,2.0,,2025-10-31,nan,
7039,7,4.0,361.73,2025-10-31,Lux Soap 110g,18
7040,2,2.0,386.73,2025-10-31,Dettol Handwash 200ml,13
7041,1,20.0,149.34,2025-10-31,Dalda Cooking Oil 1L,22
7042,11,3.0,198.91,2025-10-31,Lifebuoy Soap 110g,20
7043,5,4.0,815.2,2025-10-31,Pepsi 1.5L,10
7044,20,10.0,376.78,2025-10-31,Dove Shampoo 360ml,11
7045,4,2.0,311.35,2025-10-31,Sufi Banaspati 1kg,3
7046,12,3.0,566.23,2025-10-31,Sprite 1.5L,2
7047,4,1.0,548.34,2025-10-31,Rice Basmati 5kg,8
7048,11,1.0,891.92,2025-10-31,Tapal Danedar 950g,16
7049,18,1.0,310.0,2025-10-31,Nestle Milk Pack 1L,21
7050,9,4.0,201.09,2025-10-31,Tea Whitener 1kg,4
7051,6,2.0,201.09,2025-10-31,Tea Whitener 1kg,4
7052,10,2.0,386.73,2025-10-31,Dettol Handwash 200ml,13
7053,15,5.0,,2025-10-31,nan,
7054,7,4.0,357.09,2025-10-31,Colgate Toothpaste 100ml,17
7055,17,1.0,153.28,2025-10-31,Surf Excel 1kg,19
7056,18,5.0,386.73,2025-10-31,Dettol Handwash 200ml,13
7057,13,1.0,201.09,2025-10-31,Tea Whitener 1kg,4
7058,17,3.0,310.0,2025-10-31,Nestle Milk Pack 1L,21
7059,2,2.0,361.73,2025-10-31,Lux Soap 110g,18
7060,1,1.0,198.91,2025-10-31,Lifebuoy Soap 110g,20
7061,15,4.0,100.09,2025-10-31,Olpers Milk 1L,14
7062,6,1.0,100.09,2025-10-31,Olpers Milk 1L,14
7063,9,5.0,606.63,2025-10-31,Shan Biryani Masala,6
7064,14,1.0,361.73,2025-10-31,Lux Soap 110g,18
7065,5,2.0,153.28,2025-10-31,Surf Excel 1kg,19
7066,9,2.0,310.0,2025-10-31,Nestle Milk Pack 1L,21
7067,9,1.0,491.64,2025-10-31,Ariel Washing Powder 1kg,7
7068,13,2.0,,2025-10-31,None,
7069,16,3.0,548.34,2025-10-31,Rice Basmati 5kg,8
7070,10,1.0,548.34,2025-10-31,Rice Basmati 5kg,8
7071,13,5.0,311.35,2025-10-31,Sufi Banaspati 1kg,3
7072,7,2.0,566.23,2025-10-31,Sprite 1.5L,2
7073,10,2.0,715.23,2025-10-31,Nimko Mix 400g,1
7074,8,4.0,,2025-10-31,None,
7075,20,3.0,201.09,2025-10-31,Tea Whitener 1kg,4
7076,5,3.0,311.35,2025-10-31,Sufi Banaspati 1kg,3
7077,6,1.0,815.2,2025-10-31,Pepsi 1.5L,10
7078,17,1.0,566.23,2025-10-31,Sprite 1.5L,2
7079,17,1.0,357.09,2025-10-31,Colgate Toothpaste 100ml,17
7080,5,3.0,606.63,2025-10-31,Shan Biryani Masala,6
7081,3,3.0,335.13,2025-10-31,National Ketchup 1kg,5
7082,8,,629.21,2025-10-31,Tissue Roll Rose Petal,23
7083,14,10.0,100.09,2025-10-31,Olpers Milk 1L,14
7084,17,2.0,149.34,2025-10-31,Dalda Cooking Oil 1L,22
7085,14,4.0,357.09,2025-10-31,Colgate Toothpaste 100ml,17
7086,4,4.0,715.23,2025-10-31,Nimko Mix 400g,1
7087,9,4.0,335.13,2025-10-31,National Ketchup 1kg,5
7088,16,1.0,629.21,2025-10-31,Tissue Roll Rose Petal,23
7089,9,,310.0,2025-10-31,Nestle Milk Pack 1L,21
7090,4,1.0,153.28,2025-10-31,Surf Excel 1kg,19
7091,3,1.0,153.28,2025-10-31,Surf Excel 1kg,19
7092,2,1.0,548.34,2025-10-31,Rice Basmati 5kg,8
7093,7,2.0,566.23,2025-10-31,Sprite 1.5L,2
7094,12,2.0,629.21,2025-10-31,Tissue Roll Rose Petal,23
7095,6,1.0,467.06,2025-10-31,Wheat Flour 10kg,12
7096,20,2.0,374.08,2025-10-31,Coca Cola 1.5L,15
7097,6,3.0,629.21,2025-10-31,Tissue Roll Rose Petal,23
7098,3,20.0,,2025-10-31,nan,
7099,15,20.0,311.35,2025-10-31,Sufi Banaspati 1kg,3
7100,15,4.0,715.23,2025-10-31,Nimko Mix 400g,1
7101,5,1.0,374.08,2025-10-31,Coca Cola 1.5L,15
7102,16,1.0,566.23,2025-10-31,Sprite 1.5L,2
7103,15,4.0,815.2,2025-10-31,Pepsi 1.5L,10
7104,14,1.0,715.23,2025-10-31,Nimko Mix 400g,1
7105,8,5.0,149.34,2025-10-31,Dalda Cooking Oil 1L,22
7106,12,1.0,891.92,2025-10-31,Tapal Danedar 950g,16
7107,12,1.0,153.28,2025-10-31,Surf Excel 1kg,19
7108,17,4.0,491.64,2025-10-31,Ariel Washing Powder 1kg,7
7109,10,1.0,715.23,2025-10-31,Nimko Mix 400g,1
7110,12,2.0,815.2,2025-10-31,Pepsi 1.5L,10
7111,17,3.0,386.73,2025-10-31,Dettol Handwash 200ml,13
7112,15,2.0,566.23,2025-10-31,Sprite 1.5L,2
7113,19,1.0,153.28,2025-10-31,Surf Excel 1kg,19
7114,20,5.0,815.2,2025-10-31,Pepsi 1.5L,10
7115,3,1.0,491.64,2025-10-31,Ariel Washing Powder 1kg,7
7116,20,4.0,566.23,2025-10-31,Sprite 1.5L,2
7117,13,,491.64,2025-10-31,Ariel Washing Powder 1kg,7
7118,4,4.0,310.0,2025-10-31,Nestle Milk Pack 1L,21
7119,15,20.0,357.09,2025-10-31,Colgate Toothpaste 100ml,17
7120,8,1.0,310.0,2025-10-31,Nestle Milk Pack 1L,21
7121,5,1.0,606.63,2025-10-31,Shan Biryani Masala,6
7122,10,1.0,715.23,2025-10-31,Nimko Mix 400g,1
7123,3,1.0,100.09,2025-10-31,Olpers Milk 1L,14
7124,5,2.0,357.09,2025-10-31,Colgate Toothpaste 100ml,17
7125,20,1.0,815.2,2025-11-01,Pepsi 1.5L,10
7126,8,3.0,310.0,2025-11-01,Nestle Milk Pack 1L,21
7127,19,2.0,467.06,2025-11-01,Wheat Flour 10kg,12
7128,8,5.0,374.08,2025-11-01,Coca Cola 1.5L,15
7129,3,2.0,201.09,2025-11-01,Tea Whitener 1kg,4
7130,13,1.0,815.2,2025-11-01,Pepsi 1.5L,10
7131,8,1.0,491.64,2025-11-01,Ariel Washing Powder 1kg,7
7132,13,1.0,815.2,2025-11-01,Pepsi 1.5L,10
7133,11,,376.78,2025-11-01,Dove Shampoo 360ml,11
7134,5,4.0,374.08,2025-11-01,Coca Cola 1.5L,15
7135,4,1.0,201.09,2025-11-01,Tea Whitener 1kg,4
7136,15,1.0,201.09,2025-11-01,Tea Whitener 1kg,4
7137,1,1.0,198.91,2025-11-01,Lifebuoy Soap 110g,20
7138,6,3.0,361.73,2025-11-01,Lux Soap 110g,18
7139,15,1.0,376.78,2025-11-01,Dove Shampoo 360ml,11
7140,6,1.0,815.2,2025-11-01,Pepsi 1.5L,10
7141,18,4.0,891.92,2025-11-01,Tapal Danedar 950g,16
7142,1,10.0,629.21,2025-11-01,Tissue Roll Rose Petal,23
7143,18,2.0,891.92,2025-11-01,Tapal Danedar 950g,16
7144,5,2.0,100.09,2025-11-01,Olpers Milk 1L,14
7145,7,1.0,374.08,2025-11-01,Coca Cola 1.5L,15
7146,13,3.0,386.73,2025-11-01,Dettol Handwash 200ml,13
7147,20,1.0,357.09,2025-11-01,Colgate Toothpaste 100ml,17
7148,19,4.0,629.21,2025-11-01,Tissue Roll Rose Petal,23
7149,8,3.0,357.09,2025-11-01,Colgate Toothpaste 100ml,17
7150,3,1.0,467.06,2025-11-01,Wheat Flour 10kg,12
7151,10,4.0,100.09,2025-11-01,Olpers Milk 1L,14
7152,18,5.0,198.91,2025-11-01,Lifebuoy Soap 110g,20
7153,9,2.0,361.73,2025-11-01,Lux Soap 110g,18
7154,7,,149.34,2025-11-01,Dalda Cooking Oil 1L,22
7155,13,4.0,,2025-11-01,nan,
7156,8,2.0,715.23,2025-11-01,Nimko Mix 400g,1
7157,1,5.0,715.23,2025-11-01,Nimko Mix 400g,1
7158,5,1.0,,2025-11-01,None,
7159,18,5.0,357.09,2025-11-01,Colgate Toothpaste 100ml,17
7160,7,2.0,201.09,2025-11-01,Tea Whitener 1kg,4
7161,13,5.0,548.34,2025-11-01,Rice Basmati 5kg,8
7162,17,2.0,310.0,2025-11-01,Nestle Milk Pack 1L,21
7163,3,1.0,361.73,2025-11-01,Lux Soap 110g,18
7164,11,1.0,311.35,2025-11-01,Sufi Banaspati 1kg,3
7165,9,4.0,311.35,2025-11-01,Sufi Banaspati 1kg,3
7166,19,3.0,,2025-11-01,nan,
7167,1,2.0,606.63,2025-11-01,Shan Biryani Masala,6
7168,16,1.0,100.09,2025-11-01,Olpers Milk 1L,14
7169,18,2.0,491.64,2025-11-01,Ariel Washing Powder 1kg,7
7170,5,3.0,566.23,2025-11-01,Sprite 1.5L,2
7171,17,4.0,335.13,2025-11-01,National Ketchup 1kg,5
7172,20,1.0,815.2,2025-11-01,Pepsi 1.5L,10
7173,18,5.0,606.63,2025-11-01,Shan Biryani Masala,6
7174,13,1.0,386.73,2025-11-01,Dettol Handwash 200ml,13
7175,2,4.0,815.2,2025-11-01,Pepsi 1.5L,10
7176,2,1.0,,2025-11-01,None,
7177,1,4.0,548.34,2025-11-01,Rice Basmati 5kg,8
7178,17,3.0,201.09,2025-11-01,Tea Whitener 1kg,4
7179,18,1.0,,2025-11-01,nan,
7180,16,1.0,715.23,2025-11-01,Nimko Mix 400g,1
7181,3,2.0,357.09,2025-11-01,Colgate Toothpaste 100ml,17
7182,11,3.0,491.64,2025-11-01,Ariel Washing Powder 1kg,7
7183,5,1.0,198.91,2025-11-01,Lifebuoy Soap 110g,20
7184,9,3.0,361.73,2025-11-01,Lux Soap 110g,18
7185,18,1.0,311.35,2025-11-01,Sufi Banaspati 1kg,3
7186,20,1.0,310.0,2025-11-01,Nestle Milk Pack 1L,21
7187,20,4.0,491.64,2025-11-01,Ariel Washing Powder 1kg,7
7188,19,1.0,198.91,2025-11-01,Lifebuoy Soap 110g,20
7189,11,3.0,100.09,2025-11-01,Olpers Milk 1L,14
7190,1,1.0,606.63,2025-11-01,Shan Biryani Masala,6
7191,6,,566.23,2025-11-01,Sprite 1.5L,2
7192,2,20.0,566.23,2025-11-01,Sprite 1.5L,2
7193,5,2.0,153.28,2025-11-01,Surf Excel 1kg,19
7194,13,2.0,815.2,2025-11-01,Pepsi 1.5L,10
7195,1,1.0,153.28,2025-11-01,Surf Excel 1kg,19
7196,1,3.0,100.09,2025-11-02,Olpers Milk 1L,14
7197,16,,467.06,2025-11-02,Wheat Flour 10kg,12
7198,8,3.0,153.28,2025-11-02,Surf Excel 1kg,19
7199,20,1.0,374.08,2025-11-02,Coca Cola 1.5L,15
7200,12,,,2025-11-02,nan,
7201,2,1.0,566.23,2025-11-02,Sprite 1.5L,2
7202,5,1.0,149.34,2025-11-02,Dalda Cooking Oil 1L,22
7203,1,2.0,201.09,2025-11-02,Tea Whitener 1kg,4
7204,11,2.0,361.73,2025-11-02,Lux Soap 110g,18
7205,15,1.0,310.0,2025-11-02,Nestle Milk Pack 1L,21
7206,14,1.0,548.34,2025-11-02,Rice Basmati 5kg,8
7207,14,1.0,386.73,2025-11-02,Dettol Handwash 200ml,13
7208,2,1.0,,2025-11-02,nan,
7209,7,2.0,153.28,2025-11-02,Surf Excel 1kg,19
7210,4,1.0,361.73,2025-11-02,Lux Soap 110g,18
7211,16,2.0,386.73,2025-11-02,Dettol Handwash 200ml,13
7212,18,2.0,,2025-11-02,nan,
7213,18,1.0,715.23,2025-11-02,Nimko Mix 400g,1
7214,19,1.0,374.08,2025-11-02,Coca Cola 1.5L,15
7215,17,1.0,566.23,2025-11-02,Sprite 1.5L,2
7216,11,1.0,606.63,2025-11-02,Shan Biryani Masala,6
7217,12,2.0,335.13,2025-11-02,National Ketchup 1kg,5
7218,17,1.0,100.09,2025-11-02,Olpers Milk 1L,14
7219,15,1.0,715.23,2025-11-02,Nimko Mix 400g,1
7220,7,3.0,606.63,2025-11-02,Shan Biryani Masala,6
7221,17,2.0,153.28,2025-11-02,Surf Excel 1kg,19
7222,5,4.0,335.13,2025-11-02,National Ketchup 1kg,5
7223,16,,566.23,2025-11-02,Sprite 1.5L,2
7224,7,4.0,606.63,2025-11-02,Shan Biryani Masala,6
7225,11,3.0,361.73,2025-11-02,Lux Soap 110g,18
7226,13,,715.23,2025-11-02,Nimko Mix 400g,1
7227,4,5.0,335.13,2025-11-02,National Ketchup 1kg,5
7228,5,1.0,715.23,2025-11-02,Nimko Mix 400g,1
7229,4,5.0,361.73,2025-11-02,Lux Soap 110g,18
7230,12,2.0,,2025-11-02,nan,
7231,1,5.0,606.63,2025-11-02,Shan Biryani Masala,6
7232,16,1.0,357.09,2025-11-02,Colgate Toothpaste 100ml,17
7233,10,3.0,715.23,2025-11-02,Nimko Mix 400g,1
7234,10,2.0,566.23,2025-11-02,Sprite 1.5L,2
7235,2,2.0,715.23,2025-11-02,Nimko Mix 400g,1
7236,13,2.0,100.09,2025-11-02,Olpers Milk 1L,14
7237,16,2.0,606.63,2025-11-02,Shan Biryani Masala,6
7238,7,10.0,149.34,2025-11-02,Dalda Cooking Oil 1L,22
7239,6,,,2025-11-02,None,
7240,13,2.0,361.73,2025-11-02,Lux Soap 110g,18
7241,1,2.0,335.13,2025-11-02,National Ketchup 1kg,5
7242,10,3.0,201.09,2025-11-02,Tea Whitener 1kg,4
7243,14,1.0,715.23,2025-11-02,Nimko Mix 400g,1
7244,17,2.0,201.09,2025-11-02,Tea Whitener 1kg,4
7245,17,5.0,,2025-11-02,nan,
7246,14,4.0,361.73,2025-11-02,Lux Soap 110g,18
7247,3,5.0,100.09,2025-11-02,Olpers Milk 1L,14
7248,18,1.0,310.0,2025-11-02,Nestle Milk Pack 1L,21
7249,15,1.0,310.0,2025-11-02,Nestle Milk Pack 1L,21
7250,17,1.0,198.91,2025-11-02,Lifebuoy Soap 110g,20
7251,7,2.0,201.09,2025-11-02,Tea Whitener 1kg,4
7252,15,2.0,629.21,2025-11-02,Tissue Roll Rose Petal,23
7253,8,1.0,357.09,2025-11-02,Colgate Toothpaste 100ml,17
7254,5,5.0,715.23,2025-11-02,Nimko Mix 400g,1
7255,18,1.0,467.06,2025-11-02,Wheat Flour 10kg,12
7256,12,10.0,153.28,2025-11-02,Surf Excel 1kg,19
7257,20,10.0,,2025-11-02,None,
7258,4,2.0,467.06,2025-11-02,Wheat Flour 10kg,12
7259,13,5.0,201.09,2025-11-02,Tea Whitener 1kg,4
7260,19,5.0,361.73,2025-11-02,Lux Soap 110g,18
7261,16,3.0,153.28,2025-11-02,Surf Excel 1kg,19
7262,18,5.0,566.23,2025-11-02,Sprite 1.5L,2
7263,9,1.0,374.08,2025-11-02,Coca Cola 1.5L,15
7264,14,3.0,467.06,2025-11-02,Wheat Flour 10kg,12
7265,11,1.0,891.92,2025-11-02,Tapal Danedar 950g,16
7266,19,1.0,311.35,2025-11-02,Sufi Banaspati 1kg,3
7267,8,1.0,376.78,2025-11-02,Dove Shampoo 360ml,11
7268,11,2.0,149.34,2025-11-02,Dalda Cooking Oil 1L,22
7269,15,1.0,374.08,2025-11-02,Coca Cola 1.5L,15
7270,14,1.0,548.34,2025-11-02,Rice Basmati 5kg,8
7271,20,2.0,361.73,2025-11-02,Lux Soap 110g,18
7272,17,2.0,815.2,2025-11-02,Pepsi 1.5L,10
7273,3,20.0,198.91,2025-11-02,Lifebuoy Soap 110g,20
7274,9,5.0,361.73,2025-11-02,Lux Soap 110g,18
7275,16,2.0,815.2,2025-11-02,Pepsi 1.5L,10
7276,13,3.0,715.23,2025-11-02,Nimko Mix 400g,1
7277,7,1.0,606.63,2025-11-02,Shan Biryani Masala,6
7278,16,3.0,491.64,2025-11-02,Ariel Washing Powder 1kg,7
7279,10,5.0,198.91,2025-11-02,Lifebuoy Soap 110g,20
7280,18,1.0,815.2,2025-11-02,Pepsi 1.5L,10
7281,20,3.0,715.23,2025-11-02,Nimko Mix 400g,1
7282,11,1.0,100.09,2025-11-02,Olpers Milk 1L,14
7283,8,1.0,,2025-11-02,None,
7284,2,1.0,198.91,2025-11-02,Lifebuoy Soap 110g,20
7285,4,1.0,815.2,2025-11-02,Pepsi 1.5L,10
7286,14,4.0,548.34,2025-11-03,Rice Basmati 5kg,8
7287,18,3.0,,2025-11-03,None,
7288,20,2.0,491.64,2025-11-03,Ariel Washing Powder 1kg,7
7289,19,1.0,310.0,2025-11-03,Nestle Milk Pack 1L,21
7290,5,1.0,201.09,2025-11-03,Tea Whitener 1kg,4
7291,3,1.0,715.23,2025-11-03,Nimko Mix 400g,1
7292,4,1.0,100.09,2025-11-03,Olpers Milk 1L,14
7293,8,1.0,491.64,2025-11-03,Ariel Washing Powder 1kg,7
7294,12,1.0,153.28,2025-11-03,Surf Excel 1kg,19
7295,7,3.0,566.23,2025-11-03,Sprite 1.5L,2
7296,8,1.0,311.35,2025-11-03,Sufi Banaspati 1kg,3
7297,20,5.0,153.28,2025-11-03,Surf Excel 1kg,19
7298,4,4.0,335.13,2025-11-03,National Ketchup 1kg,5
7299,2,,,2025-11-03,None,
7300,5,1.0,,2025-11-03,nan,
7301,19,2.0,149.34,2025-11-03,Dalda Cooking Oil 1L,22
7302,8,4.0,566.23,2025-11-03,Sprite 1.5L,2
7303,15,,198.91,2025-11-03,Lifebuoy Soap 110g,20
7304,15,10.0,715.23,2025-11-03,Nimko Mix 400g,1
7305,19,2.0,491.64,2025-11-03,Ariel Washing Powder 1kg,7
7306,3,1.0,715.23,2025-11-03,Nimko Mix 400g,1
7307,18,1.0,715.23,2025-11-03,Nimko Mix 400g,1
7308,12,3.0,376.78,2025-11-03,Dove Shampoo 360ml,11
7309,1,10.0,,2025-11-03,nan,
7310,3,4.0,198.91,2025-11-03,Lifebuoy Soap 110g,20
7311,19,5.0,548.34,2025-11-03,Rice Basmati 5kg,8
7312,8,5.0,153.28,2025-11-03,Surf Excel 1kg,19
7313,18,2.0,198.91,2025-11-03,Lifebuoy Soap 110g,20
7314,6,5.0,548.34,2025-11-03,Rice Basmati 5kg,8
7315,9,2.0,361.73,2025-11-03,Lux Soap 110g,18
7316,10,3.0,361.73,2025-11-03,Lux Soap 110g,18
7317,8,4.0,715.23,2025-11-03,Nimko Mix 400g,1
7318,16,2.0,715.23,2025-11-03,Nimko Mix 400g,1
7319,8,2.0,606.63,2025-11-03,Shan Biryani Masala,6
7320,1,3.0,149.34,2025-11-03,Dalda Cooking Oil 1L,22
7321,20,2.0,153.28,2025-11-03,Surf Excel 1kg,19
7322,18,4.0,374.08,2025-11-03,Coca Cola 1.5L,15
7323,4,4.0,201.09,2025-11-03,Tea Whitener 1kg,4
7324,20,3.0,715.23,2025-11-03,Nimko Mix 400g,1
7325,7,5.0,491.64,2025-11-03,Ariel Washing Powder 1kg,7
7326,20,,606.63,2025-11-03,Shan Biryani Masala,6
7327,16,2.0,715.23,2025-11-03,Nimko Mix 400g,1
7328,1,1.0,,2025-11-03,None,
7329,18,1.0,,2025-11-03,nan,
7330,16,2.0,361.73,2025-11-03,Lux Soap 110g,18
7331,9,1.0,149.34,2025-11-03,Dalda Cooking Oil 1L,22
7332,5,2.0,629.21,2025-11-03,Tissue Roll Rose Petal,23
7333,3,1.0,891.92,2025-11-03,Tapal Danedar 950g,16
7334,17,10.0,357.09,2025-11-03,Colgate Toothpaste 100ml,17
7335,12,4.0,198.91,2025-11-03,Lifebuoy Soap 110g,20
7336,11,1.0,815.2,2025-11-03,Pepsi 1.5L,10
7337,19,3.0,201.09,2025-11-03,Tea Whitener 1kg,4
7338,20,2.0,149.34,2025-11-03,Dalda Cooking Oil 1L,22
7339,11,,149.34,2025-11-03,Dalda Cooking Oil 1L,22
7340,1,1.0,548.34,2025-11-03,Rice Basmati 5kg,8
7341,1,3.0,548.34,2025-11-03,Rice Basmati 5kg,8
7342,13,1.0,153.28,2025-11-03,Surf Excel 1kg,19
7343,3,1.0,566.23,2025-11-03,Sprite 1.5L,2
7344,17,2.0,,2025-11-03,None,
7345,2,2.0,566.23,2025-11-03,Sprite 1.5L,2
7346,5,3.0,361.73,2025-11-03,Lux Soap 110g,18
7347,4,1.0,548.34,2025-11-03,Rice Basmati 5kg,8
7348,11,2.0,198.91,2025-11-03,Lifebuoy Soap 110g,20
7349,4,1.0,311.35,2025-11-03,Sufi Banaspati 1kg,3
7350,12,2.0,491.64,2025-11-03,Ariel Washing Powder 1kg,7
7351,18,1.0,100.09,2025-11-03,Olpers Milk 1L,14
7352,16,4.0,149.34,2025-11-03,Dalda Cooking Oil 1L,22
7353,5,2.0,606.63,2025-11-03,Shan Biryani Masala,6
7354,6,3.0,357.09,2025-11-03,Colgate Toothpaste 100ml,17
7355,1,1.0,715.23,2025-11-03,Nimko Mix 400g,1
7356,3,3.0,149.34,2025-11-03,Dalda Cooking Oil 1L,22
7357,19,20.0,715.23,2025-11-03,Nimko Mix 400g,1
7358,3,3.0,629.21,2025-11-03,Tissue Roll Rose Petal,23
7359,11,3.0,715.23,2025-11-03,Nimko Mix 400g,1
7360,8,5.0,715.23,2025-11-03,Nimko Mix 400g,1
7361,2,1.0,815.2,2025-11-03,Pepsi 1.5L,10
7362,19,1.0,335.13,2025-11-03,National Ketchup 1kg,5
7363,2,3.0,386.73,2025-11-04,Dettol Handwash 200ml,13
7364,2,4.0,815.2,2025-11-04,Pepsi 1.5L,10
7365,7,2.0,606.63,2025-11-04,Shan Biryani Masala,6
7366,2,2.0,310.0,2025-11-04,Nestle Milk Pack 1L,21
7367,14,1.0,361.73,2025-11-04,Lux Soap 110g,18
7368,4,5.0,386.73,2025-11-04,Dettol Handwash 200ml,13
7369,13,1.0,566.23,2025-11-04,Sprite 1.5L,2
7370,8,3.0,201.09,2025-11-04,Tea Whitener 1kg,4
7371,8,,361.73,2025-11-04,Lux Soap 110g,18
7372,12,2.0,361.73,2025-11-04,Lux Soap 110g,18
7373,16,10.0,361.73,2025-11-04,Lux Soap 110g,18
7374,18,3.0,376.78,2025-11-04,Dove Shampoo 360ml,11
7375,6,2.0,386.73,2025-11-04,Dettol Handwash 200ml,13
7376,13,2.0,491.64,2025-11-04,Ariel Washing Powder 1kg,7
7377,19,1.0,,2025-11-04,nan,
7378,4,2.0,467.06,2025-11-04,Wheat Flour 10kg,12
7379,19,5.0,467.06,2025-11-04,Wheat Flour 10kg,12
7380,12,3.0,548.34,2025-11-04,Rice Basmati 5kg,8
7381,17,1.0,606.63,2025-11-04,Shan Biryani Masala,6
7382,9,1.0,357.09,2025-11-04,Colgate Toothpaste 100ml,17
7383,9,10.0,548.34,2025-11-04,Rice Basmati 5kg,8
7384,19,2.0,361.73,2025-11-04,Lux Soap 110g,18
7385,12,1.0,566.23,2025-11-04,Sprite 1.5L,2
7386,1,3.0,361.73,2025-11-04,Lux Soap 110g,18
7387,15,,,2025-11-04,nan,
7388,7,1.0,491.64,2025-11-04,Ariel Washing Powder 1kg,7
7389,9,5.0,335.13,2025-11-04,National Ketchup 1kg,5
7390,5,3.0,335.13,2025-11-04,National Ketchup 1kg,5
7391,2,1.0,715.23,2025-11-04,Nimko Mix 400g,1
7392,2,2.0,,2025-11-04,None,
7393,3,3.0,,2025-11-04,nan,
7394,10,,149.34,2025-11-04,Dalda Cooking Oil 1L,22
7395,13,1.0,311.35,2025-11-04,Sufi Banaspati 1kg,3
7396,2,2.0,548.34,2025-11-04,Rice Basmati 5kg,8
7397,14,3.0,201.09,2025-11-04,Tea Whitener 1kg,4
7398,1,1.0,467.06,2025-11-04,Wheat Flour 10kg,12
7399,6,2.0,335.13,2025-11-04,National Ketchup 1kg,5
7400,14,1.0,606.63,2025-11-04,Shan Biryani Masala,6
7401,7,1.0,198.91,2025-11-04,Lifebuoy Soap 110g,20
7402,2,1.0,311.35,2025-11-04,Sufi Banaspati 1kg,3
7403,11,1.0,149.34,2025-11-04,Dalda Cooking Oil 1L,22
7404,7,3.0,100.09,2025-11-04,Olpers Milk 1L,14
7405,12,1.0,467.06,2025-11-04,Wheat Flour 10kg,12
7406,4,1.0,606.63,2025-11-04,Shan Biryani Masala,6
7407,18,4.0,386.73,2025-11-04,Dettol Handwash 200ml,13
7408,3,1.0,606.63,2025-11-04,Shan Biryani Masala,6
7409,14,2.0,566.23,2025-11-04,Sprite 1.5L,2
7410,3,4.0,100.09,2025-11-04,Olpers Milk 1L,14
7411,18,2.0,376.78,2025-11-04,Dove Shampoo 360ml,11
7412,12,4.0,386.73,2025-11-04,Dettol Handwash 200ml,13
7413,20,1.0,100.09,2025-11-04,Olpers Milk 1L,14
7414,6,1.0,715.23,2025-11-04,Nimko Mix 400g,1
7415,1,2.0,361.73,2025-11-04,Lux Soap 110g,18
7416,11,1.0,548.34,2025-11-04,Rice Basmati 5kg,8
7417,6,1.0,386.73,2025-11-05,Dettol Handwash 200ml,13
7418,9,4.0,,2025-11-05,nan,
7419,1,1.0,311.35,2025-11-05,Sufi Banaspati 1kg,3
7420,5,2.0,153.28,2025-11-05,Surf Excel 1kg,19
7421,8,4.0,311.35,2025-11-05,Sufi Banaspati 1kg,3
7422,20,5.0,357.09,2025-11-05,Colgate Toothpaste 100ml,17
7423,15,5.0,715.23,2025-11-05,Nimko Mix 400g,1
7424,11,3.0,566.23,2025-11-05,Sprite 1.5L,2
7425,1,2.0,335.13,2025-11-05,National Ketchup 1kg,5
7426,9,5.0,606.63,2025-11-05,Shan Biryani Masala,6
7427,7,,491.64,2025-11-05,Ariel Washing Powder 1kg,7
7428,12,2.0,,2025-11-05,nan,
7429,7,1.0,376.78,2025-11-05,Dove Shampoo 360ml,11
7430,8,1.0,201.09,2025-11-05,Tea Whitener 1kg,4
7431,12,1.0,311.35,2025-11-05,Sufi Banaspati 1kg,3
7432,18,1.0,361.73,2025-11-05,Lux Soap 110g,18
7433,10,3.0,,2025-11-05,nan,
7434,14,4.0,361.73,2025-11-05,Lux Soap 110g,18
7435,19,2.0,357.09,2025-11-05,Colgate Toothpaste 100ml,17
7436,18,3.0,566.23,2025-11-05,Sprite 1.5L,2
7437,16,1.0,335.13,2025-11-05,National Ketchup 1kg,5
7438,18,1.0,311.35,2025-11-05,Sufi Banaspati 1kg,3
7439,9,,606.63,2025-11-05,Shan Biryani Masala,6
7440,3,1.0,376.78,2025-11-05,Dove Shampoo 360ml,11
7441,2,1.0,374.08,2025-11-05,Coca Cola 1.5L,15
7442,10,,335.13,2025-11-05,National Ketchup 1kg,5
7443,12,2.0,891.92,2025-11-05,Tapal Danedar 950g,16
7444,20,2.0,548.34,2025-11-05,Rice Basmati 5kg,8
7445,16,3.0,715.23,2025-11-05,Nimko Mix 400g,1
7446,8,2.0,335.13,2025-11-05,National Ketchup 1kg,5
7447,8,1.0,891.92,2025-11-05,Tapal Danedar 950g,16
7448,16,1.0,566.23,2025-11-05,Sprite 1.5L,2
7449,2,10.0,491.64,2025-11-05,Ariel Washing Powder 1kg,7
7450,6,1.0,386.73,2025-11-05,Dettol Handwash 200ml,13
7451,20,3.0,715.23,2025-11-05,Nimko Mix 400g,1
7452,15,1.0,566.23,2025-11-05,Sprite 1.5L,2
7453,16,2.0,815.2,2025-11-05,Pepsi 1.5L,10
7454,18,4.0,467.06,2025-11-05,Wheat Flour 10kg,12
7455,20,2.0,361.73,2025-11-05,Lux Soap 110g,18
7456,9,2.0,606.63,2025-11-05,Shan Biryani Masala,6
7457,9,1.0,606.63,2025-11-05,Shan Biryani Masala,6
7458,20,2.0,361.73,2025-11-05,Lux Soap 110g,18
7459,12,1.0,815.2,2025-11-05,Pepsi 1.5L,10
7460,20,4.0,491.64,2025-11-05,Ariel Washing Powder 1kg,7
7461,7,,815.2,2025-11-05,Pepsi 1.5L,10
7462,6,3.0,335.13,2025-11-05,National Ketchup 1kg,5
7463,5,4.0,149.34,2025-11-05,Dalda Cooking Oil 1L,22
7464,9,5.0,715.23,2025-11-05,Nimko Mix 400g,1
7465,20,5.0,891.92,2025-11-05,Tapal Danedar 950g,16
7466,1,3.0,149.34,2025-11-05,Dalda Cooking Oil 1L,22
7467,1,2.0,629.21,2025-11-05,Tissue Roll Rose Petal,23
7468,19,2.0,715.23,2025-11-05,Nimko Mix 400g,1
7469,9,1.0,815.2,2025-11-05,Pepsi 1.5L,10
7470,1,1.0,606.63,2025-11-05,Shan Biryani Masala,6
7471,9,2.0,335.13,2025-11-05,National Ketchup 1kg,5
7472,16,,566.23,2025-11-05,Sprite 1.5L,2
7473,9,1.0,376.78,2025-11-05,Dove Shampoo 360ml,11
7474,17,1.0,376.78,2025-11-05,Dove Shampoo 360ml,11
7475,2,1.0,357.09,2025-11-05,Colgate Toothpaste 100ml,17
7476,10,4.0,891.92,2025-11-05,Tapal Danedar 950g,16
7477,2,,357.09,2025-11-05,Colgate Toothpaste 100ml,17
7478,4,2.0,311.35,2025-11-05,Sufi Banaspati 1kg,3
7479,18,2.0,629.21,2025-11-06,Tissue Roll Rose Petal,23
7480,20,1.0,491.64,2025-11-06,Ariel Washing Powder 1kg,7
7481,4,1.0,376.78,2025-11-06,Dove Shampoo 360ml,11
7482,12,1.0,815.2,2025-11-06,Pepsi 1.5L,10
7483,11,3.0,566.23,2025-11-06,Sprite 1.5L,2
7484,13,5.0,153.28,2025-11-06,Surf Excel 1kg,19
7485,3,3.0,335.13,2025-11-06,National Ketchup 1kg,5
7486,18,4.0,376.78,2025-11-06,Dove Shampoo 360ml,11
7487,16,1.0,815.2,2025-11-06,Pepsi 1.5L,10
7488,4,2.0,606.63,2025-11-06,Shan Biryani Masala,6
7489,4,2.0,310.0,2025-11-06,Nestle Milk Pack 1L,21
7490,17,1.0,361.73,2025-11-06,Lux Soap 110g,18
7491,1,2.0,149.34,2025-11-06,Dalda Cooking Oil 1L,22
7492,15,2.0,566.23,2025-11-06,Sprite 1.5L,2
7493,3,2.0,335.13,2025-11-06,National Ketchup 1kg,5
7494,16,2.0,386.73,2025-11-06,Dettol Handwash 200ml,13
7495,9,3.0,715.23,2025-11-06,Nimko Mix 400g,1
7496,12,1.0,310.0,2025-11-06,Nestle Milk Pack 1L,21
7497,19,2.0,100.09,2025-11-06,Olpers Milk 1L,14
7498,20,1.0,606.63,2025-11-06,Shan Biryani Masala,6
7499,12,2.0,566.23,2025-11-06,Sprite 1.5L,2
7500,6,2.0,335.13,2025-11-06,National Ketchup 1kg,5
7501,16,10.0,361.73,2025-11-06,Lux Soap 110g,18
7502,20,2.0,153.28,2025-11-06,Surf Excel 1kg,19
7503,17,3.0,153.28,2025-11-06,Surf Excel 1kg,19
7504,14,1.0,198.91,2025-11-06,Lifebuoy Soap 110g,20
7505,16,5.0,715.23,2025-11-06,Nimko Mix 400g,1
7506,6,3.0,467.06,2025-11-06,Wheat Flour 10kg,12
7507,11,1.0,100.09,2025-11-06,Olpers Milk 1L,14
7508,12,2.0,361.73,2025-11-06,Lux Soap 110g,18
7509,6,2.0,,2025-11-06,nan,
7510,16,2.0,566.23,2025-11-06,Sprite 1.5L,2
7511,5,1.0,149.34,2025-11-06,Dalda Cooking Oil 1L,22
7512,9,5.0,,2025-11-06,nan,
7513,18,10.0,467.06,2025-11-06,Wheat Flour 10kg,12
7514,8,4.0,606.63,2025-11-06,Shan Biryani Masala,6
7515,4,2.0,335.13,2025-11-06,National Ketchup 1kg,5
7516,14,10.0,566.23,2025-11-06,Sprite 1.5L,2
7517,20,2.0,153.28,2025-11-06,Surf Excel 1kg,19
7518,13,2.0,629.21,2025-11-06,Tissue Roll Rose Petal,23
7519,17,2.0,311.35,2025-11-06,Sufi Banaspati 1kg,3
7520,3,2.0,566.23,2025-11-06,Sprite 1.5L,2
7521,13,2.0,357.09,2025-11-06,Colgate Toothpaste 100ml,17
7522,4,1.0,891.92,2025-11-06,Tapal Danedar 950g,16
7523,20,3.0,815.2,2025-11-06,Pepsi 1.5L,10
7524,9,3.0,149.34,2025-11-06,Dalda Cooking Oil 1L,22
7525,15,1.0,198.91,2025-11-06,Lifebuoy Soap 110g,20
7526,19,2.0,386.73,2025-11-06,Dettol Handwash 200ml,13
7527,9,4.0,153.28,2025-11-06,Surf Excel 1kg,19
7528,11,3.0,386.73,2025-11-06,Dettol Handwash 200ml,13
7529,3,2.0,376.78,2025-11-06,Dove Shampoo 360ml,11
7530,13,2.0,467.06,2025-11-06,Wheat Flour 10kg,12
7531,9,3.0,715.23,2025-11-06,Nimko Mix 400g,1
7532,15,5.0,629.21,2025-11-06,Tissue Roll Rose Petal,23
7533,2,1.0,,2025-11-06,nan,
7534,2,2.0,548.34,2025-11-06,Rice Basmati 5kg,8
7535,14,5.0,467.06,2025-11-06,Wheat Flour 10kg,12
7536,5,1.0,374.08,2025-11-06,Coca Cola 1.5L,15
7537,20,2.0,548.34,2025-11-06,Rice Basmati 5kg,8
7538,10,5.0,357.09,2025-11-06,Colgate Toothpaste 100ml,17
7539,14,,606.63,2025-11-06,Shan Biryani Masala,6
7540,4,1.0,891.92,2025-11-06,Tapal Danedar 950g,16
7541,8,4.0,357.09,2025-11-06,Colgate Toothpaste 100ml,17
7542,9,2.0,467.06,2025-11-06,Wheat Flour 10kg,12
7543,2,4.0,357.09,2025-11-06,Colgate Toothpaste 100ml,17
7544,8,2.0,311.35,2025-11-06,Sufi Banaspati 1kg,3
7545,13,2.0,491.64,2025-11-06,Ariel Washing Powder 1kg,7
7546,4,1.0,153.28,2025-11-06,Surf Excel 1kg,19
7547,20,2.0,374.08,2025-11-06,Coca Cola 1.5L,15
7548,6,1.0,,2025-11-06,nan,
7549,13,3.0,100.09,2025-11-06,Olpers Milk 1L,14
7550,10,1.0,491.64,2025-11-06,Ariel Washing Powder 1kg,7
7551,20,3.0,715.23,2025-11-06,Nimko Mix 400g,1
7552,3,1.0,,2025-11-06,None,
7553,15,4.0,149.34,2025-11-06,Dalda Cooking Oil 1L,22
7554,10,1.0,606.63,2025-11-06,Shan Biryani Masala,6
7555,19,1.0,311.35,2025-11-06,Sufi Banaspati 1kg,3
7556,14,3.0,491.64,2025-11-06,Ariel Washing Powder 1kg,7
7557,15,5.0,311.35,2025-11-06,Sufi Banaspati 1kg,3
7558,3,3.0,310.0,2025-11-06,Nestle Milk Pack 1L,21
7559,1,3.0,566.23,2025-11-06,Sprite 1.5L,2
7560,18,1.0,201.09,2025-11-06,Tea Whitener 1kg,4
7561,12,2.0,548.34,2025-11-06,Rice Basmati 5kg,8
7562,10,2.0,335.13,2025-11-06,National Ketchup 1kg,5
7563,5,2.0,376.78,2025-11-06,Dove Shampoo 360ml,11
7564,15,4.0,357.09,2025-11-06,Colgate Toothpaste 100ml,17
7565,16,3.0,357.09,2025-11-06,Colgate Toothpaste 100ml,17
7566,3,2.0,566.23,2025-11-06,Sprite 1.5L,2
7567,15,1.0,386.73,2025-11-06,Dettol Handwash 200ml,13
7568,14,4.0,374.08,2025-11-06,Coca Cola 1.5L,15
7569,12,1.0,606.63,2025-11-06,Shan Biryani Masala,6
7570,14,5.0,100.09,2025-11-06,Olpers Milk 1L,14
7571,12,2.0,491.64,2025-11-06,Ariel Washing Powder 1kg,7
7572,3,3.0,891.92,2025-11-06,Tapal Danedar 950g,16
7573,2,2.0,,2025-11-06,None,
7574,14,3.0,311.35,2025-11-06,Sufi Banaspati 1kg,3
7575,17,1.0,,2025-11-07,None,
7576,14,4.0,,2025-11-07,None,
7577,5,2.0,376.78,2025-11-07,Dove Shampoo 360ml,11
7578,5,3.0,715.23,2025-11-07,Nimko Mix 400g,1
7579,6,2.0,149.34,2025-11-07,Dalda Cooking Oil 1L,22
7580,20,4.0,606.63,2025-11-07,Shan Biryani Masala,6
7581,2,3.0,715.23,2025-11-07,Nimko Mix 400g,1
7582,6,20.0,100.09,2025-11-07,Olpers Milk 1L,14
7583,6,2.0,311.35,2025-11-07,Sufi Banaspati 1kg,3
7584,18,5.0,891.92,2025-11-07,Tapal Danedar 950g,16
7585,6,3.0,335.13,2025-11-07,National Ketchup 1kg,5
7586,14,3.0,311.35,2025-11-07,Sufi Banaspati 1kg,3
7587,16,3.0,153.28,2025-11-07,Surf Excel 1kg,19
7588,11,5.0,374.08,2025-11-07,Coca Cola 1.5L,15
7589,9,5.0,815.2,2025-11-07,Pepsi 1.5L,10
7590,4,2.0,629.21,2025-11-07,Tissue Roll Rose Petal,23
7591,16,2.0,201.09,2025-11-07,Tea Whitener 1kg,4
7592,6,1.0,310.0,2025-11-07,Nestle Milk Pack 1L,21
7593,5,4.0,548.34,2025-11-07,Rice Basmati 5kg,8
7594,18,,100.09,2025-11-07,Olpers Milk 1L,14
7595,14,2.0,357.09,2025-11-07,Colgate Toothpaste 100ml,17
7596,10,1.0,606.63,2025-11-07,Shan Biryani Masala,6
7597,7,2.0,374.08,2025-11-07,Coca Cola 1.5L,15
7598,7,3.0,566.23,2025-11-07,Sprite 1.5L,2
7599,15,1.0,201.09,2025-11-07,Tea Whitener 1kg,4
7600,16,,606.63,2025-11-07,Shan Biryani Masala,6
7601,3,3.0,715.23,2025-11-07,Nimko Mix 400g,1
7602,3,4.0,491.64,2025-11-07,Ariel Washing Powder 1kg,7
7603,2,10.0,548.34,2025-11-07,Rice Basmati 5kg,8
7604,3,5.0,311.35,2025-11-07,Sufi Banaspati 1kg,3
7605,18,1.0,335.13,2025-11-07,National Ketchup 1kg,5
7606,1,2.0,606.63,2025-11-07,Shan Biryani Masala,6
7607,12,2.0,386.73,2025-11-07,Dettol Handwash 200ml,13
7608,18,2.0,100.09,2025-11-07,Olpers Milk 1L,14
7609,20,1.0,198.91,2025-11-07,Lifebuoy Soap 110g,20
7610,10,5.0,153.28,2025-11-07,Surf Excel 1kg,19
7611,7,1.0,548.34,2025-11-07,Rice Basmati 5kg,8
7612,5,1.0,815.2,2025-11-07,Pepsi 1.5L,10
7613,6,1.0,311.35,2025-11-07,Sufi Banaspati 1kg,3
7614,1,,335.13,2025-11-07,National Ketchup 1kg,5
7615,12,1.0,491.64,2025-11-07,Ariel Washing Powder 1kg,7
7616,1,2.0,311.35,2025-11-07,Sufi Banaspati 1kg,3
7617,15,,335.13,2025-11-07,National Ketchup 1kg,5
7618,12,1.0,201.09,2025-11-07,Tea Whitener 1kg,4
7619,8,1.0,815.2,2025-11-07,Pepsi 1.5L,10
7620,5,10.0,566.23,2025-11-07,Sprite 1.5L,2
7621,14,3.0,374.08,2025-11-07,Coca Cola 1.5L,15
7622,17,2.0,815.2,2025-11-07,Pepsi 1.5L,10
7623,5,1.0,815.2,2025-11-07,Pepsi 1.5L,10
7624,8,5.0,467.06,2025-11-07,Wheat Flour 10kg,12
7625,1,5.0,629.21,2025-11-07,Tissue Roll Rose Petal,23
7626,2,2.0,100.09,2025-11-07,Olpers Milk 1L,14
7627,4,5.0,566.23,2025-11-07,Sprite 1.5L,2
7628,12,4.0,100.09,2025-11-07,Olpers Milk 1L,14
7629,9,1.0,100.09,2025-11-07,Olpers Milk 1L,14
7630,19,2.0,201.09,2025-11-07,Tea Whitener 1kg,4
7631,10,,548.34,2025-11-07,Rice Basmati 5kg,8
7632,14,1.0,310.0,2025-11-07,Nestle Milk Pack 1L,21
7633,3,1.0,201.09,2025-11-07,Tea Whitener 1kg,4
7634,6,2.0,566.23,2025-11-07,Sprite 1.5L,2
7635,2,1.0,491.64,2025-11-07,Ariel Washing Powder 1kg,7
7636,13,2.0,153.28,2025-11-07,Surf Excel 1kg,19
7637,9,1.0,374.08,2025-11-07,Coca Cola 1.5L,15
7638,7,1.0,891.92,2025-11-07,Tapal Danedar 950g,16
7639,9,1.0,361.73,2025-11-07,Lux Soap 110g,18
7640,12,5.0,361.73,2025-11-07,Lux Soap 110g,18
7641,18,1.0,100.09,2025-11-07,Olpers Milk 1L,14
7642,7,1.0,201.09,2025-11-07,Tea Whitener 1kg,4
7643,14,1.0,311.35,2025-11-07,Sufi Banaspati 1kg,3
7644,13,10.0,335.13,2025-11-07,National Ketchup 1kg,5
7645,9,3.0,,2025-11-08,nan,
7646,6,1.0,311.35,2025-11-08,Sufi Banaspati 1kg,3
7647,16,3.0,310.0,2025-11-08,Nestle Milk Pack 1L,21
7648,7,,310.0,2025-11-08,Nestle Milk Pack 1L,21
7649,17,4.0,149.34,2025-11-08,Dalda Cooking Oil 1L,22
7650,12,20.0,606.63,2025-11-08,Shan Biryani Masala,6
7651,1,10.0,715.23,2025-11-08,Nimko Mix 400g,1
7652,1,2.0,153.28,2025-11-08,Surf Excel 1kg,19
7653,3,2.0,891.92,2025-11-08,Tapal Danedar 950g,16
7654,19,5.0,149.34,2025-11-08,Dalda Cooking Oil 1L,22
7655,6,3.0,361.73,2025-11-08,Lux Soap 110g,18
7656,14,5.0,361.73,2025-11-08,Lux Soap 110g,18
7657,9,20.0,629.21,2025-11-08,Tissue Roll Rose Petal,23
7658,5,20.0,311.35,2025-11-08,Sufi Banaspati 1kg,3
7659,18,1.0,311.35,2025-11-08,Sufi Banaspati 1kg,3
7660,12,1.0,,2025-11-08,nan,
7661,5,2.0,100.09,2025-11-08,Olpers Milk 1L,14
7662,15,1.0,467.06,2025-11-08,Wheat Flour 10kg,12
7663,15,,715.23,2025-11-08,Nimko Mix 400g,1
7664,1,3.0,149.34,2025-11-08,Dalda Cooking Oil 1L,22
7665,2,2.0,715.23,2025-11-08,Nimko Mix 400g,1
7666,17,2.0,311.35,2025-11-08,Sufi Banaspati 1kg,3
7667,11,1.0,,2025-11-08,nan,
7668,18,2.0,335.13,2025-11-08,National Ketchup 1kg,5
7669,8,2.0,374.08,2025-11-08,Coca Cola 1.5L,15
7670,2,5.0,149.34,2025-11-08,Dalda Cooking Oil 1L,22
7671,12,2.0,100.09,2025-11-08,Olpers Milk 1L,14
7672,18,3.0,357.09,2025-11-08,Colgate Toothpaste 100ml,17
7673,14,1.0,201.09,2025-11-08,Tea Whitener 1kg,4
7674,19,1.0,335.13,2025-11-08,National Ketchup 1kg,5
7675,7,4.0,386.73,2025-11-08,Dettol Handwash 200ml,13
7676,16,2.0,335.13,2025-11-08,National Ketchup 1kg,5
7677,16,1.0,386.73,2025-11-08,Dettol Handwash 200ml,13
7678,19,5.0,361.73,2025-11-08,Lux Soap 110g,18
7679,8,1.0,815.2,2025-11-08,Pepsi 1.5L,10
7680,1,3.0,,2025-11-08,nan,
7681,8,1.0,100.09,2025-11-08,Olpers Milk 1L,14
7682,18,2.0,100.09,2025-11-08,Olpers Milk 1L,14
7683,13,1.0,100.09,2025-11-08,Olpers Milk 1L,14
7684,20,2.0,386.73,2025-11-08,Dettol Handwash 200ml,13
7685,5,2.0,,2025-11-08,nan,
7686,12,1.0,715.23,2025-11-08,Nimko Mix 400g,1
7687,11,3.0,,2025-11-08,nan,
7688,8,3.0,386.73,2025-11-08,Dettol Handwash 200ml,13
7689,1,2.0,311.35,2025-11-08,Sufi Banaspati 1kg,3
7690,12,1.0,815.2,2025-11-08,Pepsi 1.5L,10
7691,13,2.0,335.13,2025-11-08,National Ketchup 1kg,5
7692,10,1.0,715.23,2025-11-08,Nimko Mix 400g,1
7693,7,3.0,361.73,2025-11-08,Lux Soap 110g,18
7694,20,2.0,201.09,2025-11-08,Tea Whitener 1kg,4
7695,14,4.0,311.35,2025-11-08,Sufi Banaspati 1kg,3
7696,16,3.0,715.23,2025-11-08,Nimko Mix 400g,1
7697,2,5.0,100.09,2025-11-08,Olpers Milk 1L,14
7698,20,1.0,815.2,2025-11-08,Pepsi 1.5L,10
7699,13,2.0,361.73,2025-11-08,Lux Soap 110g,18
7700,7,1.0,566.23,2025-11-08,Sprite 1.5L,2
7701,7,2.0,201.09,2025-11-08,Tea Whitener 1kg,4
7702,11,3.0,606.63,2025-11-08,Shan Biryani Masala,6
7703,12,2.0,386.73,2025-11-08,Dettol Handwash 200ml,13
7704,15,1.0,891.92,2025-11-08,Tapal Danedar 950g,16
7705,2,1.0,,2025-11-08,None,
7706,6,1.0,201.09,2025-11-08,Tea Whitener 1kg,4
7707,11,1.0,198.91,2025-11-08,Lifebuoy Soap 110g,20
7708,2,3.0,311.35,2025-11-08,Sufi Banaspati 1kg,3
7709,1,4.0,629.21,2025-11-08,Tissue Roll Rose Petal,23
7710,11,1.0,153.28,2025-11-08,Surf Excel 1kg,19
7711,11,3.0,376.78,2025-11-08,Dove Shampoo 360ml,11
7712,7,,311.35,2025-11-08,Sufi Banaspati 1kg,3
7713,2,1.0,198.91,2025-11-09,Lifebuoy Soap 110g,20
7714,19,5.0,629.21,2025-11-09,Tissue Roll Rose Petal,23
7715,15,5.0,198.91,2025-11-09,Lifebuoy Soap 110g,20
7716,16,2.0,715.23,2025-11-09,Nimko Mix 400g,1
7717,14,1.0,,2025-11-09,None,
7718,9,3.0,153.28,2025-11-09,Surf Excel 1kg,19
7719,11,2.0,357.09,2025-11-09,Colgate Toothpaste 100ml,17
7720,4,2.0,491.64,2025-11-09,Ariel Washing Powder 1kg,7
7721,11,4.0,357.09,2025-11-09,Colgate Toothpaste 100ml,17
7722,7,2.0,100.09,2025-11-09,Olpers Milk 1L,14
7723,7,1.0,606.63,2025-11-09,Shan Biryani Masala,6
7724,7,2.0,361.73,2025-11-09,Lux Soap 110g,18
7725,20,20.0,310.0,2025-11-09,Nestle Milk Pack 1L,21
7726,2,3.0,201.09,2025-11-09,Tea Whitener 1kg,4
7727,2,1.0,606.63,2025-11-09,Shan Biryani Masala,6
7728,13,2.0,100.09,2025-11-09,Olpers Milk 1L,14
7729,4,1.0,566.23,2025-11-09,Sprite 1.5L,2
7730,5,1.0,198.91,2025-11-09,Lifebuoy Soap 110g,20
7731,9,3.0,335.13,2025-11-09,National Ketchup 1kg,5
7732,17,2.0,386.73,2025-11-09,Dettol Handwash 200ml,13
7733,13,2.0,198.91,2025-11-09,Lifebuoy Soap 110g,20
7734,11,,198.91,2025-11-09,Lifebuoy Soap 110g,20
7735,7,1.0,149.34,2025-11-09,Dalda Cooking Oil 1L,22
7736,3,1.0,357.09,2025-11-09,Colgate Toothpaste 100ml,17
7737,15,2.0,629.21,2025-11-09,Tissue Roll Rose Petal,23
7738,5,2.0,715.23,2025-11-09,Nimko Mix 400g,1
7739,6,10.0,815.2,2025-11-09,Pepsi 1.5L,10
7740,14,,715.23,2025-11-09,Nimko Mix 400g,1
7741,6,1.0,357.09,2025-11-09,Colgate Toothpaste 100ml,17
7742,9,1.0,311.35,2025-11-09,Sufi Banaspati 1kg,3
7743,8,1.0,386.73,2025-11-09,Dettol Handwash 200ml,13
7744,9,3.0,198.91,2025-11-09,Lifebuoy Soap 110g,20
7745,18,2.0,629.21,2025-11-09,Tissue Roll Rose Petal,23
7746,18,4.0,606.63,2025-11-09,Shan Biryani Masala,6
7747,20,1.0,,2025-11-09,nan,
7748,10,3.0,361.73,2025-11-09,Lux Soap 110g,18
7749,7,3.0,467.06,2025-11-09,Wheat Flour 10kg,12
7750,15,1.0,149.34,2025-11-09,Dalda Cooking Oil 1L,22
7751,12,,629.21,2025-11-09,Tissue Roll Rose Petal,23
7752,10,1.0,491.64,2025-11-09,Ariel Washing Powder 1kg,7
7753,12,4.0,386.73,2025-11-09,Dettol Handwash 200ml,13
7754,18,3.0,,2025-11-09,nan,
7755,19,1.0,386.73,2025-11-09,Dettol Handwash 200ml,13
7756,20,3.0,100.09,2025-11-09,Olpers Milk 1L,14
7757,2,2.0,198.91,2025-11-09,Lifebuoy Soap 110g,20
7758,11,20.0,198.91,2025-11-09,Lifebuoy Soap 110g,20
7759,18,3.0,386.73,2025-11-09,Dettol Handwash 200ml,13
7760,2,3.0,,2025-11-09,None,
7761,6,5.0,357.09,2025-11-09,Colgate Toothpaste 100ml,17
7762,19,2.0,153.28,2025-11-09,Surf Excel 1kg,19
7763,5,1.0,374.08,2025-11-09,Coca Cola 1.5L,15
7764,19,1.0,,2025-11-09,nan,
7765,19,3.0,815.2,2025-11-09,Pepsi 1.5L,10
7766,2,3.0,467.06,2025-11-09,Wheat Flour 10kg,12
7767,10,5.0,361.73,2025-11-09,Lux Soap 110g,18
7768,20,20.0,891.92,2025-11-09,Tapal Danedar 950g,16
7769,6,1.0,376.78,2025-11-09,Dove Shampoo 360ml,11
7770,1,5.0,606.63,2025-11-09,Shan Biryani Masala,6
7771,5,1.0,548.34,2025-11-09,Rice Basmati 5kg,8
7772,7,2.0,386.73,2025-11-09,Dettol Handwash 200ml,13
7773,11,1.0,361.73,2025-11-09,Lux Soap 110g,18
7774,14,2.0,310.0,2025-11-09,Nestle Milk Pack 1L,21
7775,9,5.0,201.09,2025-11-09,Tea Whitener 1kg,4
7776,17,3.0,629.21,2025-11-09,Tissue Roll Rose Petal,23
7777,12,1.0,548.34,2025-11-09,Rice Basmati 5kg,8
7778,11,20.0,548.34,2025-11-09,Rice Basmati 5kg,8
7779,11,,311.35,2025-11-09,Sufi Banaspati 1kg,3
7780,15,1.0,201.09,2025-11-09,Tea Whitener 1kg,4
7781,17,1.0,361.73,2025-11-09,Lux Soap 110g,18
7782,2,1.0,100.09,2025-11-09,Olpers Milk 1L,14
7783,17,1.0,566.23,2025-11-09,Sprite 1.5L,2
7784,6,5.0,201.09,2025-11-09,Tea Whitener 1kg,4
7785,7,2.0,815.2,2025-11-09,Pepsi 1.5L,10
7786,6,1.0,566.23,2025-11-09,Sprite 1.5L,2
7787,9,3.0,201.09,2025-11-09,Tea Whitener 1kg,4
7788,15,1.0,100.09,2025-11-09,Olpers Milk 1L,14
7789,19,2.0,361.73,2025-11-09,Lux Soap 110g,18
7790,18,10.0,566.23,2025-11-09,Sprite 1.5L,2
7791,16,10.0,198.91,2025-11-09,Lifebuoy Soap 110g,20
7792,5,5.0,467.06,2025-11-09,Wheat Flour 10kg,12
7793,11,3.0,491.64,2025-11-09,Ariel Washing Powder 1kg,7
7794,11,1.0,100.09,2025-11-09,Olpers Milk 1L,14
7795,14,,566.23,2025-11-09,Sprite 1.5L,2
7796,8,1.0,467.06,2025-11-10,Wheat Flour 10kg,12
7797,13,5.0,891.92,2025-11-10,Tapal Danedar 950g,16
7798,13,3.0,629.21,2025-11-10,Tissue Roll Rose Petal,23
7799,11,2.0,629.21,2025-11-10,Tissue Roll Rose Petal,23
7800,11,2.0,815.2,2025-11-10,Pepsi 1.5L,10
7801,1,3.0,374.08,2025-11-10,Coca Cola 1.5L,15
7802,20,4.0,815.2,2025-11-10,Pepsi 1.5L,10
7803,6,1.0,606.63,2025-11-10,Shan Biryani Masala,6
7804,13,1.0,715.23,2025-11-10,Nimko Mix 400g,1
7805,20,2.0,715.23,2025-11-10,Nimko Mix 400g,1
7806,12,4.0,386.73,2025-11-10,Dettol Handwash 200ml,13
7807,2,4.0,201.09,2025-11-10,Tea Whitener 1kg,4
7808,3,4.0,386.73,2025-11-10,Dettol Handwash 200ml,13
7809,19,3.0,548.34,2025-11-10,Rice Basmati 5kg,8
7810,19,5.0,715.23,2025-11-10,Nimko Mix 400g,1
7811,14,1.0,153.28,2025-11-10,Surf Excel 1kg,19
7812,11,10.0,815.2,2025-11-10,Pepsi 1.5L,10
7813,5,2.0,548.34,2025-11-10,Rice Basmati 5kg,8
7814,14,4.0,153.28,2025-11-10,Surf Excel 1kg,19
7815,4,1.0,566.23,2025-11-10,Sprite 1.5L,2
7816,10,10.0,311.35,2025-11-10,Sufi Banaspati 1kg,3
7817,4,1.0,361.73,2025-11-10,Lux Soap 110g,18
7818,12,5.0,201.09,2025-11-10,Tea Whitener 1kg,4
7819,8,3.0,715.23,2025-11-10,Nimko Mix 400g,1
7820,4,5.0,361.73,2025-11-10,Lux Soap 110g,18
7821,13,1.0,891.92,2025-11-10,Tapal Danedar 950g,16
7822,19,3.0,467.06,2025-11-10,Wheat Flour 10kg,12
7823,8,20.0,357.09,2025-11-10,Colgate Toothpaste 100ml,17
7824,17,2.0,153.28,2025-11-10,Surf Excel 1kg,19
7825,14,1.0,891.92,2025-11-10,Tapal Danedar 950g,16
7826,2,2.0,566.23,2025-11-10,Sprite 1.5L,2
7827,18,2.0,311.35,2025-11-10,Sufi Banaspati 1kg,3
7828,20,2.0,386.73,2025-11-10,Dettol Handwash 200ml,13
7829,7,1.0,491.64,2025-11-10,Ariel Washing Powder 1kg,7
7830,5,5.0,153.28,2025-11-10,Surf Excel 1kg,19
7831,3,2.0,310.0,2025-11-10,Nestle Milk Pack 1L,21
7832,10,1.0,386.73,2025-11-10,Dettol Handwash 200ml,13
7833,12,2.0,491.64,2025-11-10,Ariel Washing Powder 1kg,7
7834,3,1.0,491.64,2025-11-10,Ariel Washing Powder 1kg,7
7835,1,5.0,566.23,2025-11-10,Sprite 1.5L,2
7836,2,5.0,376.78,2025-11-10,Dove Shampoo 360ml,11
7837,8,5.0,361.73,2025-11-10,Lux Soap 110g,18
7838,9,5.0,467.06,2025-11-10,Wheat Flour 10kg,12
7839,6,2.0,374.08,2025-11-10,Coca Cola 1.5L,15
7840,17,1.0,201.09,2025-11-10,Tea Whitener 1kg,4
7841,20,1.0,629.21,2025-11-10,Tissue Roll Rose Petal,23
7842,20,1.0,361.73,2025-11-10,Lux Soap 110g,18
7843,16,4.0,201.09,2025-11-10,Tea Whitener 1kg,4
7844,11,20.0,153.28,2025-11-10,Surf Excel 1kg,19
7845,12,3.0,361.73,2025-11-10,Lux Soap 110g,18
7846,4,1.0,153.28,2025-11-10,Surf Excel 1kg,19
7847,3,5.0,,2025-11-10,nan,
7848,8,1.0,149.34,2025-11-10,Dalda Cooking Oil 1L,22
7849,10,4.0,566.23,2025-11-10,Sprite 1.5L,2
7850,20,3.0,335.13,2025-11-10,National Ketchup 1kg,5
7851,8,5.0,386.73,2025-11-10,Dettol Handwash 200ml,13
7852,17,1.0,376.78,2025-11-10,Dove Shampoo 360ml,11
7853,17,10.0,491.64,2025-11-10,Ariel Washing Powder 1kg,7
7854,5,3.0,100.09,2025-11-10,Olpers Milk 1L,14
7855,18,5.0,715.23,2025-11-10,Nimko Mix 400g,1
7856,3,,548.34,2025-11-10,Rice Basmati 5kg,8
7857,2,3.0,361.73,2025-11-10,Lux Soap 110g,18
7858,19,4.0,357.09,2025-11-10,Colgate Toothpaste 100ml,17
7859,18,1.0,566.23,2025-11-10,Sprite 1.5L,2
7860,19,1.0,491.64,2025-11-10,Ariel Washing Powder 1kg,7
7861,11,2.0,815.2,2025-11-10,Pepsi 1.5L,10
7862,5,3.0,198.91,2025-11-10,Lifebuoy Soap 110g,20
7863,12,,491.64,2025-11-10,Ariel Washing Powder 1kg,7
7864,13,5.0,815.2,2025-11-10,Pepsi 1.5L,10
7865,10,3.0,361.73,2025-11-10,Lux Soap 110g,18
7866,8,10.0,606.63,2025-11-10,Shan Biryani Masala,6
7867,4,,606.63,2025-11-10,Shan Biryani Masala,6
7868,6,2.0,815.2,2025-11-10,Pepsi 1.5L,10
7869,1,5.0,376.78,2025-11-10,Dove Shampoo 360ml,11
7870,8,4.0,386.73,2025-11-10,Dettol Handwash 200ml,13
7871,3,10.0,548.34,2025-11-10,Rice Basmati 5kg,8
7872,7,3.0,374.08,2025-11-10,Coca Cola 1.5L,15
7873,18,2.0,548.34,2025-11-10,Rice Basmati 5kg,8
7874,20,2.0,374.08,2025-11-10,Coca Cola 1.5L,15
7875,19,2.0,311.35,2025-11-10,Sufi Banaspati 1kg,3
7876,17,4.0,376.78,2025-11-10,Dove Shampoo 360ml,11
7877,16,1.0,467.06,2025-11-11,Wheat Flour 10kg,12
7878,19,10.0,815.2,2025-11-11,Pepsi 1.5L,10
7879,14,2.0,606.63,2025-11-11,Shan Biryani Masala,6
7880,4,2.0,,2025-11-11,nan,
7881,20,2.0,361.73,2025-11-11,Lux Soap 110g,18
7882,10,1.0,149.34,2025-11-11,Dalda Cooking Oil 1L,22
7883,7,4.0,566.23,2025-11-11,Sprite 1.5L,2
7884,20,1.0,,2025-11-11,None,
7885,2,3.0,,2025-11-11,nan,
7886,9,3.0,311.35,2025-11-11,Sufi Banaspati 1kg,3
7887,17,1.0,311.35,2025-11-11,Sufi Banaspati 1kg,3
7888,8,3.0,566.23,2025-11-11,Sprite 1.5L,2
7889,3,2.0,606.63,2025-11-11,Shan Biryani Masala,6
7890,20,2.0,386.73,2025-11-11,Dettol Handwash 200ml,13
7891,2,1.0,335.13,2025-11-11,National Ketchup 1kg,5
7892,11,5.0,149.34,2025-11-11,Dalda Cooking Oil 1L,22
7893,3,1.0,376.78,2025-11-11,Dove Shampoo 360ml,11
7894,20,1.0,815.2,2025-11-11,Pepsi 1.5L,10
7895,2,2.0,153.28,2025-11-11,Surf Excel 1kg,19
7896,15,2.0,548.34,2025-11-11,Rice Basmati 5kg,8
7897,17,1.0,566.23,2025-11-11,Sprite 1.5L,2
7898,5,3.0,566.23,2025-11-11,Sprite 1.5L,2
7899,5,3.0,,2025-11-11,None,
7900,8,2.0,357.09,2025-11-11,Colgate Toothpaste 100ml,17
7901,19,1.0,335.13,2025-11-11,National Ketchup 1kg,5
7902,17,1.0,386.73,2025-11-11,Dettol Handwash 200ml,13
7903,15,1.0,361.73,2025-11-11,Lux Soap 110g,18
7904,9,2.0,311.35,2025-11-11,Sufi Banaspati 1kg,3
7905,7,2.0,815.2,2025-11-11,Pepsi 1.5L,10
7906,3,3.0,715.23,2025-11-11,Nimko Mix 400g,1
7907,17,2.0,566.23,2025-11-11,Sprite 1.5L,2
7908,16,1.0,891.92,2025-11-11,Tapal Danedar 950g,16
7909,19,2.0,335.13,2025-11-11,National Ketchup 1kg,5
7910,15,4.0,,2025-11-11,nan,
7911,2,2.0,606.63,2025-11-11,Shan Biryani Masala,6
7912,4,3.0,361.73,2025-11-11,Lux Soap 110g,18
7913,3,,467.06,2025-11-11,Wheat Flour 10kg,12
7914,10,2.0,149.34,2025-11-11,Dalda Cooking Oil 1L,22
7915,15,3.0,891.92,2025-11-11,Tapal Danedar 950g,16
7916,10,4.0,715.23,2025-11-11,Nimko Mix 400g,1
7917,19,1.0,629.21,2025-11-11,Tissue Roll Rose Petal,23
7918,4,3.0,491.64,2025-11-11,Ariel Washing Powder 1kg,7
7919,17,3.0,335.13,2025-11-11,National Ketchup 1kg,5
7920,2,5.0,467.06,2025-11-11,Wheat Flour 10kg,12
7921,9,1.0,198.91,2025-11-11,Lifebuoy Soap 110g,20
7922,8,4.0,374.08,2025-11-11,Coca Cola 1.5L,15
7923,9,2.0,467.06,2025-11-11,Wheat Flour 10kg,12
7924,18,3.0,335.13,2025-11-11,National Ketchup 1kg,5
7925,11,2.0,335.13,2025-11-11,National Ketchup 1kg,5
7926,15,4.0,376.78,2025-11-11,Dove Shampoo 360ml,11
7927,9,1.0,467.06,2025-11-11,Wheat Flour 10kg,12
7928,16,5.0,566.23,2025-11-11,Sprite 1.5L,2
7929,13,5.0,376.78,2025-11-11,Dove Shampoo 360ml,11
7930,15,2.0,374.08,2025-11-11,Coca Cola 1.5L,15
7931,16,2.0,198.91,2025-11-11,Lifebuoy Soap 110g,20
7932,4,,715.23,2025-11-11,Nimko Mix 400g,1
7933,4,,606.63,2025-11-11,Shan Biryani Masala,6
7934,15,1.0,491.64,2025-11-11,Ariel Washing Powder 1kg,7
7935,12,4.0,629.21,2025-11-11,Tissue Roll Rose Petal,23
7936,3,2.0,311.35,2025-11-11,Sufi Banaspati 1kg,3
7937,18,1.0,715.23,2025-11-11,Nimko Mix 400g,1
7938,17,20.0,153.28,2025-11-11,Surf Excel 1kg,19
7939,3,1.0,566.23,2025-11-11,Sprite 1.5L,2
7940,12,2.0,629.21,2025-11-11,Tissue Roll Rose Petal,23
7941,13,1.0,715.23,2025-11-11,Nimko Mix 400g,1
7942,20,3.0,891.92,2025-11-11,Tapal Danedar 950g,16
7943,7,1.0,491.64,2025-11-11,Ariel Washing Powder 1kg,7
7944,20,1.0,629.21,2025-11-11,Tissue Roll Rose Petal,23
7945,18,1.0,149.34,2025-11-11,Dalda Cooking Oil 1L,22
7946,18,4.0,376.78,2025-11-11,Dove Shampoo 360ml,11
7947,12,5.0,,2025-11-11,None,
7948,17,2.0,815.2,2025-11-11,Pepsi 1.5L,10
7949,10,2.0,566.23,2025-11-11,Sprite 1.5L,2
7950,6,3.0,548.34,2025-11-11,Rice Basmati 5kg,8
7951,1,2.0,198.91,2025-11-11,Lifebuoy Soap 110g,20
7952,8,2.0,,2025-11-11,nan,
7953,10,4.0,311.35,2025-11-11,Sufi Banaspati 1kg,3
7954,19,5.0,376.78,2025-11-11,Dove Shampoo 360ml,11
7955,19,4.0,198.91,2025-11-11,Lifebuoy Soap 110g,20
7956,11,5.0,815.2,2025-11-11,Pepsi 1.5L,10
7957,6,1.0,606.63,2025-11-11,Shan Biryani Masala,6
7958,12,2.0,566.23,2025-11-11,Sprite 1.5L,2
7959,19,2.0,,2025-11-11,None,
7960,4,2.0,891.92,2025-11-11,Tapal Danedar 950g,16
7961,9,4.0,153.28,2025-11-11,Surf Excel 1kg,19
7962,1,10.0,335.13,2025-11-11,National Ketchup 1kg,5
7963,14,5.0,201.09,2025-11-11,Tea Whitener 1kg,4
7964,12,1.0,,2025-11-11,None,
7965,18,3.0,100.09,2025-11-11,Olpers Milk 1L,14
7966,19,1.0,357.09,2025-11-11,Colgate Toothpaste 100ml,17
7967,6,2.0,153.28,2025-11-11,Surf Excel 1kg,19
7968,8,4.0,,2025-11-11,None,
7969,9,1.0,606.63,2025-11-11,Shan Biryani Masala,6
7970,10,1.0,467.06,2025-11-11,Wheat Flour 10kg,12
7971,10,4.0,629.21,2025-11-11,Tissue Roll Rose Petal,23
7972,2,10.0,100.09,2025-11-11,Olpers Milk 1L,14
7973,20,3.0,357.09,2025-11-11,Colgate Toothpaste 100ml,17
7974,4,2.0,891.92,2025-11-11,Tapal Danedar 950g,16
7975,19,1.0,815.2,2025-11-11,Pepsi 1.5L,10
7976,1,20.0,386.73,2025-11-11,Dettol Handwash 200ml,13
7977,14,2.0,815.2,2025-11-11,Pepsi 1.5L,10
7978,14,2.0,361.73,2025-11-11,Lux Soap 110g,18
7979,1,5.0,386.73,2025-11-11,Dettol Handwash 200ml,13
7980,12,2.0,361.73,2025-11-11,Lux Soap 110g,18
7981,8,2.0,335.13,2025-11-11,National Ketchup 1kg,5
7982,10,1.0,467.06,2025-11-11,Wheat Flour 10kg,12
7983,3,1.0,606.63,2025-11-11,Shan Biryani Masala,6
7984,5,2.0,100.09,2025-11-12,Olpers Milk 1L,14
7985,8,4.0,386.73,2025-11-12,Dettol Handwash 200ml,13
7986,5,2.0,548.34,2025-11-12,Rice Basmati 5kg,8
7987,2,1.0,201.09,2025-11-12,Tea Whitener 1kg,4
7988,5,3.0,153.28,2025-11-12,Surf Excel 1kg,19
7989,4,1.0,374.08,2025-11-12,Coca Cola 1.5L,15
7990,20,1.0,491.64,2025-11-12,Ariel Washing Powder 1kg,7
7991,8,1.0,629.21,2025-11-12,Tissue Roll Rose Petal,23
7992,1,1.0,467.06,2025-11-12,Wheat Flour 10kg,12
7993,19,1.0,201.09,2025-11-12,Tea Whitener 1kg,4
7994,3,4.0,311.35,2025-11-12,Sufi Banaspati 1kg,3
7995,6,1.0,,2025-11-12,nan,
7996,6,4.0,153.28,2025-11-12,Surf Excel 1kg,19
7997,19,1.0,566.23,2025-11-12,Sprite 1.5L,2
7998,7,4.0,,2025-11-12,nan,
7999,9,5.0,467.06,2025-11-12,Wheat Flour 10kg,12
8000,6,5.0,815.2,2025-11-12,Pepsi 1.5L,10
8001,3,2.0,153.28,2025-11-12,Surf Excel 1kg,19
8002,4,2.0,715.23,2025-11-12,Nimko Mix 400g,1
8003,12,5.0,,2025-11-12,None,
8004,2,4.0,374.08,2025-11-12,Coca Cola 1.5L,15
8005,7,,310.0,2025-11-12,Nestle Milk Pack 1L,21
8006,16,1.0,548.34,2025-11-12,Rice Basmati 5kg,8
8007,19,10.0,201.09,2025-11-12,Tea Whitener 1kg,4
8008,6,1.0,376.78,2025-11-12,Dove Shampoo 360ml,11
8009,14,1.0,361.73,2025-11-12,Lux Soap 110g,18
8010,10,3.0,198.91,2025-11-12,Lifebuoy Soap 110g,20
8011,1,2.0,374.08,2025-11-12,Coca Cola 1.5L,15
8012,17,1.0,491.64,2025-11-12,Ariel Washing Powder 1kg,7
8013,16,3.0,100.09,2025-11-12,Olpers Milk 1L,14
8014,19,3.0,374.08,2025-11-12,Coca Cola 1.5L,15
8015,11,2.0,467.06,2025-11-12,Wheat Flour 10kg,12
8016,15,4.0,386.73,2025-11-12,Dettol Handwash 200ml,13
8017,18,10.0,374.08,2025-11-12,Coca Cola 1.5L,15
8018,3,3.0,311.35,2025-11-12,Sufi Banaspati 1kg,3
8019,6,2.0,201.09,2025-11-12,Tea Whitener 1kg,4
8020,1,1.0,311.35,2025-11-12,Sufi Banaspati 1kg,3
8021,11,3.0,891.92,2025-11-12,Tapal Danedar 950g,16
8022,5,1.0,467.06,2025-11-12,Wheat Flour 10kg,12
8023,15,2.0,357.09,2025-11-12,Colgate Toothpaste 100ml,17
8024,16,3.0,153.28,2025-11-12,Surf Excel 1kg,19
8025,19,1.0,201.09,2025-11-12,Tea Whitener 1kg,4
8026,2,1.0,149.34,2025-11-12,Dalda Cooking Oil 1L,22
8027,1,2.0,100.09,2025-11-12,Olpers Milk 1L,14
8028,8,3.0,374.08,2025-11-12,Coca Cola 1.5L,15
8029,19,4.0,198.91,2025-11-12,Lifebuoy Soap 110g,20
8030,17,2.0,386.73,2025-11-12,Dettol Handwash 200ml,13
8031,9,1.0,376.78,2025-11-12,Dove Shampoo 360ml,11
8032,3,5.0,491.64,2025-11-12,Ariel Washing Powder 1kg,7
8033,4,1.0,606.63,2025-11-12,Shan Biryani Masala,6
8034,4,1.0,357.09,2025-11-12,Colgate Toothpaste 100ml,17
8035,12,2.0,,2025-11-12,nan,
8036,11,2.0,815.2,2025-11-12,Pepsi 1.5L,10
8037,7,1.0,100.09,2025-11-12,Olpers Milk 1L,14
8038,14,2.0,467.06,2025-11-12,Wheat Flour 10kg,12
8039,18,1.0,149.34,2025-11-12,Dalda Cooking Oil 1L,22
8040,7,4.0,149.34,2025-11-12,Dalda Cooking Oil 1L,22
8041,12,2.0,,2025-11-12,nan,
8042,13,1.0,310.0,2025-11-12,Nestle Milk Pack 1L,21
8043,15,10.0,374.08,2025-11-12,Coca Cola 1.5L,15
8044,10,,606.63,2025-11-12,Shan Biryani Masala,6
8045,5,4.0,357.09,2025-11-12,Colgate Toothpaste 100ml,17
8046,10,1.0,310.0,2025-11-12,Nestle Milk Pack 1L,21
8047,4,,153.28,2025-11-12,Surf Excel 1kg,19
8048,12,2.0,376.78,2025-11-12,Dove Shampoo 360ml,11
8049,7,2.0,198.91,2025-11-12,Lifebuoy Soap 110g,20
8050,20,5.0,,2025-11-12,nan,
8051,18,3.0,153.28,2025-11-12,Surf Excel 1kg,19
8052,6,5.0,548.34,2025-11-12,Rice Basmati 5kg,8
8053,11,4.0,149.34,2025-11-12,Dalda Cooking Oil 1L,22
8054,8,5.0,606.63,2025-11-12,Shan Biryani Masala,6
8055,20,4.0,467.06,2025-11-12,Wheat Flour 10kg,12
8056,11,4.0,311.35,2025-11-12,Sufi Banaspati 1kg,3
8057,20,,606.63,2025-11-12,Shan Biryani Masala,6
8058,20,10.0,715.23,2025-11-12,Nimko Mix 400g,1
8059,12,3.0,311.35,2025-11-12,Sufi Banaspati 1kg,3
8060,4,5.0,715.23,2025-11-12,Nimko Mix 400g,1
8061,15,2.0,310.0,2025-11-12,Nestle Milk Pack 1L,21
8062,10,3.0,357.09,2025-11-12,Colgate Toothpaste 100ml,17
8063,7,2.0,100.09,2025-11-12,Olpers Milk 1L,14
8064,20,3.0,201.09,2025-11-12,Tea Whitener 1kg,4
8065,20,2.0,891.92,2025-11-12,Tapal Danedar 950g,16
8066,2,5.0,629.21,2025-11-12,Tissue Roll Rose Petal,23
8067,20,2.0,629.21,2025-11-12,Tissue Roll Rose Petal,23
8068,2,2.0,,2025-11-12,nan,
8069,9,3.0,467.06,2025-11-12,Wheat Flour 10kg,12
8070,13,2.0,100.09,2025-11-12,Olpers Milk 1L,14
8071,7,4.0,153.28,2025-11-12,Surf Excel 1kg,19
8072,9,3.0,357.09,2025-11-12,Colgate Toothpaste 100ml,17
8073,9,1.0,100.09,2025-11-12,Olpers Milk 1L,14
8074,12,3.0,467.06,2025-11-12,Wheat Flour 10kg,12
8075,2,2.0,335.13,2025-11-12,National Ketchup 1kg,5
8076,7,3.0,548.34,2025-11-12,Rice Basmati 5kg,8
8077,11,1.0,629.21,2025-11-12,Tissue Roll Rose Petal,23
8078,19,2.0,149.34,2025-11-12,Dalda Cooking Oil 1L,22
8079,3,3.0,361.73,2025-11-12,Lux Soap 110g,18
8080,2,,153.28,2025-11-12,Surf Excel 1kg,19
8081,4,1.0,201.09,2025-11-12,Tea Whitener 1kg,4
8082,14,5.0,357.09,2025-11-12,Colgate Toothpaste 100ml,17
8083,5,2.0,198.91,2025-11-13,Lifebuoy Soap 110g,20
8084,15,1.0,100.09,2025-11-13,Olpers Milk 1L,14
8085,11,1.0,548.34,2025-11-13,Rice Basmati 5kg,8
8086,12,1.0,153.28,2025-11-13,Surf Excel 1kg,19
8087,7,5.0,715.23,2025-11-13,Nimko Mix 400g,1
8088,8,2.0,815.2,2025-11-13,Pepsi 1.5L,10
8089,4,1.0,198.91,2025-11-13,Lifebuoy Soap 110g,20
8090,13,3.0,198.91,2025-11-13,Lifebuoy Soap 110g,20
8091,12,4.0,198.91,2025-11-13,Lifebuoy Soap 110g,20
8092,15,5.0,566.23,2025-11-13,Sprite 1.5L,2
8093,8,3.0,,2025-11-13,nan,
8094,16,2.0,153.28,2025-11-13,Surf Excel 1kg,19
8095,17,3.0,361.73,2025-11-13,Lux Soap 110g,18
8096,13,1.0,201.09,2025-11-13,Tea Whitener 1kg,4
8097,6,4.0,361.73,2025-11-13,Lux Soap 110g,18
8098,17,3.0,198.91,2025-11-13,Lifebuoy Soap 110g,20
8099,10,2.0,815.2,2025-11-13,Pepsi 1.5L,10
8100,19,1.0,606.63,2025-11-13,Shan Biryani Masala,6
8101,13,5.0,548.34,2025-11-13,Rice Basmati 5kg,8
8102,7,5.0,815.2,2025-11-13,Pepsi 1.5L,10
8103,9,2.0,100.09,2025-11-13,Olpers Milk 1L,14
8104,13,1.0,201.09,2025-11-13,Tea Whitener 1kg,4
8105,1,1.0,376.78,2025-11-13,Dove Shampoo 360ml,11
8106,13,10.0,566.23,2025-11-13,Sprite 1.5L,2
8107,7,2.0,153.28,2025-11-13,Surf Excel 1kg,19
8108,4,2.0,361.73,2025-11-13,Lux Soap 110g,18
8109,8,2.0,201.09,2025-11-13,Tea Whitener 1kg,4
8110,4,1.0,386.73,2025-11-13,Dettol Handwash 200ml,13
8111,5,10.0,815.2,2025-11-13,Pepsi 1.5L,10
8112,6,2.0,376.78,2025-11-13,Dove Shampoo 360ml,11
8113,16,1.0,386.73,2025-11-13,Dettol Handwash 200ml,13
8114,18,1.0,149.34,2025-11-13,Dalda Cooking Oil 1L,22
8115,19,1.0,,2025-11-13,None,
8116,4,4.0,361.73,2025-11-13,Lux Soap 110g,18
8117,12,1.0,361.73,2025-11-13,Lux Soap 110g,18
8118,16,2.0,,2025-11-13,nan,
8119,10,2.0,629.21,2025-11-13,Tissue Roll Rose Petal,23
8120,9,5.0,566.23,2025-11-13,Sprite 1.5L,2
8121,20,1.0,386.73,2025-11-13,Dettol Handwash 200ml,13
8122,2,,,2025-11-13,nan,
8123,2,1.0,,2025-11-13,None,
8124,5,2.0,715.23,2025-11-13,Nimko Mix 400g,1
8125,12,1.0,198.91,2025-11-13,Lifebuoy Soap 110g,20
8126,16,2.0,153.28,2025-11-13,Surf Excel 1kg,19
8127,19,2.0,201.09,2025-11-13,Tea Whitener 1kg,4
8128,19,1.0,335.13,2025-11-13,National Ketchup 1kg,5
8129,17,4.0,606.63,2025-11-13,Shan Biryani Masala,6
8130,10,1.0,815.2,2025-11-13,Pepsi 1.5L,10
8131,16,4.0,357.09,2025-11-13,Colgate Toothpaste 100ml,17
8132,13,3.0,335.13,2025-11-13,National Ketchup 1kg,5
8133,8,1.0,149.34,2025-11-13,Dalda Cooking Oil 1L,22
8134,14,4.0,,2025-11-13,nan,
8135,7,5.0,357.09,2025-11-13,Colgate Toothpaste 100ml,17
8136,5,1.0,198.91,2025-11-13,Lifebuoy Soap 110g,20
8137,6,1.0,198.91,2025-11-13,Lifebuoy Soap 110g,20
8138,9,1.0,198.91,2025-11-13,Lifebuoy Soap 110g,20
8139,12,3.0,715.23,2025-11-13,Nimko Mix 400g,1
8140,11,,153.28,2025-11-13,Surf Excel 1kg,19
8141,5,1.0,566.23,2025-11-13,Sprite 1.5L,2
8142,19,5.0,715.23,2025-11-13,Nimko Mix 400g,1
8143,15,2.0,201.09,2025-11-13,Tea Whitener 1kg,4
8144,14,5.0,149.34,2025-11-13,Dalda Cooking Oil 1L,22
8145,6,10.0,153.28,2025-11-13,Surf Excel 1kg,19
8146,18,1.0,310.0,2025-11-13,Nestle Milk Pack 1L,21
8147,14,1.0,153.28,2025-11-13,Surf Excel 1kg,19
8148,4,20.0,715.23,2025-11-13,Nimko Mix 400g,1
8149,15,2.0,715.23,2025-11-13,Nimko Mix 400g,1
8150,10,5.0,311.35,2025-11-13,Sufi Banaspati 1kg,3
8151,4,2.0,715.23,2025-11-13,Nimko Mix 400g,1
8152,16,1.0,201.09,2025-11-13,Tea Whitener 1kg,4
8153,9,2.0,,2025-11-13,nan,
8154,1,3.0,374.08,2025-11-13,Coca Cola 1.5L,15
8155,5,2.0,100.09,2025-11-13,Olpers Milk 1L,14
8156,15,2.0,149.34,2025-11-13,Dalda Cooking Oil 1L,22
8157,7,2.0,467.06,2025-11-13,Wheat Flour 10kg,12
8158,10,3.0,100.09,2025-11-13,Olpers Milk 1L,14
8159,15,3.0,,2025-11-13,nan,
8160,18,2.0,149.34,2025-11-13,Dalda Cooking Oil 1L,22
8161,2,1.0,891.92,2025-11-13,Tapal Danedar 950g,16
8162,15,4.0,606.63,2025-11-13,Shan Biryani Masala,6
8163,11,,357.09,2025-11-13,Colgate Toothpaste 100ml,17
8164,15,1.0,376.78,2025-11-13,Dove Shampoo 360ml,11
8165,5,3.0,361.73,2025-11-13,Lux Soap 110g,18
8166,19,3.0,,2025-11-13,None,
8167,16,3.0,467.06,2025-11-13,Wheat Flour 10kg,12
8168,19,2.0,566.23,2025-11-13,Sprite 1.5L,2
8169,4,1.0,,2025-11-13,nan,
8170,5,4.0,815.2,2025-11-13,Pepsi 1.5L,10
8171,11,2.0,361.73,2025-11-13,Lux Soap 110g,18
8172,19,2.0,357.09,2025-11-13,Colgate Toothpaste 100ml,17
8173,4,2.0,629.21,2025-11-13,Tissue Roll Rose Petal,23
8174,15,4.0,335.13,2025-11-13,National Ketchup 1kg,5
8175,12,1.0,361.73,2025-11-13,Lux Soap 110g,18
8176,17,2.0,386.73,2025-11-13,Dettol Handwash 200ml,13
8177,5,2.0,153.28,2025-11-13,Surf Excel 1kg,19
8178,1,2.0,361.73,2025-11-13,Lux Soap 110g,18
8179,11,3.0,566.23,2025-11-13,Sprite 1.5L,2
8180,3,2.0,335.13,2025-11-13,National Ketchup 1kg,5
8181,2,1.0,335.13,2025-11-13,National Ketchup 1kg,5
8182,11,4.0,201.09,2025-11-13,Tea Whitener 1kg,4
8183,10,1.0,606.63,2025-11-13,Shan Biryani Masala,6
8184,2,10.0,335.13,2025-11-13,National Ketchup 1kg,5
8185,19,1.0,467.06,2025-11-13,Wheat Flour 10kg,12
8186,3,4.0,815.2,2025-11-13,Pepsi 1.5L,10
8187,9,5.0,376.78,2025-11-13,Dove Shampoo 360ml,11
8188,19,1.0,198.91,2025-11-13,Lifebuoy Soap 110g,20
8189,12,1.0,357.09,2025-11-13,Colgate Toothpaste 100ml,17
8190,19,4.0,491.64,2025-11-13,Ariel Washing Powder 1kg,7
8191,9,1.0,467.06,2025-11-13,Wheat Flour 10kg,12
8192,5,1.0,566.23,2025-11-13,Sprite 1.5L,2
8193,12,1.0,153.28,2025-11-14,Surf Excel 1kg,19
8194,15,3.0,566.23,2025-11-14,Sprite 1.5L,2
8195,11,5.0,374.08,2025-11-14,Coca Cola 1.5L,15
8196,10,1.0,201.09,2025-11-14,Tea Whitener 1kg,4
8197,9,2.0,153.28,2025-11-14,Surf Excel 1kg,19
8198,17,2.0,548.34,2025-11-14,Rice Basmati 5kg,8
8199,4,10.0,311.35,2025-11-14,Sufi Banaspati 1kg,3
8200,12,3.0,376.78,2025-11-14,Dove Shampoo 360ml,11
8201,1,1.0,374.08,2025-11-14,Coca Cola 1.5L,15
8202,10,1.0,198.91,2025-11-14,Lifebuoy Soap 110g,20
8203,12,2.0,548.34,2025-11-14,Rice Basmati 5kg,8
8204,17,1.0,149.34,2025-11-14,Dalda Cooking Oil 1L,22
8205,3,1.0,376.78,2025-11-14,Dove Shampoo 360ml,11
8206,17,3.0,,2025-11-14,nan,
8207,20,1.0,606.63,2025-11-14,Shan Biryani Masala,6
8208,14,2.0,715.23,2025-11-14,Nimko Mix 400g,1
8209,7,4.0,815.2,2025-11-14,Pepsi 1.5L,10
8210,20,5.0,310.0,2025-11-14,Nestle Milk Pack 1L,21
8211,1,1.0,715.23,2025-11-14,Nimko Mix 400g,1
8212,12,1.0,201.09,2025-11-14,Tea Whitener 1kg,4
8213,15,1.0,491.64,2025-11-14,Ariel Washing Powder 1kg,7
8214,18,10.0,606.63,2025-11-14,Shan Biryani Masala,6
8215,12,4.0,629.21,2025-11-14,Tissue Roll Rose Petal,23
8216,9,2.0,606.63,2025-11-14,Shan Biryani Masala,6
8217,18,4.0,357.09,2025-11-14,Colgate Toothpaste 100ml,17
8218,4,2.0,335.13,2025-11-14,National Ketchup 1kg,5
8219,6,20.0,361.73,2025-11-14,Lux Soap 110g,18
8220,13,2.0,153.28,2025-11-14,Surf Excel 1kg,19
8221,1,,376.78,2025-11-14,Dove Shampoo 360ml,11
8222,6,1.0,606.63,2025-11-14,Shan Biryani Masala,6
8223,8,1.0,815.2,2025-11-14,Pepsi 1.5L,10
8224,7,4.0,376.78,2025-11-14,Dove Shampoo 360ml,11
8225,1,1.0,376.78,2025-11-14,Dove Shampoo 360ml,11
8226,1,1.0,374.08,2025-11-14,Coca Cola 1.5L,15
8227,16,1.0,566.23,2025-11-14,Sprite 1.5L,2
8228,7,2.0,361.73,2025-11-14,Lux Soap 110g,18
8229,18,5.0,715.23,2025-11-14,Nimko Mix 400g,1
8230,6,1.0,491.64,2025-11-14,Ariel Washing Powder 1kg,7
8231,11,2.0,,2025-11-14,nan,
8232,5,3.0,566.23,2025-11-14,Sprite 1.5L,2
8233,8,1.0,357.09,2025-11-14,Colgate Toothpaste 100ml,17
8234,8,5.0,357.09,2025-11-14,Colgate Toothpaste 100ml,17
8235,5,,715.23,2025-11-14,Nimko Mix 400g,1
8236,7,3.0,374.08,2025-11-14,Coca Cola 1.5L,15
8237,19,1.0,149.34,2025-11-14,Dalda Cooking Oil 1L,22
8238,9,,,2025-11-14,nan,
8239,16,5.0,376.78,2025-11-14,Dove Shampoo 360ml,11
8240,9,3.0,467.06,2025-11-14,Wheat Flour 10kg,12
8241,12,1.0,,2025-11-14,None,
8242,3,1.0,357.09,2025-11-14,Colgate Toothpaste 100ml,17
8243,7,1.0,606.63,2025-11-14,Shan Biryani Masala,6
8244,15,4.0,467.06,2025-11-14,Wheat Flour 10kg,12
8245,18,3.0,361.73,2025-11-14,Lux Soap 110g,18
8246,11,1.0,,2025-11-14,nan,
8247,16,2.0,100.09,2025-11-14,Olpers Milk 1L,14
8248,15,10.0,361.73,2025-11-14,Lux Soap 110g,18
8249,11,3.0,891.92,2025-11-14,Tapal Danedar 950g,16
8250,11,2.0,566.23,2025-11-14,Sprite 1.5L,2
8251,8,2.0,715.23,2025-11-14,Nimko Mix 400g,1
8252,12,3.0,100.09,2025-11-14,Olpers Milk 1L,14
8253,13,,606.63,2025-11-14,Shan Biryani Masala,6
8254,4,5.0,606.63,2025-11-14,Shan Biryani Masala,6
8255,13,2.0,,2025-11-14,nan,
8256,18,5.0,149.34,2025-11-14,Dalda Cooking Oil 1L,22
8257,15,1.0,335.13,2025-11-14,National Ketchup 1kg,5
8258,11,10.0,201.09,2025-11-15,Tea Whitener 1kg,4
8259,1,1.0,198.91,2025-11-15,Lifebuoy Soap 110g,20
8260,11,3.0,715.23,2025-11-15,Nimko Mix 400g,1
8261,14,3.0,386.73,2025-11-15,Dettol Handwash 200ml,13
8262,2,2.0,100.09,2025-11-15,Olpers Milk 1L,14
8263,14,1.0,311.35,2025-11-15,Sufi Banaspati 1kg,3
8264,10,1.0,,2025-11-15,nan,
8265,7,3.0,467.06,2025-11-15,Wheat Flour 10kg,12
8266,3,,311.35,2025-11-15,Sufi Banaspati 1kg,3
8267,18,1.0,467.06,2025-11-15,Wheat Flour 10kg,12
8268,14,1.0,201.09,2025-11-15,Tea Whitener 1kg,4
8269,4,,310.0,2025-11-15,Nestle Milk Pack 1L,21
8270,12,4.0,357.09,2025-11-15,Colgate Toothpaste 100ml,17
8271,3,,,2025-11-15,None,
8272,10,2.0,467.06,2025-11-15,Wheat Flour 10kg,12
8273,18,,491.64,2025-11-15,Ariel Washing Powder 1kg,7
8274,7,1.0,566.23,2025-11-15,Sprite 1.5L,2
8275,5,1.0,715.23,2025-11-15,Nimko Mix 400g,1
8276,12,1.0,386.73,2025-11-15,Dettol Handwash 200ml,13
8277,6,2.0,566.23,2025-11-15,Sprite 1.5L,2
8278,11,1.0,374.08,2025-11-15,Coca Cola 1.5L,15
8279,4,1.0,374.08,2025-11-15,Coca Cola 1.5L,15
8280,8,2.0,386.73,2025-11-15,Dettol Handwash 200ml,13
8281,8,4.0,201.09,2025-11-15,Tea Whitener 1kg,4
8282,17,1.0,,2025-11-15,nan,
8283,6,2.0,100.09,2025-11-15,Olpers Milk 1L,14
8284,13,1.0,,2025-11-15,nan,
8285,18,3.0,,2025-11-15,nan,
8286,19,1.0,335.13,2025-11-15,National Ketchup 1kg,5
8287,20,3.0,566.23,2025-11-15,Sprite 1.5L,2
8288,16,4.0,566.23,2025-11-15,Sprite 1.5L,2
8289,17,3.0,566.23,2025-11-15,Sprite 1.5L,2
8290,16,2.0,153.28,2025-11-15,Surf Excel 1kg,19
8291,6,1.0,198.91,2025-11-15,Lifebuoy Soap 110g,20
8292,7,4.0,,2025-11-15,nan,
8293,19,2.0,,2025-11-15,None,
8294,2,2.0,357.09,2025-11-15,Colgate Toothpaste 100ml,17
8295,20,3.0,198.91,2025-11-15,Lifebuoy Soap 110g,20
8296,11,5.0,201.09,2025-11-15,Tea Whitener 1kg,4
8297,9,1.0,376.78,2025-11-15,Dove Shampoo 360ml,11
8298,9,1.0,335.13,2025-11-15,National Ketchup 1kg,5
8299,8,2.0,715.23,2025-11-15,Nimko Mix 400g,1
8300,20,2.0,,2025-11-15,nan,
8301,6,1.0,357.09,2025-11-15,Colgate Toothpaste 100ml,17
8302,8,2.0,606.63,2025-11-15,Shan Biryani Masala,6
8303,9,5.0,606.63,2025-11-15,Shan Biryani Masala,6
8304,7,2.0,386.73,2025-11-15,Dettol Handwash 200ml,13
8305,13,1.0,,2025-11-15,nan,
8306,20,1.0,386.73,2025-11-15,Dettol Handwash 200ml,13
8307,7,1.0,361.73,2025-11-15,Lux Soap 110g,18
8308,16,1.0,891.92,2025-11-15,Tapal Danedar 950g,16
8309,6,2.0,606.63,2025-11-15,Shan Biryani Masala,6
8310,3,1.0,376.78,2025-11-15,Dove Shampoo 360ml,11
8311,13,3.0,491.64,2025-11-15,Ariel Washing Powder 1kg,7
8312,15,1.0,361.73,2025-11-15,Lux Soap 110g,18
8313,2,,566.23,2025-11-15,Sprite 1.5L,2
8314,6,,198.91,2025-11-15,Lifebuoy Soap 110g,20
8315,12,20.0,374.08,2025-11-15,Coca Cola 1.5L,15
8316,19,2.0,566.23,2025-11-15,Sprite 1.5L,2
8317,9,3.0,100.09,2025-11-15,Olpers Milk 1L,14
8318,7,2.0,491.64,2025-11-15,Ariel Washing Powder 1kg,7
8319,8,1.0,,2025-11-15,None,
8320,11,2.0,357.09,2025-11-15,Colgate Toothpaste 100ml,17
8321,14,1.0,606.63,2025-11-15,Shan Biryani Masala,6
